subject_id,emotion,window_id,window_start_sec,window_end_sec,window_size_sec,overlap_sec,label_valence,label_arousal,SKT_mean,SKT_std,SKT_max,SKT_median,SKT_range,SKT_entropy,SKT_kurtosis,SKT_skewness,SKT_deriv_mean,SKT_deriv_std,SKT_baseline_norm,EDA_mean,EDA_max,EDA_median,EDA_range,EDA_entropy,EDA_kurtosis,EDA_skewness,EDA_scr_count,EDA_scr_amplitude,PPG_mean,PPG_std,PPG_min,PPG_max,PPG_range,PPG_kurtosis,PPG_skewness,PPG_meanNN,PPG_sdnn,PPG_rmssd,PPG_pnn50
22,BASELINE,0,0,60,60,30,5.0,2.0,2.4868995751603507e-13,2.343656390202713,6.224729123185568,-0.09781701567952439,12.415603874528358,2.862181922042603,-0.18138368467597088,0.15641628326452972,0.026980252577949462,0.9505403421195544,-21.92688176250487,5.404154421739804e-07,2.36409854888916,-0.19313357770442963,3.8577375411987305,3.174826336193423,-0.5510954856872559,0.5882541537284851,7,0.3421315124663232,-0.4261807717716602,61.212791902754894,-452.52763895008377,354.0289167545425,806.5565557046262,4.719148760903599,-0.32889442090644905,748.2199367088608,157.70530881730838,227.8539947173493,55.69620253164557
22,BASELINE,1,30,90,60,30,5.0,2.0,5.447494307494102e-13,1.6016413157826346,4.332348433688082,-0.15249581546825652,7.720909782262453,3.009160548329861,0.20585164509197762,0.5153272812531343,0.01763194084879502,0.9493373760558353,-21.926881466445515,1.0808308843479608e-06,1.8507000207901,-0.06382060050964355,3.7221667766571045,3.2331073259077856,-1.166333794593811,0.006287987343966961,7,0.2456602156202484,0.04796768408423309,58.17285443536106,-356.61528943032215,296.44887994233306,653.0641693726552,3.1612117492338347,-0.5604695702812089,750.6009615384615,119.27436527488115,160.3658402502099,57.692307692307686
22,BASELINE,2,60,120,60,30,5.0,2.0,-7.697546304067752e-14,2.050135850199799,6.152227396457732,-0.3017028234904018,10.255868480231811,2.650456364122244,-0.175182114066057,0.3952833950966375,-0.020242326551314836,0.818015396613239,-21.926882088170263,6.039937261448358e-07,1.6021997928619385,0.021984392777085304,3.3440518379211426,3.247728804707341,-1.373596429824829,-0.0950256735086441,11,0.09236964094689416,0.013838050226173208,53.43700979217761,-356.6152894303219,296.4488799423325,653.0641693726544,4.252105599796493,-0.609739296219553,735.5617088607595,113.9653759720021,173.19026181301007,58.22784810126582
22,BASELINE,3,90,150,60,30,5.0,2.0,9.562720985438016e-13,1.7535692199472264,4.04779209143058,0.1902662803516364,7.989365368034385,3.056588653621085,-0.7591387918100199,-0.1753606137387412,0.005146647768735157,0.9667838949854785,-21.926881054923157,2.3365021206700476e-06,2.267744541168213,-0.14902406930923462,3.956286907196045,3.2244075890869084,-0.8980638980865479,0.3536825180053711,4,0.99499766772676,0.13175403662404453,48.33800497883771,-240.99858016066364,185.89007923136285,426.8886593920265,0.7685798640408326,-0.6501934144027084,741.495253164557,130.8668636240927,197.0634654497482,70.88607594936708
22,BASELINE,4,120,180,60,30,5.0,2.0,4.588921835117314e-13,1.5359484424281156,4.132315897455641,0.08196643179267937,7.60128984732944,3.0118576832851973,-0.30626139886048787,0.08370491911383496,-0.0028872163339801575,1.0061674293107965,-21.926881552302717,-4.132588742322696e-07,2.496624708175659,-0.01985643431544304,4.307147026062012,3.126829129865495,-0.7502548694610596,0.20697857439517975,6,0.4838624249505415,0.32132829776190175,58.08946752907279,-240.99858013909355,185.87491326126099,426.8734934003545,0.06331080359515528,-0.5132459664181699,716.0823170731708,143.34864288866387,215.05364676669475,71.95121951219512
22,BASELINE,5,150,210,60,30,5.0,2.0,-1.0835776720341528e-12,2.1132255302837915,4.829243921006565,0.14851392051724588,9.252084192193166,3.111760809789051,-0.6678446779688527,0.18839531768424356,0.016285190255431382,0.7526521968076118,-21.926883094773057,9.854634299699683e-07,1.8026678562164307,-0.21147646009922028,3.5820493698120117,3.2587191871104144,-1.2103947401046753,0.12692220509052277,40,0.05469340752302772,-0.035280551402066845,57.38948172319907,-191.35192992335595,234.94426762757527,426.2961975509312,0.2276865717695249,-0.3011087753082479,730.6640625,157.10296751681994,185.8860522111478,61.25000000000001
22,BASELINE,6,180,240,60,30,5.0,2.0,-2.398081733190338e-13,1.9292035171317816,4.009426215314704,0.05146562256648224,7.711831822027193,3.2052404241772967,-0.6707089327738367,0.011095423906563665,-0.018701738950190207,0.8180426789990687,-21.926882251003,-3.496805902614142e-07,1.72060227394104,-0.1902744472026825,3.2561211585998535,3.247454564100438,-1.3897374868392944,0.20339292287826538,38,0.05812795578375054,-0.05209526261702247,53.488828475399146,-256.36962414390604,251.72546869749436,508.0950928414004,2.393287188162204,-0.20564197108332893,719.9074074074074,144.79026153394932,193.55458895683668,54.32098765432099
22,BASELINE,7,210,270,60,30,5.0,2.0,1.5395092608135505e-13,1.6077803598660654,3.4764405336446202,0.04281268879822164,8.8993918234884,2.7679706797215466,0.764324583148531,-0.4591516568709472,0.004738685966736824,0.9036913303181584,-21.926881857243885,-1.3351440202313825e-06,1.8080737590789795,0.08099109679460526,3.521894693374634,3.21583726756875,-1.3402440547943115,-0.03905833512544632,36,0.06218398342793033,0.05505476445556011,51.03651723783177,-256.36962414390484,251.72546869749473,508.0950928413996,1.8169360124442022,-0.4501082130574157,711.7846385542168,122.55256978225148,173.23808162996167,40.963855421686745
22,BASELINE,8,240,300,60,30,5.0,2.0,-7.164639252247677e-13,1.2076418613648559,2.0082407063853225,0.16784040795521094,5.968933044538716,2.930628494022652,0.5742242397481765,-0.8179017368716425,0.006448915967977333,0.823236676474568,-21.926882727658978,-6.993611805228284e-07,1.9173088073730469,-0.04047788307070732,3.8036980628967285,3.2242818845393124,-1.0005601644515991,-0.09432415664196014,38,0.0744342239807692,-0.1878151370319268,47.203600839199865,-182.42457335198083,151.74557501471028,334.17014836669114,-0.22678898904809142,-0.6163607834748063,713.6671686746988,114.84857023169197,159.1574016692204,34.93975903614458
22,ANGER,0,0,60,60,30,2.0,8.0,3.7599553100638633e-13,1.4211110427182871,5.0677842028207465,-0.07293375912453826,8.13472453019557,2.6529336041478153,1.8306215507025732,0.9159860632514151,-0.003823549371328958,1.0745661592380602,-21.926881635199337,3.2107034257933265e-06,5.31430196762085,-0.03262019529938698,7.82942008972168,2.3455184394612507,3.7374415397644043,0.951573371887207,49,0.5414139234674831,0.05078367155832334,47.149128590884715,-173.82659232521453,224.68414669300654,398.5107390182211,0.6187249921278402,-0.24407185570079978,764.4074675324675,153.00424535437816,205.9675847564241,63.63636363636363
22,ANGER,1,30,90,60,30,2.0,8.0,4.352074256530614e-13,1.4472741408095406,4.806738822730239,-0.1491415850473743,7.393252616247281,2.883406198428525,0.4999573557010528,0.6021787449704032,0.00782323352586686,1.0267917725338556,-21.926881575987466,-4.19616708313697e-06,5.755600929260254,0.0007943222881294787,7.864901542663574,2.249868999127699,4.793393611907959,1.1095705032348633,55,0.5185853621273382,-0.09359329019056316,46.29712717214224,-130.34109868508276,111.01540459459564,241.3565032796784,-0.7185020102012389,-0.6293261044634803,767.0454545454545,112.22158698009106,176.67672132147996,53.246753246753244
22,ANGER,2,60,120,60,30,2.0,8.0,8.467300934474528e-13,1.4405437055273416,3.045081050510845,-0.01339577248380408,6.4455930771799785,3.087694270198755,-0.44862608116272895,-0.1358519714840487,0.0021632358153124472,0.9763703181923403,-21.926881164465062,-3.52859501617786e-06,1.842746376991272,-0.09509934484958649,4.521641731262207,3.0740982505432193,-0.9445204734802246,0.050171468406915665,69,0.3982550814564265,-0.16710811808053774,50.189627510230515,-222.31235189005903,114.36081130105731,336.6731631911164,-0.31544370835521196,-0.6876139831058123,780.2220394736842,117.40841749828567,177.45671420565262,59.210526315789465
22,ENTHUSIASM,0,0,60,60,30,8.0,6.0,-2.4276876805136755e-13,1.3194223049832228,2.753567351643227,0.05754030206723826,5.835855833331038,3.095565636125819,-0.2686308683559173,-0.12229951829080177,0.006892466996702254,0.9051869154640969,-21.926882253963594,7.788340212755429e-07,8.456379890441895,-0.12657050788402557,9.42441463470459,1.205699954807866,46.51787567138672,6.242180824279785,63,0.1591591398949681,0.2786742998946859,49.34198932575245,-326.48396012083487,241.6579207641657,568.1418808850005,4.01102934849199,-0.5196273744200367,739.84375,166.4974335292753,259.2365136623751,81.25
22,ENTHUSIASM,1,30,90,60,30,8.0,6.0,-5.921189464667502e-15,1.516868684097624,3.029053036465257,-0.08261467573440484,6.552801547951503,3.157122971611807,-0.4040444965969998,-0.1882537415578358,-0.007434509125813501,1.1642320627745637,-21.926882017115986,2.2570291093870765e-06,3.450322389602661,-0.1444324254989624,5.648897171020508,2.83578982689765,-0.3219795227050781,0.2848398685455322,71,0.5325744369511325,0.022187663348561253,40.09475946099552,-119.40999832618274,79.59822629283825,199.008224619021,-0.6652046683194408,-0.6292334013673403,781.25,149.78165414669087,226.43504686252774,74.66666666666667
22,LIKING,0,0,60,60,30,6.0,4.0,-9.473903143468003e-14,1.9207467025445408,4.301781357295198,0.18621640694505004,9.041447236879208,3.0589909178697585,-0.3150565955812694,-0.22237357463650437,-0.00925731703640446,0.914646527758331,-21.92688210593383,-6.437301749429025e-07,15.074202537536621,-0.07606036216020584,15.66758918762207,0.07786297536411044,213.9705352783203,14.37101936340332,1,14.582940539230494,-0.0543134871589274,61.37337412045234,-506.7941696131704,566.6007990037863,1073.3949686169567,20.28138690691935,0.5754913875826208,759.6153846153846,113.88350373332136,170.27181764201873,53.84615384615385
22,LIKING,1,30,90,60,30,6.0,4.0,1.6283271027835628e-13,1.4388319043012148,2.628880403067768,-0.0694660482096765,6.420504942658312,3.1204728945361437,-0.41890883259820155,-0.3005502082883017,0.018101422997271084,0.8868916829414896,-21.9268818483621,4.450480162176973e-07,14.904773712158203,-0.06841591745615005,15.551862716674805,0.07786298282862655,204.3889617919922,13.890830039978027,1,14.286821725883199,-0.2825467051815667,43.949296834297726,-117.85729720153007,100.28684709329157,218.14414429482164,-0.7427319680586781,-0.7069739259286186,765.422077922078,108.47531484394894,165.86378020992504,66.23376623376623
22,FEAR,0,0,60,60,30,3.0,6.0,-2.1316282072803006e-13,1.8405851611122923,3.548439169009754,-0.45908248765975657,7.941569904810564,2.101681478911763,-0.5597315184888179,-0.03096047549748209,-0.00978867849001482,1.090048183657397,-21.92688222435764,-2.495447688488639e-06,9.033528327941895,-0.05954042822122574,10.262177467346191,1.324144156653078,42.88010787963867,5.686967372894287,5,2.0660756387146626,-0.08260519678025328,60.52264909783802,-314.8581528992383,276.04171328442607,590.8998661836644,3.5385232828649533,-0.6321466134820771,755.0080128205128,129.71753362880474,168.31465911322934,55.12820512820513
22,FEAR,1,30,90,60,30,3.0,6.0,9.38508530149799e-13,1.412466058098958,2.8259719999823574,-0.12384253925041833,6.469145498519424,2.973153115326916,-0.716954984805652,0.044129385673660926,-0.0004189405058972745,1.0101141831059002,-21.926881072686708,-1.5099843722055084e-06,6.648565292358398,-0.08416182547807693,9.425811767578125,2.022183190431301,7.148044586181641,1.2924970388412476,59,0.9647910019493503,-0.09832438313685814,47.14673924932889,-132.78131790008788,69.33265319663514,202.11397109672302,-0.7898872901242036,-0.6955303233799156,801.9425675675676,101.8907074393704,125.04012626501088,66.21621621621621
22,FEAR,2,60,120,60,30,3.0,6.0,2.9309887850104133e-13,1.3693984160040105,3.0179736097331045,-0.136953718182653,6.895399056374885,2.958208042829225,0.1325646146805881,-0.19519479401762585,-0.0030035931119585515,1.0743529723762195,-21.926881718095963,-4.641215127776377e-06,7.930848121643066,-0.09156842529773712,10.464011192321777,1.778101653713998,15.213785171508789,1.8756377696990967,56,0.9060840390973697,-0.11320562562882859,49.005694764026806,-132.00967775650543,66.18487494193369,198.1945526984391,-0.8025899583369807,-0.7043678745268586,806.292808219178,115.01869605569173,144.09068551104082,58.9041095890411
22,AMUSEMENT,0,0,60,60,30,6.0,4.0,1.1013412404281553e-12,1.5317213479169631,3.2323963023983993,0.09242530561728302,6.7010900204735435,3.066840773846444,-0.6360933174770427,-0.08719771102250293,0.011617655091725012,1.0746136743874077,-21.926880909854162,4.990895376977278e-06,5.839906692504883,0.08657237887382507,8.310376167297363,2.145978588226823,9.362868309020996,1.929476261138916,56,0.6481662183178308,0.23395612706152297,47.05974051761858,-339.46549296016195,195.83311410169753,535.2986070618595,4.6791063038015706,-0.5472837304453768,761.5665584415584,172.79587704910927,234.90209370425956,68.83116883116884
22,AMUSEMENT,1,30,90,60,30,6.0,4.0,-6.809367884367627e-14,1.5667100267056115,3.203767256606227,0.0046497820537894086,6.291650798155501,3.164609011556744,-0.8596878840340603,0.07801488746188731,-0.006078369644492113,1.1713955953437942,-21.92688207928848,-2.201398274337407e-06,9.928394317626953,0.021197188645601273,11.781532287597656,1.4647405943056466,45.625450134277344,5.282474517822266,23,1.4905202660160348,0.06870653868339395,40.444805344452476,-99.2537504121139,146.35744975437763,245.61120016649153,-0.6565217859637849,-0.4362370303368259,820.3125,137.22162922866428,198.22433307642015,62.5
22,AMUSEMENT,2,60,120,60,30,6.0,4.0,-6.128431095930864e-13,1.4844075272064126,3.3696037536238066,0.02571362719478998,6.873237696821377,3.0196786084389458,-0.5572006230257109,0.20296374255895594,-0.0021060842340076807,1.0976232551006155,-21.926882624038093,-4.649162292480469e-06,10.12099838256836,-0.1447761207818985,11.581900596618652,1.3514897245745925,50.31667709350586,5.808538436889648,26,1.2046836527055487,-0.08414190508372567,44.910678769866564,-116.4462011383958,146.35744975492042,262.8036508933162,-0.6953402901939101,-0.5958669388850742,846.6517857142857,127.80738007153779,171.22530367783034,55.714285714285715
22,SADNESS,0,0,60,60,30,3.0,5.0,-2.960594732333751e-13,1.4703258409810696,3.7915271838684816,-0.09748973670511418,7.115324437758375,3.036936033188847,-0.08054824925377568,0.2582162978314373,-0.0018417517545606093,0.9839795027956479,-21.926882307254314,-2.3523966774519067e-06,6.79095983505249,-0.17024731636047363,8.47451400756836,1.9762169748867229,12.942577362060547,2.5183000564575195,56,0.8748708789120506,0.12732604245975604,58.550374378578375,-274.63928973188183,207.00348156348477,481.64277129536663,0.611635811124382,-0.5295818524184556,785.625,159.52149467552488,223.81916113660128,72.0
22,SADNESS,1,30,90,60,30,3.0,5.0,1.0066022089934752e-13,1.2080012801974647,3.259936915530659,-0.07427138378552911,5.437462763372025,3.093343621149155,-0.38566198669545226,0.3751142690897489,-0.001628559126921572,0.7536074447441016,-21.926881910534583,-7.2161356001743115e-06,8.761051177978516,-0.10070518404245377,11.278606414794922,1.6072398921367597,22.8253231048584,2.682084083557129,63,0.8981922853583452,0.24929844881449997,57.06231024267165,-156.74063238647858,91.35270470965996,248.09333709613855,-0.8346052440968683,-0.6552728469581,831.4732142857143,122.5961355486997,172.5530105220346,65.71428571428571
22,SADNESS,2,60,120,60,30,3.0,5.0,-5.832371622697489e-13,1.305976443614727,3.380892151798065,-0.06244391951639727,6.492241336876958,2.98242995290362,-0.39184900276280965,0.168855119097964,-0.013027434055259468,0.8283440410761107,-21.92688259443213,-3.0676524147565942e-06,2.1828083992004395,-0.16430550813674927,5.163643836975098,3.0060619543714298,-0.1290442943572998,-0.09503098577260971,75,0.8455310907578312,-0.15056123268477528,59.897956764326786,-156.7406323925875,91.35270470487889,248.09333709746636,-0.8612400271472027,-0.6419637329661184,828.7852112676056,132.3834092551863,196.20776956911192,83.09859154929578
22,NEUTRAL,0,0,60,60,30,4.0,2.0,4.144832625267251e-14,1.5831141854328619,3.8917374089209034,0.06874314396014825,7.511232152543101,3.0804856566600933,-0.34193039041121676,-0.06736400062611594,-0.00045527877731884497,0.9220054513468621,-21.92688196974647,-1.0172526572205243e-06,2.9156429767608643,-0.25513115525245667,4.615236282348633,2.9708240146313747,0.021155357360839844,0.8340245485305786,4,1.5359393603666365,-0.06977219247342124,57.83817306888848,-264.4110224001465,241.03934207167867,505.4503644718252,1.415804447878065,-0.26201446710141024,723.9583333333334,135.90157571290337,128.4675299443404,44.44444444444444
22,NEUTRAL,1,30,90,60,30,4.0,2.0,9.473903143468003e-14,1.7092426128913965,4.268367107609805,0.09628170870037422,8.41658971299708,2.764599989846004,-0.6014211595377792,0.15451559816376015,0.021882316557434504,0.7541139340900694,-21.92688191645577,-3.178914482759865e-07,3.9524827003479004,0.1454288214445114,5.725809097290039,2.5760006846094425,0.48131823539733887,0.2958490252494812,1,2.861967959178007,0.33820362634860707,52.59225381171966,-264.4110224061179,241.0393420716543,505.4503644777722,1.6834824644338147,-0.2924700230072567,770.3536184210526,145.66254292621852,187.10026835006587,78.94736842105263
22,NEUTRAL,2,60,120,60,30,4.0,2.0,7.105427357601002e-14,3.045859680151664,8.742973530771536,-0.35968573161575534,13.601897551340869,3.0662665787698606,-0.643197166547008,0.38698112682251046,-0.026860647158992137,0.98295991129943,-21.926881940140525,1.3033549066676642e-06,1.9351736307144165,-0.10843256115913391,3.5763089656829834,3.2973309654669363,-1.1884740591049194,0.15026302635669708,65,0.05759053673740035,0.011389736165072505,43.285832203124386,-119.54610831185678,72.51126186148834,192.05737017334513,-0.7841801957113574,-0.6441874360466513,759.7402597402597,113.78105375392119,172.49067361324967,75.32467532467533
22,AWE,0,0,60,60,30,8.0,5.0,1.1842378929335004e-14,1.545468126826569,2.8979768819112905,0.2043736770968252,7.170278175367173,2.993192334829928,-0.17049524545182182,-0.37126805825983766,-0.006531512882773486,0.8280058033972033,-21.926881999352418,-1.5894572413799324e-07,3.3489344120025635,-0.06811696290969849,6.13934850692749,2.39904285221428,2.0100975036621094,0.2692278325557709,1,3.019321384259134,0.023094728879242275,42.16887345315603,-195.46129371243364,130.8189711232226,326.2802648356562,0.7047503169924796,-0.5701693231158571,738.671875,170.11242021752162,268.54661865755276,71.25
22,AWE,1,30,90,60,30,8.0,5.0,8.289665250534502e-14,1.458353827588777,4.349479676948675,-0.10365736737263376,8.146557070880789,2.8482850034237197,0.44745372257507743,0.1919963352197945,0.00372518940342101,0.9585239053298099,-21.926881928298148,9.5367431640625e-07,1.765920877456665,-0.038385629653930664,3.417248249053955,3.296918793932399,-1.2412089109420776,0.11552593111991882,65,0.0635728421254028,-0.17770419704134052,35.69207790388585,-136.25161977625982,78.85931891289377,215.11093868915358,-0.28897975887515237,-0.6977061375636502,749.8022151898734,150.44284070819236,235.72660488710764,70.88607594936708
22,DISGUST,0,0,60,60,30,3.0,6.0,8.526512829121202e-13,2.311913555444547,3.9292038830168963,0.4614046434763708,12.36208026907093,2.720890572557164,1.798298557461349,-1.1190508086664934,0.01556204885229963,1.0337436334280132,-21.92688115854388,3.43322744811303e-06,2.766792058944702,-0.039136383682489395,4.51388692855835,3.0211348759040613,-0.3376801013946533,0.46073105931282043,42,0.2847037616502942,-0.047355400332678314,44.50037505689674,-213.7047934532253,213.48702037064768,427.19181382387296,1.356744111275499,-0.39733730402950646,767.2483766233767,150.4171235537538,179.67856099046782,49.35064935064935
23,BASELINE,0,0,60,60,30,5.0,1.0,6.039613253960852e-13,1.3080927792729533,3.588573832408315,0.06666819254625977,6.641128405726704,2.9681801874601046,-0.08815935278999776,-0.03833663058806001,4.1668343754487964e-05,0.9327661048561655,-21.92347225997108,-7.629394644936838e-07,1.0723899602890015,0.4551873803138733,4.73189115524292,2.3714519999789747,2.043689250946045,-1.6191781759262085,23,0.13070018545015138,-0.24760804346480236,67.99088115210104,-257.7016519351158,239.90934662810406,497.6109985632199,-0.09418605850266015,-0.46381552386471697,645.9478021978022,81.53062449918501,85.18451684268815,28.57142857142857
23,BASELINE,1,30,90,60,30,5.0,1.0,-4.825769413704014e-13,1.4532284527760329,3.1667970186134653,-0.35444887247244594,5.912592138883355,2.2981526537305426,-0.7669074751938223,-0.2719536397850877,0.011021276921805982,0.9594134665426298,-21.923473346509283,-4.2915343101412873e-07,2.9989922046661377,-0.1101132482290268,5.107815265655518,2.9342203034178493,-0.4706099033355713,0.28092607855796814,52,0.451404073970827,0.12833763405180293,58.41019373931024,-169.70395899765307,152.86313019720006,322.5670891948531,-0.6699389630037342,-0.5705694470473381,677.801724137931,102.57742494066567,133.81864951979722,32.18390804597701
23,BASELINE,2,60,120,60,30,5.0,1.0,6.069219201284188e-13,1.35324049933811,1.943474633731057,-0.3072270644629782,4.67796605830344,2.408822546447345,-0.9696523929563643,-0.20173426498197833,-0.0031529046770661646,0.9506876784518299,-21.923472257010488,-4.132588742322696e-07,2.2662148475646973,0.3765422999858856,4.446284294128418,2.953079382393448,-0.9341270923614502,-0.4606284201145172,52,0.18315054680196202,-0.19205795923581773,55.16092793588754,-166.0745255503254,121.50756762346299,287.5820931737884,-0.4927708414149974,-0.6140156872460395,704.4270833333334,421.11927747559986,605.1657994025821,33.33333333333333
23,BASELINE,3,90,150,60,30,5.0,1.0,-2.9902006796570885e-13,1.3349795747736581,3.5499982057274337,-0.4580103323192475,6.035305411226233,1.4597720431308465,-0.24759010055847197,0.030363802220467986,0.000166673375000114,0.9329162482945621,-21.923473162952337,2.8610230629055877e-07,1.9078279733657837,0.03561922535300255,3.673767566680908,3.2654110688126696,-1.0208367109298706,0.07894205302000046,70,0.098383300748976,-0.07673474877473294,56.49165317976576,-170.1742376293634,122.03131319334814,292.20555082271153,-0.5282866942165323,-0.6396372476235883,702.5669642857143,414.05590348072525,595.8937006904758,22.61904761904762
23,BASELINE,4,120,180,60,30,5.0,1.0,-4.144832625267251e-14,1.1998207540622832,3.236751223045786,0.08525285258471627,5.749196673592394,2.9688277809292396,-0.13845142174270642,0.02344834457978656,-0.00865312605202533,0.797503841329265,-21.92347290538055,3.178914482759865e-07,1.9165228605270386,-0.14795297384262085,3.6334781646728516,3.286772314794279,-1.0802935361862183,0.16213570535182953,77,0.1170756898044041,-0.15753678023709045,61.70437454841307,-175.74788738258263,121.62200638143523,297.3698937640179,-0.6920148352856756,-0.62042103499544,670.8096590909091,67.66530412730786,96.53723095887356,26.136363636363637
23,BASELINE,5,150,210,60,30,5.0,1.0,7.431092778157715e-13,1.4163649105303726,2.5462188006102338,0.3715618297601253,6.349359718068115,2.3562552931638683,-0.19174415237964837,-0.43478526171505755,0.01272273429158023,0.8961606636715391,-21.923472120823224,2.002715973503655e-06,1.9668830633163452,-0.1150519922375679,3.9447193145751953,3.193794231150612,-0.9818933010101318,0.13693776726722717,73,0.13182472497105188,0.2585508833542317,60.91551240255619,-201.9610311780487,191.43564649875685,393.39667767680555,-0.33133408865414893,-0.5298737196988134,654.6875,65.37665354967271,85.40517587366257,28.888888888888886
23,BASELINE,6,180,240,60,30,5.0,1.0,6.513308411134251e-14,1.405351462365764,2.661168450294582,-0.1580075169531625,6.178005599121406,2.9080351232392907,-0.0780261149395649,-0.18607543271729876,-0.000993095526043089,0.9936915371681618,-21.923472798799143,6.357829107628277e-08,1.7555054426193237,-0.1101234033703804,3.731257677078247,3.1663486248921746,-1.2816874980926514,-0.0769096165895462,76,0.12887478576793926,0.6347771295031677,55.745956571428046,-201.96103192958222,224.10964378847535,426.0706757180576,0.3287002551659879,-0.2885984092099638,655.1966292134831,74.70488787622662,77.893834135359,21.34831460674157
23,BASELINE,7,210,270,60,30,5.0,1.0,2.4276876805136755e-13,1.3209694996642252,1.8085212854110466,-0.21533794940928885,6.053764487507607,1.410744187169744,0.5864400343284197,-0.49344343099445886,-0.00037501509374876995,0.9506876784518236,-21.923472621163484,-1.5258789289873675e-06,2.102083683013916,-0.169901505112648,3.7069249153137207,3.2299070490920703,-1.2166070938110352,0.18069781363010406,76,0.15034519590146814,0.11647576184265533,56.65887838931121,-236.20431033603185,251.281015635178,487.4853259712098,0.6328234593740456,-0.25059566311183884,680.8548850574713,139.50279347452488,186.6730188110614,44.827586206896555
23,BASELINE,8,240,300,60,30,5.0,1.0,-5.832371622697489e-13,1.231084163017845,2.398369678626011,-0.06733720095404294,5.849381261414521,2.9773037491465226,0.15787696424124187,-0.3507055624875451,-0.008382281817655348,0.9055667799223212,-21.923473447169556,4.132588742322696e-07,2.008525848388672,0.04366368055343628,3.6386308670043945,3.181876904455281,-1.2427635192871094,0.15174783766269684,72,0.18999335584516425,-0.10806461942577436,49.9903222380826,-236.20431033615205,251.28101563719213,487.4853259733442,1.4578735607363082,-0.24890408646414017,725.2286585365854,469.6554476507802,657.8830357552686,43.90243902439025
23,ANGER,0,0,60,60,30,1.0,7.0,-4.233650467237264e-13,1.7112809135136968,3.5831955337883414,0.21639364889090018,7.485660098717517,3.1082596647079037,-0.4752651655733402,-0.23445990965992178,-3.4552750177370355e-05,1.1195975456460747,-21.92347328729736,-3.226598209948861e-06,2.460700511932373,0.24883662164211273,5.161044120788574,2.4619685933192383,-0.07090544700622559,-0.20941412448883057,80,0.7819956491875601,-0.2738730763128448,31.48355271453378,-173.9905754835383,204.6784745663534,378.66905004989167,4.543840048839555,-0.5537796169538911,701.078869047619,129.36604543797324,165.29718638502965,59.523809523809526
23,ANGER,1,30,90,60,30,1.0,7.0,-6.927791673660977e-13,1.5869045379643325,3.854480368046609,0.005783797602987306,7.067590014558078,3.0538288202206028,-0.2631927924173869,0.32595958348712,0.004625186156213028,0.8961606636715737,-21.92347355671163,3.52859501617786e-06,1.756470799446106,-0.4583359658718109,4.429630756378174,2.417669090071942,-0.6013402938842773,0.06220490485429764,81,0.7719206142924152,-0.10383523598093766,25.836192460131965,-115.70236366200544,85.77468097914786,201.4770446411533,-0.060680678620454565,-0.7777717776030955,722.1798780487804,99.88372116460543,128.13158670211834,45.1219512195122
23,ANGER,2,60,120,60,30,1.0,7.0,8.052817671947802e-13,1.2486940652218397,2.9581885067216263,-0.5450080467984009,5.56136966941807,2.277382774632147,-0.37836067704150134,0.4925052199914342,-0.004618241432270298,0.7868959137839915,-21.92347205865078,1.072088889486622e-05,1.6303380727767944,0.15659186244010925,3.684357166290283,2.399226139380346,-0.8656611442565918,0.04681271314620972,76,0.985815346922613,-0.11627642863066337,26.52796680151575,-115.70236366289795,85.77468097899165,201.47704464188962,-0.09817358364037077,-0.7807015129444771,730.7098765432099,96.80162307192772,133.9108991316614,48.148148148148145
23,ENTHUSIASM,0,0,60,60,30,9.0,6.0,1.3914795241968628e-13,1.2173830934216667,2.748280173992157,0.39386596820563113,6.08751584594458,2.1740520715314178,-0.09175938863734512,-0.09168812209585396,0.0032362413645573027,0.9147996451157011,-21.923472724784283,3.2405057481810218e-06,10.125389099121094,-0.1418503075838089,12.969145774841309,1.3613937127092388,42.29290771484375,4.229154586791992,31,1.3313907789464083,-0.0759841964112058,34.70914373751248,-170.53379965011538,122.35989891173271,292.8936985618481,2.1198178066324997,-0.6810387465139514,722.751524390244,141.59284091350165,219.11483024860857,62.19512195121951
23,ENTHUSIASM,1,30,90,60,30,9.0,6.0,-1.924386576016938e-13,1.3231817995374837,2.733276676607943,0.23555461957869284,6.403243831262273,2.951724397860213,0.33062259272875894,-0.3943664395127988,0.0030209549218629442,0.9594134665426286,-21.9234730563709,-2.1258990727801574e-06,8.843374252319336,-0.1518990695476532,10.415571212768555,1.5409668102473038,43.65810012817383,5.278972148895264,32,1.3073391607796614,0.22045098981114147,26.162208779547363,-73.62476980589452,63.207034327757505,136.831804133652,-0.5828676694570709,-0.777863035258143,736.71875,110.03979699394375,175.78619455071055,58.75
23,ENTHUSIASM,2,60,120,60,30,9.0,6.0,5.210646728907401e-13,1.3976895464300914,3.1283516055083282,0.08999667777622733,6.6046616602221775,2.983772725128341,0.20466260874354258,-0.2079689307354483,0.00713223150516044,1.0103945796904399,-21.923472342867687,-1.0538101378188003e-05,9.913501739501953,0.022880811244249344,12.088533401489258,1.59231153470373,38.39641189575195,4.022646903991699,60,0.9380427747825087,-0.05409957307240354,24.557148899944643,-64.84154624364473,33.45168537220533,98.29323161585006,-0.6348451221089935,-0.8046713806427033,719.5121951219512,104.39507478596103,168.6352919463029,60.97560975609756
23,LIKING,0,0,60,60,30,7.0,3.0,5.210646728907401e-13,1.2484045520185627,3.0844499542787673,-0.45872737506620354,5.996789972153493,2.39155327022262,-0.21145714646589653,0.19701904943336887,-0.005021035421834582,0.7868959137839752,-21.923472342867687,-9.369849976792466e-06,9.09386157989502,-0.0987871065735817,11.127939224243164,1.508790916589868,44.42315673828125,5.306905269622803,30,1.3754258251811773,0.0724519937303449,31.968689478822757,-148.55558656846068,144.12887264509928,292.68445921356,1.6754966357676189,-0.3697252192930928,734.1820987654321,148.96071085579956,220.41082690554813,71.60493827160494
23,LIKING,1,30,90,60,30,7.0,3.0,5.329070518200751e-13,1.2235493489780174,2.79892920327498,0.039165349490133394,5.734501637697065,3.06528906257617,-0.27100547502914285,-0.3493367399024672,0.0022570352864472415,0.8078858302744093,-21.923472331025312,1.3351440202313825e-06,7.8633246421813965,-0.014589881524443626,9.190892219543457,1.5571402333001718,29.67203140258789,3.982916831970215,32,1.1552339615099707,-0.04032317374695584,24.565046633854653,-68.23599635060853,41.12209385408301,109.35809020469154,-0.6149997302198837,-0.8092730791985412,745.0553797468355,98.48945209621648,161.40339739517606,51.89873417721519
23,FEAR,0,0,60,60,30,2.0,5.0,5.654735938757464e-13,1.165224967435832,2.229722844570148,-0.010665938545528775,4.760788836228613,2.6576132672176973,-0.16182805644461773,-0.11046406650837094,-0.01206993023950983,0.754177423233536,-21.92347229845879,1.1563301086425781e-05,10.098367691040039,0.004958501551300287,11.874602317810059,1.654176675389987,41.4389762878418,4.17800760269165,58,0.8316714067660003,-0.07536698190817767,35.75167645412336,-306.62014836721477,182.2228556741368,488.8430040413516,9.51074651373257,-1.1989969475022806,763.3928571428571,160.4636268455052,248.64068156269306,66.23376623376623
23,FEAR,1,30,90,60,30,2.0,5.0,3.375077994860476e-13,1.1693752579374823,2.623691247454474,-0.19446037300987484,5.514006652020953,3.0146264359129358,-0.31547233874781,0.13488590020475227,0.011076834713478633,0.8283440410760928,-21.923472526424483,-1.083215101971291e-05,10.18171501159668,-0.23388555645942688,12.730172157287598,1.3882279299561697,42.927738189697266,4.285701274871826,69,0.8679163299661531,0.08815369000589615,25.697919413763433,-133.21281226209936,93.54097102217938,226.75378328427874,0.8859412089414618,-0.8309551167844558,753.2051282051282,112.5709714345737,160.02937344518892,47.43589743589743
23,FEAR,2,60,120,60,30,2.0,5.0,2.102022259956963e-13,1.373467630186501,3.059536914533112,0.06287463708325447,6.379416483360245,3.0929439021681597,-0.6264677254508624,-0.12273129669961926,-0.0002986231302033348,0.9767028900395195,-21.92347265373002,-5.133946615387686e-06,10.540445327758789,0.13913077116012573,12.591060638427734,1.577084627398171,49.61497497558594,4.873645305633545,26,1.3889910151354683,0.006950555531139731,22.97730013266657,-63.57914231297927,34.801046252611044,98.38018856559032,-0.4972021189046316,-0.8288928535286264,744.4620253164557,98.60041891365407,139.59738496053754,48.10126582278481
23,AMUSEMENT,0,0,60,60,30,6.0,4.0,2.1908401019269757e-13,1.293309423023669,2.2099619219105193,0.27738023239081144,6.436669655761307,2.878294649523524,0.7289562191140062,-0.8264335607683925,-0.00043144097592095104,0.8678147968561623,-21.92347264484824,3.441174840190797e-06,10.06727409362793,-0.17829486727714539,12.053600311279297,1.4707461153905514,40.968074798583984,4.176945209503174,63,0.8699003309750443,0.15035573210807307,37.160658900446315,-284.25187661420813,280.65680866275545,564.9086852769635,19.926134414272163,-1.5228314263122487,744.8575949367089,130.07336399780553,171.5103941587424,54.43037974683544
23,AMUSEMENT,1,30,90,60,30,6.0,4.0,5.240252676230739e-13,1.186324805951852,2.44269900910723,0.25060991303078595,5.364037074323136,3.0408317279674537,-0.2996438433198838,-0.45258015290023873,-0.005647796759079611,0.7973281990319202,-21.923472339907093,7.994969564606436e-06,10.427742004394531,-0.2648274898529053,12.474668502807617,1.529126810656132,47.50187683105469,4.7213029861450195,58,0.9196486129866687,-0.062316615576401564,21.063701881759126,-55.58500562275407,29.59315800358627,85.17816362634034,-0.5769915826688155,-0.8195257609102309,767.2483766233767,68.32368267377197,108.68260634847404,40.25974025974026
23,AMUSEMENT,2,60,120,60,30,6.0,4.0,2.3684757858670003e-13,1.2500244568918497,2.384060653638187,-0.004366205825334646,5.100366739799256,3.120241919266375,-0.68439103779196,-0.24248704215104674,-0.006627002837201565,0.8382606564951994,-21.923472627084674,-4.7922135308908764e-06,3.618403434753418,0.19269675016403198,5.994996547698975,2.2274739839719966,-0.0877082347869873,0.017601201310753822,82,0.9069207249152798,-0.08864526814592502,23.713561499409618,-118.13924978522996,88.81790875626646,206.95715854149643,1.4585997483475666,-0.695655452025609,767.4512987012987,102.17659819491898,167.33883952080896,48.05194805194805
23,SADNESS,0,0,60,60,30,3.0,3.0,2.161234154603638e-13,1.5186432966018115,3.281197745742759,-0.01612897671137148,6.330424060104889,3.088124984452327,-0.9765220156872605,0.07210020178163382,-0.003086061708965024,1.2064424270999903,-21.923472647808833,7.62939453125e-06,2.504056692123413,0.23338963091373444,5.298252582550049,2.4339252319840954,-0.28671717643737793,-0.11831014603376389,84,0.7826606539222655,-0.10325241447250012,40.65009403693672,-412.31229637285725,308.6307428036542,720.9430391765114,23.142723414775727,-1.0914271297457103,791.4583333333334,137.91240110030807,202.51500142548667,52.0
23,SADNESS,1,30,90,60,30,3.0,3.0,-5.210646728907401e-13,1.3626635508743739,3.513584031549044,-0.009889597142631601,6.220531480180114,3.0510968006861523,-0.17090237370160688,0.23840507610981795,-0.0020438413342376252,1.1424422441203959,-21.92347338499703,1.2389818948577158e-05,2.4312920570373535,-0.02041824534535408,4.903420448303223,2.262245651355645,-0.6825315952301025,-0.08889279514551163,79,0.8935982611535707,0.19039591482245857,34.56172043119248,-412.31209757957123,308.62647324910205,720.9385708286733,41.2929462744313,-1.4972945177170536,800.513698630137,102.64251305781919,156.3584692945633,41.0958904109589
23,NEUTRAL,0,0,60,60,30,5.0,3.0,-4.884981308350689e-13,1.5507612287659136,3.109988781582018,0.16811619896444085,6.720884591643994,2.9857923180263177,-0.19875492974484787,-0.2760251821311017,-0.0054189347916972245,1.0348145546910337,-21.923473352430474,2.9782454475935083e-06,7.291139125823975,-0.05400516092777252,10.801675796508789,1.2121219913940207,31.297744750976562,4.202179908752441,27,1.453185702666208,-0.09673770977492328,31.94577354769163,-237.7736134957466,157.31369163634065,395.08730513208724,7.744268195089445,-1.2475454598596691,753.8060897435897,153.90253447118468,217.17895958635816,70.51282051282051
23,NEUTRAL,1,30,90,60,30,5.0,3.0,2.2500519965736504e-13,1.4691409134692488,2.86525822680872,0.16051775738752383,6.61341343897206,2.913086242684356,-0.137215870193665,-0.3696409205878173,0.006743489885689557,0.9147682401388444,-21.92347263892705,-7.009506134636467e-06,9.477355003356934,-0.33474278450012207,12.265118598937988,1.4723711306838574,31.98931121826172,3.550255298614502,54,1.0376430498641585,-0.008114305813283363,24.19863727149498,-68.45520611580687,32.77625438861946,101.23146050442634,-0.43961431322205424,-0.8805576841925054,744.8575949367089,110.30742431153071,173.1812252492924,65.82278481012658
23,NEUTRAL,2,60,120,60,30,5.0,3.0,3.2566542055671256e-14,1.2063924455614026,2.975962331715465,-0.24560658684258385,5.501295822971741,2.7286825672264596,-0.42374048522806707,0.13854570205667266,0.005138763261892484,0.8181943682154086,-21.923472831365682,-2.0931163362547522e-06,2.474968433380127,0.05380815267562866,5.649405479431152,2.310355213463801,-0.3149147033691406,-0.03205748647451401,82,0.9722138954033037,0.05274441053901736,25.589151329553676,-76.91148284138433,38.035207400503204,114.94669024188752,-0.43321512842993837,-0.8576299285154966,747.3958333333334,85.56003535308534,124.14735579010664,50.0
23,AWE,0,0,60,60,30,8.0,4.0,-2.4868995751603507e-13,1.2602089116937987,3.056106799623848,-0.30916753608281056,6.0505560250391,2.514260390652894,-0.13920747067695594,-0.21044428327577455,0.004583517812473404,0.7975038413292054,-21.92347311262221,-2.225239995823358e-06,2.7711589336395264,-0.16866400837898254,4.522805690765381,3.0323703987312562,-0.296597957611084,0.6579213738441467,65,0.32223549357182085,0.002330805256158082,43.81424840934977,-213.80974655242872,146.63784834969658,360.4475949021253,2.701898921950165,-0.9582779957696692,679.9568965517242,156.4109285538276,221.94510438499228,36.7816091954023
23,AWE,1,30,90,60,30,8.0,4.0,5.802765675374152e-13,1.3260985106751417,2.733163246116277,0.0788897492590479,6.912986569798818,2.843061781030119,0.4802904559773067,-0.4936358519192968,-0.010486533177014692,0.8382606564951949,-21.923472283655826,1.7325083945252118e-06,4.543375015258789,0.2478211522102356,6.938969135284424,2.537994895210921,0.9270493984222412,-0.03199417516589165,61,0.5545832492424267,-0.2245437169313775,35.67479724082968,-165.61220260492973,146.63784373211385,312.2500463370436,0.5138714390233567,-0.5948189654960312,686.2281976744187,104.7256327685454,138.95040508587735,37.2093023255814
23,DISGUST,0,0,60,60,30,4.0,7.0,-4.736951571734001e-13,1.0881680623389192,2.1636698388213915,-0.14079791225718452,4.483562400539398,3.0566415192048835,-0.4846986532170279,0.390063171185658,0.011069889989506174,0.6596714054481753,-21.92347333762749,1.0967254638671875e-05,2.8712151050567627,0.09038572013378143,5.56165885925293,2.496847768569782,-0.005834341049194336,0.09283049404621124,85,0.7533739707430609,0.05196958715941549,38.63743469726595,-368.5383311825946,167.68393488544683,536.2222660680414,14.07945402314255,-1.4958762696374237,677.8706395348837,111.65348913121531,145.63186363527163,67.44186046511628
24,BASELINE,0,0,60,60,30,5.0,1.0,7.401486830834378e-14,5.129847694447514,8.948799098464377,-0.7573270472377658,22.135276078503097,3.0259747483834047,0.11060211626162486,-0.48005321240579196,-0.04374394332119526,1.0581181837855338,-21.91991129318274,-5.404154421739804e-07,1.9136271476745605,-0.28301164507865906,3.545611619949341,3.1505657323904743,-1.0954924821853638,0.3592100143432617,13,0.17059698854989477,0.5911970711708907,74.37471915165712,-426.1864805423989,194.13967681718935,620.3261573595883,0.7036726551270909,-0.7458950543386162,726.8518518518518,95.59100930018354,113.8187678463552,24.691358024691358
24,BASELINE,1,30,90,60,30,5.0,1.0,7.727152251391089e-13,4.555644891882993,8.752256939145298,0.5132353736239992,17.686554803068333,3.1794667275841864,-1.0426391874940528,-0.042759782730223496,0.04492470269343656,1.073036700272928,-21.91991059448268,1.4623005881730933e-06,1.6080200672149658,-0.08844733238220215,3.4060921669006348,3.164917659481644,-1.361441969871521,-0.13608382642269135,13,0.12259106589219794,0.2458966063174103,66.92443337906077,-213.07005424265225,194.13967681719282,407.20973105984507,-0.642480335641717,-0.557575698900116,759.5373376623377,84.41595025988407,101.76788443625807,24.675324675324674
24,BASELINE,2,60,120,60,30,5.0,1.0,1.2138438402568377e-13,1.346983478827813,3.3911069726514143,0.15682402024523867,6.415973510276274,2.9596047021090577,-0.16483425793156936,-0.1906948301833945,-0.008847578322858799,0.9329162482945303,-21.91991124581323,-4.132588742322696e-07,1.7046369314193726,-0.07679092139005661,3.322129964828491,3.2601606049485454,-1.285256028175354,0.15155953168869019,27,0.04889663287985601,-0.045978106059424366,58.61070258145422,-151.73023030468266,103.54038443239108,255.27061473707374,-0.8129693813904955,-0.5559571693623344,751.0016025641025,65.44113387059063,67.14666722057893,15.384615384615385
24,BASELINE,3,90,150,60,30,5.0,1.0,5.447494307494102e-13,1.272801713193068,3.8098856112689816,-0.0447168289891664,6.173885030674597,2.0345358832207916,0.392628987670228,0.2660944342764545,-0.002763955099993609,0.7762209020597065,-21.919910822448323,-1.0808308843479608e-06,1.792167067527771,0.031783152371644974,3.5617055892944336,3.307811664898443,-1.2237470149993896,-0.03187210112810135,28,0.060539595226138214,0.3978732797627251,51.21895193411848,-127.56056020873362,121.04868127932085,248.60924148805447,-0.757736849435398,-0.5338198001043947,748.9983974358975,76.4777535707581,97.5618456033529,28.205128205128204
24,BASELINE,4,120,180,60,30,5.0,1.0,5.033011044967377e-13,1.3253733270215209,2.825475679824052,-0.02787935634884775,5.203712103228497,3.2276193354821636,-0.8650611583545231,0.08922478802327968,0.00890996692540738,0.867480909993624,-21.91991086389663,3.814697322468419e-07,1.9464468955993652,-0.1824609637260437,3.636786937713623,3.2359692193751965,-1.0658105611801147,0.26095980405807495,51,0.04777282840392892,-0.03603434057822881,51.38562106891799,-126.0492917938413,91.84015787121984,217.88944966506114,-0.9064403811434225,-0.6051969886553528,764.2045454545455,63.6803538198369,97.59455287896316,32.467532467532465
24,BASELINE,5,150,210,60,30,5.0,1.0,-3.1086244689504383e-13,1.2463733292785935,2.673714672851446,-0.15108304843991505,5.056391011513739,3.1784141247229436,-0.7119571336370241,0.287889583992221,0.0034931961510180414,0.7865398522663186,-21.9199116780601,5.722046125811175e-07,1.7030298709869385,-0.08382540941238403,3.3985061645507812,3.287014061620883,-1.3733184337615967,-0.004257079679518938,48,0.04123456767981055,-0.048090658780007296,55.36225981040523,-153.70511866678612,76.94786796939236,230.65298663617847,-0.9095703721042319,-0.6108893571668724,755.8092948717949,37.36014355492212,45.95277873400719,11.538461538461538
24,BASELINE,6,180,240,60,30,5.0,1.0,5.625129991434126e-13,1.2172850540304898,3.100550613187636,-0.1595898360349679,6.001355290365495,2.9716875031944188,-0.4179478615433778,0.16972630773035208,-0.006097592145021049,0.7967930277967806,-21.919910804684765,4.76837158203125e-07,1.8220757246017456,-0.060763925313949585,3.491811513900757,3.3105693458578487,-1.175507664680481,0.10348199307918549,67,0.04138533459227051,-0.3521865107808234,61.51709112451544,-143.81938558910775,88.4527160596258,232.27210164873355,-0.9836372145701469,-0.5681797612927513,737.109375,31.326547860724347,26.948860823484623,3.75
24,BASELINE,7,210,270,60,30,5.0,1.0,2.723747153747051e-13,1.3331507550432589,2.7501430525937565,0.02255265384150107,5.692348063978159,3.1654610479523755,-0.5944239583763422,0.028685040298939868,-0.006341080021599055,1.0095341319267426,-21.919911094822925,1.2079874522896716e-06,1.9628472328186035,-0.10509440302848816,3.4659876823425293,3.2682091493693934,-1.191063404083252,0.2927614450454712,69,0.05803557867714183,-0.3117758755832643,66.8697215825267,-281.5619500866803,157.71303982978685,439.2749899164672,-0.38481135624016893,-0.6370328936884597,727.0447530864197,69.83721392415559,65.20044963658226,17.28395061728395
24,BASELINE,8,240,300,60,30,5.0,1.0,8.08242361927114e-13,1.4259571201076766,2.966737480126369,-0.0008934159534845776,6.25834243078458,3.0494301490311173,-0.4229812491435445,0.05089320033789635,-0.006680293295037402,0.9500747338847848,-21.919910558955568,1.3351440202313825e-06,1.7719533443450928,0.13399116694927216,3.6102023124694824,3.2736028339487713,-1.1983191967010498,-0.15423370897769928,70,0.058964659490498596,-0.023483937855797225,66.01022842446613,-281.5619511382932,157.71297624929326,439.27492738758644,-0.30522711976841066,-0.6631644322122912,751.4022435897435,70.78712900582947,65.54571586691607,15.384615384615385
24,ANGER,0,0,60,60,30,4.0,7.0,-1.0066022089934752e-13,1.1824326990401859,1.414432507311858,-0.6136803709331673,4.09474119556279,1.8128292496359615,-0.6294565101481373,-0.22933365234560252,0.0004097387135426901,0.7762332389860466,-21.91991146785783,-4.609426014212659e-06,2.554793357849121,-0.023385128006339073,4.701384544372559,3.0263263627176205,-1.0363911390304565,0.1419835388660431,53,0.3819969510775064,-0.08634708574803056,35.8616275318607,-127.60993461886567,136.86746232982236,264.477396948688,-0.22419734797852753,-0.4224222893692391,782.5,129.81031509631816,210.9414101239194,57.333333333333336
24,ANGER,1,30,90,60,30,4.0,7.0,1.924386576016938e-13,1.272381083244028,2.657829774251752,-0.282347590882992,5.803691922493925,3.0075024686003426,-0.5888299756098907,0.19171061807706408,0.009354543171813761,0.7762332389860314,-21.919911174758965,-6.643931101280032e-06,4.880103588104248,-0.05137619748711586,7.017874717712402,2.441989742479752,1.530001163482666,0.29412615299224854,55,0.4842267500498658,-0.040823198666861814,34.37675458148078,-109.21947064611625,97.89748357865743,207.11695422477368,-0.6414465932048614,-0.499231545181431,811.0017123287671,131.3534124567805,218.25340458080169,71.23287671232876
24,ANGER,2,60,120,60,30,4.0,7.0,-1.7763568394002505e-13,1.6583228586477907,4.981734650234415,-0.23062574643226696,8.250820797393743,2.810433192411918,-0.25864383470270935,0.350377047054592,0.014239288385968283,0.9934095988628312,-21.919911544833305,-4.19616708313697e-06,1.7734605073928833,-0.01741546019911766,3.7309916019439697,3.258776465009952,-1.1163266897201538,0.003983956295996904,71,0.31835059375514657,-0.006938302470267773,37.45655432048521,-109.21939256306521,83.89842186923907,193.11781443230427,-0.8415097887166132,-0.4668989843562564,802.2260273972603,97.62045101067201,170.8857262137804,52.054794520547944
24,ENTHUSIASM,0,0,60,60,30,8.0,7.0,-5.269858623554077e-13,1.9305789786742644,3.8256943593076187,-0.2538642828557869,8.280084388582054,3.1220610574019743,-0.5284328615303053,-0.11650467810024308,0.011860213781976625,1.1117083393916425,-21.919911894183606,-2.4477640181430615e-06,2.130549669265747,0.04772888869047165,4.425993919372559,3.1119374101512,-0.8455331325531006,0.013374030590057373,73,0.4714084929188392,0.14140635668505466,37.67438495310798,-188.8889721284632,250.6480546977279,439.5370268261911,4.818850293429609,-0.2641042050620363,746.0443037974684,106.01726591581911,158.8328196039261,22.78481012658228
24,ENTHUSIASM,1,30,90,60,30,8.0,7.0,4.1448326252672513e-13,1.3031375001729086,2.365782711179776,0.09800499700851617,5.38346724782599,3.157593806653077,-0.6031227406262301,-0.2068895143146069,-0.0017346996228698698,0.9238057144387144,-21.919910952714428,-1.3033549066676642e-06,6.014145851135254,0.10205267369747162,8.445847511291504,2.1205411601791604,4.2511444091796875,0.8397411108016968,51,0.680789701557102,-0.07679807046893179,29.277516241748675,-81.6450022079274,60.570062920601735,142.21506512852915,-0.7173436689907566,-0.6755498441699431,759.4150641025641,86.22166505580739,138.83236922681206,29.48717948717949
24,LIKING,0,0,60,60,30,8.0,5.0,2.6053233644537005e-13,1.904423892951949,3.7331939954057702,0.06238811242944564,7.913336970495521,3.1654863472091557,-0.713396278548355,-0.2579295721381216,0.003599870945650297,0.7967971008767791,-21.919911106665303,-9.695688731881091e-07,2.241095542907715,0.1660061776638031,5.395232200622559,2.7401717085626487,-0.03452634811401367,-0.08257773518562317,75,0.7146835378585608,-0.23328496576110297,49.02662993291253,-511.25051249808246,290.2384417867997,801.4889542848821,22.560610219373146,-1.4363418510891717,771.7126623376623,122.98321228392905,173.4563912186728,41.55844155844156
24,LIKING,1,30,90,60,30,8.0,5.0,3.937590994003889e-13,1.6728204981584265,4.678711203528962,0.27917926690790296,8.82397590079691,2.8107142981565985,-0.004927338659685088,-0.14145358931218052,0.004511367952018528,0.9323121630456155,-21.919910973438583,-2.9246011763461865e-06,1.9178390502929688,-0.14991505444049835,5.376160621643066,2.74417958685879,-0.011204719543457031,-0.44605961441993713,73,0.7956532958108767,-0.12231309206335385,26.689098669279538,-77.82841106137138,66.54514581977497,144.37355688114636,-0.5002345925262532,-0.6228472707369778,822.9166666666666,130.96464620781452,174.67312593612039,61.111111111111114
24,FEAR,0,0,60,60,30,3.0,7.0,6.513308411134251e-14,1.647322733059968,5.26029597344575,0.4495666235367679,9.608548960651575,2.6531021749593715,-0.17259920060195721,-0.48229266214044003,-0.021494090858245662,1.0086855676019961,-21.919911302064524,2.368291234233766e-06,1.9213067293167114,-0.11002828180789948,5.5861711502075195,2.8222212838539646,0.18446874618530273,-0.435358464717865,74,1.001865823257877,0.47980172779221547,47.99735628985598,-273.25534968599254,333.8642440384883,607.1195937244809,6.964320687030906,-0.06629803742087546,785.7448630136986,116.67943836037301,196.2045600481308,58.9041095890411
24,FEAR,1,30,90,60,30,3.0,7.0,-2.0724163126336256e-13,2.4660386097729843,4.266376410920003,0.5659054021013077,12.708241508851614,2.8604794239678997,-0.3700108695892972,-0.3870139797824883,0.02015550475283078,1.0818790232104298,-21.919911574439258,1.5894572769070692e-08,2.2818188667297363,-0.1413516104221344,5.33097505569458,3.0045195019137174,-0.3704991340637207,-0.18820098042488098,71,0.8735625500022756,-0.07978011012835305,34.74470481106646,-139.89521795866207,100.87091978888321,240.7661377475453,-0.17166440769123037,-0.5853362834204086,789.375,105.73578869112924,170.73871940498458,62.66666666666667
24,FEAR,2,60,120,60,30,3.0,7.0,-6.306066779870889e-13,1.2173161002209916,2.5682804524436165,0.018526787339112616,4.974405072824339,3.2276420485879425,-0.7070991240875069,0.1210837851194865,-0.00219800513279728,1.0344362040489636,-21.91991199780448,1.2079874522896716e-06,1.945130705833435,-0.10913148522377014,5.649220943450928,2.8567584451413475,0.014789342880249023,-0.4060610234737396,74,0.8791318663639427,0.05721520838029739,40.76270256454017,-192.50918071702318,193.03340539656642,385.5425861135896,1.2287829277201823,-0.5421905743029998,785.625,124.8299096148814,190.83983518714524,61.33333333333333
24,AMUSEMENT,0,0,60,60,30,8.0,6.0,-3.3454720475371385e-13,1.3274444552596374,2.7980964151254284,-0.005075435759849256,5.298692430418583,2.953485531175773,-0.5078446920563402,0.2901315183375903,0.01230605085408292,0.7975038413292427,-21.919911701744866,4.625320343620842e-06,2.4175875186920166,-0.07049092650413513,5.971388339996338,2.634140772780417,0.01955699920654297,-0.2908110022544861,74,0.9970163148158906,-0.020431481632873418,35.354774522267945,-162.729955647679,218.86276821725244,381.59272386493143,2.553383131021728,-0.24724273894880897,777.5493421052631,126.13723359722697,193.76680034687743,51.31578947368421
24,AMUSEMENT,1,30,90,60,30,8.0,6.0,1.9539925233402758e-13,2.384440532375855,5.487103301587126,-0.09600817335169154,10.626865703634536,3.123011022885747,-0.60292009409183,-0.0563096166337474,0.010525543273019505,0.9315504658690222,-21.919911171798372,0.0,2.307406187057495,-0.1759009212255478,5.46327543258667,2.9010021111458215,-0.4799652099609375,-0.23172667622566223,73,0.9508312677930485,-0.05603707681387447,49.665699409080844,-284.6412897513406,277.6115701820811,562.2528599334216,6.277974849352589,-0.0437568333057374,797.5084459459459,163.19003562517642,213.8876804644252,60.810810810810814
24,AMUSEMENT,2,60,120,60,30,8.0,6.0,5.921189464667502e-13,2.6035743453262388,5.308601264908219,-0.08683543288334761,11.710604103380717,3.0671074662881472,-0.4338129208544843,-0.15245006256845706,-0.021705054399029297,1.0100604204128383,-21.919910775078833,-2.284844640598749e-06,1.8629511594772339,-0.09805246442556381,4.412258148193359,2.982087591942957,-0.8335132598876953,-0.18603643774986267,74,0.9054433111362283,-0.1369918544441416,49.964785550249694,-284.64128975133553,277.61157018209565,562.2528599334312,6.071869348904144,-0.034303963633841,801.3091216216217,152.66697183954437,186.16641902778852,59.45945945945946
24,SADNESS,0,0,60,60,30,3.0,5.0,7.667940356744414e-13,1.9898913407688086,4.2550520459613494,0.25470006607868356,8.914612270865518,3.1064093310913146,-0.48371174361094527,-0.19419311165389674,0.018247262200410303,0.9675540903404818,-21.919910600403863,-2.3841858265427618e-08,9.521784782409668,0.0,11.719120979309082,1.5375673317136347,32.60947799682617,3.4091548919677734,44,1.143973411695172,0.10128533878646742,43.646617526826766,-261.24549507889634,221.68350102387427,482.9289961027706,2.476627068864641,-0.5612258434925081,786.0416666666666,128.66700344649712,184.5738735043652,70.66666666666667
24,SADNESS,1,30,90,60,30,3.0,5.0,5.3290705182007514e-14,2.823334362000235,5.934190674677353,0.06365462889377227,11.414287389778366,3.148883478701031,-0.7472967970827749,0.1302450287792611,-0.03224027068041651,0.9409106726851753,-21.9199113139069,3.43322744811303e-06,9.477455139160156,0.17975899577140808,11.901052474975586,1.5264063005878932,32.026737213134766,3.321639060974121,56,1.100833025088508,-0.025523154774332958,35.87263585104501,-121.50307788573878,95.01611485372405,216.51919273946282,-0.5302415237384017,-0.45301427093054564,790.5405405405405,126.22258807949008,181.26955787252686,68.91891891891892
24,NEUTRAL,0,0,60,60,30,5.0,2.0,6.631732200427601e-13,1.6325236837892183,4.188182115123595,0.12282377939669686,8.12909266835149,2.956506925732145,-0.09939177815182809,0.10722102018692788,-0.0034829101975823234,0.8377249613091763,-21.919910704024606,-1.8636385448189685e-06,9.173884391784668,0.052873607724905014,12.293538093566895,1.6374736890074715,28.20273208618164,2.9199109077453613,61,0.955841502588591,-0.08462623293632646,39.04989005084593,-326.1799862448369,221.10855915589886,547.2885454007358,12.26523823943324,-1.025231763137431,823.2834507042254,161.3582733913917,246.7986997824051,78.87323943661971
24,NEUTRAL,1,30,90,60,30,5.0,2.0,3.878379099357213e-13,1.083564235122072,2.178465862576928,0.07833880115732939,4.401570385214626,3.211250890666015,-0.768833915782257,-0.13182710413911491,0.0018221219485430337,0.7858272452323638,-21.91991097935977,-6.10351571594947e-06,2.2391600608825684,0.1317095309495926,5.2686262130737305,2.685993484301957,-0.28969621658325195,-0.2603027820587158,75,0.9463398404063774,-0.23280700774073568,43.47844785692004,-326.1799862448394,224.2880358233619,550.4680220682013,8.298180562561384,-0.6638696469447517,793.918918918919,187.0477507440394,273.83318972730984,70.27027027027027
24,NEUTRAL,2,60,120,60,30,5.0,2.0,-2.0724163126336254e-14,1.301526010802347,2.461497691838588,0.02345412208093478,5.638219454249338,3.138292915598168,-0.6340384958858545,-0.19359314923093426,0.0048229955513894,0.9675441929040111,-21.91991138792177,-3.973643192267673e-09,10.0360107421875,0.17967291176319122,12.320423126220703,1.4211482417262782,40.4289665222168,4.052763938903809,55,0.9454792724262556,-0.02303613263311038,35.216139017770374,-154.39502729292263,188.3560804098146,342.7511077027373,2.391705262714863,-0.16196051733267663,777.7083333333334,171.13579780225533,238.9544171411857,60.0
24,AWE,0,0,60,60,30,7.0,4.0,-7.993605777301127e-14,1.4273408677983774,4.570525030728589,0.15009300546928728,8.869308643774332,2.60878873249124,0.9444665134606618,-0.05115102035437435,0.007758375758042502,0.9315401865545891,-21.919911447133664,1.2079874522896716e-06,1.6029267311096191,0.10213816165924072,5.5028886795043945,2.6690163613487794,0.9812839031219482,-0.8231046199798584,73,0.8200060079961816,0.04564087249218252,29.833879801556353,-241.18385554323038,148.60515154456124,389.7890070877916,8.150725539198268,-0.8916743557131723,790.4166666666666,113.84139915266341,188.16744941745443,70.66666666666667
24,AWE,1,30,90,60,30,7.0,4.0,5.921189464667502e-15,1.7659617577896878,4.2716256296877475,-0.07415518369917606,7.1131230971907655,3.163822325597032,-0.7581828485920443,0.3452702525016269,0.010371945231709917,0.8956916741948839,-21.919911361276416,1.819928456825437e-06,8.41838550567627,0.20850679278373718,11.337450981140137,1.641694256460312,19.584243774414062,2.1070592403411865,58,0.9235952027724101,-0.016160846406646286,21.369997181330792,-62.420031647526834,34.66079316221523,97.08082480974207,-0.587388052675089,-0.7144870559542842,779.6052631578947,109.3178108632341,166.85861342765617,57.89473684210527
24,DISGUST,0,0,60,60,30,4.0,5.0,3.848773152033876e-13,1.2772657740536957,2.565939285286589,0.08108985129666735,6.116065538750348,3.058636774636124,-0.2867892686945024,-0.31695657990872805,-0.006019391314669017,0.8139194239657914,-21.919910982320364,-3.1789145538141383e-08,3.1437435150146484,-0.2441871464252472,4.250941276550293,2.7632893187233143,0.8913071155548096,1.1645814180374146,1,1.9789025592741918,0.1513326836441582,43.88625961516109,-246.41004340008638,244.93271630321172,491.3427597032981,2.36156538215642,-0.5844437357624062,760.9577922077922,62.29741711029558,95.17826505120743,19.480519480519483
25,BASELINE,0,0,60,60,30,5.0,1.0,-1.1250259982868252e-13,1.5646539130371233,4.7094830056167325,-0.1752456800542035,7.472989761625115,3.002874209198457,0.0028916548116186824,0.5723468256592079,-0.015180321331170404,0.9658023376450038,-21.90407452558339,1.3987223610456567e-06,2.3217337131500244,0.2718302309513092,3.620483160018921,2.733956837892085,-1.3040165901184082,0.23872177302837372,6,0.555425403539701,0.0007191423668013879,45.5736909461857,-131.6529366883438,136.83684343493888,268.4897801232827,-0.355099183356129,-0.5626927336262078,874.7702205882352,129.59411668524243,161.4345091554735,63.23529411764706
25,BASELINE,1,30,90,60,30,5.0,1.0,-1.983598470663613e-13,1.5495428612903495,3.9319262541582134,-0.2567334109631503,8.100903168861606,2.921012340528335,-0.07624242576446782,0.08656519290407758,0.001030766977823516,1.0662723408271704,-21.90407461144065,1.1761983387259534e-06,2.981004476547241,-0.37010639905929565,4.413481712341309,2.95755018658079,-0.10227060317993164,0.8206387162208557,7,0.8560718932869218,-0.013506156629128973,54.3236003175308,-285.723434675521,349.8984029796595,635.6218376551806,3.440283265278028,-0.29519326984680216,861.4430147058823,149.96463580920616,192.0506543197051,66.17647058823529
25,BASELINE,2,60,120,60,30,5.0,1.0,2.0428103653102878e-13,2.470296268071325,5.103755510441488,-0.02915107371279646,11.823939120749571,2.8935895482933733,0.5078760235722131,-0.5145450404663997,-0.009362986316330722,1.02404766504192,-21.904074208799766,-2.702077210869902e-07,3.2909159660339355,-0.1423770785331726,5.048117637634277,2.7664428121654767,1.577463150024414,0.983375608921051,5,0.800842313162029,-0.24498231258884295,60.26145957675237,-285.72343443829186,349.8984030867838,635.6218375250756,3.835737862485594,0.02048438913012925,793.0743243243244,158.6673200707736,221.2884756809041,70.27027027027027
25,BASELINE,3,90,150,60,30,5.0,1.0,-3.4935017841538257e-13,2.203216954704541,6.1085904168521665,0.006979831344722243,10.66225598613002,3.022475270840745,-0.2712643219896096,0.14475052758391985,0.003210193185863428,0.9857348083413209,-21.904074762431023,3.814697322468419e-07,3.736650228500366,-0.3554171919822693,5.063214302062988,2.490970382664433,3.7725753784179688,1.9239404201507568,5,0.5637070661451298,0.2538262239224299,55.15361176163352,-220.86154333525838,274.45018020074735,495.31172353600573,2.137486300906737,-0.14985076455511248,835.7142857142857,137.65592631705704,159.0665529010156,58.57142857142858
25,BASELINE,4,120,180,60,30,5.0,1.0,-1.7763568394002505e-14,1.407082504850351,3.5899647577643634,-0.11377481235719245,6.7133538372267765,3.0290124113773396,-0.06334467175915526,0.37138589069993044,0.001525052043009733,0.9970464892265898,-21.904074430844354,1.4146169178275159e-06,2.272554636001587,-0.4476150870323181,3.3507463932037354,2.5788005740914297,-0.9395215511322021,0.8312246203422546,2,0.8573131625379998,0.1102025357857768,53.65106248875168,-195.60760623422988,138.7120897197292,334.31969595395907,-0.3407949009036808,-0.6875931746654642,871.0354477611941,88.94501835800341,70.40450630162644,47.76119402985074
25,BASELINE,5,150,210,60,30,5.0,1.0,3.2566542055671255e-13,1.486025701501705,3.125657852542929,0.05040996326393099,7.57485986213311,2.890641834248876,0.33907405458769224,-0.21471685673258692,0.00810314279067917,0.920824079676347,-21.904074087415417,-4.927317149849841e-07,1.799020528793335,0.3089856207370758,3.794586658477783,2.540301871450343,-0.1612224578857422,-0.8846069574356079,5,0.5598379320503474,0.11557506620913355,70.54764459828107,-202.7346591513255,109.0874815813377,311.82214073266323,-0.5284528413284808,-0.7242898550778678,861.4430147058823,86.63553901404153,96.43239647313676,48.529411764705884
25,BASELINE,6,180,240,60,30,5.0,1.0,-5.151434834260726e-13,1.2276358630560475,2.729417109896559,0.041171560847175215,6.6520370545717356,2.8768964313681815,0.5737667001002884,-0.4009071367993816,-0.007912456108658669,0.8540533445800201,-21.9040749282244,-1.0172526572205243e-06,3.1945691108703613,-0.17922073602676392,4.62826681137085,2.8824177882868414,-0.3301379680633545,0.5322048664093018,6,0.5095726232081027,0.03608688052048947,69.18563597393845,-202.73465938530495,109.08748784358485,311.8221472288898,-0.4035135558516285,-0.7319408727504265,931.2996031746031,475.2948641983287,675.7349969021187,46.03174603174603
25,BASELINE,7,210,270,60,30,5.0,1.0,-8.940996091647927e-13,1.66759745794501,3.3304735167909882,0.052566951602628365,7.756563417054707,3.0297200884722146,-0.5249163044788969,-0.09042113909809223,-0.006463090364162059,0.7959057237284551,-21.904075307180793,6.357829107628277e-08,1.9349051713943481,-0.08079751580953598,3.5296401977539062,3.18654416224968,-0.9354526996612549,0.29727599024772644,8,0.45604812011066537,-0.31929988308007845,72.77154514647114,-218.88187681271364,116.03255850795361,334.9144353206673,-0.07761143504162549,-0.7649988331363937,937.2519841269841,471.4012060041948,672.2997766378766,39.682539682539684
25,BASELINE,8,240,300,60,30,5.0,1.0,-2.338869838543663e-13,1.3739777137572668,2.743207921231061,-0.023208978105415667,6.0562159750645606,3.078673010499578,-0.8266986288887179,-0.009377588431948051,0.017333162909387457,0.905566779922329,-21.904074646967796,-2.082188984786626e-06,2.7034051418304443,0.2946302890777588,5.238062381744385,2.424207650355362,-0.01657390594482422,-0.4236491024494171,5,0.7235978944622007,-0.07849777957113678,84.56033454846403,-229.2246977068853,124.733497115406,353.9581948222913,-0.5142209005084362,-0.728219670159153,892.282196969697,82.50367797922144,93.79005554551489,42.42424242424242
25,ANGER,0,0,60,60,30,1.0,6.0,4.559315887793977e-13,1.2072067086456018,2.5086039841497154,-0.19510782436107377,5.001021945668072,3.2037079439097265,-0.7464569177730396,0.12431627952681108,0.0047957587360891825,0.7857785850305585,-21.904073957149297,-5.404154421739804e-07,2.4260072708129883,-0.0887727439403534,4.339486122131348,3.060811098737083,-0.012128829956054688,0.24719800055027008,9,0.4688063183559973,0.4031727861271885,38.54146397689276,-147.10551484644145,123.504892728398,270.6104075748394,0.11164339349358388,-0.7315135528213282,923.095703125,104.91933017484928,102.04308608941025,37.5
25,ANGER,1,30,90,60,30,1.0,6.0,2.0724163126336256e-13,1.0960276826447621,2.6970464505232883,0.03329263779079383,5.673397147955228,2.936166461168625,-0.15374278060101876,-0.23726669562042207,0.008497262994880418,0.8574604379183597,-21.904074205839173,-1.0490417707842425e-06,1.9987244606018066,0.177978515625,4.006768226623535,3.164036762729912,-0.8716301918029785,-0.20892110466957092,7,0.8754459163409435,-0.11288866074464758,32.893232234989085,-101.62568171070947,62.906878113260554,164.53255982397002,-0.36102223546301815,-0.730758270897248,934.2757936507936,79.97599236144976,107.11960313126632,57.14285714285714
25,ANGER,2,60,120,60,30,1.0,6.0,5.595524044110789e-13,1.37554511258748,3.124924384235328,0.18446185137293014,7.248757896549307,2.8237717722232007,0.16488435723930328,-0.48165053582516176,-0.007436931268839677,0.8868916829414196,-21.904073853528537,-2.209345439041499e-06,3.1094741821289062,-0.17960606515407562,5.022698879241943,2.8545552647862924,0.8669817447662354,0.8474704027175903,5,1.5628348673529437,0.03864457963961776,42.22996098325109,-120.52444162320646,62.906826829564594,183.43126845277106,-0.48579143851251905,-0.7413408273085538,942.2123015873016,77.09170098229161,108.27136164293921,57.14285714285714
25,ENTHUSIASM,0,0,60,60,30,6.0,1.0,6.898185726337639e-13,1.4352060408476102,3.9168110017541835,-0.0833664919390742,7.999657042628172,1.9059791039391136,0.45071224636001217,-0.06132670006143232,0.016731576196503947,0.9679882631648444,-21.90407372326245,1.589457156114804e-06,2.062572956085205,-0.0656495988368988,4.065940856933594,3.186001279160658,-0.769554853439331,0.00995301641523838,10,0.2606590640089973,-0.21496420814695424,52.20271913683504,-172.36847315060626,196.25043040853004,368.6189035591363,0.268955334788334,-0.4283129958003453,859.1485507246376,144.0178120292495,201.99949778348315,71.01449275362319
25,ENTHUSIASM,1,30,90,60,30,6.0,1.0,1.1427895666808279e-12,1.2700299526781051,3.351522624816994,-0.0021579282869055305,5.827363882195868,2.7942755188346267,-0.11036315382164608,0.059281368359850234,0.0024106873040198045,0.8868916829414849,-21.90407327029187,1.0808308843479608e-06,2.126533269882202,-0.3992852568626404,3.5002379417419434,3.089759467312526,-0.9527173042297363,0.5779281854629517,10,0.2781198412868922,0.01576983396264001,51.4345638779816,-160.4202917552637,196.25043040814444,356.67072216340813,0.12369243699089871,-0.4878073707347065,914.306640625,118.44128193628296,156.6586916979834,46.875
25,ENTHUSIASM,2,60,120,60,30,6.0,1.0,4.884981308350689e-13,1.2842439197960929,3.3640647962847936,0.06365418234857145,5.7355016779474965,3.0164820404335684,-0.22004153592139986,0.09990327062666202,-0.009125367281186375,0.85815813450632,-21.90407392458277,-1.2079874522896716e-06,1.5786815881729126,0.33498626947402954,3.2989420890808105,3.182523105653357,-1.3061631917953491,-0.356864869594574,6,0.3791469854623932,-0.09987745503944384,51.62185620710338,-150.34282971305635,107.4242793234679,257.76710903652423,-0.4536226472526237,-0.6748783331773769,947.328629032258,115.62686470333104,183.34492752397185,59.67741935483871
25,LIKING,0,0,60,60,30,8.0,2.0,-2.0428103653102878e-13,1.307955109005185,2.670889980116442,-0.003943943572437547,6.538094217390977,2.889678075616545,0.12057242176995642,-0.5081481493151047,0.011182557969650033,0.6717165455419726,-21.90407461736184,1.9073486328125e-06,1.774583339691162,0.017487280070781708,3.4288973808288574,3.2850234269263012,-1.2062983512878418,-0.01588400825858116,9,0.24061062886850276,0.03625227847289221,38.23653376869785,-106.63714858550713,69.7330154140385,176.37016399954564,-0.7022152990395161,-0.6631419380413609,942.4603174603175,116.71866555012022,173.2555442661262,69.84126984126983
25,LIKING,1,30,90,60,30,8.0,2.0,3.937590994003889e-13,1.3130093189029333,3.7020596149496043,0.030669165164809442,7.022349391332483,2.9016619593306734,0.224059124545533,0.16179032474464322,-0.008713512400450929,0.7541182022611188,-21.90407401932176,4.76837158203125e-07,3.3990437984466553,-0.018194105476140976,4.610239028930664,2.7481760119874665,1.1520705223083496,1.1185094118118286,4,0.6380138579991215,0.2815124607910074,43.97483418198804,-116.3710286120884,78.39960543718128,194.7706340492697,-0.7140644867360799,-0.6833250140516426,954.405737704918,102.94709567635563,161.47513353454767,52.459016393442624
25,FEAR,0,0,60,60,30,2.0,3.0,8.881784197001252e-15,1.1820009508649436,2.4043317241449813,0.015221677462662342,5.022591040008706,3.014722882745184,-0.5225401071235107,-0.018117538764018573,0.0064308143853720095,0.8384277238922809,-21.904074404199,-8.900960324353946e-07,3.332987070083618,-0.39923614263534546,4.3394317626953125,2.52056487261664,1.6336874961853027,1.4932734966278076,2,0.7574954705139028,-0.050493287263681436,22.00857399865247,-131.15706728885874,108.17652655018706,239.33359383904582,5.90399618276383,-0.8156154447791946,910.15625,164.18351073848038,198.07324633250803,59.375
25,FEAR,1,30,90,60,30,2.0,3.0,4.144832625267251e-14,1.7053759182195716,4.634474435150793,-0.072931610147009,8.407935627955965,3.0245955371482838,-0.40847312699309635,0.3710940956309034,0.00933110472845725,0.9235611991634098,-21.904074371632458,-3.814697322468419e-07,3.8713135719299316,-0.3817378580570221,4.730460166931152,2.159996100122348,1.613372802734375,1.5552127361297607,4,0.972333738424926,-0.037544762042181226,29.54146552426193,-225.1265744638393,161.72916598976997,386.85574045360926,15.427161566830854,-1.110827576684657,930.8035714285714,106.81458326807589,166.2974215352547,69.84126984126983
25,FEAR,2,60,120,60,30,2.0,3.0,1.3322676295501878e-13,1.9055878168576654,4.650165749571755,-0.08534949999337016,8.470059656125528,3.1009458612577263,-0.700985235239906,0.23267092614303098,-0.002232728752594173,0.8377592544028419,-21.90407427985403,-6.35782896551973e-07,2.794774055480957,0.022217344492673874,4.213967323303223,2.7072290816293294,0.234511137008667,0.4657258689403534,7,0.7566889497925589,0.014502990039986377,56.282421814653496,-228.51489102420842,211.8789659157865,440.3938569399949,1.6237728986201816,-0.7322698868923556,946.8245967741935,183.01631217565205,259.58199571618985,53.2258064516129
25,AMUSEMENT,0,0,60,60,30,7.0,4.0,3.4638958368304884e-13,2.55083016491993,5.02438625115289,0.20641282166948827,9.536522718418183,3.22467786011469,-0.9342527606085045,0.04873645145029455,0.008469090867138663,0.8575050460293029,-21.90407406669126,2.5431316430513107e-07,2.374594211578369,0.17850252985954285,3.7046427726745605,2.8362117653833914,-1.339385986328125,0.0718884989619255,6,0.8189144731403921,-0.39274711801961504,49.075709406079724,-260.34948210369544,206.80764159778346,467.1571237014789,2.5067772389598266,-0.17346150295521065,938.2440476190476,226.0871433438192,317.7606602422343,68.25396825396825
25,AMUSEMENT,1,30,90,60,30,7.0,4.0,5.151434834260726e-13,1.5794872897674177,3.607729236092183,0.12963278566573422,7.437251930334554,3.001132918397354,-0.06523088868728699,-0.4468333011281771,-0.01755156341772352,0.8540645572207484,-21.904073897937433,-3.814697322468419e-07,2.4261491298675537,0.11780841648578644,4.221436500549316,3.0674670893680043,-0.6168210506439209,-0.038199376314878464,5,1.2397244737066084,-0.017341074306082744,49.852334450601994,-260.3494189789637,206.80764159974404,467.1570605787077,2.0071851347871137,-0.2768177329119915,923.1150793650794,186.34771914417288,286.43847682890737,65.07936507936508
25,AMUSEMENT,2,60,120,60,30,7.0,4.0,-3.019806626980426e-13,1.4931057711987556,4.058775345612986,0.060442202150312596,8.142946767783599,2.8837910059402554,0.16821945344414324,-0.14079468118647281,0.006919794545087117,0.8068410900393003,-21.90407471506149,-6.039937261448358e-07,3.0975565910339355,-0.4757038354873657,4.076263427734375,2.532333686090046,0.9576706886291504,1.40194571018219,6,0.4310770467864155,-0.13931287952523402,43.36727402263323,-151.75240089258318,97.2638145400082,249.01621543259137,-0.2692131110481224,-0.7136058192183163,935.0198412698413,83.82466642212691,88.14297889124568,41.269841269841265
25,SADNESS,0,0,60,60,30,2.0,3.0,2.0724163126336256e-13,1.2317945039486673,2.704697401338052,-0.005606996505846951,6.3669663294838585,2.8764157497964233,0.19838870598223535,-0.12100725067755082,-0.0008246859700409412,0.8382606564951832,-21.904074205839173,-3.1789145538141383e-08,2.1106276512145996,-0.18814468383789062,3.555041551589966,3.2170546926477055,-1.1062511205673218,0.40027907490730286,3,0.8105355388383476,0.11150104547217503,45.137202937826515,-181.26643868868535,160.02578348051634,341.2922221692017,-0.24674823197449136,-0.6340827423635861,886.3636363636364,164.84863063649414,201.28605446268216,51.515151515151516
25,SADNESS,1,30,90,60,30,2.0,3.0,-1.4802973661668756e-13,1.1206529458612369,2.206167208992582,-0.04342376741206522,6.074804396829592,2.0943775013648493,1.6137029667360752,-0.48150787302002573,-0.004438546699851551,0.6966403926111076,-21.90407456111053,8.583068620282575e-07,3.716282606124878,-0.23516078293323517,5.006579875946045,2.604373723059574,2.867900848388672,1.633372187614441,3,1.464110376299294,-0.18027239597112124,43.534470939065116,-131.67209489328027,66.26726381957167,197.93935871285194,-0.6449799054890213,-0.7364262587172157,939.484126984127,164.60743943997068,216.18783194119757,60.317460317460316
25,NEUTRAL,0,0,60,60,30,5.0,1.0,-4.914587255674027e-13,1.727020394895535,3.028868145441521,0.23709128443591965,6.875360055392576,2.67305766456296,-0.3042887500899303,-0.11581262752162795,0.01412643662165365,0.9238644535466578,-21.90407490453963,-8.900960324353946e-07,2.474647283554077,-0.17155583202838898,3.9432733058929443,3.1346593631345203,-0.32921886444091797,0.6861578822135925,9,0.24602174798370458,-0.3357080780353171,65.89075598501165,-305.1616220193622,270.42724317267437,575.5888651920366,3.7335405156829067,-0.4087228570740203,856.6576086956521,171.89497965714392,223.9405202674296,47.82608695652174
25,NEUTRAL,1,30,90,60,30,5.0,1.0,-3.937590994003889e-13,1.510912502372777,2.9115627875185623,0.04277371231289351,5.826862993981052,3.0696056221211796,-0.6123769502623686,0.14577854125770404,-0.012476196591060343,0.8768062725561712,-21.90407480683996,8.265177484645392e-07,3.4167027473449707,-0.037249185144901276,5.447776794433594,2.738287991390257,1.1462159156799316,0.7095907926559448,9,0.6118610605997747,-0.19406684428618823,63.841964127707165,-276.94259680475545,270.42724317267977,547.3698399774353,3.211750926873651,-0.279965269048514,931.0515873015873,189.76776532252347,191.23258868140212,41.269841269841265
25,NEUTRAL,2,60,120,60,30,5.0,1.0,-2.0724163126336254e-14,1.6827583070763017,4.281950128577705,-0.0413201763787896,8.475925064941237,2.4350265175240855,-0.2863934184887569,0.12175923677967512,-0.00265990742569351,0.9506809633228401,-21.904074433804947,0.0,2.3327136039733887,-0.5848654508590698,3.4156250953674316,2.5281341860743094,-1.0589832067489624,0.7221888899803162,7,0.34268642429786406,-0.1369791178679783,54.3583474578882,-225.60818635833616,178.46002563688904,404.06821199522517,0.08735375285050084,-0.6136233312351357,909.1346153846154,138.0485635997678,156.73752068546,47.69230769230769
25,AWE,0,0,60,60,30,6.0,1.0,2.3684757858670007e-14,1.7113404007433959,3.703459607817905,0.13643125246325383,7.148139281029131,3.1632905741520543,-0.5555628057288522,0.06882175353823582,-0.0002956297660972377,0.9839697699583291,-21.904074389396026,1.0013579867518274e-06,2.600250482559204,-0.1999424695968628,4.150181770324707,3.08000081535956,-0.19808530807495117,0.7445462942123413,11,0.44510507338050187,-0.003632553033134626,41.81790202539888,-179.21414852730376,103.69685971903364,282.9110082463374,0.16258600085382025,-0.6716574973054382,852.8079710144928,210.42465224817136,300.8095980720685,72.46376811594203
25,AWE,1,30,90,60,30,6.0,1.0,7.105427357601002e-14,2.232875101101261,4.024122033810329,0.2770628006327769,8.809542937829207,2.984791853620139,-0.482971109743493,-0.4632019849677063,-0.0029714737636602497,1.0268259552114714,-21.90407434202651,2.384185791015625e-06,1.6337685585021973,0.03165683522820473,5.449042797088623,2.688449926614751,2.366708755493164,-1.141833782196045,11,0.5404929717646397,-0.052267912602224874,51.34526747505499,-224.72966994499166,283.4336476292409,508.16331757423256,2.3981530921117953,0.04714852823685942,882.2294776119403,230.86590808849627,304.6723238256193,71.64179104477611
25,DISGUST,0,0,60,60,30,2.0,3.0,-1.5691152081368878e-13,1.3256516928928421,2.851879019073067,0.18179580530741646,6.784339568940112,2.921793663475698,0.24810967721467758,-0.35694375368229103,-0.012795838339613338,0.90459251261817,-21.904074569992318,-3.814697322468419e-07,2.4085214138031006,-0.2906009554862976,3.74647855758667,3.0975113104753116,-0.2564373016357422,0.844018816947937,6,0.16385743931493876,-0.39263392134020986,64.97492089502857,-175.55622344069707,147.78394026480674,323.3401637055038,-0.5048617850747585,-0.7333639017715344,1009.9676724137931,139.28449398029542,134.9995685097068,32.758620689655174
26,BASELINE,0,0,60,60,30,5.0,1.0,4.322468309207276e-13,1.1328009876253444,2.4513000497293547,0.08234532815443174,5.160551453802498,3.1011008140782357,-0.569336412047635,-0.1272850316667365,0.0080315732577537,0.8175366858492338,-21.89973667004303,-2.543131586207892e-06,2.21126651763916,0.1973780393600464,4.143112659454346,3.0285767381335416,-0.700162410736084,-0.16738273203372955,10,0.511488579696526,0.07190205329176787,61.29426594056468,-435.5276533848162,330.4721537695028,765.999807154319,6.103199218343891,-0.050035770397841094,745.4509493670886,158.8949197423268,193.54569459803517,49.36708860759494
26,BASELINE,1,30,90,60,30,5.0,1.0,-1.0954200509634879e-13,1.113610387468793,2.2646873368721288,0.07728367157255889,5.098128145515091,3.1098894545159546,-0.4585979398861566,-0.16565626431140498,0.002815218633594298,0.8479185579489898,-21.89973721183178,-2.8610230629055877e-07,3.3321518898010254,-0.22477996349334717,5.239781856536865,2.732443567388305,1.8077459335327148,1.249334454536438,10,0.8159241367900613,0.014778260418020321,60.721953290789195,-435.5276533168875,330.4721536714118,765.9998069882993,5.494117545031223,-0.4688799160102487,753.2051282051282,206.75850731405612,250.5827218445298,67.94871794871796
26,BASELINE,2,60,120,60,30,5.0,1.0,-7.401486830834378e-14,1.318906629245444,2.8578899605655295,0.5852701193230558,6.235913146351635,1.660461770434727,-0.07386688614056869,-9.261378120153647e-05,0.006159718813713901,0.8482074293229792,-21.89973717630464,-8.066495524872153e-07,2.821413516998291,0.0580894872546196,4.960080146789551,2.7273273589866363,0.7817387580871582,0.20113277435302734,12,0.3931842492448507,-0.16647744710774764,54.27279418862009,-226.3537854847618,177.61973613385507,403.97352161861687,0.8838741169115716,-0.46558567993106936,779.1940789473684,220.3858788151826,292.3615234887564,76.31578947368422
26,BASELINE,3,90,150,60,30,5.0,1.0,1.8947806286936006e-13,1.456158328246541,3.2819477707974443,0.1028118094531294,7.121570072860095,2.780186948874663,-0.1778081166390879,-0.07700561019496613,-0.004359601295218349,0.8078344648301699,-21.899736912811722,1.4146169178275159e-06,2.6675636768341064,-0.18189546465873718,5.098254203796387,2.905785620904842,-0.05642366409301758,0.5894608497619629,12,0.5607951999308288,-0.06865608560267461,55.168057492464236,-299.90565411010334,223.76258636477763,523.668240474881,2.0020957143440885,-0.41865922133082756,764.4074675324675,206.66460262474,279.416538475596,61.038961038961034
26,BASELINE,4,120,180,60,30,5.0,1.0,1.6579330501069003e-13,1.428311894008225,3.074496730336307,-0.03158256908299961,6.616592465176296,3.04113896239908,-0.5750930387895559,-0.16992612491919698,-0.0008871182834215942,0.8180426789990111,-21.899736936496478,-1.041094492393313e-06,3.1950533390045166,-0.32234224677085876,6.107932090759277,2.581572663267592,0.5635485649108887,0.7995246648788452,10,0.9423905116623092,0.2511953387693345,58.64901981914346,-299.9056541098795,339.81208795728526,639.7177420671647,3.4425041826286895,0.08763112042304282,740.3085443037975,197.55212395939103,251.06194726039126,59.49367088607595
26,BASELINE,5,150,210,60,30,5.0,1.0,1.7171449447535755e-13,1.2138356538009976,2.310433268959855,0.09379283750909906,5.809599278310884,2.9752937388510245,-0.40261838040542264,-0.28912011234219953,-0.0028638305422892863,0.7858272452323419,-21.899736930575287,-1.0013579867518274e-06,3.161746025085449,-0.24945718050003052,4.560659885406494,2.894967780880375,0.3763415813446045,0.9624891877174377,11,0.9957073677616047,-0.16579973171694007,56.60894300161403,-203.74592878811845,339.8120894378775,543.558018225996,2.871310193753918,0.22682990297830816,735.3515625,166.8357152755819,190.20009970348383,53.75
26,BASELINE,6,180,240,60,30,5.0,1.0,-3.3454720475371385e-13,1.3181719214602103,2.679161674412711,-0.06792111243036913,6.119774519878973,3.0337397517769245,-0.31288215464581315,-0.1443722366501587,0.01302706698361405,0.8849730505994459,-21.89973743683703,-1.285473558709782e-06,3.0391108989715576,-0.31478267908096313,4.3740692138671875,2.9324167367025944,-0.03496718406677246,0.9069875478744507,11,1.3117270606587839,0.22201447310224431,62.44495687783341,-298.4771916191813,279.0390359595797,577.516227578761,2.5468078049809693,-0.27581857855145075,765.8305921052631,174.95336843469101,221.64747723957217,50.0
26,BASELINE,7,210,270,60,30,5.0,1.0,5.773159728050814e-13,1.39178307610002,2.6761975620068768,0.13280324747171335,5.604445079575271,3.2164951927116996,-0.9296783119935905,-0.0771585247056636,-0.0015568869397792227,0.894888166906259,-21.89973652497396,-1.144409225162235e-06,3.7986841201782227,-0.27912330627441406,5.534923553466797,2.5771231078408636,1.8676228523254395,1.360391616821289,7,1.6854605200937165,0.28706111224691144,65.67224581103811,-298.47719161918303,279.0390359595795,577.5162275787625,1.9881216944019044,-0.36040882835509025,757.711038961039,172.20406926647428,234.0732706923872,49.35064935064935
26,BASELINE,8,240,300,60,30,5.0,1.0,-8.763360407707903e-13,1.2270964434105083,2.7067540585541394,0.049196214492042145,5.899335561389307,3.0535936213183668,-0.5092019339272977,-0.1428869787980586,-0.014329433366659294,0.8273173382042759,-21.89973797862619,-1.7325083945252118e-06,4.9846062660217285,-0.1317335069179535,6.571722507476807,2.354980974593721,7.272411346435547,2.048060894012451,11,1.0512940210158186,-0.05186199972603293,60.577450969616386,-277.5169019552933,182.6779722830275,460.1948742383208,0.3329664405090669,-0.4451959789699943,751.1867088607595,137.0351113552937,176.68814312191918,50.63291139240506
26,ANGER,0,0,60,60,30,2.0,7.0,5.299464570877414e-13,1.2935259055171127,3.0605530158638317,-0.11798227810295714,5.786283725802122,3.125282123412043,-0.4298130968514329,0.21360484332398752,-0.009204595481661923,0.9229129612751751,-21.89973657234345,-2.368291234233766e-06,3.0314767360687256,-0.2250233292579651,5.097773551940918,2.865324565803883,0.4919247627258301,0.7002728581428528,10,0.9539207094043458,0.21393409185191192,51.77945518653224,-225.1319331504934,230.56712036531002,455.6990535158034,1.4431672725133318,-0.10033187457419719,777.9166666666666,173.82746466495692,240.85222028991362,49.333333333333336
26,ANGER,1,30,90,60,30,2.0,7.0,2.4572936278370133e-13,1.465540945862446,3.5261026725727618,0.056140637884993794,6.860343569543659,3.042913911306466,-0.28364598119597106,0.10641884381582206,-0.0032553037576175336,0.9326976887556941,-21.899736856560434,-8.006890652723087e-07,3.6347293853759766,-0.32541024684906006,5.259115695953369,2.6861352481899994,1.6109929084777832,1.330499529838562,12,0.9867823294835604,-0.09184379104616539,57.44231806249947,-225.2234569918831,219.77990146148295,445.00335845336605,0.6543235480307246,-0.17140640977077545,826.3644366197183,155.56881192566775,224.1831651080365,53.52112676056338
26,ANGER,2,60,120,60,30,2.0,7.0,2.2796579438969883e-13,1.341254985461418,2.7292341993273794,0.09921092236844231,5.582037898582826,3.095402916644406,-0.4979163056458731,-0.08032152314705004,-0.005920858490300543,0.7865073847350549,-21.899736874324,-2.2252400810884865e-07,4.088336944580078,-0.29927143454551697,5.136625289916992,2.3942728325822262,4.211329936981201,2.020646810531616,9,0.7214782612756023,0.09519679803925014,56.296086598069685,-225.2234569918824,219.77990146148338,445.00335845336576,0.48093449909998354,-0.38529546325716524,838.8392857142857,132.70370269750325,175.1580387583358,52.85714285714286
26,ENTHUSIASM,0,0,60,60,30,5.0,5.0,3.9079850466805515e-13,1.2142605801837745,2.823407049702098,0.0926287379524382,5.617137974105191,3.0700406556570927,-0.5237371734276004,-0.12863159672892077,-0.01710299193506522,0.9504933544363169,-21.89973671149134,9.854634299699683e-07,3.4469311237335205,-0.10769067704677582,5.017136096954346,2.775208633845235,0.8936429023742676,0.8482208251953125,5,0.8153268312794287,-0.0005654510024952764,50.91038291320958,-231.80507829657563,282.8776278009309,514.6827060975065,1.5208411411240261,-0.28747715112335503,795.1858108108108,181.27080447822505,212.56231459413598,55.4054054054054
26,ENTHUSIASM,1,30,90,60,30,5.0,5.0,-2.4868995751603507e-13,1.170439003252475,2.7505458901828206,0.03199116027730042,5.395608657527617,3.0192332213646598,-0.015169720065079328,-0.10510274272177576,0.002954111953752884,0.7198763312671794,-21.899737350979755,1.62124638336536e-06,2.126803398132324,-0.19803467392921448,4.114001274108887,3.024258230879223,-0.7752692699432373,0.0754590556025505,9,0.28129979007311817,0.044819263003492454,55.33582674414822,-217.97572394743054,221.57102924244296,439.54675318987347,1.5096124684767025,-0.1539595129646289,784.7916666666666,194.09796927821768,261.9479192808001,56.00000000000001
26,ENTHUSIASM,2,60,120,60,30,5.0,5.0,-3.227048258243788e-13,1.0953469937682643,2.8878349806603865,0.04510858638049342,5.947241102892065,2.702748908207935,0.9456699993769431,-0.2585003940577363,0.0017518066184764739,0.6065785785421905,-21.899737424994644,2.702077154026483e-06,2.701702356338501,-0.03729831427335739,4.440310955047607,3.009016012632463,-0.5629100799560547,0.2629520297050476,8,0.23974117096357764,0.19584981437683766,60.88058074068562,-267.24224124255653,273.5709893720099,540.8132306145665,2.5869302681372393,-0.020450178538336826,806.640625,188.96940183967914,262.8662665229303,62.5
26,LIKING,0,0,60,60,30,5.0,1.0,-1.0658141036401503e-13,5.0093774457921825,13.739420454920293,0.6272629755997627,25.95822125835241,2.806402266252858,0.2964348463707398,-0.3605473167404924,-0.07797034296444612,1.6000049854524943,-21.899737208871183,-4.76837158203125e-07,2.3018438816070557,-0.021046875044703484,5.488395690917969,2.8167116163682078,0.8247795104980469,-0.4709441065788269,13,0.33357049413666306,0.40261454381485584,84.07966595437327,-581.0750538276765,580.047066278948,1161.1221201066246,9.165027162880387,-0.18096625030328545,780.016447368421,254.46230020550627,291.25156473113293,77.63157894736842
26,LIKING,1,30,90,60,30,5.0,1.0,4.4704980458239635e-13,3.6038474188471934,6.466380274481054,0.27679493494403573,14.601065652023237,3.1077520038881286,-0.9841303787003843,-0.17176492135454405,0.04367568852634228,1.190335119520627,-21.899736655240062,-4.450480162176973e-07,2.4201512336730957,-0.1385086476802826,4.986452102661133,2.895482744893868,-0.5320737361907959,0.4204627275466919,7,0.34524697287547995,0.03423904308258661,49.12664155846349,-333.92082383763886,225.94554612044544,559.8663699580843,5.319041497503974,-0.6532492462731552,802.3648648648649,204.2240490849181,266.93748065561556,63.51351351351351
26,FEAR,0,0,60,60,30,5.0,1.0,1.1102230246251565e-12,3.747358882455729,6.462297315563603,0.4470655832406578,18.6583832822393,2.884914146904122,0.32586215790318507,-0.5703283694556499,-0.019040246227474408,1.1349195355147665,-21.89973599206736,-2.5431316430513107e-07,4.42962646484375,-0.26368752121925354,5.326857089996338,2.187244241820193,5.055809020996094,2.097972869873047,4,1.987103292920057,-0.2974190549481035,53.729708195090595,-330.4316533744716,302.9035155232077,633.3351688976793,5.855530922043934,-0.005027438447833733,766.858552631579,161.95347112430323,246.49892241143775,46.05263157894737
26,FEAR,1,30,90,60,30,5.0,1.0,2.694141206423713e-13,2.529389700963118,5.521762636874428,0.12360509337696612,12.644183492948002,2.881704028736506,0.2419562785594116,-0.1448533421019846,-0.01241516583900954,0.9238471772220992,-21.899736832875682,4.0531158447265625e-06,3.3488214015960693,-0.24705177545547485,5.504095554351807,2.6243857655196177,0.6467990875244141,0.8452682495117188,4,1.308965212008758,-0.13036128370238054,51.72686280830589,-330.4316535806769,394.3408879625781,724.772541543255,10.494127544849558,0.7124074332425263,778.577302631579,151.94888801708026,227.84657666947732,44.73684210526316
26,FEAR,2,60,120,60,30,5.0,1.0,7.105427357601002e-14,1.3117512603274233,2.4477443510619423,0.15548325447589662,5.5492710921903665,3.128758339450053,-0.49858259843090913,-0.3024168748071711,0.006440363380819278,0.8479787415304572,-21.899737031235496,1.0540087487243e-06,3.528179407119751,-0.3564017713069916,5.040002822875977,2.7130754232488052,1.455179214477539,1.3713103532791138,6,1.5484756536569642,0.00731078127615401,48.62464375354278,-247.2475628773766,394.3408879443423,641.5884508217189,7.714146628648157,0.672613770368706,783.75,143.75826210099126,220.29797369208333,30.666666666666664
26,AMUSEMENT,0,0,60,60,30,6.0,3.0,1.5987211554602254e-13,1.715653627308002,4.108332211196597,0.23561862410304002,8.816372966386865,2.7854886172127076,0.25143353750847863,-0.23632544991285784,0.011435960588753118,1.097599989048668,-21.899736942417665,6.357829107628277e-08,3.9786324501037598,-0.166309654712677,5.13817834854126,2.550342292809776,3.114739418029785,1.5531352758407593,2,2.1280503340720913,-0.021994130267702784,42.382481133123335,-412.99284563073167,341.921704005056,754.9145496357876,26.898692528931477,-0.9713092989463377,829.0052816901408,138.97562806089243,182.3320533492985,21.12676056338028
26,AMUSEMENT,1,30,90,60,30,6.0,3.0,7.342274936187703e-13,1.5733899102984907,3.4296753652455436,-0.00270540402631525,8.169918235643792,2.848033977828942,0.3192232249059872,-0.08401248192350573,0.0014210641399599723,1.026553117168888,-21.899736368062545,-4.76837158203125e-07,1.7122243642807007,0.21167847514152527,3.5398447513580322,3.278396866513297,-1.1182364225387573,-0.16158756613731384,19,0.04230107274496817,0.026720701186770352,31.736007586421508,-216.56762455089273,263.8598338682098,480.42745841910255,13.684488945966667,-0.14523302657334133,871.7830882352941,126.58045937188753,165.5576637267412,22.058823529411764
26,AMUSEMENT,2,60,120,60,30,6.0,3.0,2.338869838543663e-13,1.4259008304516316,3.0320887611772207,-0.18348553892977293,6.167955715461915,3.0788892896495383,-0.7907088417626356,-0.07919299756016086,-0.01498237384950228,0.9235611991634465,-21.89973686840281,-3.178914482759865e-07,2.0173614025115967,-0.19364067912101746,3.4212698936462402,3.2274260540194595,-1.1321310997009277,0.35695159435272217,23,0.026148843013852813,0.016513057760470466,35.73661771191555,-216.56761854393744,263.85998041707796,480.4275989610154,7.7901563003657905,-0.2210420068673918,860.7336956521739,129.0068716696112,168.3823780262632,20.28985507246377
26,SADNESS,0,0,60,60,30,5.0,3.0,1.4921397450962104e-12,1.6414369862114462,4.008045764334156,-0.022536894566371757,7.535860448287224,3.04339726194995,-0.3710186935756248,-0.08499378597307151,-0.007482455437774833,1.0180869498495975,-21.899735610151136,-2.2252400810884865e-07,4.334585666656494,-0.20916035771369934,6.101870536804199,2.2841797225494775,3.557616710662842,1.6464484930038452,6,0.935349366106402,0.3563146404249398,66.13914848313111,-366.16374323678315,358.90217824405784,725.065921480841,5.447730020388873,-0.14847536887620938,779.5833333333334,101.2802514311401,157.5432125136517,22.666666666666664
26,SADNESS,1,30,90,60,30,5.0,3.0,-1.2434497875801753e-13,7.558829486280154,13.307040359738664,-0.12329317704846687,29.296340177774027,3.1723816579724744,-1.074753004783714,-0.19368176361311318,-0.02085515539208303,1.2867551765582315,-21.899737226634755,-4.132588742322696e-07,2.4690213203430176,0.026093605905771255,4.46362829208374,3.0790681809129103,-0.7189693450927734,0.12824662029743195,5,0.6149448495647842,-0.08846064655606294,71.42790594850396,-419.6712881283427,371.38649080576585,791.0577789341086,9.063817479502573,-0.3207516519854993,850.1838235294117,262.3360819680103,404.2087783236289,38.23529411764706
26,SADNESS,2,60,120,60,30,5.0,3.0,-3.552713678800501e-13,13.607267032049073,15.78616604807479,6.953496762803013,43.42612988530874,2.69143507547797,-0.8393122111250735,-0.8800134054745206,-0.019485081593012148,1.9662337801051446,-21.899737457561198,-1.9073486612342094e-07,2.157442808151245,0.0526169091463089,4.871389389038086,2.938220847743109,-0.6973750591278076,-0.13556456565856934,7,0.1332698364712677,0.0868772446044797,82.29405284548898,-482.82780155625335,458.05202984377604,940.8798314000294,8.654762964855523,-0.16840845366311907,859.1485507246376,386.6850266938096,504.1261846188733,59.42028985507246
26,NEUTRAL,0,0,60,60,30,5.0,1.0,3.4935017841538257e-13,1.320405139450838,2.9446070012824066,0.0033493885084112662,5.528556520933847,3.182998430422779,-0.989853432581715,0.052890347417366805,-0.010217808917974908,0.7408660383372722,-21.89973675293965,2.2252400810884865e-07,2.1694748401641846,-0.5098878145217896,3.657405376434326,2.6634483156869,-1.4299629926681519,0.2340327352285385,8,0.20928366023580952,0.015075123747818846,66.77919170682263,-496.9320929839693,523.0767303714509,1020.0088233554202,12.697371730807957,-0.10713080205399447,795.8192567567568,137.76173430039896,162.61644602817887,36.486486486486484
26,NEUTRAL,1,30,90,60,30,5.0,1.0,-3.9079850466805515e-13,3.203280462183443,4.247921550636846,1.145255006687762,10.447371878615286,3.1240230452052424,-1.0054656596050602,-0.4848019935085607,-0.003062623265611486,0.8774449951122202,-21.89973749308835,-9.059905892172537e-07,3.56264066696167,-0.17943397164344788,5.106283187866211,2.694856595346474,1.9505019187927246,1.2898255586624146,8,0.9922494330594411,0.45381740488427835,89.00251057665118,-550.7571329513561,557.4043509584756,1108.1614839098315,10.829008719227154,-0.29567287278085713,795.6081081081081,195.75090790863948,226.6492069558123,45.94594594594595
26,NEUTRAL,2,60,120,60,30,5.0,1.0,1.3026616822268503e-13,2.7702976150063616,4.128410374765679,0.5955138411486871,10.81401337144925,3.115464034465222,-0.7836666589486336,-0.4841762455127147,0.004074816782525326,1.0666992506764894,-21.899736972023607,-4.132588742322696e-07,3.8166680335998535,-0.0992509126663208,6.0097503662109375,2.424930956000982,3.187286376953125,1.176820158958435,10,0.796561405256393,-1.2386592496120619,93.88192613924768,-550.7571329471208,557.4043509597554,1108.1614839068761,7.563141125544238,-0.3503734983683063,810.3595890410959,182.35332046102724,196.79989197821956,42.465753424657535
26,AWE,0,0,60,60,30,7.0,4.0,3.552713678800501e-13,0.9739359808414015,2.5383839845972034,-0.06503460838374053,4.7243272135013115,3.0570947043636565,-0.3434152009678684,0.14136698014406915,0.008179367527171202,0.6942099337709583,-21.899736747018462,3.814697322468419e-07,3.4416885375976562,-0.06440944969654083,5.091762542724609,2.627065319942595,0.4249839782714844,0.8403183221817017,10,0.7530105922254109,0.4763446064650302,80.44135628896845,-548.8683801174473,447.32664058827066,996.195020705718,11.377191422305376,-1.002507750701568,816.6232638888889,229.38486181457125,316.73516582925765,66.66666666666666
26,AWE,1,30,90,60,30,7.0,4.0,6.809367884367627e-14,0.9592594445900654,2.4797508882251407,0.008803083566277792,5.015022704873928,2.941106405958608,-0.27925310074654863,-0.17611975804506758,0.011666930279184876,0.6942099337710012,-21.89973703419609,-1.0808308843479608e-06,3.4568159580230713,-0.14946895837783813,4.85722017288208,2.6492903597015873,2.0821757316589355,1.3320358991622925,8,0.7448931714506009,0.682775008280546,45.41300957733045,-371.76253460276314,281.9528844721182,653.7154190748813,12.804035873234513,-0.5056378509725084,801.097972972973,242.59000877787315,321.37441956597894,62.16216216216216
26,DISGUST,0,0,60,60,30,1.0,7.0,-3.878379099357213e-13,1.6122873803815412,3.159909588628551,0.07807851869010562,8.030304977547331,2.879627842116285,0.7128386246799305,-0.6951523713764499,0.006815378474562101,0.8075390237203656,-21.89973749012775,-9.536743306171047e-08,1.9220761060714722,-0.16712531447410583,4.247110366821289,3.0781622627473206,-0.882274866104126,-0.1795634925365448,13,0.36127594241748506,0.7141332298960563,101.87864818231938,-575.7259549886577,433.63932071860114,1009.3652757072589,5.034642920176845,-0.34577156790079594,827.9049295774648,237.92685087692237,317.3122775330546,80.28169014084507
27,BASELINE,0,0,60,60,30,5.0,6.0,7.786364146037765e-13,1.702169631367646,4.434101742386076,0.2662694365415774,7.678320924822657,3.0455174200779984,-0.4287004626254194,0.15897387379703584,-0.008180294064344546,0.9839307589823012,-21.97843114405771,4.450480162176973e-07,3.93760347366333,-0.010467336513102055,6.101565361022949,2.6788624293246537,-0.18967294692993164,0.1523546427488327,64,0.29518046674756865,0.1721006821124844,52.22359608899005,-175.73738844165635,227.1019884469464,402.8393768886027,-0.12448289893836462,0.5084310705199448,507.8125,50.78778177055888,69.96820900765668,1.7241379310344827
27,BASELINE,1,30,90,60,30,5.0,6.0,-9.473903143468003e-14,1.7628786345893748,4.936648253117681,0.1628754428242729,7.924853209173222,2.912179118829145,-0.1626085520579652,0.20121023257505574,0.0035273978899771803,0.9504798929606623,-21.978432017432855,-8.900960324353946e-07,3.837155818939209,0.049709711223840714,6.2492852210998535,2.6631638626430743,-0.17920303344726562,0.07191607356071472,46,0.4160241149007044,-0.016987721989447025,57.385524596490356,-175.72232174597502,227.13161430793565,402.8539360539107,-0.41453552424413687,0.5300677102805651,520.6962719298245,49.60677500569074,70.72228791366526,1.7543859649122806
27,BASELINE,2,60,120,60,30,5.0,6.0,6.809367884367627e-13,1.2049048792683839,2.4573367510299704,0.12465605887079789,5.431788065079246,3.1301024314764665,-0.5213377632812204,-0.22704861292865477,0.006618321932244909,0.9046383106625271,-21.978431241757264,6.357829107628277e-08,2.902134656906128,0.13545174896717072,5.072251319885254,2.950857648445831,-0.7914621829986572,-0.03226281702518463,46,0.4434541701106731,0.03225561149425261,60.468485805610776,-137.20942820713313,145.53612769676647,282.7455559038996,-0.8631233259818463,0.5185271297521805,525.5301339285714,8.121841824459596,12.496480360341323,0.0
27,BASELINE,3,90,150,60,30,5.0,6.0,7.904787935331115e-13,1.4966450081333798,3.7924338892970866,-0.06334629958466564,6.847011692195792,3.006366197153598,0.19693590061133248,0.34066339582127597,-0.005833568124956422,1.0663052712537509,-21.978431132215338,-1.9073486328125e-06,2.1333861351013184,-0.05366532504558563,4.131096839904785,3.1852623191025375,-0.9167203903198242,0.10415370017290115,80,0.2915566624851181,-0.3064033241288858,65.40527844948389,-180.3388261226708,145.00461609462832,325.3434422172991,-0.8567088512267764,0.5143806710687607,527.4832589285714,7.916130177454515,12.408164904864309,0.0
27,BASELINE,4,120,180,60,30,5.0,6.0,7.401486830834378e-14,1.3423729445675432,2.892637499012096,-0.3060323261248499,4.940249168652855,3.049459419392149,-0.8797469953903159,0.4830561504602022,-0.007679575890619478,0.8961535694246783,-21.978431848678955,6.357829107628277e-08,4.506680965423584,-0.03878156095743179,6.709965705871582,2.493782119806266,1.844247817993164,0.5852200984954834,41,0.5044799671423447,-0.2838628103082108,70.03428365015017,-156.0202896017371,169.94972392942736,325.97001353116445,-0.8857713041911115,0.5376807460312233,530.9684684684685,8.934236824322916,11.918282365569903,0.0
27,BASELINE,5,150,210,60,30,5.0,6.0,-1.7763568394002505e-13,1.0071022902024636,2.1400971394093915,0.06459930225553023,5.035370977209652,2.8351150518700563,0.5674841272379507,-0.5240395562893483,-0.0004791753565510356,0.5927827102677515,-21.97843210032952,-4.164377969573252e-06,4.22450065612793,0.013642231933772564,6.7841620445251465,2.4903195681578185,0.8283774852752686,0.48087093234062195,42,0.6206621700686781,-0.34710742340654416,71.98955766194368,-139.5176214971521,150.31096470158235,289.82858619873446,-0.9125718413659674,0.5236602407523985,537.0738636363636,8.158642337898392,12.610605837435248,0.0
27,BASELINE,6,180,240,60,30,5.0,6.0,-7.075821410277664e-13,1.1173740359624063,2.6487674882112344,0.012255122878102043,5.382056896813481,3.0487947004153395,-0.5504426536945393,-0.07401697853867922,0.0003819598177004188,0.7198763312671618,-21.978432630276213,-2.57492069977161e-06,5.536761283874512,-0.03634800761938095,7.511584281921387,2.3893848017732857,2.740018367767334,0.739996612071991,40,0.5992114451430701,-0.3936280341213762,72.26252339219145,-165.2604385896967,158.47906590985414,323.73950449955083,-0.8876444408979802,0.5048095821512895,540.5676605504588,7.7015460379360094,12.933736480686926,0.0
27,BASELINE,7,210,270,60,30,5.0,6.0,8.704148513061228e-13,1.1736308771896156,2.8256629181520054,-0.07094672123031387,5.873472508826438,2.961794324606035,-0.2684852073076818,0.029922816083006697,-0.0066530455520388285,0.8768062725561468,-21.978431052279348,2.098083541568485e-06,4.537107944488525,0.004444675520062447,6.665679454803467,2.5658385455342403,0.5094494819641113,0.3029603362083435,40,0.56017531258178,0.7751831460724582,72.11731807161725,-118.43088078554,210.46177039421812,328.8926511797581,-0.8740947871926106,0.5084883240112101,542.8612385321101,7.488558778043024,11.933790872280834,0.0
27,BASELINE,8,240,300,60,30,5.0,6.0,-5.921189464667502e-13,1.144931520096191,2.8073981283483818,-0.10134976726376976,4.895276961557471,3.120936626420893,-0.45064799249233234,0.3334121090352083,-0.0030563342041230717,0.8377402672372376,-21.97843251481294,1.7801920648707892e-06,5.339117527008057,0.06798209995031357,7.279185771942139,2.3168110225281553,3.977346897125244,1.011979579925537,43,0.5406623107137202,-0.32882007212489534,71.21802571848711,-138.511319838085,147.6388252329361,286.15014507102114,-0.91176195159857,0.5036263657451787,544.151376146789,7.317673332152264,11.646187382811403,0.0
27,ANGER,0,0,60,60,30,2.0,3.0,2.723747153747051e-13,1.5571977872162266,2.9857894943909002,0.30133964073186803,7.506587361417871,2.7258908547005225,-0.0822619387186605,-0.09427110669131449,-0.01956184758219854,0.9591148374676278,-21.97843165031914,-3.655751470432733e-07,12.505622863769531,-0.18369758129119873,13.179357528686523,0.391282575554378,104.25165557861328,9.19870662689209,2,6.126107657199103,-0.0641762707798566,75.72501888869273,-402.3372080887226,356.4566999175678,758.7939080062904,3.9256192468294966,-0.206142186116131,622.5328947368421,406.6226540451906,576.5527247196469,8.421052631578947
27,ANGER,1,30,90,60,30,2.0,3.0,8.970602038971265e-13,1.5952297048502828,3.261863436496526,0.09144062039752043,8.216616010439992,2.7017937487520056,0.2603981658262584,-0.5257731094924551,-0.010542088319537268,0.9505269090918379,-21.97843102563402,-1.4623005881730933e-06,6.468019485473633,-0.2542994022369385,7.9606428146362305,1.9862046243168292,9.075997352600098,2.295017719268799,42,0.6510172422460969,-0.21423143474517667,70.02048676036597,-326.216706499493,356.45669991785843,682.6734064173514,1.7964504081763728,0.21602713843740315,588.125,68.18089751061902,69.02493236417395,4.0
27,ANGER,2,60,120,60,30,2.0,3.0,-6.927791673660977e-13,1.4310689937084793,3.2423318874734264,0.4423372477976528,6.846004707222164,2.771363991249819,-0.25167991707238624,-0.29440572319005903,0.0035348644947606374,0.959413466542622,-21.978432615473228,-8.360544597962871e-06,6.776150703430176,0.1288480907678604,8.959413528442383,2.1239799883599586,7.433833122253418,1.1688013076782227,68,0.7657230565856546,0.42784833509107173,64.85439630704963,-139.50835652093195,150.8520378561691,290.36039437710104,-0.8803414490148538,0.23668649485057194,594.5391414141415,12.502737537794738,11.49065863949442,0.0
27,ENTHUSIASM,0,0,60,60,30,7.0,7.0,1.7467508920769129e-13,1.4690037041435804,3.826483636083111,0.07893402225960244,6.914628718192972,3.0095755071670047,-0.053316204386103294,0.12476205980578788,0.009153566065925892,0.94930711365686,-21.978431748018746,1.0808308843479608e-06,5.8469414710998535,-0.030876362696290016,7.92227840423584,2.2587074843153316,3.4891324043273926,0.7615232467651367,38,0.6013155689140428,0.07682232584091991,63.044612072582154,-140.80605597208591,188.4279630297298,329.2340190018157,-0.8099834317465975,0.5876901545764518,548.3217592592592,10.363800166224136,12.72791632483348,0.0
27,ENTHUSIASM,1,30,90,60,30,7.0,7.0,0.0,1.2380283828962102,3.1019847888657637,0.05818557902657062,6.437442781991365,2.8591517281219723,0.4806462513466556,-0.32089227559732486,-0.004048519750122078,0.8479561551535955,-21.978431922693822,1.0172526572205243e-06,6.303745269775391,0.1286490559577942,8.139900207519531,2.1149078763042097,7.257510185241699,1.3872989416122437,33,0.7630280971800824,-0.19030948378894827,60.04562500014231,-161.22772642098468,155.14146934900452,316.36919576998923,-0.8505775606315393,0.5658868517853948,551.4018691588785,8.851683895962386,11.75554365411373,0.0
27,ENTHUSIASM,2,60,120,60,30,7.0,7.0,-1.273055734903513e-13,1.1869483127777145,2.426707046011245,0.14131992400834292,5.429454637829423,3.079229211161609,-0.17989533256057033,-0.43978107602992744,0.018472965729045516,0.7746076178530774,-21.9784320499994,-6.2624612837680615e-06,7.014383316040039,-0.05894805118441582,8.770936965942383,2.033691422588483,10.906957626342773,1.9503668546676636,29,0.8300049661454275,0.48713605365017865,64.35985444975128,-103.4321153241024,180.69709053184692,284.1292058559493,-0.868942236764954,0.5762195761030527,555.8667452830189,8.337456162302196,11.712547961989516,0.0
27,LIKING,0,0,60,60,30,6.0,6.0,-7.105427357601002e-14,1.5727303606117227,3.2996278774511723,0.05155638490705883,6.822304494261999,3.150984761571624,-0.6351632656426416,-0.08011955518103722,-0.005868057295751958,1.0259512861808582,-21.978431993748096,4.545847787085222e-06,5.2053093910217285,-0.0851653665304184,7.454755783081055,2.2691911104034688,7.024509429931641,1.5555920600891113,43,0.7189879377437183,0.30442744509305314,61.286303129940364,-205.93814176870984,245.0801204801961,451.0182622489059,-0.21796945227641373,0.564290002503852,554.3926886792453,54.13651570742481,75.79869859260997,2.8301886792452833
27,LIKING,1,30,90,60,30,6.0,6.0,-9.26666151220464e-13,1.31077097930053,2.8976083903820893,0.06828266867060506,5.973436550335265,3.0551946837541597,-0.40906550368924455,-0.2252545525272066,-0.009584120407344346,0.9679289315773068,-21.978432849360402,5.91278057981981e-06,4.977624893188477,-0.050523433834314346,6.802785873413086,2.36629215981753,5.274365425109863,1.3632354736328125,36,0.8362550042483685,0.13219852916187907,58.18579225285342,-155.2484757875872,146.38737194280864,301.6358477303959,-0.7909641834392755,0.5821328404177581,559.5238095238095,10.413088900232209,11.966531100805215,0.0
27,FEAR,0,0,60,60,30,4.0,4.0,5.210646728907401e-13,1.4806701312425432,2.85906241057603,-0.09615375429063988,6.52199166622438,3.1032073775709588,-0.25457199592407553,-0.1436994602918059,-0.0074447440832908565,0.9327661048561701,-21.978431401629283,3.1153360851021716e-06,2.3051416873931885,0.13843537867069244,5.055659294128418,2.865568899968103,-0.7305245399475098,-0.13245652616024017,86,0.38496343092040414,0.08516435870104573,62.302204768899756,-242.86714876265705,224.42810441654566,467.29525317920275,-0.3745293767548761,0.5209672836845541,564.4345238095239,52.88474546271047,72.51491888941517,1.9047619047619049
27,FEAR,1,30,90,60,30,4.0,4.0,1.8947806286936006e-13,1.4158450092697294,3.412481675540846,-0.06575206770982334,6.752091205132871,2.973845438795511,-0.21970274615923735,-0.049621748940888846,0.0005277990208247753,0.9679882631648288,-21.978431733215775,2.19345088225964e-06,1.9401991367340088,-0.04833129420876503,3.977053165435791,3.209189183372787,-0.9349267482757568,0.02752142772078514,86,0.4185607383614396,-0.27517224479063457,61.92085101877178,-119.60821693963055,134.1629158745913,253.77113281422186,-0.8426370912000354,0.5800505441699627,562.3511904761905,7.346446829662777,10.278023663754249,0.0
27,FEAR,2,60,120,60,30,4.0,4.0,1.8947806286936006e-13,1.2602236547585077,3.1425054819912646,0.09801200175267866,5.986303584679575,2.9496077076724063,-0.44608235726941814,0.19515948503151545,-0.005465352052404557,0.8678074404537597,-21.978431733215775,-5.404154421739804e-07,2.2495033740997314,0.08853719383478165,4.321924209594727,3.1480160073949537,-0.6979081630706787,0.0754946768283844,81,0.4331620613922979,0.5171731554466841,62.38278184478929,-98.4792209791853,181.99333031683872,280.472551296024,-0.8165262931018384,0.5716723710416799,565.8052884615385,6.771715942741984,9.977599303644022,0.0
27,AMUSEMENT,0,0,60,60,30,7.0,7.0,1.1901590823981678e-12,1.460430472626342,3.800150683083814,-0.13275341118941242,7.0583738347110625,2.965996854528785,-0.13584144722630276,0.4912088522261972,-0.010277844420741703,0.9680867830949622,-21.978430732535447,-6.167093943076907e-06,2.7576088905334473,0.040251217782497406,5.434722423553467,2.8557433221954,-0.1506209373474121,-0.19765932857990265,79,0.3067285524202504,0.7287117875508884,63.98919373241379,-165.0649265387678,249.20060374630822,414.265530285076,-0.48699795846843896,0.634565415187125,548.6273364485982,11.42307874349442,14.477307185697782,0.0
27,AMUSEMENT,1,30,90,60,30,7.0,7.0,8.881784197001252e-14,1.3376454295234144,3.4834946109555176,-0.29393694072759047,6.9386544523396765,2.828308234912122,-0.0646798256539296,0.35319225241603325,0.0027217767965395483,0.8772016981363808,-21.978431833875984,5.086263286102621e-07,1.2395331859588623,0.3696867823600769,3.334415912628174,2.8357147694979012,-0.6111154556274414,-0.9102849364280701,79,0.1422551756494487,-0.22196493582379617,62.64987759452718,-236.5959337034991,150.51452513424908,387.1104588377482,-0.801868920221326,0.4739964646062688,547.8877314814815,19.956457711356688,32.114218253270494,2.7777777777777777
27,AMUSEMENT,2,60,120,60,30,7.0,7.0,3.227048258243788e-13,1.6942483686201704,4.535901266180531,-0.13286769205542726,7.586130270595959,3.045784170569442,-0.684959076336721,0.19511752854571202,-0.011179381649220855,0.6577092395708766,-21.978431599989047,-6.357829107628277e-08,2.0380170345306396,-0.48194271326065063,3.0239498615264893,2.5130311540636727,-0.5814955234527588,1.0915919542312622,79,0.13161824097735508,-0.26242064406826776,61.67146954856483,-236.595933703499,150.51452513424704,387.110458837746,-0.7741239080056732,0.38257519007384383,554.4684579439253,19.829908305423817,31.797966942100928,2.803738317757009
27,SADNESS,0,0,60,60,30,4.0,4.0,4.944193202997363e-13,1.1173117511306239,2.6734924416857098,0.09472198370268359,5.660526438094138,2.882365985518375,0.2848893749950969,-0.2939814025661329,0.009805950229107966,0.7541774232335282,-21.97843142827462,6.35782896551973e-07,9.210004806518555,-0.16077005863189697,10.473221778869629,1.4172631111507252,35.869728088378906,4.958048343658447,6,1.81290735071842,-0.5825225322345563,76.78936062569177,-315.5251105679448,241.5420401665827,557.0671507345276,-0.45549942433370516,0.43227159538152765,558.372641509434,40.18777347952595,40.083385927101425,3.7735849056603774
27,SADNESS,1,30,90,60,30,4.0,4.0,4.500103993147301e-13,1.1807653224787396,2.4802846668002587,-0.012949208388945976,5.173847368892837,3.069299339471382,-0.23801093347611202,-0.059502132836802765,0.0011520095661261675,0.8960930145430519,-21.97843147268352,-1.1761983387259534e-06,2.6410913467407227,-0.2218760848045349,5.153347015380859,2.7888048806934944,-0.22888565063476562,0.3916909992694855,85,0.569173198828577,-0.24554258188755662,80.33198844155748,-136.57181743531214,200.71600495285654,337.2878223881687,-0.9579359021590683,0.6218835126891598,547.4537037037037,10.228373477970285,13.926359436318334,0.9259259259259258
27,SADNESS,2,60,120,60,30,4.0,4.0,1.509903313490213e-13,1.5007057640465524,3.549370585959366,-0.17689963136646725,5.98802024282179,2.1821364197159454,-0.45283583600556376,0.18066154419057676,0.006019672951521025,1.1052152051400543,-21.9784317717035,7.915497008070815e-06,2.0480613708496094,-0.11456067860126495,3.7073512077331543,3.1799976891397304,-1.3559671640396118,-0.003329911734908819,82,0.3093068124913941,-0.08103267393187842,81.37679345376783,-143.63554917845138,171.1544149558033,314.78996413425466,-0.9148207806405537,0.612318667686743,553.3608490566038,7.735611080971348,12.481384948718441,0.0
27,NEUTRAL,0,0,60,60,30,5.0,5.0,5.536312149464114e-13,1.7094557326569073,3.2782608853288764,0.018008646978273646,7.876872968341786,2.9426461831917115,-0.38599921999956033,-0.09952966178710057,0.004624755670757098,0.9326976881028934,-21.978431369062758,1.5576680425510858e-06,8.340072631835938,0.20846077799797058,10.198974609375,1.6160404765970395,19.117582321166992,2.227052927017212,3,3.5076839212087783,-0.0686478770320611,68.67595520442177,-263.35152490164484,237.35021344978725,500.7017383514321,-0.058480933161376925,0.21684493354850531,542.6401869158879,70.74747835003917,89.73312765145995,7.476635514018691
27,NEUTRAL,1,30,90,60,30,5.0,5.0,1.3500311979441904e-12,1.6996784176316826,4.703643267146873,2.8266338958360393e-05,9.068813573987455,2.8553212951308833,0.08933423790774597,0.0963509786659572,0.009042290209540563,0.8579502637240878,-21.978430572663534,-2.3206075638881885e-06,6.720222473144531,-0.5961501002311707,7.62122106552124,1.3370873767563205,6.812658309936523,1.6717793941497803,3,2.5691028330939703,-0.35179774591745194,66.33450966094983,-263.3516948178109,237.3502241791956,500.7019189970065,0.017254905768944617,0.21246122688812732,548.0324074074074,59.68789388080238,64.79433674918168,4.62962962962963
27,NEUTRAL,2,60,120,60,30,5.0,5.0,1.1842378929335001e-13,1.7567345793996645,4.961498511195117,-0.16763902155645383,8.794538777112137,2.9657373108689282,0.01529627684368684,0.3225402066541842,0.017075933108942468,0.9933775061609489,-21.978431804270038,-7.828076604710077e-07,6.8936309814453125,0.07373525947332382,8.5015230178833,1.6945389693112096,14.02481460571289,2.5251028537750244,2,3.1040837756250275,-0.4578008774478353,60.34046689753707,-122.8448206591996,215.44319665893664,338.2880173181362,-0.8883057769723162,0.4205433301470738,556.0141509433962,12.733665081785933,12.757759076995718,0.0
27,AWE,0,0,60,60,30,7.0,7.0,-5.980401359314177e-13,1.5781824399203004,2.8478362642957222,0.48683846019592636,5.880507514196154,2.515478374556721,-0.7855465069158765,0.09395125476469884,0.012493558400964737,0.9418067021184218,-21.978432520734135,2.3206075638881885e-06,4.028179168701172,-0.24817900359630585,5.498175621032715,2.59508720857272,1.7832674980163574,1.4074337482452393,38,0.39659613384327097,-0.7077107607607633,69.83155321884732,-479.9707478046546,301.62782957902556,781.5985773836801,3.6981044991691876,-0.35706441000332034,555.4245283018868,82.14740431376796,105.37984017014693,8.49056603773585
27,AWE,1,30,90,60,30,7.0,7.0,-1.3322676295501878e-13,1.4433990261541156,4.10050878880881,-0.14888793694183278,7.29341160350927,2.808341992324523,0.08243129224712797,0.3374564343267514,-0.020924453286320276,0.9418067021184312,-21.978432055920592,-2.7338662675902015e-06,4.6413893699646,0.27146270871162415,6.7535247802734375,2.185970325209623,1.3077049255371094,0.54636150598526,44,0.3041566861646126,0.06792287211987365,55.725609878357155,-133.64405708321078,120.79827505644231,254.4423321396531,-0.9886176649396758,0.31178017459475166,555.7193396226415,20.460071534058624,14.304303381783233,1.8867924528301887
27,DISGUST,0,0,60,60,30,7.0,8.0,3.4638958368304884e-13,1.4987130798786794,3.811759902812639,-0.024855275882273986,8.283629131560843,2.37269640023236,0.6374044237341217,-0.25889527832502435,0.012500553458607297,0.8382492324574267,-21.978431576304295,-9.854634299699683e-07,1.5319525003433228,0.49577853083610535,4.446911334991455,2.5283842175941427,1.0267210006713867,-1.4094139337539673,11,0.49064231992890855,-0.11475755807013518,51.441148876388404,-132.96433627736698,249.87699645363867,382.84133273100565,-0.1461049503453835,0.546337563953191,554.7605140186915,40.34588851147614,63.559707202889015,3.7383177570093453
28,BASELINE,0,0,60,60,30,5.0,2.0,5.743553780727476e-13,1.615195675945948,4.437334845511032,-0.06777356110809762,8.07995714957812,2.9832754650136275,-0.005570931008404667,0.11139981451199628,-0.00811838230724296,1.0586595173262379,-21.954039220347884,1.0887782082136255e-05,9.249356269836426,-0.2733232080936432,11.109790802001953,1.6098587741754868,28.756845474243164,3.3358774185180664,49,1.0147709151294153,-0.3268241769721198,48.12481006343566,-222.6587805102561,191.2345652025604,413.8933457128165,0.3950182960599391,-0.57573280509337,817.9253472222222,108.82847997861224,157.3574311418542,41.66666666666667
28,BASELINE,1,30,90,60,30,5.0,2.0,1.7763568394002505e-14,1.4537387646807531,3.1461609353982567,-0.11295381531617465,7.078809938665387,2.941232932259213,-0.4347199238181836,0.0004735300482647586,0.0018261537760542168,1.0095214838902478,-21.95403977693953,-9.564558240526821e-06,10.194117546081543,0.09120067209005356,12.348014831542969,1.567416034180685,43.251007080078125,4.37396240234375,35,1.2523201732312281,0.11089094400590958,45.31051542785897,-222.6697046619825,191.31803755012157,413.9877422121041,0.7969776075902031,-0.5434838475369561,805.6506849315068,121.72874229578339,172.36750774346783,53.42465753424658
28,BASELINE,2,60,120,60,30,5.0,2.0,4.588921835117314e-13,1.3077089878406503,2.7239047222856527,-0.08334471472828398,5.4111870494296,3.167979004770165,-0.8185717516668514,-0.017620754579021968,0.0010696557100520244,0.9141416868763826,-21.954039335811018,1.430511474609375e-06,9.68224811553955,-0.27738064527511597,12.05639934539795,1.652904803426679,35.03001022338867,3.696361780166626,61,0.886942072099425,-0.029564710984403778,39.42898214095704,-125.195782874277,109.67830928425552,234.8740921585325,-0.6176489160120968,-0.5751503484683839,813.1421232876712,119.88895381918881,179.5931213496528,52.054794520547944
28,BASELINE,3,90,150,60,30,5.0,2.0,2.3092638912203256e-13,1.1905066528898973,2.640153136869827,0.03645459223839964,5.275497052397782,3.1433881009528317,-0.3030765228639378,-0.08859766715147532,0.0017639598854074675,0.7968010398344263,-21.954039563776735,-3.941853719879873e-06,9.083738327026367,0.1939210295677185,10.981546401977539,1.6561462725704656,26.63442611694336,3.0407605171203613,40,1.1080403312989886,-0.10528981065007467,37.769632840244164,-98.07177683796363,55.87556899825922,153.94734583622284,-0.804207796558567,-0.6514042935598906,822.6996527777778,92.3888765800451,139.66810587079362,34.72222222222222
28,BASELINE,4,120,180,60,30,5.0,2.0,5.3290705182007514e-14,1.16138130280638,3.0509827507970044,0.06888355948824199,5.688006710794724,2.971190764760243,0.12259593896054799,-0.1738585134201036,0.01697985007800506,0.8068449634084681,-21.954039741412394,-1.1905034625669941e-05,2.6893935203552246,0.14321039617061615,5.728904724121094,2.6340945760643732,0.11781907081604004,-0.3970092535018921,82,0.8014424477020596,-0.13101151497295965,38.45552541751487,-96.98527180353796,61.93919828316281,158.92447008670075,-0.8624914650578899,-0.626371718909232,801.3091216216217,99.74819371921119,144.7963888392608,36.486486486486484
28,BASELINE,5,150,210,60,30,5.0,2.0,7.904787935331115e-13,1.0425813261114685,2.0981810918954125,0.10739263256454024,5.166513499320047,2.937419822495752,0.5335356990223112,-0.6604392169370772,-0.0017778493333137381,0.8382606564952173,-21.954039004224615,3.3060709938581567e-06,2.62930965423584,-0.05594607815146446,4.69918966293335,2.5310591238559113,-0.5036294460296631,0.26039937138557434,84,0.7861409660680697,-0.04970028165311245,38.68376552800858,-97.68455423726593,61.947893760024094,159.63244799729003,-0.883372741464254,-0.6352198778362458,810.3595890410959,96.22440123422085,139.87551043745611,35.61643835616438
28,BASELINE,6,180,240,60,30,5.0,2.0,-8.881784197001252e-15,1.1525120123086636,3.306027738165085,0.10389885768589124,6.316809796876299,2.7218917168962316,0.9888904899772353,-0.39900512859454407,-0.005125206281207424,0.9327661048561815,-21.954039803584884,1.2461344340408687e-05,2.4588990211486816,-0.12091396003961563,4.514676094055176,2.627682329017327,-0.6897141933441162,-0.024488117545843124,85,0.7991288703107134,0.008210645742662651,38.78151545153459,-91.55961536571043,51.94276175594351,143.50237712165392,-0.912024090175334,-0.6361665313572039,821.6145833333334,91.66362397585709,132.34889570246506,38.88888888888889
28,BASELINE,7,210,270,60,30,5.0,2.0,2.2796579438969883e-13,1.3249838731751387,3.268986366976634,0.10928697291952005,6.361905268516921,2.9989995384171815,0.003881700100975216,-0.11931221030350185,0.003825979958480682,0.976376857263846,-21.95403956673733,-6.834665668975504e-07,2.462489604949951,-0.11266664415597916,5.150297164916992,2.6436450766087805,-0.4315671920776367,-0.0716359093785286,82,0.8012029688989347,-0.12803575990371532,40.954107314566066,-246.76960027027775,163.06929649666938,409.83889676694713,1.790394468026686,-0.746993422956492,756.6105769230769,93.97022398314296,91.42129448009138,23.076923076923077
28,BASELINE,8,240,300,60,30,5.0,2.0,-1.8947806286936006e-13,1.3062491575539075,2.8218922853774586,-0.08027595649338082,5.6083141661957825,3.0382406808127675,-0.4022693976826752,0.2583373574283447,-0.011236360705195847,0.8772308089515263,-21.95403998418118,-1.2715658215256553e-07,2.015486240386963,0.24794679880142212,4.713442802429199,2.7602158409568407,-0.7351758480072021,-0.14397075772285461,81,0.8476937950833636,-0.06405109698453999,40.122665152153935,-246.76960027027746,163.0692964966717,409.8388967669492,2.080023542528367,-0.7541645686940374,766.6396103896104,97.09419381648175,86.70041146779069,22.07792207792208
28,ANGER,0,0,60,60,30,2.0,7.0,2.6053233644537005e-13,1.3417861237203736,2.398724694248955,0.2471132976104684,4.259364332874327,1.9662333884789038,-0.8425344700238964,0.12443711481355468,0.007159102076668878,0.9417016428839537,-21.954039534170796,3.703435368151986e-06,9.583407402038574,-0.10447818040847778,11.397509574890137,1.6499350893316491,33.39571762084961,3.6344900131225586,57,0.8818175194207776,-0.16451129174994625,61.74647959098164,-623.0666472645831,290.26868568674195,913.3353329513251,22.47977664183771,-1.9458902516008614,822.6996527777778,146.50884560212216,207.45486739780836,69.44444444444444
28,ANGER,1,30,90,60,30,2.0,7.0,-6.483702463810914e-13,1.362574656444811,2.8651432672106125,0.09450139743023556,5.99406880333504,2.7876124460137115,-0.6134407856282698,0.1389223623423233,0.005687056039948334,0.9851592122287762,-21.954040443073556,9.592374226485845e-06,7.077338695526123,-0.08768454194068909,8.956284523010254,1.7833825741692704,19.58370018005371,3.2890169620513916,53,0.8957807047320168,0.002600751471393892,48.1688544166483,-323.9524607739112,257.9085941569426,581.8610549308538,7.286475010065386,-0.6917730793452175,795.3969594594595,177.94896595791585,266.5676263980552,75.67567567567568
28,ANGER,2,60,120,60,30,2.0,7.0,-2.0724163126336254e-14,1.2895599520470342,2.998903618669857,0.8958620656887462,6.096116053741696,1.404772649330347,-0.1558753412037448,-0.2670186239871771,-0.008943803413993753,0.9237504428396777,-21.95403981542726,3.496805902614142e-06,7.160050392150879,-0.054478611797094345,9.018166542053223,1.7339490880212625,18.149723052978516,3.161412477493286,50,0.96363921458149,-0.18287047962747274,42.39032117090726,-311.2486727514803,184.04348418861338,495.29215694009366,5.018224170341725,-0.5640221340755475,811.6438356164383,207.10723859258232,305.46553085118205,72.6027397260274
28,ENTHUSIASM,0,0,60,60,30,7.0,5.0,4.648133729763989e-13,1.0469185945840853,2.4912947107551986,0.1583325403771596,5.2959905557926845,2.8173160205098946,0.3538896339657711,-0.49144341617810117,0.003978367342236703,0.8482977269226007,-21.954039329889834,2.5113424726441735e-06,1.6017459630966187,0.32482460141181946,3.605696201324463,3.1768774719417334,-1.331442952156067,-0.2569378912448883,40,0.15361015176985154,-0.05569193226593804,16.60274543545586,-45.11684085100303,37.53779461838335,82.65463546938639,-0.8801301077508645,-0.5587450101504698,739.0625,93.49913693502704,127.27848248793029,15.0
28,ENTHUSIASM,1,30,90,60,30,7.0,5.0,3.4046839421838137e-13,1.2752091230997435,2.351212977406192,0.04040165503695903,5.378606237097472,3.0526250101683785,-0.12322820427622894,-0.362748050377375,0.0011936244303227279,0.8483090156390131,-21.95403945423476,9.536743306171047e-08,2.1572039127349854,-0.07182304561138153,3.863647222518921,3.229482286493517,-1.0484607219696045,0.23139208555221558,65,0.19273507646249768,0.10213825463465362,16.411421256519628,-45.116840865873385,46.19956593598806,91.31640680186145,-0.7192358203937488,-0.5032772072345245,720.2932098765432,96.49639153003548,127.13028504254996,17.28395061728395
28,ENTHUSIASM,2,60,120,60,30,7.0,5.0,2.812564995717063e-13,1.2077415977456452,2.126939193806976,-0.003906117862584324,4.294869042050209,1.936504111328903,-0.26332238382826567,-0.01411299573621664,-0.015460691712130308,0.8382606564951967,-21.954039513446638,9.536743306171047e-08,3.3916056156158447,-0.1370292603969574,5.504666328430176,2.777197550055744,-0.5015511512756348,0.36499908566474915,71,0.29042730077318163,-0.047749914982362605,15.954541865448281,-79.00851571849782,46.199565935982186,125.20808165448,0.17966262813826717,-0.57169695100159,712.3493975903615,105.07204765209161,153.10283251689083,31.32530120481928
28,LIKING,0,0,60,60,30,8.0,3.0,2.575717417130363e-13,1.3547918581753282,3.678227366688702,0.07020353813551594,6.5624600559161195,2.9032072743692825,-0.39679582141429437,0.2075931658036111,0.005703369121022682,1.001960284538347,-21.95403953713139,3.5762786865234375e-06,1.8888722658157349,-0.1531539410352707,4.7647013664245605,2.527881817072211,-0.5961019992828369,-0.0038681577425450087,81,0.8186934665460636,-0.2546996051314924,36.46669745273891,-193.28023162364556,115.83286567012472,309.1130972937703,0.9485609979049974,-0.7371438959130603,814.6701388888889,130.31465729385255,172.0549634022164,58.333333333333336
28,LIKING,1,30,90,60,30,8.0,3.0,-2.6645352591003757e-14,1.3413702131728888,3.037852380327166,-0.9616792564386856,6.016291877781299,1.4684945933705502,-0.22434122578750904,0.04834594532436227,-0.008487356530933347,0.9936594129408078,-21.954039821348452,-2.972284846691764e-06,2.468318462371826,-0.32600587606430054,4.890071868896484,2.5104828764586227,-0.6818540096282959,0.06286924332380295,77,0.9158012876801401,0.23098158743885747,34.128001289714376,-97.32865411051813,50.57170051840419,147.90035462892232,-0.6051410487869928,-0.7178869034842474,839.9553571428571,147.23628943163177,224.92261652380145,70.0
28,FEAR,0,0,60,60,30,4.0,2.0,3.9968028886505635e-13,1.3064591304185527,3.2798646481069227,-0.5506719032315033,6.159155014027107,1.6609084317367677,-0.35715441583569874,-0.18609938849909913,0.006452516647747299,0.9594134665426463,-21.95403939502289,-7.232030384329846e-06,9.660187721252441,0.031201964244246483,12.303705215454102,1.5835156904168342,34.803226470947266,3.585502862930298,40,1.07905494690417,0.1563612928541381,44.21713391158808,-424.9080639439635,177.01004426037707,601.9181082043406,15.145381130367237,-1.9782500098133649,804.7945205479452,133.42697130246,211.2908562973351,76.71232876712328
28,FEAR,1,30,90,60,30,4.0,2.0,5.121828886937389e-13,1.2409840120881115,3.1861033512186054,-0.4895454557225065,5.965464058558467,1.7180127089211794,-0.550552463324705,-0.24256286262815618,-0.015085676618387483,0.87728535807005,-21.95403928252034,-2.5272370294260327e-06,9.704727172851562,0.059100065380334854,11.915191650390625,1.5803664977409504,35.18707275390625,3.834902048110962,65,0.9053139732240167,0.02749544821191132,33.07798628517734,-81.51167796967212,51.57700999680544,133.08868796647755,-0.9180223370452616,-0.6363110129106179,783.5115131578947,122.59944803035,201.41911889970459,67.10526315789474
28,FEAR,2,60,120,60,30,4.0,2.0,6.631732200427601e-13,1.448074900921767,4.360215695991343,-0.043932234185461994,6.8823199691969705,2.9569337457211837,-0.026550513465808834,0.34770994022789004,-0.0006901645608985494,1.1127099629006254,-21.9540391315301,-1.4400482541532256e-05,2.2204034328460693,0.13875503838062286,4.163280487060547,2.539494228925263,-0.6251604557037354,0.12573665380477905,86,0.9263638882025801,0.01812971924214343,32.863069501937815,-81.5116779696657,51.577009996793805,133.0886879664595,-0.8882232079025298,-0.6450568729012855,778.577302631579,102.77364887441006,152.3791358476175,48.68421052631579
28,AMUSEMENT,0,0,60,60,30,7.0,2.0,-2.9605947323337504e-14,1.385132512501449,3.2737683379252758,-0.06583699589661762,7.083096715066972,2.915919663407608,-0.17528649132275698,0.013961697700780217,0.01320452451618557,0.9415092268418594,-21.954039824309046,1.8914540760306409e-06,8.899335861206055,0.1319195032119751,11.689885139465332,1.413112933725347,24.66309356689453,2.8093454837799072,37,0.9802062928186475,0.2723224713877787,37.19927443310478,-190.4719038321275,255.89612190424995,446.3680257363775,7.184801551575363,0.3449452608741928,754.8701298701299,145.0832882981495,217.92607993489324,51.94805194805194
28,AMUSEMENT,1,30,90,60,30,7.0,2.0,1.3322676295501878e-12,1.5638721503013364,3.1279528626093622,-0.0798346657603588,6.953381424793292,3.0817054524825958,-0.6318274366300907,-0.08470411593846507,-0.0012352927740801887,1.1927234525260562,-21.954038462436355,-2.19345088225964e-06,8.321831703186035,0.08132076263427734,10.40906810760498,1.7461407418966386,18.421695709228516,2.300492763519287,35,0.9773803325146131,0.16017776063404457,30.60842490288187,-119.27147537354128,126.37728099163091,245.64875636517218,0.3672553131328926,-0.34458924985791123,773.0263157894736,136.5133560556583,213.0660353427234,43.42105263157895
28,AMUSEMENT,2,60,120,60,30,7.0,2.0,1.5395092608135505e-13,1.5084544682654697,2.921868179145548,0.16080218961924686,6.272502458021734,2.892145357741157,-0.8138611038149612,0.08871763132914483,-0.005340492723925567,1.2543100790965351,-21.954039640752185,-9.600321391189937e-06,9.192276954650879,0.1112811341881752,12.286064147949219,1.620061985304727,28.31826400756836,3.068695545196533,58,0.9033156190246592,0.04826015304445259,30.299616674140992,-119.27147537354345,129.6393220303437,248.91079740388716,1.4200656251485926,-0.09489416773498334,834.2869718309859,484.5296331026904,713.1135750931564,45.07042253521127
28,SADNESS,0,0,60,60,30,2.0,3.0,8.31927119785784e-13,1.4357282116647097,2.806715685649408,0.11782447604069546,5.917766826322435,3.1927883639378525,-0.7126501430251779,-0.12220062859121247,0.0007838857167889566,1.074613674387416,-21.954038962776323,1.8262862795381807e-05,2.845599889755249,-0.12047158926725388,5.932160377502441,2.4169870972257805,-0.19451308250427246,0.0616607591509819,82,0.9718167142714474,0.40985852926534033,43.705231774389645,-344.02251760316847,184.63449385001303,528.6570114531814,6.790663822032553,-1.0605950976574772,812.2859589041096,54.34498085570203,76.70143997407887,17.80821917808219
28,SADNESS,1,30,90,60,30,2.0,3.0,1.687538997430238e-13,1.3551440406171766,2.5568989179674873,0.02989747068546933,5.8583425595927,3.1531884025598558,-0.568377411648088,-0.22002760720848416,-0.009350202719342867,0.9415092268418283,-21.954039625949214,-2.559026142989751e-06,10.416407585144043,0.2678081691265106,12.403849601745605,1.598795791708616,47.18063735961914,4.67946195602417,33,1.271647653596447,-0.1877542747291229,37.084395641324335,-94.08566702506042,58.51703754186985,152.60270456693027,-0.8790231151141366,-0.6425032332709532,806.292808219178,51.27892653844201,80.56098072009385,16.43835616438356
28,NEUTRAL,0,0,60,60,30,5.0,3.0,-6.394884621840902e-13,1.4508793042844514,2.937427253286984,0.2513399187719756,5.953183847594801,2.4220868893067924,-0.7472597633734441,0.35900815765111177,-0.00478592992510121,1.042989321810969,-21.954040434191764,1.7325083945252118e-06,2.0673604011535645,-0.04998447000980377,4.940482139587402,2.4917432656064245,-0.4475703239440918,-0.1961192786693573,88,0.8628217410426493,0.25758631313206287,36.113125163405314,-185.7401340981486,158.84605099043947,344.5861850885881,3.0472459073866665,-0.5917650419710595,755.8092948717949,75.96899125063591,104.42169808446975,21.794871794871796
28,NEUTRAL,1,30,90,60,30,5.0,3.0,8.348877145181177e-13,1.4683122094278218,2.6495684854523915,0.2798669421309796,6.260161136501097,2.1721691875271216,-0.6775807552168183,0.03261985137060848,-0.00299316410489141,1.0823966899769184,-21.954038959815733,7.712840670137666e-06,2.1975669860839844,0.07090309262275696,4.962226867675781,2.4883635241569753,-0.3845512866973877,-0.36009231209754944,86,0.8236215869464673,0.017510910527603542,33.2666267900994,-133.89438563882192,169.6426032481986,303.5369888870205,0.9597445849083748,-0.31071976513348587,796.0304054054054,101.78508577456113,139.20275845804483,31.08108108108108
28,NEUTRAL,2,60,120,60,30,5.0,3.0,-7.993605777301127e-14,1.2816337834704445,1.9766808313370632,-0.1347847940817104,4.331633542594915,1.967373120074936,-0.6019798570451425,-0.08385530760503022,0.00655668750711122,0.9238644535466295,-21.954039874639157,1.4623005881730933e-06,7.499494552612305,0.1304919570684433,9.2112455368042,1.8577426561574566,11.480966567993164,1.7356064319610596,64,0.7008366279639588,-0.03429802666079215,34.756946036708584,-133.89439412626425,169.64259869516238,303.5369928214266,0.5436594993321906,-0.31774054968796034,817.7083333333334,100.30625419325402,141.13756353213958,30.555555555555557
28,AWE,0,0,60,60,30,8.0,5.0,-7.105427357601002e-14,1.186047401238331,2.4048216165475367,0.06680694234297846,5.308822178402295,3.0686534160852323,-0.18889773591712622,-0.4201139958808714,0.006013262857384087,0.8078858302744111,-21.954039865757373,-3.1868617043073755e-06,9.485098838806152,0.36968058347702026,11.546201705932617,1.44112589317978,31.867809295654297,3.4016575813293457,62,0.9105329267642702,0.13299341676825668,42.877496095887764,-404.36995518053817,256.64769483508996,661.0176500156281,15.037566459216603,-1.4864919140657893,820.5295138888889,213.0319217602021,305.9390488063056,68.05555555555556
28,AWE,1,30,90,60,30,8.0,5.0,-6.868579779014302e-13,1.1806847264717801,2.411685897453708,0.1921816354609973,5.179198905721449,3.0771951007524936,-0.47579855270412263,-0.237558071617862,0.0050896145709228915,0.8483090156390162,-21.95404048156131,-9.671846783021465e-06,2.042686939239502,-0.21305760741233826,4.511471748352051,2.367193183506975,-0.8211226463317871,-0.19745536148548126,78,0.9783061089547038,-0.0008808647381146025,33.23880248033518,-107.51053259598265,97.3525141529027,204.86304674888535,-0.49532505138781247,-0.5956266467467878,807.7910958904109,130.04377443887932,183.06198847183947,57.534246575342465
28,DISGUST,0,0,60,60,30,2.0,6.0,6.809367884367627e-14,1.2696518215944512,1.9236992428950828,-0.1808060329359762,4.353773322571897,1.9538380552503356,-0.5263791085994134,-0.15687873592601698,-0.006723360882120253,0.8078858302743873,-21.95403972660942,6.596247317247617e-07,10.243080139160156,0.03887416422367096,12.245041847229004,1.53289723563574,43.94767761230469,4.37293004989624,33,1.2209666314628727,-0.08890092976471568,36.33829301002567,-219.31280974394085,177.1722540066745,396.4850637506154,2.893941038191495,-0.37851242051554207,759.5373376623377,151.55690109698511,205.81156050499203,61.038961038961034
29,BASELINE,0,0,60,60,30,4.0,2.0,-1.7467508920769129e-13,1.5370730302644722,4.66398235117822,-0.11373155684708536,7.722980634737553,2.9256344561697327,0.2248734867367408,0.4860793035509948,0.0030271255998320992,1.1188523492467066,-21.909252085619656,7.94728578057402e-07,2.4859719276428223,-0.03460364043712616,4.155670642852783,3.128385458896834,-0.7461867332458496,0.2738521993160248,23,0.0552114196339556,0.5399537203537313,33.63196545348132,-279.31942661606695,343.5164977134024,622.8359243294693,27.72082209379152,1.2847737781532322,1012.3922413793103,162.97897266473672,209.49852339533223,60.3448275862069
29,BASELINE,1,30,90,60,30,4.0,2.0,2.9605947323337504e-14,1.5391951616546802,4.724776185555868,-0.1808613044271823,7.804605192304592,2.8990419068916067,0.23405299253728318,0.4782097891715422,0.01491877475495659,1.071980091589274,-21.909251881338605,1.2715658215256553e-07,1.7973086833953857,-0.058846455067396164,3.449831247329712,3.296676401697747,-1.1324750185012817,0.07149249315261841,48,0.029507302671991153,0.014167998006233029,23.304358217413096,-69.24689202110349,35.116160310098586,104.36305233120208,-0.4539479887164717,-0.75987012273706,1055.8035714285713,118.39274695887217,185.00950144519607,57.14285714285714
29,BASELINE,2,60,120,60,30,4.0,2.0,7.549516567451064e-13,1.3997797285324591,3.0696242944145524,0.11560715839173952,6.145647811043631,3.0968047118658344,-0.32534527798307034,-0.09078396487634788,0.00015871419547619967,0.9208103440162189,-21.909251155993182,-1.5894572413799324e-07,2.2028298377990723,-0.4552111029624939,3.547504425048828,3.0017211286923806,-0.8103930950164795,0.7382753491401672,10,0.2046945246381226,-0.09754300467009161,29.20896369352151,-89.00473790237447,52.428842541567654,141.43358044394213,-0.37240117388265936,-0.689995008808209,1024.671052631579,120.84859142278896,192.98840450802626,50.877192982456144
29,BASELINE,3,90,150,60,30,4.0,2.0,5.743553780727476e-13,1.552763103980666,4.523138405897242,0.028586657874640764,8.238383118821702,2.9203018167024286,-0.06915784883166065,0.1716994009965953,-0.015999025043407018,0.9388244358451256,-21.90925133658934,-8.900960324353946e-07,2.851778745651245,-0.43384990096092224,3.729330539703369,2.2953879253065166,1.8670368194580078,1.754875898361206,9,0.3021169386469412,-0.00238927068027673,34.234695831658705,-89.00473816390056,51.99472580912714,140.9994639730277,-0.7018087808219922,-0.6420384040653706,984.6354166666666,101.03622884924833,147.4199905090721,41.66666666666667
29,BASELINE,4,120,180,60,30,4.0,2.0,-3.7599553100638633e-13,1.609109153621698,4.5133417798723485,-0.10142628224691919,9.301041664499365,2.7647169897170407,0.22579926196589595,-0.042869031725828004,0.0059565766970842635,0.9174682930732518,-21.909252286940156,-1.144409225162235e-06,1.8066153526306152,0.5217813849449158,3.3897545337677,2.6391639457887024,-1.266940951347351,-0.36654460430145264,7,0.27281132707192735,-0.046128553522508664,34.163799887086256,-83.67245889773099,52.04702045924819,135.71947935697918,-0.8450150525080731,-0.6305344836278922,1019.4627192982456,98.34714096845825,138.5952221495336,38.59649122807017
29,BASELINE,5,150,210,60,30,4.0,2.0,7.963999829977789e-13,1.168664251347743,2.7763483457924565,-0.022649957131548604,6.683069037493539,2.7986124363843703,0.7742366332979156,-0.31224276951772834,0.0027826328708363615,0.8501124049637895,-21.909251114544887,-3.178914482759865e-07,2.6342759132385254,-0.4711846709251404,3.669370412826538,2.693195521179168,-0.31099438667297363,0.900668740272522,8,0.20810743455388425,-0.12148644999789339,35.844594777242875,-94.40750791817715,54.65088901512442,149.05839693330157,-0.7861165300133051,-0.6337396478920014,1031.25,86.5441251771521,126.02467848423011,33.33333333333333
29,BASELINE,6,180,240,60,30,4.0,2.0,-8.881784197001252e-14,1.330671531910259,3.2452661892037327,0.09998003641733533,6.016279717725581,3.122524520049526,-0.7669241425123206,0.0037594554090745586,0.0004379530619746151,0.8476337800713092,-21.9092519997624,-6.357829107628277e-08,1.6825870275497437,0.12252268940210342,3.3053672313690186,3.1064433053506484,-1.3600811958312988,-0.05196155607700348,10,0.13811557237947683,0.1454242172546829,41.73903754886022,-106.44243852645376,69.88846554127566,176.33090406772942,-0.8418380847738272,-0.5881792357547366,993.6440677966102,61.6263456065903,45.55431167847891,16.94915254237288
29,BASELINE,7,210,270,60,30,4.0,2.0,3.049412574303763e-13,1.157610811415199,2.422219089349653,-0.03006736789963327,5.008535652364543,3.1600747333272716,-0.97922837167317,0.0037103143317887602,0.013024410391589492,0.8531513372049918,-21.90925160600334,1.4623005881730933e-06,1.902096152305603,0.03139056637883186,3.979706287384033,3.10718597647667,-1.0531538724899292,-0.0669720247387886,8,0.31697997759252455,-0.010498839932380788,42.49545701329825,-114.7881115664409,69.88846550912857,184.67657707556947,-0.7735189133955154,-0.5951146477603042,999.7351694915254,91.72982925871413,126.18978484635342,32.20338983050847
29,BASELINE,8,240,300,60,30,4.0,2.0,3.434289889507151e-13,1.2870600689860043,2.9448545782187807,-0.02628273720155505,5.871225959834447,3.127847401222533,-0.5024537418295676,0.059331862978788265,-0.009485958131619057,0.9232513934818544,-21.90925156751562,9.059905892172537e-07,1.9177223443984985,0.3211832046508789,4.282362937927246,2.561878482398258,0.3654897212982178,-1.1131998300552368,9,0.46161574157038326,-0.05240869237600663,38.745838550209115,-114.78811156664172,70.20538087054813,184.99349243718984,-0.6883868710811725,-0.6047615679175599,1028.782894736842,124.88797553045636,217.61103359426488,47.368421052631575
29,ANGER,0,0,60,60,30,3.0,5.0,2.6053233644537005e-13,1.4061441620410011,2.7292564017812992,0.04228462088953222,6.573852857687967,3.0531414495314744,-0.14599272685267328,-0.34349955586387687,-0.007051823112239773,0.922940629635725,-21.90925165041225,-4.450480162176973e-07,2.4684393405914307,0.1845376193523407,5.082810401916504,2.8067897898663468,-0.4362831115722656,0.41009521484375,8,0.5480601198984638,-0.0038649876452070114,54.677956341209075,-303.09774089096425,256.3062196163022,559.4039605072664,2.2601980014687335,-0.39837313302949534,867.8768382352941,152.57893188006003,156.47139166180534,41.17647058823529
29,ANGER,1,30,90,60,30,3.0,5.0,1.0658141036401503e-13,1.4461792465735004,4.366103101233421,0.22367812883850036,7.4543477684279935,2.874159944012063,0.017390572660918924,0.03976820000251698,-0.001606835505851648,1.0743529723761958,-21.909251804363148,3.178914482759865e-07,1.2628065347671509,-0.27345040440559387,2.8998818397521973,2.5611001189862144,-1.8255056142807007,-0.049728602170944214,8,0.19374215782666804,-0.18401452957172199,49.02990915383946,-346.83229987276553,256.3561222914341,603.1884221641997,6.7453437065882955,-0.49249127330178494,799.0154109589041,166.20449975890108,138.21723447620417,30.136986301369863
29,ANGER,2,60,120,60,30,3.0,5.0,1.2434497875801753e-13,1.6123167875843563,4.435949083717361,-0.0962589379227552,7.87753146755108,3.0242521989439153,-0.319433346687664,0.25049501126340473,-0.0022804737298067253,1.2064424271000251,-21.909251786599583,2.28881845032447e-06,1.7859305143356323,0.1477060467004776,5.557397842407227,2.686479565890647,-0.372326135635376,-0.3639606833457947,4,1.2190360885625597,0.3040188824481872,37.683026598719266,-346.51473530521844,256.5971392753813,603.1118745805998,19.23472477773787,-0.8155293523439455,909.423828125,234.53499313440904,185.2544100111288,39.0625
29,ENTHUSIASM,0,0,60,60,30,9.0,7.0,-8.289665250534502e-14,1.5881913525264624,3.445655777917267,-0.0722653379988003,6.933685241737919,3.0751791138263807,-0.1917410802952526,-0.06590321116188591,-0.0019125088289538288,1.034755944841547,-21.90925199384121,-1.1761983387259534e-06,4.3857035636901855,-0.2603722810745239,7.522741317749023,2.215648986360966,3.920616626739502,1.3663408756256104,7,0.8846203842999769,-0.14276519374355523,53.55517346483317,-270.047347938953,291.3957747722974,561.4431227112505,2.894575533966349,0.10575255603681596,942.5403225806451,186.8965312918103,228.44268246122914,35.483870967741936
29,ENTHUSIASM,1,30,90,60,30,9.0,7.0,-1.2138438402568377e-13,1.3650172583305653,3.0554331033386006,0.031234404305990893,6.225374518139404,3.057150320829439,-0.3458160845359779,0.03457538688500487,-0.011351429469668273,0.950084757395429,-21.909252032328943,8.265177484645392e-07,1.263290286064148,0.36788293719291687,4.073470115661621,2.8501622136795226,-0.470508337020874,-0.815153181552887,7,0.4117432681612874,0.03411693188595367,39.558912839889864,-169.00846859930363,228.74657078000615,397.7550393793098,1.4326740969608895,-0.16781449656223263,933.2837301587301,179.98214686097086,216.13318155095646,44.44444444444444
29,LIKING,0,0,60,60,30,8.0,6.0,-1.2138438402568377e-13,1.1416972535465442,3.3164444264549786,-0.26348982829986767,5.730635498577641,2.7058825007353056,0.1637041611334924,0.5292019930807335,-0.0028761401085723557,0.8482939644622576,-21.909252032328943,-4.736582468467532e-06,2.5020716190338135,0.02715153805911541,3.9797744750976562,2.9884359993211964,-1.278624176979065,0.14171786606311798,22,0.17829277465676208,-0.1214628009490268,55.14505861400685,-485.0689651278237,249.27359815680933,734.342563284633,11.048796745698196,-1.4324628344125705,959.5286885245902,215.43955357961707,212.82909565736855,55.73770491803278
29,LIKING,1,30,90,60,30,8.0,6.0,6.246854885224214e-13,1.2858279996410573,3.5783589873830124,-0.442018707954972,6.115811465897991,1.3851711992453093,0.4819134912714498,0.47883371263535407,-0.007424850853290514,0.8868484923812989,-21.90925128625926,-9.600321391189937e-06,2.112727165222168,0.06543701887130737,3.859646797180176,3.1832325346402914,-0.7294807434082031,0.22366192936897278,65,0.12188313941745793,0.38747320520139944,46.48070149391988,-119.40677089894385,130.2257075654387,249.63247846438256,-0.8160819413054639,-0.4124025844732435,1064.4886363636363,86.84311056308802,75.2659732185603,49.09090909090909
29,FEAR,0,0,60,60,30,3.0,4.0,1.6579330501069003e-13,1.295224194002411,2.907903731610162,0.10987189239450856,6.693694148577833,2.8690268127097074,0.6618340665990816,-0.49951757045232187,-0.003921029824310188,1.0264940743537918,-21.909251745151263,-6.35782896551973e-07,1.4636479616165161,0.2154703438282013,3.2815699577331543,3.175301104251609,-1.369049072265625,-0.31493374705314636,15,0.05364622155870801,-0.6049554275751514,40.01427908377531,-312.93445475183506,143.29384631091946,456.22830106275455,6.348322956920347,-1.2916486294344425,1006.4655172413793,541.645852565569,781.3322325143059,20.689655172413794
29,FEAR,1,30,90,60,30,3.0,4.0,7.519910620127727e-13,1.3626324797239524,2.8213834567480944,0.1308026021252573,6.21042371857925,3.01314880826273,-0.18768281142508458,-0.27704215184741554,-0.0023801597585007238,0.9679783701676973,-21.909251158953772,7.629394644936838e-07,1.9041017293930054,-0.019444556906819344,3.450209617614746,3.290204951361382,-1.1789995431900024,0.13578258454799652,37,0.03969025854742901,-0.06331210605442544,36.33095268383397,-98.03492787320724,66.26677851155159,164.30170638475883,-0.6743831348187421,-0.6111440507399538,995.4978813559322,531.7493441723849,770.3659949425294,11.864406779661017
29,FEAR,2,60,120,60,30,3.0,4.0,5.47710025481744e-13,1.441901515414362,3.561536285857869,-0.07809371027391876,6.970497565077238,2.959548948554701,-0.23367447849123213,0.14800226809566266,-0.002560866959623975,0.9146465277583435,-21.909251363234677,-1.8119811784345075e-06,2.149684429168701,-0.20028382539749146,3.6141157150268555,3.122565188430263,-0.9529821872711182,0.5495380163192749,22,0.0649152659577033,0.08804518364956578,44.50995506380433,-117.13129209390104,76.18847000429598,193.31976209819703,-0.7836109466618186,-0.5573889711449082,966.188524590164,65.74767352882954,84.38464451051901,14.754098360655737
29,AMUSEMENT,0,0,60,60,30,7.0,3.0,-2.2500519965736504e-13,1.2135892226323968,2.576285982987514,-0.05189358168777858,5.936997635054553,2.9485766436860064,0.14470068040464046,-0.14390128437659222,-0.004533168563765234,0.8579949089918585,-21.909252135949778,-7.94728578057402e-07,1.9565171003341675,0.07365661859512329,3.568371295928955,3.282684380727763,-1.0793981552124023,0.11363773792982101,36,0.025796029813808036,-0.09960884563461506,40.72893602561782,-286.24831153716144,162.89991593096119,449.1482274681226,4.466465799630148,-1.177821226968472,988.082627118644,148.83649254836646,124.79778902909989,35.59322033898305
29,AMUSEMENT,1,30,90,60,30,7.0,3.0,9.059419880941276e-13,1.3164797540721629,3.8492482777449766,-0.03384454783237345,6.953435195241298,2.9003225929637497,0.14859826563162182,0.1871623143085765,0.019013355456258697,0.9399797881587945,-21.909251005002975,-7.94728578057402e-07,1.5801235437393188,0.1502292901277542,3.4443399906158447,3.0035050620204746,-0.8095204830169678,-0.45966923236846924,3,0.08236331884226301,-0.029371131041092118,41.5247462928339,-153.40434477153858,192.2101917905941,345.6145365621327,0.5272250123487501,-0.38953107194696546,1022.7521929824561,108.37674937629752,125.86891077979843,29.82456140350877
29,AMUSEMENT,2,60,120,60,30,7.0,3.0,-7.13503330492434e-13,1.2617907403048678,4.354762637496634,0.053483585680780266,7.557177026146178,2.6467401917665088,1.1601540259193888,0.18216889398095246,0.008868816323216507,0.9123048150457718,-21.909252624448136,-3.814697322468419e-07,1.835234522819519,-0.32811981439590454,3.095348834991455,2.9367882774644247,-1.1710190773010254,0.613754391670227,5,0.07547481492646047,0.338051675018754,48.99600009668952,-153.40434476938503,192.21019178865373,345.61453655803876,-0.2670094953105022,-0.423521939240241,1010.2370689655172,118.58366857481612,134.41133229754104,29.310344827586203
29,SADNESS,0,0,60,60,30,4.0,4.0,4.588921835117314e-13,1.2331021038073506,2.2916391097474786,0.018160019105906144,5.293212175124751,3.0475525451759666,-0.477946131867133,-0.3665888150690788,0.011766966656820733,0.8479787415304579,-21.909251452052473,6.039937261448358e-07,1.86984384059906,-0.21869657933712006,3.2256827354431152,3.1436849692039464,-1.111258625984192,0.4275680482387543,8,0.08810924453729571,-0.004040254734544864,48.377003762674995,-223.21111923770587,296.8911981977527,520.1023174354586,2.908202907852518,-0.0448847944869219,944.4444444444445,137.9328373880865,146.18543084566346,22.22222222222222
29,SADNESS,1,30,90,60,30,4.0,4.0,-3.878379099357213e-13,1.0631734737849903,2.567787377042663,-0.005216355783588256,5.073093940724505,3.0007014792481272,0.07019921395062623,-0.21166391191501951,-0.002047825477196082,0.696640392611102,-21.909252298782537,2.9881796308472985e-06,2.1880855560302734,-0.16604024171829224,3.425387382507324,3.0720101968831544,-1.027626872062683,0.4946945905685425,52,0.034513566589315266,-0.08798362007308894,41.533028689593834,-103.99860063751944,65.68801896165186,169.6866195991713,-0.8380733234736666,-0.5983733799944785,1034.265350877193,39.99321978093431,33.60283307438526,8.771929824561402
29,SADNESS,2,60,120,60,30,4.0,4.0,5.092222939614052e-13,1.2048599764913714,2.2012124378136377,0.09639161108765393,4.289894883513767,1.9279755386104873,-0.2869929113958758,-0.0765109594368752,-0.001486170927073944,0.8384277238923235,-21.90925140172239,5.118052285979502e-06,2.02423095703125,0.21714533865451813,3.7761197090148926,3.2325219638563314,-1.0632418394088745,0.03853071853518486,50,0.0627995859730387,-0.15161094072196737,42.07984913665545,-115.86969921891226,65.16027977540944,181.0299789943217,-0.774542373603035,-0.6050022533157274,1054.8295454545455,30.647066536449493,33.95417919376379,10.909090909090908
29,NEUTRAL,0,0,60,60,30,6.0,2.0,-4.588921835117314e-13,1.2884189944010398,2.9867434754550004,0.13735275044659545,6.7748725039876945,2.8923633981376615,0.47986955917938,-0.4896807775389303,0.00011371985481713576,0.8674919490783161,-21.909252369836842,6.35782896551973e-07,2.106024742126465,-0.28020891547203064,3.6400036811828613,3.233005724878264,-0.9347174167633057,0.40508559346199036,19,0.05793774441660583,-0.06927465334536177,34.37484755903523,-236.93699848718342,142.03053679050177,378.9675352776852,4.117098819115836,-0.8182364164287668,953.6372950819672,178.12881970307745,157.26234550107665,37.704918032786885
29,NEUTRAL,1,30,90,60,30,6.0,2.0,3.434289889507151e-13,0.9951489408069107,2.3388858030159554,-0.08490055252536877,5.33286307656482,2.795002289275026,0.5557768985950347,0.10144165475669567,0.004884745214157493,0.7198763312672113,-21.90925156751562,-1.144409225162235e-06,1.848637342453003,-0.2356422245502472,3.310861587524414,3.227152125268889,-1.2969268560409546,0.28500768542289734,48,0.04615640450345165,-0.031008534139848158,29.400799848488408,-73.5202099504399,57.78176497058245,131.30197492102235,-0.8701457486844197,-0.4162762120374967,1081.3078703703704,115.71419102808767,124.63094103096611,31.48148148148148
29,NEUTRAL,2,60,120,60,30,6.0,2.0,-2.723747153747051e-13,1.3537459589943017,3.1236803952680248,-0.08559442809250584,6.9098803795832,2.9465703507416197,-0.07159538114253472,-0.07804249202355157,0.0008847047501160718,0.8865649806029728,-21.909252183319307,1.748402951307071e-06,1.831573247909546,-0.024179376661777496,3.490708351135254,3.2961574659771364,-1.2248173952102661,0.07747800648212433,56,0.054041773601830836,-0.0649650660915264,28.402118978741857,-67.96769924915424,48.991694771628374,116.95939402078261,-0.9577834489383497,-0.4306640010075259,1087.3842592592594,42.22390097553628,40.94800833731053,20.37037037037037
29,AWE,0,0,60,60,30,7.0,2.0,-2.753353101070388e-13,1.6092380348558077,3.3254347692661668,0.35403913375837703,7.7265696624166935,2.786099434285308,0.14077955885821813,-0.5753004481428187,-0.02315197349594105,0.9327661048561647,-21.9092521862799,7.947286206899662e-08,2.0478973388671875,-0.15686355531215668,5.449563026428223,2.723081697766987,0.7573175430297852,-0.25481048226356506,6,0.8162669237902517,-0.030200565767112986,30.848338336206783,-154.75156772366122,96.70923969847783,251.46080742213906,-0.1468170073139441,-0.5155723405276134,960.297131147541,234.55850056979216,176.5117921285053,34.42622950819672
29,AWE,1,30,90,60,30,7.0,2.0,-9.97720424796474e-13,1.4903229124653343,3.632992169620053,0.2614510799379133,7.765535833843984,2.8270112674688206,0.32267673122251717,-0.571309379425554,-0.005733167821536214,0.9323121630455986,-21.909252908665476,-1.1761983387259534e-06,2.4063572883605957,-0.3829282522201538,3.40262508392334,2.7365320603094627,-0.15117502212524414,1.1119540929794312,9,0.36508261469164743,0.0772699531610071,28.703207542044616,-76.99738898914407,56.62160464900371,133.61899363814777,-0.8046585265579957,-0.44401462768727756,1077.5568181818182,81.6321384568627,92.78048066588464,25.454545454545453
29,DISGUST,0,0,60,60,30,7.0,3.0,2.102022259956963e-13,1.3344725337383279,3.210874022136778,-0.16430577150750025,5.941509511144005,3.0289124878029283,-0.5090703039754967,0.045591346088442126,0.006471816470086742,0.8962172171539564,-21.90925170074235,6.35782896551973e-07,3.211322546005249,-0.1945524960756302,5.395469665527344,2.807104502389808,-0.014616727828979492,0.5415010452270508,10,0.5760401106319755,-0.11802493446732669,58.2329627131566,-194.5408586798073,263.309411799843,457.8502704796503,0.1397707525695595,-0.24471200500601642,944.8084677419355,121.8453667583735,152.1753548609274,32.25806451612903
30,BASELINE,0,0,60,60,30,6.0,3.0,5.921189464667501e-14,1.5286026384629263,3.1640506358208143,0.21210545117149593,7.0584724172086055,2.995533188804363,-0.35366867802253443,-0.2886321146758887,-0.01088099959087177,0.8677485855858014,-21.94256607979052,6.357829107628277e-08,1.760994553565979,-0.08478669077157974,3.6360325813293457,3.263062934290785,-0.9986529350280762,-0.1162262111902237,7,0.28339564690881514,-0.050991250478444584,24.033754276531077,-91.0676447876062,125.33769844575889,216.4053432333651,0.34676201052505773,-0.27625055698132317,837.0535714285714,163.5212870225886,210.72562158071742,44.285714285714285
30,BASELINE,1,30,90,60,30,6.0,3.0,4.648133729763989e-13,1.5076076338413278,2.7210361843849284,0.1969971005529203,6.957708896639758,3.0271640931969745,-0.010052482258981588,-0.6404656712548585,-0.0006805432107893643,0.8579837477152902,-21.94256567418915,8.265177484645392e-07,2.374284029006958,-0.30789074301719666,4.1891045570373535,3.084289238761183,-0.8385546207427979,0.3710310161113739,7,0.5480702483997548,0.14108078761880702,24.800241445243746,-77.88191670498246,50.40574373339655,128.28766043837902,-0.8024330638852151,-0.5275397343608995,828.7946428571429,143.1421189934782,182.35312111117128,34.285714285714285
30,BASELINE,2,60,120,60,30,6.0,3.0,-1.0658141036401503e-13,1.2520140521054688,2.8491129360503464,-0.02939180797270069,6.14519177841828,2.981965330681945,-0.39601950451589696,-0.19154141177599246,-0.015611739458234008,0.8180504829163099,-21.94256624558383,-1.0808308843479608e-06,3.5020294189453125,-0.00464648799970746,5.060610294342041,2.759679310820066,1.2321629524230957,0.8988479971885681,7,1.144620945908135,0.09570625939694626,25.001596360413643,-64.60893706591389,47.537070447856465,112.14600751377036,-0.894861334360296,-0.5648317221061291,835.9375,128.23458772197395,155.02235112339798,34.285714285714285
30,BASELINE,3,90,150,60,30,6.0,3.0,-6.483702463810914e-13,1.2983938914657556,2.5461918284868545,0.19101479384886488,6.60928816167754,2.8923182838293116,0.32810804158792983,-0.4882462109353,0.0037627409815729797,0.7301022522605638,-21.942566787372872,-1.5894572413799324e-07,2.926621198654175,-0.15808987617492676,4.226372718811035,2.905931240808559,0.1304473876953125,0.7727420330047607,7,0.9829730881949119,0.14245788117034625,32.16201753717797,-202.9752535822755,101.7787823403985,304.754035922674,3.4788071271169665,-0.9951672143242387,870.5690298507462,123.35584090972162,179.4557547077476,38.80597014925373
30,BASELINE,4,120,180,60,30,6.0,3.0,-1.1250259982868252e-13,1.384822910691006,3.8494923599117215,-0.15505843941667763,7.6332152460409475,2.8071218468769845,0.14633021464860407,0.17381292610486299,-0.003082767336162205,0.8368924999357028,-21.94256625150502,-7.311502940865466e-07,3.2708845138549805,-0.06292867660522461,4.5008697509765625,2.7636800350541493,1.1842093467712402,1.0918041467666626,5,1.1813453432297185,0.050502611077464635,33.14325315917235,-202.97510451288403,101.77875742666976,304.75386193955376,3.041754014096016,-0.9115654173257787,876.1488970588235,126.28525859317259,180.17606762594542,35.294117647058826
30,BASELINE,5,150,210,60,30,6.0,3.0,-3.552713678800501e-14,1.491538831445744,3.9876692843826334,-0.03841966632300853,7.704283815741775,2.972437584539469,-0.2835266541245054,0.08914356415955657,0.010318981611658439,0.8759927303215749,-21.942566174529553,-1.9073486328125e-06,3.9743173122406006,-0.12080804258584976,5.388561725616455,2.6286912291383335,2.8296494483947754,1.3434035778045654,5,1.2781004535797749,-0.039277664375675155,36.32678547252333,-278.2900841216232,288.33452123465855,566.6246053562818,14.703582369595711,0.35627719291915755,905.5288461538462,135.24402093926264,199.05592304185996,33.84615384615385
30,BASELINE,6,180,240,60,30,6.0,3.0,8.408089039827852e-13,1.36161019721499,2.5988962680152383,0.06929098329457872,6.0742930915282045,3.0668734636476414,-0.31515507231783113,-0.23211687420299734,0.001027819145825117,0.8768062725561675,-21.942565298193863,-2.384185791015625e-07,3.5807437896728516,-0.24473604559898376,4.801278114318848,2.7114921100475895,1.838305950164795,1.3399327993392944,8,1.0556876973674791,-0.02580437518918507,35.01555693738876,-278.3675121467644,288.31175378120827,566.6792659279727,17.205848644922213,0.4149508768158638,900.4807692307693,118.5007545276307,173.02527023711016,27.692307692307693
30,BASELINE,7,210,270,60,30,6.0,3.0,4.2928623618839385e-13,1.1860698612382174,2.568202300016509,-0.004140343071767916,5.262901711338941,3.1179566121510742,-0.45041727032782086,-0.1303915981187545,-0.007263838196568901,0.8767699277227793,-21.94256570971627,7.94728578057402e-07,3.8513684272766113,-0.311771035194397,5.141249179840088,2.6408931896798933,1.5042567253112793,1.2579026222229004,7,1.2200131560370333,0.22169550115307507,27.870786964202157,-127.78717389608772,145.840446041758,273.62761993784574,1.8112586185811628,-0.2571642106676965,827.4647887323944,134.57824692730307,188.10356724136992,30.985915492957744
30,BASELINE,8,240,300,60,30,6.0,3.0,-1.8059627867235878e-13,1.288513622034723,2.919129893452066,-0.01131570138390714,5.35966469870317,3.1689622678851608,-0.5841363730163227,0.10485052825958753,0.005083404155830428,0.8767699277227478,-21.942566319598708,-6.35782896551973e-07,3.1135382652282715,-0.12993410229682922,4.5704216957092285,2.9486864548998577,0.4417755603790283,0.8649186491966248,7,1.1118190092176097,-0.12461028156887068,28.361720332590362,-127.78862102171142,145.84044154272277,273.6290625644342,1.6585479074171676,-0.28085281464927025,813.1510416666666,145.00555619742644,198.05078696271138,33.33333333333333
30,ANGER,0,0,60,60,30,2.0,5.0,-2.3684757858670007e-14,1.3523862412276029,2.8362628152606817,0.022813746392813528,6.486395381035948,2.954551899239128,0.3976487268167328,-0.4580010288357646,-0.0010664421360693733,0.9591147960076837,-21.94256616268717,2.702077210869902e-07,4.647651195526123,-0.3413567543029785,5.511655807495117,1.9315482402368087,8.864410400390625,2.8910295963287354,7,0.7760203887533843,-0.11344647773485271,43.21681754128483,-395.924946947286,185.809395439583,581.734342386869,16.25009513628154,-1.5494158289605455,852.1286231884058,203.2589297960277,268.76255741866385,21.73913043478261
30,ANGER,1,30,90,60,30,2.0,5.0,2.1908401019269757e-13,1.2010507598764208,3.12950415925215,0.05598779137194754,6.789325954421344,2.8147440631055893,0.7322753038905945,-0.27757774065230595,0.008768388038224986,0.8574827732392895,-21.94256591991843,1.2715658215256553e-07,2.791433334350586,-0.3384527564048767,3.88472318649292,2.8536231238692555,0.03829693794250488,0.996961772441864,5,1.4706725166175076,-0.016018053132016385,62.77536276113406,-429.52967822313605,302.50815444524494,732.037832668381,10.651696700324468,-1.0402122244052794,887.1268656716418,257.6771754509127,383.44731301191905,50.74626865671642
30,ANGER,2,60,120,60,30,2.0,5.0,2.0132044179869504e-13,1.0937847066713837,2.707787131169681,-0.3008478782000168,5.458057798087879,2.540242594609372,-0.479188158739706,0.0531271866397433,0.020133874017287556,0.8479524380727959,-21.942565937681994,-1.2119610914851364e-07,3.0640764236450195,-0.22140125930309296,4.6885986328125,2.840519233230113,0.674767017364502,0.9293822050094604,5,1.9174944994061558,-0.07906261193224859,55.77096053077675,-429.5296781855931,302.5081545196341,732.0378327052272,12.557261747483963,-0.767025517443675,936.0119047619048,264.0446686709872,359.4188262196751,74.60317460317461
30,ENTHUSIASM,0,0,60,60,30,5.0,2.0,-3.5823196261238383e-13,1.1951996597402466,3.142027848985407,-0.006120902822814855,5.4739312852916555,3.0751122936264976,-0.14092225634756606,0.3273970972056396,0.0001521978045770736,0.8262933357844824,-21.94256649723444,2.8610230629055877e-07,1.9436030387878418,-0.03108545020222664,3.651167869567871,3.266154373374367,-0.9287755489349365,0.141497403383255,6,0.28766880157178093,-0.3410307363261037,31.526524274058946,-198.69945306099143,142.6716004534064,341.37105351439783,6.59581629966884,-0.9641936269403271,907.9326923076923,140.57407598252726,233.38004961562964,30.76923076923077
30,ENTHUSIASM,1,30,90,60,30,5.0,2.0,3.4935017841538257e-13,1.2034300087738803,2.767719035078642,-0.043299051743872496,5.318933696485573,3.109091928314415,-0.7300999151150087,0.1230263885983841,-0.0001692776464838404,0.8473178071030578,-21.942565789652296,1.716613724056515e-06,1.7903803586959839,-0.021709993481636047,3.459211587905884,3.2976361627184256,-1.2518396377563477,0.06509504467248917,4,0.1607063526746273,-0.0672260639153785,32.4699039789441,-221.1968260560731,110.20749580885206,331.4043218649251,5.886317923383801,-1.1967850170109224,899.5192307692307,141.19268097020924,216.03893409504195,43.07692307692308
30,LIKING,0,0,60,60,30,7.0,4.0,-6.276460832547551e-13,1.4899296276291576,2.984579904578055,0.28093940341840096,5.802994845826248,2.9907198046123975,-0.4835517714000592,-0.19379394988982093,-0.0015703757050735314,0.7431396287869868,-21.942566766648696,1.4623005881730933e-06,2.525434732437134,-0.15871800482273102,3.964912176132202,3.116151955971051,-0.30734753608703613,0.6775081753730774,7,0.4660864738501102,-0.2527074047824724,50.53432369446052,-395.82327910079243,556.5498925000111,952.3731716008035,35.54866472539512,1.7506610542746945,914.55078125,170.30007031059225,238.24516299075637,54.6875
30,LIKING,1,30,90,60,30,7.0,4.0,6.77976193704429e-13,1.6615235971050035,4.01960420151255,0.23829272168249815,7.903204375843131,2.9763678311982686,-0.3267247863763383,-0.03592522477657626,0.008180016732361784,0.7202653484969959,-21.94256546102645,8.336703103850596e-06,2.0580239295959473,-0.15479815006256104,3.892927646636963,3.1814459453736372,-0.5243639945983887,0.4603637158870697,7,0.6147752395478424,0.09978412252278741,41.225864027011134,-344.98482308788033,262.52304055198636,607.5078636398666,19.213189261331227,-1.057492379139967,1011.5840517241379,565.4055103302446,839.7224578366208,63.793103448275865
30,FEAR,0,0,60,60,30,4.0,3.0,-7.312668988864364e-13,1.0414423913819055,2.604543926245384,-0.3363094119183785,4.780806715442765,2.82448239485168,-0.8438933391285328,0.3615281389537208,0.0027511152087591295,0.7202520529184133,-21.94256687026958,-7.94728578057402e-07,2.6457653045654297,-0.17060573399066925,4.064081192016602,3.0810870967774906,-0.39532947540283203,0.5925669074058533,11,0.05115168630324943,-0.056234300553984054,34.999374858481076,-213.44866970068836,228.01309816950697,441.46176787019533,10.400847483154976,0.1417182059600399,919.921875,180.0456876817042,252.49100005569898,73.4375
30,FEAR,1,30,90,60,30,4.0,3.0,-2.871776890363738e-13,1.0146280655785995,2.5583897324523264,0.04319070478935316,4.524733173128936,2.9134409858068153,-0.21474373684214543,0.17454593716172576,0.002042812970692121,0.7430966740455895,-21.942566426180143,-1.9073486612342094e-07,1.974921703338623,-0.16226409375667572,3.5660016536712646,3.2796953850577633,-1.012235403060913,0.3109546899795532,35,0.03602678831299962,-0.03775033952787518,21.597383140002318,-62.73476421832606,82.68153795908894,145.416302177415,-0.5349457900626753,-0.4659343955811064,852.5815217391304,161.8810296203946,207.6178738108434,47.82608695652174
30,FEAR,2,60,120,60,30,4.0,3.0,2.0724163126336254e-14,1.1457561907873008,3.0283355551731006,-0.082413351535493,5.550390869157695,2.924392529981094,0.17087543086142043,0.15570202587562273,0.0018542601719928936,0.8078068211435361,-21.94256611827825,8.583068620282575e-07,1.8274643421173096,-0.12962552905082703,3.4441497325897217,3.2630552560890598,-1.3162211179733276,0.20285166800022125,32,0.05695631845624892,0.13716158353802232,40.70527732262387,-579.3388433972355,331.5475998010381,910.8864431982736,65.34805250651318,-4.064644598684371,848.2789855072464,165.36165960505485,220.66194387402805,53.62318840579711
30,AMUSEMENT,0,0,60,60,30,2.0,6.0,-4.7369515717340014e-14,2.2786944229830954,4.285298633707413,-0.18354095203960696,8.528704377590657,3.010664679127757,-0.6385280049417354,0.03994891029004695,-0.006291919906211194,0.838427723892288,-21.94256618637193,1.5894572769070692e-08,4.444973945617676,-0.2394440770149231,5.70341157913208,2.2992423299755194,5.074794769287109,2.1665568351745605,6,1.2701543917237852,-0.8119017919770453,59.118669343252,-473.0004066250846,302.64834258361253,775.6487492086972,9.243021090681367,-1.0699716528408125,883.9962121212121,195.13810687475163,245.46671108319353,63.63636363636363
30,AMUSEMENT,1,30,90,60,30,2.0,6.0,3.730349362740526e-13,1.4600229780876866,3.4399364842563784,-0.06286161572610638,7.1997220687691765,2.9365981029055677,0.14102968269401694,-0.009710635730799779,0.0016337463111795237,0.9327661048561925,-21.942565765967547,2.5431316430513107e-07,3.844632387161255,-0.04421566426753998,5.328182220458984,2.6625504726895057,2.281721591949463,1.1589727401733398,5,1.2925521199201297,0.0436133912046847,38.151933679986314,-473.0004128457733,220.20191316630098,693.2023260120743,30.066295949039713,-2.522304410119127,897.1153846153846,151.58797676933892,206.56086007764304,46.15384615384615
30,AMUSEMENT,2,60,120,60,30,2.0,6.0,3.848773152033876e-14,1.4456307881285695,3.1500596551488513,-0.10901726392482658,6.9171195486447346,2.963870812544252,-0.36721174182530136,0.15289977311835581,-0.006186880956344768,0.9418067021184233,-21.942566100514682,9.377797596243909e-07,3.595012664794922,-0.16985996067523956,5.0005598068237305,2.7847881693565864,1.3627166748046875,1.1789432764053345,5,1.2809115170420529,0.016609466121965004,30.020179156196917,-223.97735492936167,84.43808299521399,308.41543792457566,1.8733609993091767,-0.955880502574456,928.3234126984127,140.53074015634962,206.66121640727727,49.2063492063492
30,SADNESS,0,0,60,60,30,3.0,5.0,2.4868995751603507e-13,1.2798699812766252,2.334722933412081,0.007833077900798457,6.65344401766319,2.8660708132204356,0.6433375604905223,-0.47667776037228593,0.005686142417329213,0.9493440159518571,-21.942565890312487,5.722046125811175e-07,3.495835065841675,-0.14160121977329254,4.733689308166504,2.7320329191621946,0.5177552700042725,0.9221433401107788,7,1.4305512892825154,0.8441344641988031,55.94713489105702,-422.1881075962714,471.4734808610241,893.6615884572955,12.80555361216566,-0.015176049480967084,953.125,545.1311482111438,799.4978282295393,60.65573770491803
30,SADNESS,1,30,90,60,30,3.0,5.0,-1.8947806286936006e-13,1.027451087870967,2.2399448995095383,-0.07130090215348162,5.286501835600177,2.8919749848165743,0.031182095662700693,-0.16432693233210496,0.01329654210863039,0.6954330426697303,-21.942566328480495,2.8610230629055877e-07,2.579110622406006,-0.4369494318962097,3.8449225425720215,2.978364550585456,-0.3614635467529297,0.8899797201156616,8,1.0972827294386722,-0.058006830325208474,35.59904981875127,-99.667208958443,55.48731165662364,155.15452061506664,-0.7128847353752685,-0.6877588361075275,933.0357142857143,460.0368676213381,680.2419989734085,61.904761904761905
30,SADNESS,2,60,120,60,30,3.0,5.0,-6.306066779870889e-13,0.9745706461039625,2.029281803019245,-0.012021478329060642,4.651772137095378,2.997508272532395,-0.2869724513339569,-0.08172879828435142,0.0009531345538716283,0.5922777039582193,-21.94256676960929,-4.450480162176973e-07,2.6816117763519287,0.10617751628160477,4.578176021575928,2.9960016951008135,-0.4056282043457031,-0.11112824827432632,10,1.1316480485988627,-0.08385985357451275,37.785593177033796,-94.51565156973986,66.9693652867483,161.48501685648816,-0.7738991176163124,-0.6376947976517118,920.166015625,456.73352072701886,680.582760834594,64.0625
30,NEUTRAL,0,0,60,60,30,6.0,2.0,-2.2500519965736504e-13,1.4489093684336267,3.2314998542794626,0.043248268449858074,6.508513693201223,3.062257452833457,-0.2977495927356957,-0.05051064782329526,-0.005366535438762831,0.9327661048561691,-21.94256636400764,6.993611805228284e-07,2.2158291339874268,0.0916973352432251,4.079017639160156,3.132186813244976,-0.9970204830169678,-0.07902030646800995,8,0.3239095893369912,0.5076371214827644,70.47568243307026,-544.978651078459,292.8960269080835,837.8746779865426,8.66253824667405,-1.1962880368964628,809.2447916666666,146.8084370259361,212.4420617991618,58.333333333333336
30,NEUTRAL,1,30,90,60,30,6.0,2.0,-6.42449056916424e-13,1.1554334407326827,2.8551698927955727,-0.021103858655990848,5.522066004174775,3.0326982502660265,-0.3347078178515641,-0.07719988367415422,0.007677392335883662,0.8768062725561665,-21.942566781451678,1.3351440202313825e-06,1.8691046237945557,-0.15045735239982605,3.3728528022766113,3.2498431441221847,-1.35493004322052,0.19565655291080475,7,0.1347047471261304,-0.02328261274241353,50.833377354415866,-544.9786510784807,290.0266334109502,835.0052844894308,19.377327564320105,-1.862443866644608,817.7083333333334,156.27200549268005,214.6000338206988,54.166666666666664
30,NEUTRAL,2,60,120,60,30,6.0,2.0,2.2500519965736504e-13,1.2253714024981448,2.2319179126874644,0.04657036956139393,5.584313814961206,3.06749060407556,-0.39239708659360817,-0.2885071128765668,-0.007983697148056825,0.9052468174258718,-21.94256591399724,-4.450480162176973e-07,1.8943369388580322,0.07597512006759644,3.519172430038452,3.2679972676105167,-1.1477316617965698,0.08541163057088852,6,0.2848728113998632,-0.020482554887774018,36.53881667632927,-229.2133313140494,137.6664510480103,366.8797823620597,1.3730594837778627,-0.7109398966836318,834.8214285714286,125.43999296430994,154.23290415091745,32.857142857142854
30,AWE,0,0,60,60,30,4.0,1.0,7.756758198714426e-13,1.2030831178364552,3.562068944729191,-0.028043355995066577,6.774891355277646,2.781452684774694,0.8090634811535478,-0.07818120074707934,-0.0067890734947324075,0.8479636844914173,-21.942565363326896,2.4338562525372254e-06,3.675320863723755,-0.12078049778938293,5.247631072998047,2.7452915951537076,1.7661933898925781,1.121881127357483,7,1.0572919003195878,0.08583777336330888,79.34360067775687,-935.3267374940287,706.0428095278918,1641.3695470219204,45.691206655350165,-2.147456050873874,889.2045454545455,190.47573113679837,261.8510178113619,30.303030303030305
30,AWE,1,30,90,60,30,4.0,1.0,1.2434497875801753e-13,1.2767276839639567,2.624552766864241,-0.10409921235385866,5.762943116887698,3.0518446375632062,-0.25338017153423165,0.00293808786908948,-0.009309626980803978,0.8279788661694144,-21.942566014657444,7.629394644936838e-07,3.32243275642395,-0.16986900568008423,4.822603702545166,2.8611649719839196,1.040776252746582,1.0330792665481567,7,0.8779498728114499,0.0272027964894728,44.07778600821558,-525.1442405457714,236.68313837061783,761.8273789163892,38.512143702599424,-2.6915038181368915,897.2537878787879,115.01791660118604,179.21394538694204,13.636363636363635
30,DISGUST,0,0,60,60,30,2.0,7.0,-2.3684757858670003e-13,1.4608747823765458,3.249641788166713,-0.012091921865220456,6.9794302162705435,2.9745925097251495,-0.4559068236490629,-0.14468852680973332,0.007566276752547279,0.8175366858492581,-21.94256637585002,2.098083541568485e-06,2.9339547157287598,-0.17631259560585022,4.353652000427246,2.9953137383793145,0.3754856586456299,0.8991895914077759,3,1.743522729475101,-0.01332094948622086,67.31694018030156,-735.6874777499515,338.5290261330402,1074.2165038829917,22.72094660390119,-1.9981130475461546,872.6679104477612,222.31027465239242,355.6397617695681,71.64179104477611
31,BASELINE,0,0,60,60,30,5.0,1.0,2.220446049250313e-13,1.296296057506252,2.71556791987706,-0.08353953131141623,5.658411769648097,3.025800556791381,-0.6023849555700109,0.31150391400703137,0.005003673611945055,0.9235611991633983,-21.95790481466291,6.19888282926695e-07,4.109890937805176,-0.26445579528808594,5.463715076446533,2.5320697717491676,3.6158061027526855,1.6883643865585327,6,1.234434558219865,-0.3142200765925327,67.98530144221161,-214.5715929529757,165.1279738619774,379.6995668149531,-0.7484161099562754,-0.5766106196339231,851.2228260869565,109.78810822871435,151.95144151683496,31.88405797101449
31,BASELINE,1,30,90,60,30,5.0,1.0,1.7467508920769129e-13,1.4133433159016617,3.102926392369909,-0.08374700493973819,5.882250639909614,3.1680864921998735,-0.7009521515454842,0.11367018180404184,-0.0068405530989087545,1.142461802221217,-21.957904862032418,9.854634299699683e-07,4.0699462890625,-0.13144129514694214,5.418299198150635,2.585693038325755,2.991015911102295,1.4852733612060547,6,1.3375700663517438,-0.21896155814952187,65.31836319019287,-152.29334276485923,86.12435994099303,238.41770270585226,-0.8438540254347964,-0.6499255179481909,850.9963768115942,108.83465892353861,179.81732841766032,39.130434782608695
31,BASELINE,2,60,120,60,30,5.0,1.0,1.3322676295501878e-13,1.476706412108857,2.845116826139815,0.2030313198286393,6.747924370758085,3.0930687582540495,-0.2660288104220787,-0.36808474762153265,0.0008264221510370291,1.0019730280208206,-21.95790490348074,1.9311905816721264e-06,3.3815104961395264,-0.3210642635822296,4.644100666046143,2.729953750811992,1.2191319465637207,1.3183614015579224,8,1.289674844769211,-0.008535129811474447,70.63062096062984,-282.9614640508281,174.198265219502,457.1597292703301,-0.5657960338325028,-0.6508346413419462,828.5651408450705,123.82178628396262,186.46477609246816,43.66197183098591
31,BASELINE,3,90,150,60,30,5.0,1.0,-6.750155989720952e-13,1.4467964163310674,3.492769658252115,0.16144548777852208,7.811872083306071,2.7884035025672103,0.4433455350132238,-0.42175077367200225,-0.006385299488433878,0.886525419887241,-21.95790571172332,4.76837158203125e-07,3.2119083404541016,-0.3274564743041992,4.291851043701172,2.6580721512604617,2.045607566833496,1.6260876655578613,5,1.3960654487219635,0.3230890832869313,70.12094566841282,-282.96146410900747,174.19816868273813,457.1596327917456,-0.544603434786092,-0.6466277804029034,825.0868055555555,116.14897480435418,170.0042233578538,40.27777777777778
31,BASELINE,4,120,180,60,30,5.0,1.0,6.335672727194227e-13,1.0808064806502558,3.1567122299811956,0.048918968084876724,6.262355978557821,2.7291917434884527,0.8605814342856775,-0.22461545541370273,-0.004042329369153672,0.8574529919720053,-21.95790440314042,-9.5367431640625e-07,5.014221668243408,-0.08144933730363846,6.244164943695068,2.1762686644751863,8.874003410339355,2.429163694381714,4,1.2929096741982484,0.1865164786090266,63.44482484004457,-163.88006136613848,111.08635556294642,274.9664169290849,-0.832319154551648,-0.6413348627626599,831.25,83.85254915624212,129.09396329300472,27.142857142857142
31,BASELINE,5,150,210,60,30,5.0,1.0,7.283063041541026e-13,1.1800808285217,2.088316400876522,0.22294965623217422,5.105535350605095,3.0632013705656997,-0.48419764559369716,-0.5342373905869995,0.0019479950702971092,0.8075390237203754,-21.957904308401453,6.039937261448358e-07,5.896116733551025,-0.24569155275821686,6.771836280822754,1.6461165114793466,17.905569076538086,3.9737772941589355,3,2.100206472067016,0.16281572907281783,66.34761056798195,-217.55064343482945,140.08768113382718,357.6383245686566,-0.746095525110892,-0.6061098562329945,810.1455479452055,110.56738536898878,174.0218665169457,41.0958904109589
31,BASELINE,6,180,240,60,30,5.0,1.0,2.960594732333751e-13,1.178599962484038,2.4299684620004314,0.13833976933987913,4.852809901038313,3.1147747556827783,-0.8364397705165754,-0.2507275957078124,0.002642467466130917,0.8075390237204078,-21.95790474064806,-3.735224538559123e-07,4.594040870666504,-0.3273940980434418,5.358567237854004,1.8270575649150422,6.371009826660156,2.5233073234558105,4,2.2373798987887055,0.40737555272386344,66.9263464408968,-217.55103389480718,140.08767871661956,357.63871261142674,-0.628893960725375,-0.6309112458025293,824.9080882352941,115.59659618377906,170.60888817374257,45.588235294117645
31,BASELINE,7,210,270,60,30,5.0,1.0,4.233650467237264e-13,1.4108430690671956,3.4104496093647185,0.019273266961050695,6.382209883003043,3.0993982773735396,-0.624287839860191,0.08822666814698746,-0.014128903137785294,0.959403485125501,-21.957904613342535,-3.1789145538141383e-08,3.5780155658721924,-0.324699342250824,4.564412593841553,2.505121139294956,1.6507277488708496,1.4749411344528198,8,1.3187470998616704,-0.010800863510653347,71.00451041494365,-303.53915087901714,233.07917722363584,536.618328102653,0.30298617603930555,-0.535071569724094,868.0037313432836,413.32958990516175,560.6160580855077,43.28358208955223
31,BASELINE,8,240,300,60,30,5.0,1.0,-9.710750722054702e-13,1.5179702623942237,3.7478742048840274,-0.2044826410266154,6.389791574446235,3.1251638977891414,-0.5947799657758415,0.33887323311595474,-0.010572902469036135,1.0588758509057914,-21.957906007783038,-4.132588742322696e-07,3.8945207595825195,-0.3832155168056488,5.0456647872924805,2.573709424175952,2.111189842224121,1.4995092153549194,7,1.4206681538911394,0.03694575419110855,105.46915105866607,-486.76140041564656,372.37168968970605,859.1330901053526,1.3377813937049012,-0.5195450018011716,780.625,179.36019691248805,252.5080067970551,54.666666666666664
31,ANGER,0,0,60,60,30,3.0,5.0,3.2862601528904634e-13,1.382251991994702,2.749032519088246,-0.15305650749759536,5.853193914868626,2.978951183204018,-0.5129344864847218,0.17244164202338308,0.0004097387135397171,0.9146465277583454,-21.957904708081532,-2.495447688488639e-06,4.535199165344238,-0.0774364098906517,5.828549385070801,2.3525168765360474,6.038775444030762,2.013471841812134,4,1.3062010333086382,0.23977089674395116,68.7644717111701,-260.2072252335438,299.2302347791257,559.4374600126695,0.21897791375495146,-0.5051328572002332,813.3561643835617,145.97022989989486,230.51656166022602,54.794520547945204
31,ANGER,1,30,90,60,30,3.0,5.0,5.625129991434126e-14,1.348579616573502,2.7601516008722626,-0.03578037528697564,5.837693290993684,3.0707433456143987,-0.4886148722886423,-0.008951739474564532,-0.0013125528281192084,0.9146465277583634,-21.957904980456195,-5.245208853921213e-07,4.936460018157959,-0.28489425778388977,5.584102630615234,1.3581925743200585,10.304638862609863,3.171792984008789,2,2.123698974411439,-0.025066415913326583,70.05740137574259,-200.54405954905303,108.82234657645941,309.3664061255124,-0.6728240496190829,-0.7069410612881597,849.411231884058,130.80969932053125,217.76300444047234,60.86956521739131
31,ANGER,2,60,120,60,30,3.0,5.0,3.3158661002138007e-13,1.227361664242504,3.3479848666857492,0.08364167662691102,6.390021076843766,2.8697895284626136,0.08380547067670197,-0.1247943527110509,0.004159889651003633,0.9679882631647649,-21.95790470512094,9.059905892172537e-07,4.917675971984863,-0.3236845135688782,5.632660865783691,1.6148978736868347,10.001313209533691,3.0909810066223145,2,2.202151818415904,-0.11357256847027762,73.5549897918205,-191.48063032963182,108.89648320275342,300.37711353238524,-0.7073444607973256,-0.692529258076177,864.4301470588235,131.07445328973122,225.07998940923798,64.70588235294117
31,ENTHUSIASM,0,0,60,60,30,7.0,2.0,1.1694349192718314e-12,1.1950878253877064,2.441542423205334,0.009901150821178817,5.154384538927559,3.141868366865825,-0.44499087757064926,-0.21784424933941063,-0.00035070855989570156,0.7653305452559916,-21.957903867273256,-6.993611805228284e-07,3.8558356761932373,-0.2539832592010498,4.953000068664551,2.430035241004458,3.8685836791992188,1.9542380571365356,2,1.9639307652149531,0.5490485196699215,66.71503251836417,-322.3808237404806,286.321354263936,608.7021780044165,1.6800836460580166,-0.5834210327202677,755.4086538461538,114.9806249084304,174.63835254661217,48.717948717948715
31,ENTHUSIASM,1,30,90,60,30,7.0,2.0,-5.3290705182007514e-14,1.1545862010333448,2.2949427728065075,0.00905736685901104,4.733457875092029,3.076955862650624,-0.39068738152524984,-0.1843272094314352,0.0025938543984188344,0.7868959137840068,-21.9579050899982,1.0490417707842425e-06,1.6007747650146484,0.02276739850640297,3.342484712600708,3.313113681539948,-1.2336853742599487,-0.0810471773147583,65,0.01832419488969006,-0.4013548889806252,52.831031962418905,-140.57513996034123,74.9161765537659,215.49131651410713,-0.854755840430987,-0.65336915682993,786.0416666666666,110.96138795597825,176.34692202809717,50.66666666666667
31,LIKING,0,0,60,60,30,5.0,4.0,2.338869838543663e-13,1.2723901390150012,3.739002930434765,0.09480062219289209,6.228233352403123,2.966613583818698,-0.22189575498040615,0.2797097149650366,-0.004900959614726697,0.9679091442690831,-21.957904802820536,5.086263286102621e-07,3.6624915599823,-0.213630810379982,4.871022701263428,2.6462564155978168,2.4150514602661133,1.4908363819122314,5,1.183124737683525,-0.03881812082848909,64.32955312268574,-250.48770774207898,309.03747035804344,559.5251781001224,1.1579711624155253,-0.12949462745375961,781.25,129.15395171361675,159.40646218334692,44.0
31,LIKING,1,30,90,60,30,5.0,4.0,6.77976193704429e-13,1.3447317343289433,2.6432845707539343,-0.03050579499230821,5.531601934880825,3.0527333791203803,-0.5211701981777335,-0.14868432609043175,0.0034177070479528017,0.9327216443163286,-21.95790435873153,1.0172526572205243e-06,2.535289764404297,0.12142445892095566,4.310423851013184,3.0716311935058975,-0.6397480964660645,0.13859204947948456,6,0.5684256057112896,0.03702478383690755,55.24993247879346,-132.83890854205663,74.82113426081892,207.66004280287555,-0.8593246076494543,-0.6582123778586074,775.6990131578947,105.56470010067991,156.35413196757332,38.15789473684211
31,FEAR,0,0,60,60,30,2.0,3.0,7.37188088351104e-13,1.4630237205276304,3.5818292425219056,-0.0461429353006082,7.038239587662787,2.9219085640204288,-0.2873583780919531,-0.41370876511079197,0.023558962566364132,1.1123524165976637,-21.957904299519676,-9.536743306171047e-08,4.856653690338135,-0.260711133480072,6.047607421875,2.290391783022265,6.905101776123047,2.218815326690674,4,1.6771477883744843,-0.10146271503467835,63.53370049786916,-309.5916339221378,172.20914749520512,481.80078141734293,0.1420307315640601,-0.6545194384018761,765.827922077922,117.24213382420051,159.23344139001674,25.97402597402597
31,FEAR,1,30,90,60,30,2.0,3.0,2.901382837687076e-13,1.3587451285311776,3.240763113451095,-0.037866247345164084,6.532078467818536,3.0536597657066844,-0.2853510925929892,0.07344200404200488,-0.015131166679630237,1.097649072775512,-21.957904746569252,-2.956390289909905e-06,3.381455421447754,-0.053470492362976074,4.869522571563721,2.8110877522605477,1.4522485733032227,1.105074167251587,5,1.2702642318097324,-0.1857482960481702,57.259448800189546,-134.60215772632122,80.3855123485679,214.98767007488914,-0.9558639307949428,-0.6059172420137242,745.6487341772151,64.95271047259016,103.2208664739888,13.924050632911392
31,FEAR,2,60,120,60,30,2.0,3.0,1.7763568394002505e-13,1.3244399681218857,2.3718586205447423,0.14536068251977952,4.376867341797208,1.9788457393415904,-0.7391192276622327,0.08874558979478812,-0.018313252476138946,0.9145383637262114,-21.957904859071824,-3.3855437777674524e-06,2.5810797214508057,-0.0439743772149086,4.494091033935547,3.1076236345139283,-0.3831601142883301,0.23348326981067657,6,1.3144246497735779,0.5162395128585351,56.82926454085534,-143.3224967029288,148.896658888746,292.2191555916748,-0.8587092354261676,-0.5939529121277016,743.868670886076,75.8242023033647,107.39683201679456,20.253164556962027
31,AMUSEMENT,0,0,60,60,30,8.0,5.0,-1.3914795241968628e-13,1.2982197863922356,2.0718585625488117,-0.2544039025373479,4.915375787270193,2.717285149871933,-0.8208663175844322,-0.16596399624183514,0.003674627064423957,0.941806702118427,-21.957905175855455,-6.675720101156912e-07,3.0704596042633057,-0.02875707298517227,4.754322052001953,2.9093244741101314,0.2559981346130371,0.42910638451576233,6,0.7063760585988526,0.4208650564760705,75.01250289077771,-314.45657601278526,244.1550866031888,558.6116626159741,-0.1175760096865992,-0.5750539215473901,864.2003676470588,144.60468845570077,237.2261284248906,67.64705882352942
31,AMUSEMENT,1,30,90,60,30,8.0,5.0,1.1605531350748304e-12,1.4091767312021894,2.911603638106186,-0.07470553720487771,5.97773653601692,3.1229732637464034,-0.4077407084509388,0.0827976087180398,-0.0005474190581254137,0.9504899958710221,-21.95790387615503,-1.6927718888837262e-06,4.581082344055176,-0.1938275694847107,5.938002586364746,2.3772046629064483,5.510959625244141,1.847558617591858,6,1.0189545032625986,-0.22271569677507,60.66974143503236,-151.60153020163037,88.58303984485002,240.1845700464804,-0.7705473412996402,-0.6662634430110547,847.9910714285714,140.6607600609952,225.08773198997608,58.57142857142858
31,AMUSEMENT,2,60,120,60,30,8.0,5.0,3.6711374680938513e-13,2.5212729013508817,4.8927085088372735,-1.0424794347837718,10.036180544364726,2.8741192744960817,-0.652776504875932,-0.17946211193051162,-0.008806140951119788,0.9936369253024145,-21.957904669593812,6.357829107628277e-08,3.0497026443481445,-0.42826229333877563,4.094030380249023,2.5541227545918024,-0.11711859703063965,0.9177590012550354,8,0.6093242090321325,-0.1674162642317462,62.792966339359914,-158.90339353098355,101.12906544270606,260.0324589736896,-0.7647082566911836,-0.6274324399309531,815.8010563380282,122.83037552109789,175.2011758206222,42.25352112676056
31,SADNESS,0,0,60,60,30,3.0,3.0,8.970602038971265e-13,1.1444980803774292,2.6965416911401974,-0.08679429193918509,4.888137711814267,3.1187033939640223,-0.7596605887710708,0.02663102762007666,-0.00607316110152466,0.7653305452559716,-21.95790413964769,7.470449077118246e-07,2.9776363372802734,-0.3037831485271454,4.425379276275635,2.91810132510948,0.6614258289337158,1.1663340330123901,5,1.854826995229842,-0.26459805344868553,75.76727487823216,-322.3784120785043,144.78999863436962,467.16841071287394,-0.41429534692039294,-0.6865761172990353,820.5295138888889,115.2381308487817,181.43241488437133,40.27777777777778
31,SADNESS,1,30,90,60,30,3.0,3.0,-3.4046839421838137e-13,1.0677914260161439,2.7759627117802665,0.0031063171533673994,6.185273252744139,2.7212420360068426,0.5978383376458569,-0.312458255509633,-0.00846214614316323,0.7202653484969849,-21.957905377175944,-1.3907749973895989e-07,4.055600166320801,-0.31770673394203186,5.831727027893066,2.4953462691505814,3.190300464630127,1.6205989122390747,9,1.3899145945606497,-0.14059788399768103,66.45262639409641,-184.9484762910114,134.89669577115626,319.84517206216765,-0.7635625683533491,-0.6516694510383548,845.5615942028985,141.85876854414857,243.08272636412823,63.76811594202898
31,NEUTRAL,0,0,60,60,30,6.0,4.0,-2.0724163126336256e-13,1.1439888126007607,2.5900243831571856,-0.1175325082698464,5.025862004993087,3.0821300381004137,-0.540404191459841,0.32707628001024136,-0.007118342057236331,0.8180504829163218,-21.957905243949146,1.112619997911679e-06,3.216837167739868,0.15014488995075226,5.18886661529541,2.84457970309151,0.1702587604522705,0.16127844154834747,4,0.5250453637043684,-0.0010851987386498358,66.74040915445126,-248.04588151053517,347.7377094341283,595.7835909446635,1.218448930707222,-0.21904727228242862,772.1185064935065,115.69362098898416,182.77172847193413,40.25974025974026
31,NEUTRAL,1,30,90,60,30,6.0,4.0,4.529709940470638e-13,1.113911558034695,2.5375459978405956,0.0577691075204001,5.286504439872175,2.9281313450862783,-0.7492779807574763,0.1673356811657328,0.013069970489498622,0.7755111613981449,-21.9579045837366,1.112619997911679e-06,1.4625763893127441,0.11970710754394531,3.3682689666748047,3.275075213760939,-1.1841481924057007,-0.2552849352359772,58,0.01935228366382703,-0.33997438380659517,52.4961856378641,-125.235329648213,69.8046593974492,195.0399890456622,-0.9007724446670897,-0.6489730331616012,764.0016233766233,90.59892204991341,145.93853896282937,29.87012987012987
31,NEUTRAL,2,60,120,60,30,6.0,4.0,-8.615330671091214e-13,1.2216437761889753,2.4116865676859334,0.17901268808380166,5.453873453551239,3.075529697877505,-0.3878993416160892,-0.22377808059376303,0.0062816458739077125,0.8479712130443722,-21.95790589824093,-8.583068620282575e-07,1.7242724895477295,-0.0009745955467224121,3.505640983581543,3.2677948160539136,-1.096317172050476,-0.08336958289146423,4,0.19856528583608893,0.005251206170062576,51.368365011131964,-136.13579329926384,99.25417185488045,235.3899651541443,-0.7257156218336065,-0.6645688388430995,814.6404109589041,436.4704144833568,610.9393870743803,38.35616438356164
31,AWE,0,0,60,60,30,7.0,3.0,-2.901382837687076e-13,1.178234227923342,3.0301193532082493,-0.024786587897906998,5.258319277687207,3.0801314944700557,-0.6753251421396476,0.12713754354219062,0.0031702664869586654,0.742762591914037,-21.957905326845818,-4.490216554131621e-07,4.222014427185059,-0.34844595193862915,5.184656143188477,2.2002117138802775,5.173742294311523,2.265590190887451,6,1.9688466440370191,0.7112300526315287,70.74574472563044,-260.3963388436507,374.9499180088894,635.3462568525401,1.4867468967887332,-0.1670633731862871,803.7243150684932,137.42960786373476,225.06087621679654,61.64383561643836
31,AWE,1,30,90,60,30,7.0,3.0,4.677739677087326e-13,1.1318290328593708,2.7673286837199385,0.03697399971791526,5.076728635626182,3.0732353768711276,-0.7235511573740876,-0.07503173126387998,-0.0077398948515109344,0.7431396287869902,-21.957904568933635,1.3987223610456567e-06,4.951747417449951,-0.03682776540517807,6.352121829986572,2.249349879799547,7.760100364685059,2.218493700027466,3,1.696010956995328,0.040543352736794734,58.28336776910774,-137.69634578070438,77.06344209898239,214.75978787968677,-0.8443089559903907,-0.6754400949051826,803.082191780822,139.99036304129984,232.50119007311912,71.23287671232876
31,DISGUST,0,0,60,60,30,6.0,5.0,-2.753353101070388e-13,1.3598357035271096,2.8878469685778896,0.00651481126077158,5.677894746332868,3.1878939127420662,-0.8768606058664896,0.03780547497019863,0.0014100650707824366,0.9505201928270481,-21.95790531204284,-1.4464060313912341e-06,3.7129104137420654,-0.21638627350330353,5.097564697265625,2.653965042667046,2.581322193145752,1.4893606901168823,5,1.4630104363176462,0.16817728982494004,72.12015428131663,-421.81656044110554,322.38288855741337,744.1994489985188,2.317954385823195,-0.5686339859495787,858.695652173913,155.06061059714548,254.36362933467674,69.56521739130434
32,BASELINE,0,0,60,60,30,5.0,2.0,3.5231077314771636e-13,1.589055763285675,3.412483128595767,0.15642631613950186,7.317638044550989,3.093970316153912,-0.4761376657520269,-0.23401515087721084,-0.0014682865740465077,0.9192809877726635,-22.019447672220267,1.271565793103946e-06,2.979064702987671,0.07458315789699554,4.728224754333496,2.916570168086918,0.20735430717468262,0.44394323229789734,12,0.44312283133906366,-0.16778554319074904,50.43585947578721,-143.90965084359703,126.43488014931238,270.3445309929094,-0.831073657880979,-0.41390864201956523,747.2310126582279,78.07528440870286,114.31440615043076,25.31645569620253
32,BASELINE,1,30,90,60,30,5.0,2.0,-2.694141206423713e-13,1.7170857839517062,4.971118362447413,-0.049220608752520434,8.356182755574082,2.989921295404224,-0.6888549360163734,0.21380965359948398,-0.011472359459278665,0.8476187161860882,-22.019448293945135,-4.5299530029296875e-06,2.9897940158843994,-0.22004392743110657,4.585482597351074,2.848548135265252,0.8643081188201904,1.105608344078064,28,0.27931596332955594,-0.17281146578875278,45.00768881941411,-133.54492978199215,103.11686082489062,236.6617906068828,-1.011332000871203,-0.45277364350838883,741.015625,32.2021672984654,38.434428584706595,12.5
32,BASELINE,2,60,120,60,30,5.0,2.0,9.177843670234628e-14,1.2741384689017996,2.7484660146775752,0.13259034362747002,5.247621494697086,3.217094285080644,-0.8206790348430131,-0.1217328054435979,0.0002639326246798292,0.8416719598990701,-22.019447932752545,-1.716613724056515e-06,2.9395029544830322,0.06150098890066147,4.673192024230957,2.927012804785619,-0.1815319061279297,0.44869130849838257,56,0.20684959227756625,0.2990630831598794,44.84434981040094,-102.15360646660992,94.3931660591761,196.54677252578603,-1.0707260228220736,-0.44387267983259593,742.6819620253165,36.07011511090481,41.86650794106773,16.455696202531644
32,BASELINE,3,90,150,60,30,5.0,2.0,7.727152251391089e-13,1.2833992844077637,2.4804170903649947,0.20797630541338208,5.556564547621434,3.11559899620967,-0.48901692159927546,-0.4963907211330263,-0.0009340799426665206,0.8363298924281006,-22.019447251816054,3.52859501617786e-06,2.2416841983795166,-0.02024093270301819,4.188754081726074,3.1914014148361516,-0.6730732917785645,0.20750996470451355,65,0.3027688077448882,-0.21536337252931032,45.50215807643407,-111.78648076773305,89.07519496344042,200.86167573117348,-1.0758831754916316,-0.4265552857351782,723.3231707317074,50.10645284774044,63.57581049861304,15.853658536585366
32,BASELINE,4,120,180,60,30,5.0,2.0,8.881784197001252e-15,1.2777679804108135,2.957206321903527,-0.10025950796723748,5.445868277661958,3.1904649502162337,-0.7331411980684153,0.23216532274148777,0.0019785005948332914,0.9255206337980169,-22.019448015649196,3.3696492209855933e-06,1.828647494316101,0.09527137875556946,4.29217004776001,3.138479691354536,-0.42298388481140137,-0.5103293657302856,60,0.34872159196295366,-0.04054651411051131,47.83100570338003,-123.8029333745898,92.03667060676601,215.83960398135582,-1.0279622702842404,-0.42344302546739165,719.5216049382716,58.56255599691645,64.70712262765205,13.580246913580247
32,BASELINE,5,150,210,60,30,5.0,2.0,1.1842378929335001e-13,1.3744363487088307,3.5436724473463244,0.12301694815839426,6.300575028389233,3.027835461953553,-0.3588571297942993,0.1214069389045605,-0.0015364887172219508,0.8734236942065479,-22.019447906107196,-2.9881796308472985e-06,2.3993334770202637,0.09555160254240036,4.921716690063477,3.009555392131811,-0.15256404876708984,-0.1539747267961502,58,0.4264701788711173,-0.2950164663726971,48.917557796858524,-112.51511860326298,79.38198018716706,191.89709879043005,-1.0704983861208206,-0.41946957912128713,726.8518518518518,54.860836409298194,40.444309704827454,13.580246913580247
32,BASELINE,6,180,240,60,30,5.0,2.0,-3.3158661002138007e-13,1.4400069253968588,4.529652892748004,0.005000669927213153,7.680452381539027,2.8310848451292707,0.20956479281925677,0.13515329016082459,-0.00586430743621759,0.8668091450389465,-22.019448356117643,3.7670135952794226e-06,2.6862270832061768,-0.07596014440059662,4.787785530090332,3.024048432169733,-0.3538956642150879,0.32281777262687683,66,0.595469864795981,-0.17897049652596989,49.66349146280368,-120.98481346871202,86.5269994391418,207.51181290785382,-1.049697511576456,-0.3970256777488057,724.3441358024692,43.51980750036501,41.92627457812106,13.580246913580247
32,BASELINE,7,210,270,60,30,5.0,2.0,4.352074256530614e-13,1.5492585760060735,2.550638996763155,0.16843060098779006,5.755354505886601,3.1002098342451823,-1.0495117372748763,-0.08569635366299416,0.0046046380916060625,0.9679684770694265,-22.019447589323647,1.3065337952866685e-05,3.7587289810180664,-0.0622209794819355,6.078787803649902,2.5813982869959706,1.116440773010254,0.7327832579612732,68,0.6000192974312322,0.03376941140779381,51.26034311485351,-120.98480384353022,93.16506196170562,214.14986580523583,-1.0700176486859039,-0.37315553955138925,739.0625,40.57780852022195,47.301592621781374,21.25
32,BASELINE,8,240,300,60,30,5.0,2.0,-5.210646728907401e-13,1.2388542530090807,2.748940501494701,-0.08942026568767858,5.107400008987639,3.1561244916068065,-0.4759608817503542,0.2894445704168806,-0.005618281682253143,0.9679882631648203,-22.019448545595786,2.487500523784547e-06,3.380305767059326,-0.1828795075416565,5.668707370758057,2.7432978064657636,0.7692165374755859,0.6994049549102783,58,0.43196392471601913,0.42492052209315145,48.99711881236613,-120.56071055639231,104.32481847695263,224.88552903334494,-1.0571846867774957,-0.3575758488528162,738.4765625,38.25258064922102,40.54733325605046,15.0
32,ANGER,0,0,60,60,30,1.0,8.0,2.4868995751603507e-13,1.7286482038760862,3.966215414719443,0.017377033131182884,8.632465232675202,2.962814654665858,0.02584595787174271,-0.05187955192127394,0.008152966184828933,0.9675277520658715,-22.01944777584105,1.9391377463762183e-06,3.691223621368408,-0.16453468799591064,5.31828498840332,2.7497264162571073,2.4377126693725586,1.3524787425994873,22,0.3520064333584228,-0.1911785324328759,71.31087531302417,-293.1776438098741,263.3537252870774,556.5313690969515,0.4992986908898751,-0.21948026855367495,785.625,40.90341189594983,50.858341950420936,18.666666666666668
32,ANGER,1,30,90,60,30,1.0,8.0,4.1448326252672513e-13,1.757401272688849,3.5626127437900834,0.1298381436512841,7.525470744040774,3.192704726997844,-0.6547385612455563,-0.03457889108338873,-0.005551890227183708,0.9933839326675729,-22.019447610047802,2.2252400810884865e-07,3.5839321613311768,-0.3284156918525696,4.866579532623291,2.709966317489292,1.62337064743042,1.3543933629989624,15,0.3956745886584817,-0.11148021495492258,59.79040455891845,-134.15201935499687,99.37566416470327,233.52768351970013,-1.03111926637369,-0.47860785757848945,793.918918918919,39.02401149020762,41.86241121343514,14.864864864864865
32,ANGER,2,60,120,60,30,1.0,8.0,1.0658141036401503e-12,1.1185057570015355,2.037351965380907,-0.07012348207737773,4.634676121507653,2.7545002262957716,-0.14378296628428178,-0.16497670711824147,-0.003371663481758646,0.8868916829414764,-22.01944695871744,-7.311502940865466e-07,3.704240560531616,-0.2726571559906006,5.26810359954834,2.7012052389780368,2.034069538116455,1.3557262420654297,27,0.3212125648533664,0.09245456431173178,61.70931189971983,-160.1338642622358,113.23241485365295,273.36627911588874,-0.9912873330335845,-0.448196555561297,776.875,50.50421443479421,38.8295418368123,17.333333333333336
32,ENTHUSIASM,0,0,60,60,30,9.0,5.0,-7.608728462097739e-13,1.38522533053947,3.0107296369493497,0.10120583301258534,6.99018578100592,2.917602746888887,0.37372396119928153,-0.5696154598055758,0.0037404471328391763,0.8849586223085515,-22.019448785404116,-2.6067098133353284e-06,2.17228102684021,-0.07741264253854752,3.967198371887207,3.2243234750770933,-0.8176593780517578,0.2711840569972992,65,0.20034992724731063,0.4357164073610832,61.47052615997587,-397.9647526129377,177.39053793560873,575.3552905485465,2.3405979421407537,-0.8349585220349227,747.9967948717949,80.08336761659389,93.73308830147691,11.538461538461538
32,ENTHUSIASM,1,30,90,60,30,9.0,5.0,-2.6053233644537005e-13,1.2295585150259203,2.852343069488228,-0.08948237281849458,5.620712265438499,3.0966501989301594,-0.6455789513067969,0.1807077251486799,-0.003851026265055492,0.8249207444419044,-22.019448285063348,2.8610230629055877e-07,2.1561317443847656,-0.1948259174823761,3.787653684616089,3.1903852109700126,-0.9941003322601318,0.40173590183258057,66,0.2026990692590294,-0.10448491852849424,54.24861654312194,-116.8603488971555,83.60638244117168,200.46673133832718,-1.1314696668959763,-0.43057750538045075,747.8243670886076,33.5430891499649,27.57883150380713,5.063291139240507
32,ENTHUSIASM,2,60,120,60,30,9.0,5.0,2.161234154603638e-13,1.796187733867953,3.955064138417441,-0.21164957677832774,8.629035946395902,3.0022658194725413,-0.2195048576981562,-0.10886446784680257,0.01359467663784068,1.040281818618596,-22.019447808407588,-1.3033549066676642e-06,3.3329222202301025,-0.08900272101163864,5.495821475982666,2.8402641467416094,-0.5299956798553467,0.18260103464126587,66,0.31504381123470193,0.13854982117201142,62.130902900438166,-153.25003126693156,109.65317498318528,262.90320625011685,-1.00065259732398,-0.39944494730433733,770.1480263157895,53.63212544162281,32.92391797766481,10.526315789473683
32,LIKING,0,0,60,60,30,9.0,7.0,3.079018521627101e-13,1.5983184203391811,4.048601258176632,0.27921632786842565,7.5164031671135945,2.8446204277525378,-0.11778033821804579,0.014456599516366589,0.011048147824436255,0.7760240247526883,-22.019447716629173,-3.910064606316155e-06,3.3317744731903076,-0.13732078671455383,4.921278476715088,2.899254646394338,0.6950862407684326,0.8752625584602356,20,0.25794671736361013,-0.15774890593729354,68.00043997865565,-480.66794058802776,273.11980438319404,753.7877449712219,3.6687768470501982,-0.8120572617577219,771.5097402597403,56.33896023235809,76.77702223381749,18.181818181818183
32,LIKING,1,30,90,60,30,9.0,7.0,6.454096516487576e-13,1.5455571255863996,4.1231490515201585,-0.20391560595847125,7.4846950681937585,2.9633381542009607,0.3429157665364908,0.5614893242367236,-0.018177122872650477,0.8849766578074334,-22.019447379121534,-4.037221060571028e-06,2.4199085235595703,-0.20804953575134277,4.249466419219971,3.1061673311594324,-0.8878979682922363,0.3357853293418884,56,0.16722128103163061,-0.13574543611751466,59.188752184984175,-136.1961867709096,92.40154055967788,228.59772733058747,-1.1131249175075217,-0.4066607954839539,756.2099358974359,29.078330548079443,32.73655791353107,8.974358974358974
32,FEAR,0,0,60,60,30,2.0,7.0,-9.444297196144664e-13,1.4332457365525333,3.5783715358668644,0.02395745771579527,7.208261086039869,2.806403799047111,0.49334224571781116,-0.20966894901976085,-0.010163484963885546,0.8859004806498686,-22.019448968961143,-1.589457156114804e-06,2.419891119003296,0.10686983913183212,4.369041442871094,3.0980460986306135,-0.7514877319335938,-0.0773712769150734,41,0.25307740468825113,0.4926402556594915,81.27717885074486,-724.8730266866082,289.7630664312886,1014.6360931178968,8.882085622219588,-1.2335920698589238,769.9424342105264,120.4267229493892,154.6901304490152,23.684210526315788
32,FEAR,1,30,90,60,30,2.0,7.0,-4.766557519057338e-13,1.6050345476459564,4.417418003719575,-0.04486402411210122,7.385526892315397,3.076787043869543,-0.46229451860901527,0.29286885966220066,0.005083400182118692,0.912332688332585,-22.019448501186844,-1.5894572413799324e-07,2.730593204498291,-0.07815123349428177,4.379742622375488,3.0822579718310505,-0.8569779396057129,0.41162747144699097,41,0.21696352607444672,-0.12063073885824499,61.11333250614585,-258.28439240356465,233.3511753031657,491.63556770673034,0.1258846972617489,-0.3840254365002599,797.2972972972973,107.60160199954882,128.3268748745503,12.162162162162163
32,FEAR,2,60,120,60,30,2.0,7.0,-1.450691418843538e-13,1.4877570472846384,3.378004455748851,0.020475136677333694,7.340386066712057,2.993292652677475,0.14691132382770888,-0.39253957319554783,0.007909353798607605,0.9493306513754235,-22.019448169600132,1.5576680425510858e-06,2.242218494415283,-0.023598970845341682,4.288867950439453,3.1745196004498055,-0.9062678813934326,0.12843240797519684,52,0.22893510899958053,0.28377158238437306,55.71764173045701,-143.24725044818118,178.34793548561368,321.5951859337948,-0.9096110463781542,-0.3586428011162666,813.1510416666666,51.75171349097304,56.76238657711264,11.11111111111111
32,AMUSEMENT,0,0,60,60,30,9.0,8.0,7.519910620127727e-13,1.7115477560070285,3.7227048368748683,0.04624927980927396,7.87149031254657,3.0637824479299476,-0.5181176499567215,-0.03707578332212309,0.002687138611553903,0.8369039424934154,-22.019447272540198,-2.400080347797484e-06,3.521005153656006,-0.12397205829620361,5.50985050201416,2.7787718792642346,1.3974337577819824,0.8777080178260803,41,0.4263881797988912,-0.28654991309488825,64.16997859855076,-340.19288516670395,211.67717907537974,551.8700642420837,1.441808989936237,-0.6227466758673144,774.8766447368421,135.3568208683704,181.8954026356906,25.0
32,AMUSEMENT,1,30,90,60,30,9.0,8.0,5.625129991434126e-13,1.3776870162936992,3.372028369120983,0.025433604680102917,6.944685762307046,2.9582954291188943,-0.13205737352060032,-0.0020317818660134167,-0.0038300152630015264,0.7858272452323668,-22.01944746201814,9.5367431640625e-07,2.9183857440948486,-0.17304958403110504,4.435540199279785,2.9846068400246386,-0.9959506988525391,0.3428040146827698,66,0.21674572711391976,-0.17509399980053209,54.18184002116218,-135.19247768078088,93.83523922498952,229.0277169057704,-1.041132765972287,-0.42644818672936446,807.5770547945206,47.298199026346076,42.27261218944773,20.54794520547945
32,AMUSEMENT,2,60,120,60,30,9.0,8.0,6.128431095930864e-13,1.7177177929740846,3.5890912143443643,0.01428413972917042,7.662863973367706,3.1133749879587223,-0.16895688408862775,-0.16194965481142776,0.008396171265564592,0.8382606564952204,-22.019447411688056,-5.022684945288347e-06,3.2447381019592285,-0.3632267415523529,4.597245693206787,2.75954643683631,0.8371882438659668,1.2437186241149902,41,0.2573584204717191,-0.13291881283803667,57.14333444112649,-254.39010460189752,142.76687123805485,397.15697583995234,-0.6388546691191546,-0.4756337896298537,829.2253521126761,73.2555660358405,90.97454142506024,33.80281690140845
32,SADNESS,0,0,60,60,30,2.0,8.0,1.1842378929335004e-14,1.5670328692288176,4.080742368243051,0.14499715534412871,7.534226851487347,2.526719315847453,-0.4506847067236115,0.4205119923317274,0.012299106130128298,1.0666992506764836,-22.0194480126886,2.956390289909905e-06,3.0280725955963135,-0.21534281969070435,4.406813621520996,2.8960704493298657,1.0009360313415527,1.1561508178710938,19,0.34791141777348195,-0.19281263178798494,50.482977308988495,-222.06736491906395,162.72994560496076,384.79731052402474,-0.1965145388823939,-0.32761326631860943,800.0422297297297,69.49220562453706,87.59015658635346,24.324324324324326
32,SADNESS,1,30,90,60,30,2.0,8.0,9.02981393361794e-13,1.698358581120283,3.9991953939811253,-0.2499565302500173,8.216820296985361,2.9782707094364507,-0.2034220963725355,0.23252558347630128,-0.010080266825455259,1.0743529723762115,-22.019447121549995,5.316734132065903e-06,3.443842649459839,-0.16321128606796265,4.989195823669434,2.840910706361447,0.8283674716949463,0.884249746799469,27,0.2677266356617484,0.11390440017592643,43.47315551734375,-113.05342088973191,97.94063946535015,210.99406035508207,-1.0898281046853866,-0.364445008410917,766.6529605263158,46.65472733587764,36.79900360969936,13.157894736842104
32,NEUTRAL,0,0,60,60,30,5.0,3.0,7.342274936187703e-13,1.1641213006832587,2.3477432196990833,0.03858777994807383,5.1131294062535915,3.1201342725156715,-0.2668860944501996,-0.1853508740313244,-0.0007361407395912691,0.7755111613981025,-22.019447290303756,1.1920928955078125e-07,2.8679656982421875,0.040540389716625214,6.320127964019775,2.5571300783014066,1.865978717803955,-0.43954935669898987,14,0.44221834635968926,0.2650198548419821,52.61411207022643,-265.4579048357846,228.93916465798682,494.39706949377137,0.46191958362778474,-0.43222769443222947,778.3717105263158,53.19912269673021,62.63007298148922,26.31578947368421
32,NEUTRAL,1,30,90,60,30,5.0,3.0,1.0628535089078166e-12,1.075646920340944,1.9762256393192956,0.1545558627608301,4.407105988686766,3.191371641265317,-0.5674138185722275,-0.39515773528988934,-0.008957899163791447,0.7967689904362837,-22.019446961678035,-1.8755595192487817e-06,2.719904661178589,0.008561816066503525,4.460596084594727,3.0985295860033033,-0.48463916778564453,0.37403106689453125,46,0.14338163828160633,-0.10459597309844394,46.686797487205396,-102.41377776972092,86.25738409946709,188.671161869188,-1.0855262735414812,-0.42971294433058127,762.7840909090909,35.73197026701269,42.337999099664096,25.97402597402597
32,NEUTRAL,2,60,120,60,30,5.0,3.0,6.306066779870889e-13,1.533898958253696,3.9651873488175227,-0.13834965819796707,6.426336925934351,3.1192818946760887,-0.8295443792757267,0.26491662678833416,-0.0034404822125474127,0.8479411446092486,-22.019447393924498,6.993611805228284e-07,2.3289570808410645,-0.214443176984787,3.964710235595703,3.1891524462884395,-0.7934918403625488,0.524788498878479,67,0.22699506143488218,-0.14562571614770606,45.46654859288804,-119.55577327936933,87.61350257741645,207.1692758567858,-0.9902260713783884,-0.4403918448367438,752.2035256410256,66.13440389571974,102.25863449079533,21.794871794871796
32,AWE,0,0,60,60,30,8.0,5.0,8.112029566594476e-13,1.257890886109361,2.586899257377695,0.5302262018542336,5.425475311001549,2.385151651897595,-0.7046492122300823,-0.1885534850366984,0.004194613270803498,0.838427723892288,-22.019447213328352,4.466374775802251e-06,1.9991198778152466,0.06058690696954727,4.523251056671143,3.0625172463685044,-0.570847749710083,-0.18143300712108612,60,0.5764280310239084,0.06349453599327047,49.073889188619226,-415.9268666173292,220.86355956426817,636.7904261815974,8.432846796791663,-1.1776225543210281,745.4509493670886,53.845504068417995,72.1253999455649,11.39240506329114
32,AWE,1,30,90,60,30,8.0,5.0,-6.128431095930864e-13,1.3413308802118373,2.9911061558806296,0.045092176770822334,6.314919254395335,3.044423192113253,-0.17232347498549716,-0.19383330446983016,0.006745811858050852,0.9229371714658662,-22.019448637374275,1.3510385770132416e-06,2.7701804637908936,-0.06079123169183731,4.68199348449707,3.0311236655838227,-0.11045718193054199,0.5837879776954651,57,0.29518015179627904,-0.15803446621451112,39.6788009298821,-95.39213524924492,71.03161701964875,166.42375226889368,-1.0962289659358706,-0.34379998482755914,736.5234375,42.02520573217325,30.8518945728488,6.25
32,DISGUST,0,0,60,60,30,3.0,6.0,4.618527782440651e-13,2.147735350792296,4.782311033318365,0.04790182277112365,11.037144816669553,2.9042815293782303,0.3982170846054669,-0.363078419547658,0.016497038112719,1.0265468983117272,-22.01944756267831,-1.4623005881730933e-06,3.5098021030426025,-0.1598576456308365,6.078165054321289,2.4263378304404783,2.050933361053467,0.4136299192905426,7,0.8965297377575127,0.011132011881393462,73.56044709203721,-318.7989311935105,529.7132915363511,848.5122227298616,4.437168209163512,-0.0009328260334177913,808.0051369863014,75.85591307141217,91.9975090242484,34.24657534246575
33,BASELINE,0,0,60,60,30,5.0,1.0,3.937590994003889e-13,1.9011175563728764,3.416134889707223,-0.011473552069318771,7.685125286015193,2.994877170161317,-0.9046867990928495,0.21173786192706578,0.017420840049370303,1.1201148673855064,-21.933929270634017,-2.1457671550706436e-07,3.574204206466675,-0.16538095474243164,6.082048416137695,2.6585180317750012,1.9894061088562012,0.9063433408737183,4,1.1073714793569382,0.1314703261191749,50.26490776740646,-250.01995093672815,218.24844057149218,468.26839150822036,1.5714834973157688,-0.5441549875859953,715.5496987951807,121.344192637301,176.97868739676798,43.373493975903614
33,BASELINE,1,30,90,60,30,5.0,1.0,-6.513308411134251e-14,1.4074978938592737,2.931107159377433,0.18520398184840303,6.472072174474874,3.0913349255438587,-0.3567910052681391,-0.391067844390037,-0.02053421357743862,0.9851012848993373,-21.933929729526124,6.357829107628277e-08,2.135291814804077,-0.3442506790161133,3.382598638534546,3.112998060143505,-1.1248122453689575,0.4897925853729248,9,0.5489594447347904,0.271595242513794,45.524441286024675,-150.09299148747317,125.83521057413891,275.92820206161207,-0.4232865071445784,-0.5955014279052671,727.0447530864197,118.81901827964356,195.05451711877245,45.67901234567901
33,BASELINE,2,60,120,60,30,5.0,1.0,3.789561257387201e-13,1.8438253504372348,3.397908073634426,-0.005864465170191124,7.888175614536408,3.0378754737432776,-0.7334947418526236,-0.041906884218087914,-0.007403547286686184,0.7077555700626286,-21.933929285436985,-5.563099989558395e-07,2.0930895805358887,0.010400555096566677,4.227262496948242,3.131070860264483,-0.5904860496520996,-0.19923049211502075,10,0.9008091490560245,0.140170097488142,47.07498724646704,-152.90877074082573,157.5967096590775,310.50548039990326,-0.25631314688835216,-0.5208865915268195,698.2886904761905,114.0480884627157,183.3196773505661,38.095238095238095
33,BASELINE,3,90,150,60,30,5.0,1.0,-1.0983806456958216e-12,1.3633567404665945,3.5559624775721943,0.06650190290820035,6.507134139284432,2.959907340351487,-0.6762803731351754,0.07521338842094122,0.005704396656705628,0.9036947590124822,-21.93393076277429,5.245208853921213e-07,3.6364030838012695,-0.29825666546821594,4.843835830688477,2.638071369800247,2.7053675651550293,1.4922317266464233,7,1.0445407332270973,-0.18336188423306227,46.12164334562593,-177.5536042345336,157.60993225645993,335.1635364909935,-0.2000397839949124,-0.5182059419454081,707.2172619047619,99.32942544219999,152.05204057219578,29.761904761904763
33,BASELINE,4,120,180,60,30,5.0,1.0,-2.723747153747051e-13,1.6472207718612124,3.979714354589703,-0.05450584066473141,7.58793099725068,3.08492589144574,-0.27956778843470786,0.16514253503191748,0.014440689851193966,0.923526636163906,-21.933929936767793,6.159146437312302e-07,3.2555925846099854,-0.34626346826553345,4.384391784667969,2.6964896347726444,1.4503378868103027,1.4279412031173706,6,1.369930349309727,-0.0687524256158143,46.20328640020758,-177.35580673342827,124.33351056258428,301.6893172960125,-0.5841664567175573,-0.6454286095923816,729.1015625,94.24132034906602,140.95425589441007,36.25
33,BASELINE,5,150,210,60,30,5.0,1.0,-5.240252676230739e-13,1.272119269175729,2.8090296182533336,-0.18255005772935817,4.859944973085106,3.1601903277446457,-1.1637107804921452,0.18195695072145718,0.009055104106080406,0.8383363468964731,-21.933930188418444,3.97364289028701e-07,3.1674602031707764,-0.3386576175689697,4.247206211090088,2.719570617579109,1.2367992401123047,1.3922134637832642,8,0.9550499439641534,-0.1702184320035674,43.35819012425017,-114.2436479025785,156.23995223323988,270.4836001358184,-0.6112129261552917,-0.6113790397394981,722.9420731707318,105.88993491366057,159.8354067567209,34.146341463414636
33,BASELINE,6,180,240,60,30,5.0,1.0,2.6349293117770384e-13,1.2765759529007061,3.2074615059158873,-0.6859808303094184,5.909921269311269,1.8994603108432822,-0.49321871319338007,0.12065328708529977,-0.006175708699564061,0.8676971005707305,-21.933929400900144,-1.112619997911679e-06,3.60256028175354,-0.38964635133743286,4.667518138885498,2.5849131158143805,2.531059741973877,1.6302975416183472,5,1.0717040106808162,0.09846028011003985,40.60676205037384,-128.83108207066812,156.23995223327552,285.07103430394363,-0.4103698065917425,-0.5508631296365418,719.3216463414634,115.6162701584103,158.96559919804997,28.04878048780488
33,BASELINE,7,210,270,60,30,5.0,1.0,6.039613253960852e-13,1.531704131659845,3.4141500002661473,-0.19549784612316046,7.167708491071778,2.7709814944435918,0.4184271040575447,-0.08670280853175318,-0.004433040625191092,0.9593469226464457,-21.933929060431897,-6.993611805228284e-07,3.5844876766204834,-0.322338342666626,4.797974109649658,2.590513298960988,2.636969566345215,1.6213804483413696,6,0.8278774280169453,-0.10129177652123961,42.31300042983943,-162.61562808912174,203.85591658937636,366.4715446784981,0.6916666064792221,-0.40868571089060146,710.0903614457832,104.31035918840519,135.0742230468394,22.89156626506024
33,BASELINE,8,240,300,60,30,5.0,1.0,-4.322468309207276e-13,1.4691407466019772,3.704205531229121,-0.22784044789041502,8.296980263365583,2.2171362096746448,1.3641747816171268,0.23682099695311057,0.002777370351620798,0.8962742025986752,-21.933930096639962,2.8610230629055877e-07,3.945707082748413,-0.2899380922317505,4.943428039550781,2.3229455510796706,4.6849493980407715,2.171548843383789,4,0.8812149414691205,-0.18726092966824706,43.0091087568015,-162.6156280079136,203.85591653214564,366.47154454005926,0.5075653794638213,-0.4381959498070056,709.902108433735,90.0301377558746,120.6241509195442,22.89156626506024
33,ANGER,0,0,60,60,30,3.0,4.0,-2.723747153747051e-13,1.5305421763633462,4.647555792255531,0.10400540990325169,8.728085032940669,2.710261830852251,0.904492644405916,-0.17795789361791614,0.00012675197438658515,1.1267112753490094,-21.933929936767793,-1.5576680425510858e-06,1.7112956047058105,-0.0632169246673584,3.4798150062561035,3.2939483840678614,-1.1384414434432983,0.01401035487651825,36,0.051139089933188074,-0.00018519398172980316,38.12980864172978,-216.562596420898,174.08035610355205,390.64295252445004,5.279012649713913,-0.612522904325585,719.5216049382716,107.71341785853319,148.95059347607514,38.2716049382716
33,ANGER,1,30,90,60,30,3.0,4.0,6.246854885224214e-13,1.7740317025255607,4.856385855150336,0.07677638294936173,8.776545081941833,2.793739959508559,-0.1216042440927243,0.1562437062706917,-0.0020565063821557108,0.8483090156389937,-21.933929039707746,-5.404154421739804e-07,3.2995235919952393,-0.4181811511516571,4.307023525238037,2.4054673921914866,1.0461769104003906,1.2860115766525269,1,2.170500376752278,-0.006401942004906965,33.93650685887135,-115.87689563193348,112.51466841514139,228.39156404707487,-0.23436197602683384,-0.449531833436602,755.4086538461538,161.65228520539193,222.75012617149196,55.12820512820513
33,ANGER,2,60,120,60,30,3.0,4.0,7.105427357601002e-14,1.490095771272657,3.7890237404688776,0.014784593898653497,6.998089821454556,2.8926067197476932,-0.06056846257405768,0.45091498363288374,0.01460041403181078,0.8674919490783691,-21.933929593338767,2.8610230629055877e-07,3.43627667427063,-0.17777317762374878,4.864862442016602,2.781986561995472,1.6310968399047852,1.1209681034088135,1,2.449289931309509,-0.09705477449618992,33.05107792034395,-115.87689563193317,112.51466844957892,228.3915640815121,-0.29061653840769086,-0.49894423059596277,785.625,166.24612625033777,260.70437372897857,64.0
33,ENTHUSIASM,0,0,60,60,30,7.0,2.0,3.848773152033876e-13,1.5503207010787292,4.7376201695009,0.09967951313534229,7.561069448059499,2.9014593050205146,0.19425765269889972,0.4402251063312901,0.006749725964348877,1.0977304953856943,-21.933929279515798,-4.450480162176973e-07,1.9094796180725098,-0.15314793586730957,3.523289203643799,3.2944186899157053,-1.1085615158081055,0.2520483136177063,47,0.06529378933604131,0.035294391452085495,38.57086170712442,-210.86674017616272,264.9040499841826,475.7707901603453,6.27185491382787,-0.02079792110112524,748.7980769230769,48.357851799571606,45.502080461213,12.82051282051282
33,ENTHUSIASM,1,30,90,60,30,7.0,2.0,-8.79296635503124e-13,1.434016875431718,3.8463660178422288,0.17007219068823076,7.089641519353762,2.98538030903001,-0.19769294975762985,0.11870931035956121,0.005824546970926405,1.0184807503788174,-21.93393054369006,-1.9073486612342094e-07,1.8045541048049927,-0.10742342472076416,3.401879072189331,3.277860432612987,-1.3102083206176758,0.15627996623516083,65,0.054989344378529856,-0.07964574004083008,30.77118609312207,-80.21399797184952,43.95639716016935,124.17039513201888,-0.9163270767087801,-0.635400611132892,756.0096153846154,40.30930418335517,51.88340958278537,11.538461538461538
33,ENTHUSIASM,2,60,120,60,30,7.0,2.0,-3.937590994003889e-13,1.501259533559124,3.729267516297341,0.24189409311681231,7.819588183404846,2.8647715635578255,0.3617149703925797,-0.2232111546585546,-0.010440949899114487,0.9322745002894853,-21.933930058152217,5.086263286102621e-07,1.899364948272705,-0.014641075395047665,3.5481162071228027,3.28266821722895,-1.1941425800323486,0.06376858800649643,51,0.07868862485621898,0.1051474142776151,38.28680392728013,-308.5559853590846,183.30478536784625,491.86077072693087,10.398769506587541,-1.4015512720870016,742.879746835443,106.14499985777418,147.69233507987525,22.78481012658228
33,LIKING,0,0,60,60,30,7.0,2.0,-3.4935017841538257e-13,1.453169620916009,2.823310971636772,0.1213228807333877,6.160083002765759,3.132457745423159,-0.6026645849872883,-0.2859475160250882,0.0021962689518071382,0.8579949089918261,-21.93393001374328,8.583068620282575e-07,1.710755705833435,-0.13067755103111267,3.332118511199951,3.297761844876995,-1.2955909967422485,0.16187383234500885,79,0.06117657939041278,0.005423116971066551,41.48289650982889,-337.1990335016858,208.64682770807778,545.8458612097636,8.54927838609874,-1.1652953429689377,754.8076923076923,91.60518998897979,131.05514679562714,23.076923076923077
33,LIKING,1,30,90,60,30,7.0,2.0,-2.9309887850104133e-13,1.4274575942094292,3.107253244758823,0.3174426087227289,5.9927906792438534,3.1466127876039987,-0.8010493895047399,-0.21499083390270227,0.001021742512349215,0.9767028900394754,-21.933929957491962,3.178914482759865e-07,2.1299967765808105,-0.15934538841247559,3.9543161392211914,3.2027111219461433,-0.8348805904388428,0.36094000935554504,49,0.1459151741257707,-0.08438827955450798,39.65673234969736,-337.1990335016855,208.6468277080632,545.8458612097487,8.23290632346592,-1.0479406663678519,742.4841772151899,82.82575635816148,128.0551130535859,32.91139240506329
33,FEAR,0,0,60,60,30,3.0,4.0,-4.500103993147301e-13,1.2329747270328675,2.400291341618299,0.32821445431032714,4.09595044562181,1.917164003229321,-0.5051392353715132,0.13626834009085262,0.00782062726752132,0.8078858302743696,-21.93393011440354,-2.7338662675902015e-06,2.628117561340332,-0.09979352355003357,4.733725547790527,3.0330712761594363,-0.6333508491516113,0.2491549551486969,13,0.38054055067797127,0.01807748647379325,40.632642915429,-144.80825270934133,172.61942301315992,317.42767572250125,0.5626927915576379,-0.18758527321910515,730.6640625,141.6267011049898,204.61056083695354,58.75
33,FEAR,1,30,90,60,30,3.0,4.0,4.618527782440651e-13,1.3606410326833425,2.39223597421514,0.2735750005072646,6.096212173696358,1.4863017893558728,-0.19953821078541978,-0.11487242527812333,-0.009237368174433866,0.8283286263900421,-21.93392920254037,-1.748402951307071e-06,2.0880959033966064,-0.1446053385734558,3.877847671508789,3.1992268724938295,-0.9441835880279541,0.3432624340057373,36,0.11853821694989658,-0.07322267318296148,36.26160959334314,-115.68644730919213,111.47578217790425,227.1622294870964,-0.3703918553433674,-0.44431148513151725,763.5957792207793,117.83948699023459,155.3013968021029,48.05194805194805
33,FEAR,2,60,120,60,30,3.0,4.0,5.595524044110789e-13,1.4719217843335022,2.869536022123498,0.42875643089033133,6.581453121101077,2.3105538621523616,-0.24703154125411286,-0.13680077449345757,-0.004799697512523155,0.9417694184165776,-21.933929104840793,2.225239995823358e-06,2.0728213787078857,-0.1067020446062088,3.868656635284424,3.218692023572916,-1.2000547647476196,0.18570370972156525,74,0.10215887005258921,-0.10421594097389332,33.39298151428275,-82.28399862968351,49.439436694730176,131.72343532441369,-0.9015558307153366,-0.6689183392473387,781.4555921052631,97.21022045020817,145.10233457804875,50.0
33,AMUSEMENT,0,0,60,60,30,7.0,3.0,-2.398081733190338e-13,1.7201199550663262,4.552309789526987,0.021645341318432543,8.19457092832181,3.033952849612852,-0.4683859719601333,0.08454620107487211,-0.00617922046751609,0.7745911337905873,-21.933929904201243,9.854634299699683e-07,1.8685388565063477,-0.12061138451099396,3.6118781566619873,3.177939612040186,-1.2077693939208984,0.15002170205116272,45,0.17921438023674283,-0.004295502577643232,51.269895827236006,-309.5816868706079,296.50188079202997,606.0835676626378,6.835615206830498,-0.3401361667383492,764.4074675324675,119.28674128252834,145.90551745794625,23.376623376623375
33,AMUSEMENT,1,30,90,60,30,7.0,3.0,-9.473903143468003e-14,1.4316850636246568,2.8325786832425592,-0.15553747690688624,5.573949884542628,3.252784059888259,-0.9704242482619434,0.19065425334997638,0.000599269542087592,0.6942007376909335,-21.933929759132074,-9.981790753954556e-06,2.3084402084350586,-0.14080792665481567,3.902195453643799,3.064002380570405,-0.7386505603790283,0.5484446287155151,70,0.19157861703715573,-0.05395648331184022,33.3364782108782,-148.34152457643023,117.1955237431866,265.5370483196168,0.012362303231417293,-0.6409524583545195,761.0176282051282,70.19895116934124,80.81803253678528,8.974358974358974
33,AMUSEMENT,2,60,120,60,30,7.0,3.0,8.644936618414552e-13,1.2493271153110332,2.58470599840237,-0.09155266262688144,5.628714855103567,3.0285529694527824,-0.4341314623479673,0.19143783873137132,-0.006134886756459931,0.7648726925524271,-21.93392879989975,-9.5367431640625e-07,2.0491085052490234,0.07801751047372818,4.5992021560668945,3.056593270801922,-1.01852548122406,0.005002417601644993,72,0.24763539091846276,-0.14091172754266648,32.339269631085195,-124.50928779363927,82.58129490729293,207.0905827009322,-0.7631096600555054,-0.621114849274218,770.0892857142857,37.83916174618745,52.469103142129974,12.987012987012985
33,SADNESS,0,0,60,60,30,3.0,4.0,4.026408835973901e-13,2.123404006521247,4.1800310469930935,0.26139698935843114,8.681402847347641,3.1300716540619513,-0.614570103706594,-0.11599540244461662,0.0009494332067317333,0.8575013859173377,-21.933929261752237,1.23977656585339e-06,6.072187423706055,-0.01986420713365078,8.47590446472168,2.2998190258015896,4.603295803070068,0.8827189207077026,54,0.7152594607965417,0.059731262994381334,40.980632919398055,-205.7534758668596,202.13218952666202,407.8856653935216,2.7807808988399954,-0.15792519974556465,796.875,153.11525620926145,205.92685649447097,42.465753424657535
33,SADNESS,1,30,90,60,30,3.0,4.0,-6.690944095074277e-13,1.2810644939238702,3.4615198182272877,-0.008602487440612094,6.604065282052574,2.8105951624940912,0.5890863957057868,0.37947483397209514,-0.010756509320888119,0.8283440410760919,-21.933930333487673,1.8596649624669226e-06,4.848038673400879,-0.1324853003025055,7.0876874923706055,2.4002332626417076,2.3438448905944824,1.083457589149475,44,0.7053562297507276,0.1933885929130478,32.70807110203827,-111.43741199433602,164.71412949855846,276.15154149289447,0.4377817823294947,-0.3167713820123149,793.918918918919,75.74171603634501,76.21816790077472,18.91891891891892
33,NEUTRAL,0,0,60,60,30,5.0,2.0,8.496906881797864e-13,1.3569482267265958,3.4738542213517576,0.17281900264407568,6.9636153542319335,2.8146148098654225,0.45182210885743723,-0.3872204675764632,-0.006289577071863285,1.034799130717949,-21.93392881470271,-2.28881845032447e-06,1.8222366571426392,-0.02065388485789299,3.9399781227111816,3.2607604282250886,-0.9717130661010742,-0.12887312471866608,75,0.31210457781481,-0.10073118550294573,39.119291708380295,-223.32783293745388,195.32792822917503,418.6557611666289,3.927921330227961,-0.45737940773529356,711.2198795180723,119.60443185048784,166.4452050619355,22.89156626506024
33,NEUTRAL,1,30,90,60,30,5.0,2.0,2.5165055224836885e-13,1.4410095653136956,3.447915682720293,0.12314861972626545,6.828169788004601,3.053844455170476,-0.13345238647544022,-0.2167340550417165,-0.0031294662336977617,1.0101173034558784,-21.93392941274252,-2.098083541568485e-06,2.1240739822387695,-0.059934429824352264,3.7655367851257324,3.221563209841742,-0.8607697486877441,0.3790590465068817,75,0.183615254201088,0.007910993872356586,34.0185361737933,-223.3278310549029,96.01626565314692,319.34409670804985,2.0064864012326034,-0.8947653870604824,716.6539634146342,95.17823456235176,123.83718402865978,15.853658536585366
33,NEUTRAL,2,60,120,60,30,5.0,2.0,1.5395092608135505e-13,1.576555839304216,2.68931917822286,0.010433145611798977,6.588733067733443,3.0311028915809866,-0.8719143267154728,-0.28211201431615074,0.011662795797447894,0.9764160463064081,-21.933929510442127,-3.019968744411017e-06,2.103283166885376,-0.06452230364084244,4.129154205322266,3.1768796322364268,-1.0348598957061768,0.09053162485361099,83,0.22291415571471834,-0.07926639643810035,34.16237257498822,-81.07474932737205,46.65425161518666,127.72900094255871,-0.8969287968666317,-0.6705134622138379,757.2115384615385,41.887862957983586,31.148373714608844,7.6923076923076925
33,AWE,0,0,60,60,30,6.0,3.0,1.3322676295501878e-13,1.4381208739331728,2.5422990826619696,0.20941872968940345,5.975709262578022,3.1667204653365006,-0.777904263029519,-0.27378026691691604,0.009045502955672548,1.0344362040489843,-21.933929531166285,-6.278356181610434e-07,3.3809592723846436,-0.2531343102455139,4.623095512390137,2.705051733688498,1.7293710708618164,1.3967171907424927,6,0.9568583120688269,-0.033361255738160976,50.66127421341726,-416.9949142346182,558.9079934732854,975.9029077079035,30.428191798089678,1.1673839196026823,747.0332278481013,123.92051789414275,192.16616386673388,56.9620253164557
33,AWE,1,30,90,60,30,6.0,3.0,3.7007434154171886e-13,1.270612473160271,2.439755603602123,0.06676773358940125,5.79953550520429,3.0435321413164322,-0.057504101357060744,-0.42008886971834847,0.011184477934819867,1.0181276563472217,-21.933929294318766,-4.967053541804489e-07,3.126995801925659,-0.33110642433166504,4.296956539154053,2.8036741386687654,0.7086117267608643,1.1831109523773193,5,1.1971226457560484,-0.07805339905984192,31.03359650743745,-89.10650570116832,84.49331707073245,173.59982277190076,-0.7573814933467746,-0.5637970712865881,744.4620253164557,105.32324586511494,149.59798558692782,48.10126582278481
33,DISGUST,0,0,60,60,30,4.0,4.0,2.4276876805136755e-13,1.9475068666343625,4.473269740904584,-0.08530609546824053,8.099444045003423,3.048265904039345,-0.6260273530810188,0.03873093540661478,0.018743809963412527,0.85815813450632,-21.9339294216243,9.059905892172537e-07,4.570420742034912,-0.29626327753067017,5.494758129119873,2.056132719777922,7.7984113693237305,2.6805472373962402,2,1.7693213223022406,-0.061686691349867824,43.82903158352292,-238.0647604483139,235.2827183678118,473.3474788161257,6.198987684189291,-0.09957019232192947,761.5665584415584,141.47682879431952,186.9681327072245,55.84415584415584
34,BASELINE,0,0,60,60,30,5.0,1.0,-1.2138438402568377e-13,1.2270015226123294,4.347334251200152,0.041466633052067436,6.87343767884343,2.71304492003151,0.9979624101943814,0.366964738568354,0.00770199226213776,0.865864953195062,-22.016334160853724,-9.250640687241685e-06,2.1937482357025146,0.09529545903205872,4.196905612945557,3.184970005872892,-0.5986669063568115,0.15762856602668762,77,0.2662010955466495,0.021123166186310036,45.63826164400845,-467.8164747818781,552.9403867172289,1020.756861499107,61.732626674982114,1.660887894182212,646.0597826086956,64.08677603094209,84.25472196308598,17.391304347826086
34,BASELINE,1,30,90,60,30,5.0,1.0,5.033011044967376e-14,1.7282080154889083,3.2943730258352844,0.003198073530086276,6.848959446855218,3.1864408617556923,-0.531813798255893,-0.03742007155918708,-0.007398316557155592,0.8674809565349902,-22.016333989139223,-1.0538101378188003e-05,4.610826015472412,-0.04120064154267311,7.2687883377075195,2.4474039498068882,1.276512622833252,0.16775380074977875,56,0.5009056723560394,0.05673216007112018,22.031552625300385,-48.639476710869566,56.264934051255366,104.90441076212494,-0.9318300578370877,-0.36329465888421114,655.9027777777778,43.63056642386065,23.94408060015078,2.2222222222222223
34,BASELINE,2,60,120,60,30,5.0,1.0,1.1220654035544915e-12,1.4446804910074884,3.853684327519602,-0.1759815976853929,8.183356621222515,2.8366199236536294,0.528815712726344,0.014464313630266012,0.0015386522378128976,0.8956703509988676,-22.016332917404558,-7.534027190558845e-06,5.576333045959473,-0.03037881851196289,7.288722038269043,2.2642038937512985,2.6097750663757324,0.9048179388046265,51,0.506221954393481,-0.03774660182662047,23.632491971975913,-50.14461861779385,56.26493405076012,106.40955266855397,-1.0113341938026388,-0.32786822479329886,665.9058988764045,38.16479983364161,24.194681955817934,3.3707865168539324
34,BASELINE,3,90,150,60,30,5.0,1.0,7.401486830834378e-14,1.2448510762871672,3.0021152720841826,-0.06712220448115147,5.938173196311425,3.0179965785852803,-0.13893210184795324,0.2121977162228344,0.0003054471526520768,0.930490578248129,-22.016333965454468,-5.3087869673618115e-06,5.332892894744873,0.14866061508655548,7.623872756958008,2.3428891951393127,2.3219451904296875,0.43204009532928467,39,0.6262852424614241,-0.0724170069363716,22.667035034008997,-50.14454826733386,40.09840284955596,90.24295111688983,-0.9925738807842541,-0.28597485068795825,637.4327956989247,29.642695361501186,20.79792053646961,2.1505376344086025
34,BASELINE,4,120,180,60,30,5.0,1.0,2.161234154603638e-13,1.2469667366241066,3.3521878714985576,-0.06631994357526594,5.926180359398359,2.908951330118221,0.5502866396686628,0.5284322905254417,0.0054559487597298706,0.8473178071030436,-22.016333823345942,-9.377797141496558e-06,6.268908977508545,-0.3236667513847351,7.739110946655273,2.0855488438679215,9.884570121765137,2.015591859817505,39,0.7152268337284524,-0.0660137478040012,23.037990638085216,-83.56699843141193,73.4550870859514,157.02208551736334,-0.7194056507579867,-0.25005992701767477,638.2728494623656,27.736048112341734,26.165917354036356,6.451612903225806
34,BASELINE,5,150,210,60,30,5.0,1.0,-3.7599553100638633e-13,1.2064179362095169,3.102873361857661,-0.1503534815448404,5.424911700887236,3.0498941638167034,-0.3124828511969757,0.48155257011834174,-0.008031771281064142,0.7865196116452354,-22.016334415464936,-6.643931101280032e-06,10.75872802734375,-0.1461958885192871,12.327305793762207,1.2388719988613741,53.91593551635742,5.135356426239014,44,1.0549196907046823,-0.060783742088781824,23.531649930856766,-83.56699843140859,73.45508708595372,157.0220855173623,-0.714092273997244,-0.2681987153544787,667.1348314606741,56.159397438985295,66.22845516956988,11.235955056179774
34,BASELINE,6,180,240,60,30,5.0,1.0,-5.47710025481744e-13,1.7999651823143763,3.670053816233576,-0.2537525534716423,7.728151959589269,2.6175463869802646,-0.370428687212653,0.08603631286359434,-0.004647163929286532,0.8868412938645419,-22.016334587179507,-9.139378562394995e-06,10.187328338623047,-0.10621237754821777,12.254216194152832,1.4628904693558218,43.047393798828125,4.3122878074646,40,1.1433840322176785,-0.06942623084783334,26.28568022664297,-126.61520527716381,120.6760518511398,247.2912571283036,1.5998726533083873,-0.09187597877104027,677.9813218390805,85.6266285890267,102.97127813443676,16.091954022988507
34,BASELINE,7,210,270,60,30,5.0,1.0,3.7599553100638633e-13,1.46589934583755,4.443288581501292,-0.06137325050907805,7.42597429385583,2.9853513131069565,-0.3829244323403125,0.20087659954578913,0.017588154682143472,0.886830495636543,-22.016333663473873,-1.0132789611816406e-05,10.005509376525879,-0.12259235233068466,12.057265281677246,1.5467275040089021,40.026527404785156,4.075051784515381,34,1.1320449534705765,-0.0484410900898743,27.946590218976,-126.61416295628493,120.68228766764683,247.29645062393178,0.9092107015831918,-0.11333918045871648,688.2267441860465,75.02706989820581,85.00919067959651,12.790697674418606
34,BASELINE,8,240,300,60,30,5.0,1.0,3.7599553100638633e-13,1.6414001308428836,3.5323845686789923,0.14192108073274312,7.7297870819634795,3.031320503345282,-0.11722585339052927,-0.27776545990080825,0.0052181646499771485,0.8478997349133988,-22.016333663473873,-9.147325727099087e-06,11.24572467803955,-0.05528585612773895,13.757753372192383,1.1245750765279574,64.800537109375,5.860254287719727,35,1.1529164813204325,0.18604858560696663,25.604015256327887,-54.47493692247998,54.84712833866902,109.322065261149,-1.0320904223888956,-0.24832255789690447,700.3348214285714,35.411927066769266,35.89368400157358,10.714285714285714
34,ANGER,0,0,60,60,30,1.0,8.0,2.6053233644537005e-13,1.3084985315247013,3.104532139906979,-0.06075913051546422,6.579743931054338,2.9483290797168165,0.04645175820929426,0.04839866957252432,-0.002861158717709017,0.876780849159901,-22.01633377893703,-7.62939453125e-06,2.1495022773742676,0.17797724902629852,4.60022497177124,2.5865061011102553,-0.3201944828033447,0.14208997786045074,88,0.7916329853490031,-0.16343161339713763,27.58240899535337,-263.2822743380675,110.02777245359334,373.31004679166085,7.297926226240531,-1.0924101766406267,747.5961538461538,92.32126009854835,94.60848815430968,28.205128205128204
34,ANGER,1,30,90,60,30,1.0,8.0,4.144832625267251e-14,1.3186082344658754,5.2992109698081435,-0.10633298343343256,7.559248691909914,2.638261576826288,2.5857993668059196,1.1088411844096628,-0.013361648895738416,0.9681329441705401,-22.016333998021008,-5.976359261694597e-06,6.141480445861816,-0.20084640383720398,7.610793113708496,2.164548527055151,4.333561420440674,1.3073160648345947,43,0.453290163169402,-0.12575510279803542,28.960232451889382,-75.0410254653917,57.99445283187407,133.03547829726577,-0.8628601927155262,-0.3550202798838264,782.9166666666666,49.44885569914591,42.403569556685305,25.333333333333336
34,ANGER,2,60,120,60,30,1.0,8.0,-2.8421709430404007e-13,1.538193133078324,5.589055968931689,0.05512490387324931,8.449124785753526,2.725533334296143,1.3077859721159957,0.58242523552391,-0.0006736382239639967,1.0586595173261824,-22.01633432368647,-9.473164936935063e-06,6.137259483337402,0.07991399616003036,8.581241607666016,1.9479582294117948,9.667186737060547,1.1489251852035522,35,0.6324984462126327,-0.013044155571742847,29.75306464042288,-75.04102546710001,54.825205728160945,129.86623119526095,-0.9566655122125294,-0.2882547755438406,770.764802631579,46.658399418474055,41.77070344950713,21.052631578947366
34,ENTHUSIASM,0,0,60,60,30,6.0,4.0,-1.0362081563168128e-13,1.2470381942016693,3.3082667024444845,-0.017128293718116083,5.951594736499999,3.036091903382467,-0.18816319614678356,0.2086019409808495,-0.0016661655091842103,0.9839567945485305,-22.016334143090155,-4.57763690064894e-06,4.730513095855713,0.08446900546550751,6.757880687713623,2.3813977933987713,0.6682682037353516,0.2697226107120514,33,0.7100686313349331,-0.04532262104895893,22.594905641828042,-239.81630409068234,133.2311305491636,373.04743463984596,16.721636528775992,-1.0433980195812427,746.0443037974684,140.99107343250535,165.02787558334282,25.31645569620253
34,ENTHUSIASM,1,30,90,60,30,6.0,4.0,-2.546111469807026e-13,1.18413793855423,3.1233686997289567,-0.04711047685148628,5.6585533655884035,3.0372428550929653,-0.07676701457039403,0.30829942038715863,0.010187373595703184,0.9229060433956869,-22.01633429408051,8.85625649971189e-06,2.2837817668914795,0.10009334236383438,4.913286209106445,2.868319867749475,-0.32887792587280273,0.28416433930397034,89,0.6275299414879016,-0.11926187061970334,14.10494064192824,-39.726260166184275,28.130470108458958,67.85673027464324,-0.8011618066776194,-0.39988028119151536,735.7421875,75.66105648387114,69.45570627740871,16.25
34,LIKING,0,0,60,60,30,8.0,6.0,-7.37188088351104e-13,1.7369527428199767,3.5220723132368903,-0.16334685222396672,7.342802480301458,2.9002648091314605,-0.5191541673657314,0.07686462352182429,0.009389266791607682,0.8774449951122337,-22.016334776657693,6.898244009789778e-06,6.6300740242004395,0.04255131259560585,7.905027389526367,1.6426249266708361,28.18257713317871,4.6153950691223145,37,1.1714307258632428,-0.15840700433689914,32.54798326480128,-179.6533997318712,260.85983205356183,440.51323178543305,10.417688848003866,0.8843355535173723,715.3201219512196,109.93914228688101,112.91397598270208,28.04878048780488
34,LIKING,1,30,90,60,30,8.0,6.0,-5.950795411990839e-13,1.3850899435162525,3.316028719390829,-0.18699074366637092,5.779399278086572,3.1366322691488726,-0.3794816473558238,0.49442245600080276,-0.0001527839270849243,0.9323155294632275,-22.01633463454905,1.5894572769070692e-08,8.134976387023926,-0.035836897790431976,9.890984535217285,1.6904914930663726,34.41638946533203,4.374588966369629,32,1.0961236048659007,0.014237764212774007,30.099850770995204,-179.65342324148753,260.85990351478813,440.51332675627566,11.597435737517712,0.8894110260891148,744.4620253164557,58.945284937459796,56.19766974649303,17.72151898734177
34,FEAR,0,0,60,60,30,3.0,6.0,1.3944401189291966e-12,1.263893612454767,3.2484861738929283,-0.13991303956153445,5.815663260964499,3.0857784475282717,-0.38402742537792856,0.3686498430633512,-0.017771367143081848,0.7408617302861604,-22.016332645030186,-2.6384989268990466e-06,6.806300640106201,0.004552200902253389,8.13780689239502,1.7312161147844383,19.35322380065918,3.7133865356445312,3,3.1306095959016336,-0.009200840962455747,24.532613506019988,-140.2175918606229,139.56606618357924,279.7836580442021,4.758458509839322,-0.37072440741401486,725.6944444444445,92.30659679838706,114.1667973501381,17.28395061728395
34,FEAR,1,30,90,60,30,3.0,6.0,8.881784197001252e-15,1.400556631753501,3.294339288910919,-0.016770431262713714,7.114226763239628,2.9610620557396747,0.02146239022297136,-0.2443776781449718,0.00974362917964998,0.7393478187718617,-22.01633403058755,-3.941853719879873e-06,5.060149192810059,-0.16728167235851288,6.6911115646362305,2.4439132531427354,1.39339017868042,0.8111578226089478,43,0.4967226455301375,0.013448771707212386,20.807390899131423,-50.34976907261497,49.56711227103938,99.91688134365435,-0.982845170654949,-0.2550227254681903,717.9878048780488,52.538660110751415,39.70346050704608,14.634146341463413
34,FEAR,2,60,120,60,30,3.0,6.0,8.141635513917814e-13,1.1742322220486279,3.780089642460638,0.059172520487393854,6.673553321888903,2.7945334781191304,0.5671108769239677,0.11805243646054642,0.004194613270809445,0.8575050460292888,-22.016333225306113,-2.384185791015625e-06,6.767632484436035,-0.20332181453704834,8.298754692077637,2.0087257678225594,16.050167083740234,2.9593992233276367,32,1.0937521898281037,-0.09085993815165155,21.1475863414219,-50.34973598543202,49.56713429753466,99.91687028296667,-1.0040244626608426,-0.2733278264930242,724.729938271605,51.85569466373623,38.590903235088966,12.345679012345679
34,AMUSEMENT,0,0,60,60,30,7.0,6.0,-1.305622276959184e-12,1.3666503354729753,3.528494446716479,0.03474619014305347,6.103294258777936,3.0794646633345746,-0.2768122726523994,0.34336851603695323,0.002000080499980557,0.914646527758339,-22.01633534509246,4.720687684311997e-06,7.518567085266113,0.019887641072273254,9.54377555847168,1.656841328167477,19.640174865722656,3.2154133319854736,38,0.9932074394542582,-0.043230535478456865,22.341067698207596,-191.08397439424277,103.97548137207323,295.059455766316,5.826263079350641,-0.8634355676996373,739.453125,75.27536310602342,87.22691336139874,20.0
34,AMUSEMENT,1,30,90,60,30,7.0,6.0,-2.0428103653102878e-13,0.905071424244446,2.001553360192787,-0.031823618812509835,4.362390856914544,3.0432999367288516,-0.15263987471910845,-0.17506978316354405,-0.001743125713525764,0.6463736732217955,-22.01633424375039,-3.3060709938581567e-06,6.951389312744141,-0.17215564846992493,8.904431343078613,1.9771469760137002,15.693634033203125,2.603724718093872,36,0.9623368569888283,0.04422385963870716,20.395320164689295,-71.17182856545112,59.705465920339186,130.87729448579032,-0.8619565300155885,-0.2729846257994338,716.8674698795181,53.14951855077297,37.367971339265864,10.843373493975903
34,AMUSEMENT,2,60,120,60,30,7.0,6.0,5.329070518200751e-13,0.9872594579987537,2.3990524284620562,-0.09602613389496639,4.795206220582315,2.960080163193125,-0.14499776030033829,0.27139054650734834,0.0009165777282688894,0.6328619103787588,-22.01633350656242,-6.2624612837680615e-06,3.2224762439727783,-0.1577501893043518,5.40836238861084,2.574775367455426,-0.2428874969482422,0.19289648532867432,89,0.6657957675635693,-0.0562490433133158,21.986312615787558,-71.17182856540376,59.70546592037862,130.8772944857824,-0.9457445457351419,-0.2659169599199882,752.8044871794872,86.7862671433025,46.15930911724978,17.94871794871795
34,SADNESS,0,0,60,60,30,3.0,4.0,7.342274936187703e-13,1.2460874834986368,2.5118035668072025,0.025812874460484636,6.645071060491148,2.7073880452676673,0.7185449124759877,-0.2312664061452943,0.013645945469714765,0.8283324802722268,-22.01633330524211,1.112619997911679e-06,6.387707233428955,0.07413530349731445,8.03544807434082,1.9864597362511378,10.039846420288086,1.9503707885742188,33,0.964838359662197,-0.006410764062495107,23.71402304523671,-136.34079276577424,148.3380430721346,284.6788358379089,3.254790502630703,-0.07434956224262398,750.3955696202531,101.8156572293435,127.01205178280101,25.31645569620253
34,SADNESS,1,30,90,60,30,3.0,4.0,1.2671345454388454e-12,1.1107761985776157,3.0885065560084968,-0.026916522625697326,5.8732349497283565,2.896952599115787,0.15143021069615958,0.2639916041972415,0.00790931869747835,0.7649352879302715,-22.01633277233559,-3.7829081520612817e-06,7.940595626831055,-0.14861126244068146,9.55997371673584,1.7610070368454909,25.650728225708008,3.677043914794922,33,1.034603508577519,-0.01230068460190387,19.06255043356853,-44.54349660963331,37.23796304444955,81.78145965408285,-0.9996272802851904,-0.21922880726200478,777.1381578947369,87.14094564494201,79.26255158227833,22.36842105263158
34,SADNESS,2,60,120,60,30,3.0,4.0,-2.4868995751603507e-13,1.5052530257774903,3.129167276782141,-0.08093563495741307,6.815585462573637,3.027881880530557,-0.43410409481882395,-0.29969738356272985,-0.0034293889333023284,0.8180349072896109,-22.01633428815932,-1.3033549066676642e-06,2.705503463745117,0.0681312084197998,4.747280120849609,2.920413483986084,-0.5141556262969971,0.130684956908226,90,0.5978030460746695,-0.05070190881190841,18.624817665456334,-39.53673631521318,35.64444927681016,75.18118559202334,-1.0729353015310341,-0.2079949797851285,806.7208904109589,53.78136003986719,46.14595090278477,26.027397260273972
34,NEUTRAL,0,0,60,60,30,7.0,4.0,-1.924386576016938e-13,1.6349458816348794,3.0339087169011236,0.2826206311453916,7.158001980997852,3.099968347718112,-0.425811448932655,-0.5300026517921009,0.004340292200878908,1.1195946949043032,-22.016334231908008,1.3669331337951007e-06,1.7779614925384521,0.372459352016449,4.497600078582764,2.6932259741975835,-0.34022068977355957,-0.8890924453735352,88,0.29467651222242036,-0.11652096422365658,17.223767713170393,-81.1233811415168,135.25691423805506,216.38029537957186,8.666496706955458,0.5344973900506038,752.373417721519,99.36095791305655,146.90611031675107,20.253164556962027
34,NEUTRAL,1,30,90,60,30,7.0,4.0,-1.0066022089934752e-13,1.3726162167424087,3.7785872671769027,0.28052980938717553,7.546067605836271,2.7748027822852865,0.3930974175578985,-0.3514856137624589,-0.0015278392708254593,0.98470059071919,-22.01633414012956,2.104441409755964e-05,3.2486042976379395,0.016183162108063698,5.171874046325684,2.629948296287066,-0.3011338710784912,0.2661038935184479,89,0.7937071043442803,-0.02590781491176184,12.567829520151891,-28.96164536430873,34.54477402552524,63.50641938983397,-0.9362974134736102,-0.23485030475663773,755.2083333333334,50.531536164915345,40.604702721690785,15.384615384615385
34,NEUTRAL,2,60,120,60,30,7.0,4.0,6.306066779870889e-13,1.260873511494557,3.7293833192059367,0.03989107314374962,6.828899852111903,2.8216630315352598,0.16781080826233596,0.17916824394793987,0.007166955124951387,0.8180504829163147,-22.016333408862852,9.520848834654316e-06,8.933036804199219,-0.16875283420085907,11.377237319946289,1.6213102026779542,24.877370834350586,2.8093388080596924,36,1.083684521502815,-0.018526270953189886,13.087486383497927,-62.99658957683663,34.5447740258558,97.54136360269243,-0.4009675313519172,-0.3379375121512129,757.6121794871794,52.44525434803137,64.30036809896454,15.384615384615385
34,AWE,0,0,60,60,30,7.0,6.0,-1.450691418843538e-13,1.7439971472210547,3.8271036597706143,-0.005309919204776747,7.619494551074268,3.1714553720849143,-0.6334736144212587,-0.04360086024190346,0.0004452054174669609,0.912322309943969,-22.016334184538486,8.138021257764194e-06,8.88447093963623,-0.09771472960710526,10.978226661682129,1.856898793037742,24.240604400634766,2.8495116233825684,61,0.7956690076121663,-0.021614925069030726,18.509420273497962,-139.73646437184186,157.55958790073294,297.2960522725748,11.641930338466642,0.562910380561495,708.1473214285714,51.117081384847054,40.44067311715613,7.142857142857142
34,AWE,1,30,90,60,30,7.0,6.0,-4.144832625267251e-14,1.2883366712192452,3.0843450875792655,-0.0637629515644278,5.772388530905204,3.0853335913495523,-0.1951077604269078,0.2105808439690587,-7.806357171689037e-05,0.8479109820310683,-22.01633408091766,-2.030531504715327e-06,7.643492221832275,-0.17742088437080383,9.124398231506348,1.604714489779933,34.258270263671875,4.936295032501221,60,0.8599002330526653,-0.05539913129772249,13.566881426255732,-36.08678960333731,28.747197968420615,64.83398757175792,-0.873124752586294,-0.15308993341659083,710.0903614457832,57.24127673866684,35.613765879529666,10.843373493975903
34,DISGUST,0,0,60,60,30,3.0,5.0,7.046215462954327e-13,1.397649580413652,2.9210272888199995,-0.09714713918036466,6.661711699449313,3.0365544526034713,-0.236672797685491,-0.061143251702496404,0.004143395931613635,0.9235611991634705,-22.016333334848035,-1.4050801837584004e-05,2.0265278816223145,0.11794685572385788,4.135258674621582,3.1421145463390316,-0.9583098888397217,-0.016065068542957306,86,0.4088944246723654,0.19092803483911158,28.798434676360042,-151.0742764582429,127.47565894580998,278.5499354040529,0.7943129206530748,-0.3158371182985646,782.0833333333334,59.24223539802457,55.74804186962353,21.333333333333336
35,BASELINE,0,0,60,60,30,5.0,1.0,1.1901590823981678e-12,1.2711554275275732,4.039875561385031,-0.2511165885145772,6.37037445276647,2.1630525989817935,0.539383108421168,0.4711320915285036,-0.0031112363333146496,0.7318397160925855,-21.966884359168137,3.178914482759865e-07,1.8941985368728638,-0.16748929023742676,3.3347220420837402,3.085459389886118,-1.404335856437683,0.23725396394729614,22,0.08235838552051102,0.2545475193592316,50.21412147249372,-242.41517608543768,302.37937410605207,544.7945501914897,3.2513213683613547,-0.1188574296747241,593.4343434343434,89.0336788193397,112.66242172584722,20.2020202020202
35,BASELINE,1,30,90,60,30,5.0,1.0,-1.9539925233402758e-13,1.1434646804443114,3.188705307793782,-0.016907219839978893,6.793400159417473,2.631173993573761,1.0105931610036887,-0.01484631093551773,0.0010642789466002603,0.7760527825755872,-21.966885744725783,1.23977656585339e-06,2.3085079193115234,0.07592202723026276,4.233825206756592,3.1127662633009496,-0.8905389308929443,0.1658300757408142,14,0.18778705806663903,-0.06237938387513194,45.026932823729446,-142.2515346146597,154.66163358704898,296.9131682017087,-0.04998861872365268,-0.2997759635921963,625.6648936170212,104.27367387518971,132.57262097427676,32.97872340425532
35,BASELINE,2,60,120,60,30,5.0,1.0,4.707345624410664e-13,1.2854540232125609,3.519213401875021,0.06879588234873779,6.965052901495028,2.736588690238147,0.38787815336032905,0.07046408917592059,0.003293535337217123,0.9327661048561701,-21.96688507859206,1.2079874522896716e-06,2.786025285720825,-0.17076407372951508,4.22180700302124,2.990675418844077,-0.32044267654418945,0.7059122323989868,5,0.8648659538195558,-0.11706289823811429,51.642096016294545,-205.6070292676355,228.92311540967438,434.53014467730986,0.48431418860042186,-0.28730661578317507,627.6595744680851,121.412703168479,167.51244988637558,40.42553191489361
35,BASELINE,3,90,150,60,30,5.0,1.0,7.342274936187703e-13,1.4210960038152702,4.03743680582096,-0.06729307301931442,6.591885104320738,3.0095233743074816,-0.21451725865434224,0.2764768062416846,0.01558482865289424,0.9594134665426352,-21.966884815099288,2.5431316430513107e-07,2.6734979152679443,-0.27438074350357056,4.309874057769775,2.9561700230462664,-0.10959982872009277,0.7186471223831177,6,0.7638909348537158,-0.014387742084992198,56.09878909787247,-205.60496630448966,228.92311540966813,434.5280817141578,0.005228968490680774,-0.525627097350366,596.2752525252525,74.62528197866165,112.0526821250994,14.14141414141414
35,BASELINE,4,120,180,60,30,5.0,1.0,-2.6645352591003757e-14,1.6264084140367119,3.9287897824920037,-0.2701418044807724,6.643194461106816,1.8540762228781822,-0.4732209986277742,0.1665660287084174,-0.011188818387305626,1.1786071858670621,-21.966885575971865,1.9073486612342094e-07,3.197094678878784,0.03678540512919426,4.863310813903809,2.6836032285566347,-0.07575750350952148,0.14809395372867584,4,0.8396176697158829,0.3569126831646124,64.03754756699072,-271.6349871145244,228.78587176937958,500.420858883904,-0.019288579315543064,-0.6268022677811211,608.7306701030927,60.4277863515483,77.27401106748849,14.432989690721648
35,BASELINE,5,150,210,60,30,5.0,1.0,2.3092638912203256e-13,2.004577269162596,5.761093651440774,-0.06748203822937171,10.400843679823168,2.9094587396481004,-0.013235081339767252,0.14290295060852531,-0.01564370002363121,1.2202027502248995,-21.96688531840015,-1.5894572413799324e-07,3.4683451652526855,-0.14397934079170227,4.924461364746094,2.7748516052145393,1.349076271057129,1.0491173267364502,4,1.1452186153694073,0.084421820188552,67.38400083294863,-419.1154385959841,325.8518832330222,744.9673218290063,4.655820195802897,-0.6232169416480388,626.6622340425532,109.35022965253853,127.41286818251375,23.404255319148938
35,BASELINE,6,180,240,60,30,5.0,1.0,4.322468309207276e-13,1.5003527440240076,3.4916057449919435,0.12589891378489426,7.166003510841534,3.0083732054225143,-0.4253756204174506,-0.046245512357088146,-0.005819798053982479,1.0488509789308385,-21.966885117079773,-6.357829107628277e-08,3.93513822555542,-0.21411839127540588,5.31180477142334,2.615501544825734,3.261610507965088,1.6078517436981201,5,0.7148314902679459,0.31904896890835455,54.64509749777239,-419.1154385959723,325.8518832329659,744.9673218289382,11.071971133122297,-0.6916174544015103,638.7567934782609,114.2774532447225,145.13154498686606,22.82608695652174
35,BASELINE,7,210,270,60,30,5.0,1.0,3.7599553100638633e-13,1.5593536957646907,3.4224282564302655,-0.03573697076220128,7.027072758803143,3.1511673730404723,-0.6462949960781903,-0.030692200074941802,-0.0006892638528723013,0.8760072144547487,-21.96688517333105,-6.675720101156912e-07,3.9381284713745117,-0.25807756185531616,5.151205062866211,2.5266979493400066,3.456216335296631,1.7659631967544556,4,0.8249201678065741,-0.0273024262777095,49.01135076971752,-255.9652644413235,305.30630872669667,561.2715731680202,2.6512477550391615,-0.3348404155306398,626.3297872340426,72.30177956998362,105.11580355616402,17.02127659574468
35,BASELINE,8,240,300,60,30,5.0,1.0,1.0273263721198116e-12,1.1243330786471266,3.681178402161578,-0.053937493223088495,5.946396489088102,2.7425907921242514,0.5597855297537313,0.31982078629264515,0.006064910682032853,0.79730417780591,-21.966884522000665,-3.655751470432733e-07,4.016435623168945,-0.2811673879623413,5.186172962188721,2.502901315990405,3.8235058784484863,1.885803461074829,6,0.7819486064439105,0.03258231312314866,57.11624825910713,-255.95378963967565,305.3139488212662,561.2677384609418,0.9875861487213506,-0.4130120147992386,621.875,90.3241521416414,108.00096270625889,8.421052631578947
35,ANGER,0,0,60,60,30,4.0,4.0,-4.529709940470638e-13,1.112960981685838,2.0649502983900447,0.17574882707620532,5.0996670588595805,3.0301749255714427,-0.03844411329649855,-0.6210025648422587,0.0004991520345008115,0.8078858302744021,-21.966886002297606,9.536743306171047e-08,2.6663551330566406,0.03626248985528946,4.597485542297363,2.945782919873523,0.11469149589538574,0.25119635462760925,9,0.5880698010940044,-0.13300976766980627,45.19607923946267,-212.90573797767055,227.20482493100224,440.1105629086728,2.500786641450457,-0.4230197069097403,609.375,85.22431339559152,120.07086462815234,20.618556701030926
35,ANGER,1,30,90,60,30,4.0,4.0,2.102022259956963e-13,1.3335964671177671,3.7870126641557533,0.008776828947887338,7.307381783842004,2.8371466875328184,0.1973716671779524,-0.008321415300458879,0.007027192555291041,0.7868959137839927,-21.966885339124307,-1.9073486612342094e-07,1.9658617973327637,0.18354809284210205,4.0087080001831055,3.109944854382778,-0.9788410663604736,-0.1260049045085907,8,0.6679029019759599,-0.22165499244826328,45.088317176075456,-274.005650276093,186.14421038540462,460.1498606614976,3.4018785596627437,-0.6120486771151198,613.6067708333334,112.93499524523683,141.32683052526082,21.875
35,ANGER,2,60,120,60,30,4.0,4.0,-1.1842378929335004e-14,1.3541942247824144,3.3326078590860675,0.1719153029430487,7.031636103737071,2.9336477510354073,-0.4209984155972082,-0.135469799173592,0.0202843513701293,0.8482826755455799,-21.96688556116889,-6.357829107628277e-08,2.5309371948242188,-0.2063165307044983,3.915680408477783,3.0756656454722715,-0.4903748035430908,0.60844486951828,5,0.5400898808609064,0.3459015094432789,47.29350289548377,-274.00434953961667,186.35112982728887,460.35547936690557,2.4059389909265105,-0.6403597102068295,638.5869565217391,114.77817195168042,141.5377884879333,28.26086956521739
35,ENTHUSIASM,0,0,60,60,30,5.0,2.0,-1.1842378929335004e-14,1.3332376634656513,2.3887286655920548,-0.24554966885403928,5.192665593565948,3.1510135725890884,-0.819738601374949,-0.023729912797498455,-0.01920997455911253,0.8678147968562242,-21.96688556116889,4.132588742322696e-07,2.3183560371398926,-0.2267153561115265,3.7452476024627686,3.173140594437232,-0.8261656761169434,0.5296156406402588,4,0.2140896199510386,-0.30708432937761254,65.65635218503805,-415.19825954819237,163.32565612792013,578.5239156761124,1.0376948636901435,-0.9370795615675676,692.6470588235294,94.00969225707695,121.46221303939991,18.823529411764707
35,ENTHUSIASM,1,30,90,60,30,5.0,2.0,-1.450691418843538e-13,1.2955595832992515,2.609860250963436,0.03992608612648496,5.765518511076095,3.0510433920196127,-0.14484938162877548,-0.42815074786207746,0.0055644600715736075,0.797328199031926,-21.966885694395664,5.722046125811175e-07,1.933449387550354,-0.12878426909446716,3.5162506103515625,3.2122125255508034,-1.216017723083496,0.27579039335250854,36,0.028515179657811543,-0.008837209649197113,62.22502739441815,-260.78817804826485,161.18226709229708,421.97044514056194,-0.5456156242540122,-0.6946419936658393,665.8380681818181,62.0689074087408,70.99267911908767,5.681818181818182
35,ENTHUSIASM,2,60,120,60,30,5.0,2.0,4.766557519057338e-13,1.1670425294377025,2.6710125965067277,0.07913397205108197,5.636778954517752,3.0232071364724504,-0.26267904427143796,-0.06125908341893573,0.016170789736863502,0.796801039834469,-21.966885072670873,1.0490417707842425e-06,2.1637208461761475,-0.0020220112055540085,3.836691379547119,3.2024532399315113,-0.9736669063568115,0.2681567072868347,5,0.637234550385869,0.3820891327573971,60.35496560679868,-260.7881780481666,161.18226709236296,421.9704451405296,-0.46541510126084784,-0.6650313274977108,650.5208333333334,51.97818271381116,50.18181479895734,3.3333333333333335
35,LIKING,0,0,60,60,30,7.0,2.0,4.884981308350689e-13,1.298385496493621,2.7385436710027022,-0.024191222499680975,5.947865259957297,3.1027689091189927,-0.186850498791308,-0.13351753939041083,-0.007999453909452427,0.8678147968562003,-21.9668850608285,-3.019968630724179e-07,2.9615585803985596,-0.1375199854373932,4.369994163513184,2.976098595776559,0.052921295166015625,0.729515016078949,5,0.9418625265331151,-0.4854710566413817,62.14200099214937,-254.69892343378092,292.2412788264714,546.9402022602524,0.41979563359088345,-0.5200496618461071,677.0833333333334,62.39392646010127,88.29194149603651,14.942528735632186
35,LIKING,1,30,90,60,30,7.0,2.0,1.0628535089078166e-12,1.257077715848233,2.7438562837232894,0.07282507854533549,6.122585606514974,3.024261730665927,-0.12804664033630564,-0.24938208438559162,0.0007241520505606303,0.8279634446846953,-21.966884486473568,1.0649363275661017e-06,4.027729511260986,-0.15081968903541565,5.52696418762207,2.569747456528381,3.564685821533203,1.4469563961029053,3,1.2433589918786625,0.017863569226016965,61.236179534726745,-187.02694675415893,183.55456587023355,370.5815126243925,-0.8271520932351675,-0.5662814790833286,698.3455882352941,63.60735572267418,80.23562654063996,21.176470588235293
35,FEAR,0,0,60,60,30,7.0,5.0,4.322468309207276e-13,1.2194067926690677,2.9704731446763333,0.6597898656544032,6.045500265997106,1.7014953859376787,-0.299107184104475,0.1650245913448188,-0.0019723016041561237,0.9329162482945366,-21.966885117079773,-8.900960324353946e-07,2.678288459777832,-0.19947263598442078,3.9845917224884033,3.022009409330762,-0.0011303424835205078,0.9191605448722839,6,0.8103166616802399,-0.1101403706995567,72.75364116229676,-357.0160704515895,171.14383122943775,528.1599016810272,-0.27145215129476075,-0.6753140812973705,663.4480337078652,95.39443722649773,149.6937718129992,20.224719101123593
35,FEAR,1,30,90,60,30,7.0,5.0,-3.7599553100638633e-13,1.0904225914709647,2.5340588783222984,0.5909685193177694,5.643216713627908,1.9628558480368494,-0.6110370028542915,-0.45278677590716493,0.010899744252528747,0.8283440410760843,-21.966885925322114,-6.19888282926695e-07,3.701227903366089,-0.031964048743247986,5.294888496398926,2.7225639770484347,1.4106850624084473,0.7755860090255737,2,2.3545177358461657,0.4758737209585295,76.3405326487818,-356.9532647186945,171.17268522956007,528.1259499482546,-0.3983382650530909,-0.6968570527875473,677.0833333333334,57.2696398812825,71.1652903212769,11.494252873563218
35,FEAR,2,60,120,60,30,7.0,5.0,-1.5395092608135505e-13,1.0536878742755325,0.9928304690710377,0.7695714832593126,4.047593464608923,1.2463505755569457,-1.0009378431805733,-0.5801758676716652,-0.0010555980416644154,0.8182216769085567,-21.96688570327745,-1.1046727195207495e-06,3.4863438606262207,-0.19284296035766602,4.648609161376953,2.6078210742621604,3.028083324432373,1.7460200786590576,3,1.848899236943571,-0.5595938013147437,77.43130743904122,-202.20025885937895,108.22589334690953,310.42615220628846,-0.9433428243167237,-0.6077644401954979,686.4098837209302,59.08844831853517,60.9645961628068,12.790697674418606
35,AMUSEMENT,0,0,60,60,30,7.0,4.0,-6.809367884367627e-14,1.5443850603228222,3.6105482619269935,0.03369894042997146,7.806897052872586,2.955532440233944,-0.13336396707263232,-0.21745723703951853,-0.0091919640447193,1.14957239395305,-21.966885617420193,1.9073486612342094e-07,3.029890775680542,-0.2917269468307495,4.410257339477539,2.9237078979930566,0.4368422031402588,0.9663582444190979,4,0.4737503231662545,0.12300486068714124,88.97593336459576,-353.95486004324243,233.2302755917501,587.1851356349925,-0.49730175957512346,-0.5854309939642202,722.1798780487804,82.53467073938697,102.6216437925809,25.609756097560975
35,AMUSEMENT,1,30,90,60,30,7.0,4.0,6.039613253960852e-13,1.6401705481505122,2.9519383899334173,0.19437226643361782,6.981239197649103,3.0861525636512526,-0.2005081608367365,-0.5653919686440418,0.016997379446099553,1.2059012568389724,-21.96688494536537,6.357829107628277e-08,1.6012804508209229,0.018121054396033287,3.303496837615967,3.2910793343077587,-1.3516812324523926,-0.1063716784119606,66,0.020388996037356198,0.7919324988215775,89.04496906262901,-353.9548600432317,220.0018558928014,573.9567159360331,-0.6711504344501882,-0.6201817731781263,742.879746835443,65.85532062348695,90.81613906009245,25.31645569620253
35,SADNESS,0,0,60,60,30,4.0,2.0,6.868579779014302e-13,1.189509866876162,2.1563712233053423,0.24936912235027364,5.330148557587222,3.042398884739529,-0.5430069198027621,-0.3554661546772617,-0.0019688292421728665,0.7865398522663072,-21.96688486246877,-7.94728578057402e-07,1.9162930250167847,-0.1723610758781433,3.339381694793701,3.2413326374600153,-1.0297603607177734,0.41843780875205994,54,0.03421870950162015,0.038417331214964594,74.41227197455885,-307.8121826483393,254.96583740567397,562.7780200540133,-0.31921807906822686,-0.5916635377941822,735.1661392405064,62.29426948142144,75.20588061559194,22.78481012658228
35,SADNESS,1,30,90,60,30,4.0,2.0,4.3816802038539515e-13,1.3145862302519138,3.251658835809934,0.14597041470736372,6.496344474138027,2.9985772412852176,-0.30200477974254536,-0.16929155553289907,0.009958530834588242,0.9500579341810904,-21.966885111158586,6.35782896551973e-07,2.9441494941711426,-0.32663050293922424,3.9843297004699707,2.5296249578996997,0.410308837890625,1.2308701276779175,1,1.885296370976328,-0.17088149286260895,86.58506402878,-498.51101662372145,452.7011356961035,951.212152319825,2.657311274603259,-0.512286242730373,746.4398734177215,116.55006569197754,139.1032333745568,32.91139240506329
35,NEUTRAL,0,0,60,60,30,5.0,2.0,8.141635513917814e-13,1.421532975287888,3.5789203767436106,0.3359200595888012,6.531523299856445,2.8375358743603196,-0.320268557144864,-0.06113442076189336,0.0022605076484215796,0.8868916829414801,-21.96688473516329,2.2252400810884865e-07,3.9795994758605957,-0.2461075335741043,5.894763469696045,2.515082523829422,3.3984217643737793,1.5805916786193848,4,1.1769361220592371,0.10403525595144056,71.5561094359828,-282.28012291325877,258.3997388939393,540.679861807198,0.5873041022912195,-0.39934887607603875,707.0783132530121,90.11775137210256,108.43179986072622,22.89156626506024
35,NEUTRAL,1,30,90,60,30,5.0,2.0,5.151434834260726e-13,1.0963507351761956,2.34042695300829,0.07917274676003672,5.6697768104058355,2.889977573197607,0.047773504208888706,-0.2511427564869169,0.006493316900999282,0.7973281990319161,-21.96688503418316,9.536743306171047e-08,3.9311347007751465,-0.22212976217269897,5.054134368896484,2.5365116555977494,3.336221218109131,1.6922777891159058,2,1.4620708912800577,-0.4156623546495603,63.55949588841275,-249.82748949455473,227.61564687824512,477.4431363727998,-0.011734300342994608,-0.4510322315131789,698.6607142857143,72.01529281257724,90.54187088875591,22.61904761904762
35,NEUTRAL,2,60,120,60,30,5.0,2.0,4.1744385725905886e-13,1.0214481149156527,2.2904958345655757,0.19018039750804405,5.398519364957366,2.7214480316801892,-0.06879711869898752,-0.3600427381064065,0.001899382002593945,0.7202653484969801,-21.96688513188274,3.178914482759865e-07,2.0139529705047607,-0.02125394344329834,3.7000789642333984,3.261134254793992,-1.0229545831680298,0.06360333412885666,6,0.4642039132239311,0.37134474831565867,58.02507280937551,-159.08823940931623,139.825604805433,298.91384421474925,-0.9463653717764378,-0.5156702600819003,714.748475609756,43.562966586686116,34.373246307679395,8.536585365853659
35,AWE,0,0,60,60,30,5.0,1.0,7.608728462097739e-13,1.327698782071653,3.742041814800956,-0.0669830200308752,7.064242657610009,2.7453644527127308,0.3359940872454019,0.3061400167821261,0.0025487136926900084,0.9146465277583363,-21.966884788453953,1.2715658215256553e-07,2.7613117694854736,-0.10414281487464905,4.611917495727539,2.968777493818987,0.365541934967041,0.8128403425216675,4,1.0163144632505463,0.3912521338610099,94.28575351181799,-512.9422191414043,307.5024272482687,820.4446463896729,0.7190152805833092,-0.6584890193011937,735.3515625,132.84667165569502,201.75873273337444,26.25
35,AWE,1,30,90,60,30,5.0,1.0,1.273055734903513e-13,1.21549908137915,2.8221347090173765,-0.12030142758483464,5.6550366338044,3.0718852931070235,-0.3764800235953607,0.31254112170328124,-0.0014410302213480912,0.8865757820648553,-21.966885422020944,9.218851459991129e-07,3.095123529434204,-0.16975674033164978,4.5279364585876465,2.9114284166301156,0.5876936912536621,0.8554355502128601,6,0.4372881951072706,-0.23252264117300214,81.01001098251446,-230.37876028415783,199.98369844955937,430.3624587337172,-0.8530937119382189,-0.5455239116180853,706.3253012048193,26.926425130993504,32.188646972223594,12.048192771084338
35,DISGUST,0,0,60,60,30,7.0,6.0,3.2862601528904634e-13,1.7010525111282038,3.5922238472387846,-0.2094831943352915,7.086542725208744,3.041372569081135,-0.6939630364381064,0.18409180179003953,-0.004808938545281135,0.9414821457668161,-21.96688522070055,-9.218851459991129e-07,4.022101402282715,-0.11895529925823212,5.565229892730713,2.5546132623394935,3.0662574768066406,1.351588487625122,5,1.111411538447937,0.06137258623909205,81.40191838407553,-258.5921356776171,291.50726533299394,550.099401010611,0.07732791062331801,-0.3316254064972805,733.0078125,132.02645158309235,171.94690670746544,38.75
36,BASELINE,0,0,60,60,30,5.0,1.0,7.075821410277664e-13,1.2944807066751027,3.4618019476390316,-0.22866125764089418,5.945816566390505,2.0932884521427284,-0.0725522386113222,0.13495781205972485,-0.006195561861286559,0.8868916829414627,-21.96544670087548,3.814697322468419e-07,3.7597596645355225,-0.2620094418525696,5.053877830505371,2.6553888052029535,2.3228111267089844,1.4501065015792847,6,0.9285290021911742,-0.06633455816848291,87.18881457017578,-258.60712627342394,228.8747344093373,487.48186068276124,-0.6129153431410832,-0.43964018085582346,897.0170454545455,75.00887731553088,82.26985673333263,22.727272727272727
36,BASELINE,1,30,90,60,30,5.0,1.0,4.1448326252672513e-13,1.3432983186413723,4.3059505065784265,-0.07040011358228071,7.157012016426023,2.820876117244394,0.582177646293192,0.33104435720685355,-0.003439374540344452,0.9679882631648321,-21.965446993974194,-4.76837158203125e-07,2.0067694187164307,0.18629859387874603,3.6937501430511475,3.1354149011443884,-1.0870084762573242,-0.13552558422088623,5,0.881417945520907,-0.3310906922667659,108.31502672034216,-280.591325123416,213.98832928390925,494.5796544073253,-0.8606949114191473,-0.3730838575337354,892.7556818181819,60.7251826161004,41.29441082500894,21.21212121212121
36,BASELINE,2,60,120,60,30,5.0,1.0,1.0806170773018189e-12,1.3818926537296752,3.8472329698706176,-0.14481225206779413,6.045300605183002,1.502710928988778,-0.16783418157672791,0.2085314538345308,-0.01621766662359436,1.018540271422446,-21.965446327840876,-3.178914482759865e-07,3.3907084465026855,-0.5093240737915039,4.233503818511963,2.2128983706803935,1.046480655670166,1.3941311836242676,8,0.43820215674751745,0.020036118861936993,123.06731064368081,-294.8474822603134,247.92780148271578,542.7752837430291,-0.9816224134379743,-0.31164504066283155,890.625,63.86725641757044,81.58216127598936,18.181818181818183
36,BASELINE,3,90,150,60,30,5.0,1.0,2.753353101070388e-13,1.4533041371729707,3.8258507435294575,-0.11611346967406178,6.061278678830462,1.5687379140759332,-0.5038954315433655,0.1361545286101381,-0.0008611457708279763,1.0186777726409624,-21.965447133122098,-3.655751470432733e-07,2.2502429485321045,0.16263440251350403,4.2056803703308105,2.87562119579763,-0.37487363815307617,-0.452487587928772,9,0.5618553791250993,-0.46566254452836514,132.236578890495,-289.721828037299,252.76520775287068,542.4870357901697,-1.0294228870485114,-0.27441288060485114,899.6212121212121,73.49555837474705,82.83857535778662,21.21212121212121
36,BASELINE,4,120,180,60,30,5.0,1.0,3.5823196261238383e-13,1.3460211976933083,3.8202425895697445,0.010012411086179895,6.5503478422357375,2.9470620541474317,-0.03925939196532324,0.09288167417171614,0.0006189485227760116,0.9055667799223461,-21.96544705022547,5.722046125811175e-07,2.901641607284546,-0.2940525412559509,4.362246036529541,2.972383760196913,0.18512392044067383,0.8221118450164795,6,1.1823864407517002,-0.7955843417197956,134.32989316861327,-285.8650101124301,252.61459683377277,538.4796069462029,-1.0724037736418877,-0.2520510737624393,907.9326923076923,54.27601027587,38.66990209613932,15.384615384615385
36,BASELINE,5,150,210,60,30,5.0,1.0,9.769962616701379e-14,1.1786624723202066,2.166506179830918,-0.0002589803308694627,5.033308485256782,3.1305430380509773,-0.4196082549432436,-0.31489422641803905,-0.0015052689179625325,0.7973281990319169,-21.96544731075775,-1.4146169178275159e-06,3.001181125640869,-0.26479923725128174,4.391580104827881,2.9093225223555796,0.6851339340209961,1.1067466735839844,6,1.4780639399479227,-0.34353992368754493,134.8818978397724,-292.69555462008145,241.34435890435338,534.0399135244348,-1.0850138771516549,-0.2456493865893391,902.6442307692307,37.34191438198554,29.81315922358154,6.153846153846154
36,BASELINE,6,180,240,60,30,5.0,1.0,7.727152251391089e-13,1.271316976099477,2.6356638521598086,0.053899024629799897,5.6915186617082725,3.0538126571514774,-0.5169575914663422,-0.23173283145890677,0.003121529737459874,0.9414685419049683,-21.965446635742445,-9.854634299699683e-07,3.2832295894622803,-0.23898109793663025,4.5749969482421875,2.760186590007921,1.8117008209228516,1.428558349609375,8,1.0629846251074646,-0.4448575154748229,134.98414117597085,-308.8308283520086,268.55411243164883,577.3849407836574,-1.09066286492732,-0.22028924268509315,896.875,28.545040478820486,28.571755543608973,4.615384615384616
36,BASELINE,7,210,270,60,30,5.0,1.0,5.921189464667502e-13,1.3482545446358913,3.2569934325394456,0.12651723879315568,6.90498707052285,2.8074580497024364,0.795565488548418,-0.4362689031542105,-0.003921689957213991,1.0184682140454568,-21.9654468163386,2.1457671550706436e-07,3.893906831741333,-0.3677627444267273,4.920957088470459,2.421627458470891,2.9860754013061523,1.815452218055725,6,0.9729816862131914,1.035580606160608,130.97476163945072,-267.47133666230764,377.253151940761,644.7244886030686,-0.9689941063519596,-0.22944766016880452,895.6730769230769,49.34165058621484,35.85460888805824,9.230769230769232
36,BASELINE,8,240,300,60,30,5.0,1.0,3.789561257387201e-13,1.3810366918223924,3.476726851955192,0.13994599079687475,6.568549928794454,3.041810383354234,-0.19894319827940388,-0.2009580419692901,-0.0019011681861264076,1.0265189508363113,-21.965447029501316,6.357829107628277e-08,4.0930070877075195,-0.3237544596195221,5.210669040679932,2.4893401342828714,3.296804428100586,1.7234375476837158,4,0.9791842123654659,-0.3301507304219012,125.54558287431003,-262.01910440601023,242.14666368407717,504.1657680900874,-0.9926329230827884,-0.2664449055381742,897.8365384615385,48.638453729430005,32.03363177120454,6.153846153846154
36,ANGER,0,0,60,60,30,4.0,2.0,-7.105427357601002e-13,1.3846176708920632,3.8837192631113737,-0.2228324618354094,6.40657440275163,2.9788064139351524,-0.3043473723513572,0.25151623884200214,0.0046403930552292895,0.9504429791950817,-21.96544811900036,-1.2715658215256553e-07,2.8964171409606934,-0.0006752633489668369,4.535982131958008,3.0017640604026212,-0.2772653102874756,0.37538185715675354,2,0.758134248474913,0.3428577701158827,61.890077233673075,-180.36508190737027,173.94040825025996,354.30549015763023,-0.8199524834967784,-0.3873182982597694,908.935546875,56.68337022805248,40.34357652299393,6.25
36,ANGER,1,30,90,60,30,4.0,2.0,2.546111469807026e-13,1.365896555621709,2.83709600955504,-0.0838338886342882,5.609892508530834,3.17098566329476,-0.6850334548178143,0.13279905393916888,-0.005075171452476057,1.0103598275837429,-21.965447153846256,3.814697322468419e-07,1.871687889099121,-0.1135430634021759,3.462662696838379,3.2993732920475223,-1.1808558702468872,0.20204287767410278,65,0.020305546126503198,0.6962344685247259,62.72384300228642,-141.4735918818301,170.52182412409036,311.99541600592045,-0.9513751249062308,-0.37014074955789616,918.701171875,38.794186386808455,32.04591587404469,6.25
36,ANGER,2,60,120,60,30,4.0,2.0,-2.694141206423713e-13,1.4130627844398251,3.0322143449360794,-0.1841863773226038,5.842649219628271,3.1594279045696445,-0.5566951165166061,0.1416200591865546,0.0008689585852821285,1.105324938846809,-21.965447677871527,-1.6848246104927966e-06,2.100626230239868,-0.14921529591083527,3.6970319747924805,3.2668684171604383,-1.038014531135559,0.29593637585639954,2,1.182705382123344,0.23875478091209915,68.4823441754967,-156.56808094986036,134.75211839129815,291.3201993411585,-0.9538914244617844,-0.3539282495588894,920.6349206349206,28.245372351374535,27.063293868263706,3.1746031746031744
36,ENTHUSIASM,0,0,60,60,30,6.0,2.0,2.753353101070388e-13,1.1842701902988977,2.70446795059911,0.09556700155570752,6.396689065871186,2.759534971574582,0.5936256678566014,-0.2715549316627798,0.010009103273438933,0.8579763063105034,-21.965447133122098,4.450480162176973e-07,5.2843918800354,-0.17723551392555237,6.451533317565918,2.1007311499627814,8.581321716308594,2.5156357288360596,3,1.989160996484408,0.19654597825871603,60.0188696079165,-255.35417403919115,147.07380880567,402.42798284486116,-0.617048381784326,-0.35198156627481936,881.6287878787879,30.772872744833187,26.28889060479292,3.0303030303030303
36,ENTHUSIASM,1,30,90,60,30,6.0,2.0,1.1072624298928229e-12,1.3116380223232766,4.264741961428342,0.03159068119700237,7.6756986913324,2.7487572697130638,1.1466390099523132,0.40150542585807164,-0.0014644686647046021,0.959413466542623,-21.965446301195552,-1.271565793103946e-06,1.7137607336044312,-0.0869346335530281,3.3709611892700195,3.2880642166624634,-1.3256855010986328,0.08474632352590561,7,0.21287553209413287,-0.15696236666690344,59.33225113474801,-126.30687481395174,112.34969147662949,238.65656629058122,-1.0423711900210564,-0.2245706329737645,890.625,30.76547453033876,25.119904764640637,3.0303030303030303
36,ENTHUSIASM,2,60,120,60,30,6.0,2.0,3.434289889507151e-13,1.3894595291287977,4.236828222204281,-0.012777279310682843,7.649801815691859,2.7837251147588775,0.83782165786238,0.21900743105293669,-0.0022492224719930895,1.0268259552114682,-21.96544706502844,-1.9073486328125e-06,1.780578374862671,0.003261287696659565,3.3454198837280273,3.2272922155127173,-1.4036439657211304,0.09793850779533386,6,0.1986116200465731,0.5021194519474519,62.63614402770997,-131.20186582752535,159.9833741621402,291.18523998966555,-0.9953010723443407,-0.19537749039292018,887.310606060606,28.551145423811892,24.514516892273004,1.5151515151515151
36,LIKING,0,0,60,60,30,6.0,2.0,2.6645352591003757e-13,1.3894092757275271,3.9564613244664315,-0.04565027484915163,6.042092142713784,1.5056013405575284,-0.10747100052168879,0.2657219769853974,0.016426008342343017,0.9327661048561402,-21.965447142003878,1.6053517128966632e-06,4.084454536437988,-0.2304881513118744,5.129629611968994,2.4374213280377464,3.1492137908935547,1.6913200616836548,3,2.0480281974871457,0.2069428243242662,48.49545136593463,-135.37927795798493,122.54075735179065,257.9200353097756,-0.44971283134693296,-0.24747221939860525,839.9553571428571,56.64588161425425,35.49118333055265,14.285714285714285
36,LIKING,1,30,90,60,30,6.0,2.0,2.960594732333751e-13,1.2003029072549707,2.189132090487078,0.024615718751874738,4.580744263337522,2.248627940668545,-0.22233043285449483,-0.19647987442979625,-0.005508034189425211,0.7868959137840142,-21.96544711239794,-2.2570291093870765e-06,4.098959445953369,-0.1865430474281311,5.311147689819336,2.513993809629277,3.7349233627319336,1.8250669240951538,3,2.0593837636910846,-0.10495573500316199,58.10665301424169,-131.2388613194864,122.10829635260025,253.34715767208667,-0.7516845431360504,-0.3031101227910462,841.7410714285714,56.613748687947435,32.742873851320354,8.571428571428571
36,FEAR,0,0,60,60,30,3.0,3.0,8.378483092504515e-13,1.3358407640022052,2.7792165157379145,-0.11521732038488608,5.843086583585944,3.076744344359745,-0.7585118046524744,0.12565681444526436,0.024371909860097928,0.950017615987496,-21.965446570609412,-1.9391377463762183e-06,2.6595985889434814,-0.04274190217256546,4.412802696228027,3.081415764491934,-0.3316028118133545,0.4606870710849762,7,0.6253153398601962,0.3005660504435966,52.87193663383782,-230.34033056002733,147.17721724269595,377.51754780272324,-0.4039922383877226,-0.36199370029977124,893.9903846153846,119.65157813518543,123.26369785538796,24.615384615384617
36,FEAR,1,30,90,60,30,3.0,3.0,1.3589129821411916e-12,1.193407626571703,2.7927850351971983,-0.049110403837460126,5.1473847606800405,3.091580629528286,-0.5963208032697085,0.26712647588999305,0.005961439692687122,0.8279826721826853,-21.96544604954531,2.098083541568485e-06,3.4656331539154053,-0.1695992350578308,4.797252178192139,2.6891448694333366,0.496964693069458,0.7394833564758301,5,0.6587664573279405,0.018441107155586098,51.342659725504305,-113.66852700171307,99.04567394055324,212.7142009422663,-0.9834383057434732,-0.3169131650922298,892.9924242424242,102.63367896119459,87.68438676692851,15.151515151515152
36,FEAR,2,60,120,60,30,3.0,3.0,7.431092778157715e-13,1.2107449885072716,3.958251037703775,0.06935189431054312,6.660419980793364,2.8470034273147418,-0.03470264493291131,0.17652510647264041,0.009343257995379325,0.7198763312671463,-21.96544666534837,1.6848246104927966e-06,1.8380558490753174,0.14803144335746765,3.6106066703796387,3.2318667160064405,-1.098982572555542,-0.09051724523305893,4,0.533013069344154,-0.1571246024436465,52.247444699419965,-117.57219467167573,98.3413484502616,215.91354312193732,-1.0323209147957888,-0.3113888859061138,903.6057692307693,46.10113410541316,35.10195460080357,9.230769230769232
36,AMUSEMENT,0,0,60,60,30,6.0,3.0,-5.033011044967376e-14,1.1438221190645756,2.8150157882322446,-0.06144026222223431,5.308681547742111,3.0187551757135775,0.04375049343753856,0.4118855390406205,-0.002553054145160904,0.8865757820648276,-21.965447458787484,5.722046125811175e-07,3.011070489883423,-0.1819230020046234,4.328770637512207,2.9274303159340933,0.09570693969726562,0.7987396717071533,2,1.2856803921165294,-0.03065346764195486,51.27592354616362,-160.11287174199242,216.67916342932392,376.79203517131634,-0.3971415952844395,-0.1075417310363996,886.6604477611941,42.77727513503274,32.752696222578145,11.940298507462686
36,AMUSEMENT,1,30,90,60,30,6.0,3.0,3.6119255734471756e-13,1.2299035158417662,2.9032404039455173,0.025609393005510128,5.774648218810086,3.078736501126802,-0.45720896948090894,-0.0479172680273948,0.0037249763131232084,0.8479787415304615,-21.965447047264878,1.8437702919982257e-06,2.0290608406066895,-0.13098427653312683,3.5390357971191406,3.249354814897907,-0.9845254421234131,0.3508439064025879,35,0.02146880409139674,-0.08742339154527409,48.904269059377874,-121.94460857274663,112.79084810170782,234.73545667445444,-0.9768690922430165,-0.16051004981939038,884.7064393939394,33.42942833866766,28.811076429040273,6.0606060606060606
36,AMUSEMENT,2,60,120,60,30,6.0,3.0,6.809367884367627e-14,1.204730546420966,2.7092253613595574,0.1342441183851406,5.683501321129825,2.9348728656616125,-0.022567044756856447,-0.4539142512321692,0.0026962890768104527,0.776052782575626,-21.965447340363692,-2.956390289909905e-06,1.827880859375,-0.04943391680717468,3.4824650287628174,3.3007418375366937,-1.1438926458358765,0.1386716216802597,57,0.020426062184910936,0.025290247560157075,51.36423317985365,-108.08332312988495,97.98936636033218,206.07268949021713,-0.9994681043207807,-0.16502904398686277,892.7556818181819,31.71367115888865,28.084907321028663,1.5151515151515151
36,SADNESS,0,0,60,60,30,4.0,2.0,3.3454720475371385e-13,1.3142609164859602,2.419382677144455,0.044165550739450055,4.560551610342145,2.3240124935681035,-0.708008330561237,0.17605755024593972,0.003062623265617432,1.0021128024551804,-21.965447073910223,-3.178914312229608e-06,3.2131571769714355,-0.1412862241268158,4.726433753967285,2.9334588474235876,0.6000876426696777,0.8659685850143433,1,2.1204058855698875,-0.0959490735543553,50.40879579614359,-197.91588892215972,232.8615892987452,430.7774782209049,0.018375304167830286,-0.027353203355321976,884.794776119403,101.32861403147696,117.91911772000178,13.432835820895523
36,SADNESS,1,30,90,60,30,4.0,2.0,2.6053233644537005e-13,1.3275576964318727,3.1642529347379877,-0.11788958282643591,6.050646306449892,3.02872710926034,-0.4845351148196473,0.16116118872077323,-0.007215568192660497,1.0349776519813751,-21.96544714792507,1.3987223610456567e-06,1.9131839275360107,-0.09609266370534897,3.476135730743408,3.2849710710568774,-1.1610935926437378,0.11998897790908813,58,0.03474709498844311,-0.228717715018296,49.959528347110336,-109.75190821272419,99.65937232262344,209.41128053534763,-0.9599688197386635,-0.03301892896134679,899.3844696969697,87.7969201498058,96.74696874599462,7.575757575757576
36,SADNESS,2,60,120,60,30,4.0,2.0,1.1842378929335001e-13,1.2432637189860163,3.398456516143966,-0.21763303599691142,6.665116350370681,2.832344822059456,0.33976185003666615,0.22643007865039302,-0.00434652910738592,1.0268259552114787,-21.965447290033588,7.375081167992903e-06,1.962253451347351,-0.17089863121509552,3.46807861328125,3.2569733508935004,-1.0509068965911865,0.3967486023902893,44,0.06619404920555685,-0.3503834175528547,52.460858643836715,-138.1836505371307,118.17875317876714,256.3624037158978,-0.8696910986092221,0.0026387528843592294,874.0671641791045,55.60183944270217,28.5272165367274,4.477611940298507
36,NEUTRAL,0,0,60,60,30,5.0,1.0,8.31927119785784e-13,1.3097154708913765,2.5190637724790577,0.23311412783577623,6.363256110707738,2.6319392245571507,0.6703071667504528,-0.5727452429513923,-0.004173779098921796,0.9329162482945303,-21.965446576530596,-6.039937261448358e-07,3.633148670196533,-0.017938554286956787,5.124324798583984,2.758487618373675,1.0331854820251465,0.9210935235023499,43,0.013815872120242373,0.4941695244557382,40.36863235297308,-151.33596499809556,170.43626402422677,321.77222902232234,0.2711778363697306,0.07304756216388601,839.0625,50.497832990885485,31.419377934367333,8.571428571428571
36,NEUTRAL,1,30,90,60,30,5.0,1.0,-4.825769413704014e-13,1.3345090721674275,2.175367068875289,0.077890287734661,6.175651337700572,1.4537139645153951,0.23929962297822138,-0.2804678633609697,0.0013820000677070485,0.8182216769085567,-21.96544789103443,-1.5894572413799324e-07,1.986802577972412,-0.1380111277103424,3.407041311264038,3.2303682450428397,-1.2184213399887085,0.34403911232948303,58,0.03377339355866878,-0.08460046114652071,35.83457003362744,-91.71552134757343,79.29333650796144,171.00885785553487,-0.75746349337502,0.09147251062824788,787.9166666666666,61.283200231634694,25.942943502377823,5.333333333333334
36,NEUTRAL,2,60,120,60,30,5.0,1.0,9.85878045867139e-13,1.2946187780839673,3.035253529758819,-0.18401145708679678,5.4927141283641845,3.0960666241466464,-0.5727666875464101,0.08260961035018038,0.010437920109299639,0.7762332389860621,-21.96544642257981,4.450480162176973e-07,1.969987154006958,0.13094568252563477,3.7677221298217773,3.2364768179847645,-1.0888956785202026,-0.024361180141568184,51,0.04739726674334668,-0.07709696171242812,36.038032735973026,-91.71552134757343,79.29333650792793,171.00885785550136,-0.7352699594738246,0.07819944373614167,839.9553571428571,111.77287771955761,26.064301757134345,7.142857142857142
36,AWE,0,0,60,60,30,5.0,1.0,-1.273055734903513e-13,1.1040364242772016,1.6489312394845967,-0.3992375675061055,4.160754269145883,1.8250774958594864,-0.2708902971919751,0.05191010943324715,0.009126235371676986,0.7431396287869914,-21.96544753576295,-8.583068620282575e-07,3.9607601165771484,-0.30479276180267334,5.951447486877441,2.50721895999513,2.628007411956787,1.469467043876648,4,1.6273978693885132,-0.2165359734997976,53.35121539249624,-189.07940445662877,135.50411437155884,324.5835188281876,-0.581844428247213,-0.05417087697279469,801.5839041095891,123.32550660482973,78.83789324594065,13.698630136986301
36,AWE,1,30,90,60,30,5.0,1.0,2.960594732333751e-13,1.0672111933266135,2.0401828084843032,-0.14127999184516682,4.484569385512316,2.028704665938591,0.34028153441496656,0.030343863908463702,0.002097306635401749,0.7086007581299132,-21.96544711239794,1.4940898154236493e-06,2.799624443054199,-0.23803991079330444,4.283816337585449,3.0442212497215135,-0.13370108604431152,0.7626227140426636,24,0.059199371837716126,-0.14511688204308199,50.55190766390259,-111.0999033978056,104.5435048742549,215.6434082720605,-0.8736820678992094,-0.028599549195027923,823.3506944444445,71.41708121274331,28.487009023388037,5.555555555555555
36,DISGUST,0,0,60,60,30,7.0,4.0,-9.118631775587953e-13,1.39842167397268,3.7406854918650367,-0.19247592078883713,7.946748849585816,2.1132066408477486,1.275131273292347,0.1352812841832384,-0.00093075063431766,0.858094897620246,-21.965448320320963,1.112619997911679e-06,4.815488815307617,-0.28098076581954956,5.719523906707764,2.0322526898384474,7.341601371765137,2.5620057582855225,1,3.8924340470169927,-0.06715036373223911,50.93702341078651,-197.21847852432109,120.21296685794496,317.431445382266,-0.43105442811622385,-0.1839390022355099,907.6923076923077,143.91557732551087,104.94298931257569,23.076923076923077
37,BASELINE,0,0,60,60,30,5.0,6.0,5.092222939614052e-13,3.2523216781391993,9.704912431013213,0.17482200520220204,15.782807055325776,2.9453048497799466,-0.3223660953392371,0.23503510346437517,-0.04048669294143093,1.2106987337119952,-21.918734023868996,5.086263286102621e-07,2.0513434410095215,0.2685459852218628,3.8025035858154297,3.1294736510218164,-1.1849970817565918,-0.20229019224643707,8,0.3642128106252415,0.084428970791704,25.22240681948204,-162.50724540818265,241.19012724560403,403.6973726537867,19.54396465274572,1.0737792614664714,669.2116477272727,174.7846965353187,225.31582041569496,65.9090909090909
37,BASELINE,1,30,90,60,30,5.0,6.0,4.1744385725905886e-13,2.9335774529066514,6.399717462893051,0.42761700366824584,12.39946391748461,3.142604419655857,-0.6240724413550085,-0.016603212162266442,-0.012855060224866464,0.9662936141589763,-21.91873411564739,1.2079874522896716e-06,2.4975948333740234,-0.17603054642677307,4.423404693603516,3.060776533648251,-0.07322931289672852,0.5168917179107666,7,0.3490996980692144,0.07477635659853799,18.175161785548106,-61.16033156123076,105.62526179047447,166.78559335170524,1.4909714216695722,-0.023768879836186967,641.4741847826087,114.28970133118764,167.27902329525773,55.434782608695656
37,BASELINE,2,60,120,60,30,5.0,6.0,-7.697546304067752e-13,2.2744330052759087,4.342440729656261,0.07721317648616832,13.629381150702358,2.5507736848531715,3.063093989313809,-1.225493177892866,0.02362522769051165,1.0300791921443297,-21.918735302846088,3.178914482759865e-07,2.187833547592163,-0.0908634141087532,3.75184965133667,3.210901207634275,-1.0014371871948242,0.21686699986457825,6,0.19446156889612376,0.14250707998382775,17.22068705900193,-61.171586670342094,105.61150743338236,166.78309410372447,1.8094347392178687,0.018112131286427153,636.3790760869565,84.92403977249234,114.83151402821,33.69565217391305
37,BASELINE,3,90,150,60,30,5.0,6.0,4.973799150320701e-13,2.48271858578177,5.22295415949614,-0.15339471663580184,10.841330007023942,2.731712964014327,-0.44157135682447635,0.3085672310761152,0.013159630677313223,0.9052362833508137,-21.918734035711367,6.35782896551973e-07,1.9682707786560059,-0.0311718862503767,3.6724491119384766,3.228032802682011,-0.8062844276428223,0.14673790335655212,35,0.04403465767987696,0.0602697811807993,20.294238182259548,-77.10783420488963,73.13455332976724,150.24238753465687,0.6982633432515635,-0.3653164495653337,634.4086021505376,86.44980035988462,139.05944671782422,32.25806451612903
37,BASELINE,4,120,180,60,30,5.0,6.0,4.766557519057338e-13,2.135701648582048,5.017127849988157,-0.3698573901182556,8.62500450433572,3.026161650138586,-0.11805754487303899,0.6270294569457713,0.01629950290367621,0.9235439178253276,-21.91873405643552,-5.404154421739804e-07,1.9973549842834473,-0.28060299158096313,3.465198040008545,3.1723588198178394,-0.91349196434021,0.543656587600708,20,0.09259233677890026,-0.06009720283778126,26.68807811670889,-97.65597443576083,109.59613310871111,207.25210754447193,0.9971784833773261,-0.09175269727324416,630.9840425531914,118.44600624692937,189.1101895998306,52.12765957446809
37,BASELINE,5,150,210,60,30,5.0,6.0,3.9079850466805515e-13,2.2368106878533323,5.006551201743292,0.035446105973946374,10.144634810762199,3.0640803646263777,-0.3537029570085757,0.0738078160167587,-0.02878497215163494,1.0738105703597085,-21.91873414229273,-7.152557373046875e-07,2.203066110610962,0.07589367032051086,4.544312000274658,3.050289552586253,-0.7171134948730469,-0.2696801424026489,19,0.18760461278550108,-0.08817894177265817,25.240111617250342,-97.64855467261592,109.63862370381948,207.2871783764354,1.1685414428818142,-0.16453149204801315,627.1609042553191,96.38983457356781,155.87993811753608,37.234042553191486
37,BASELINE,6,180,240,60,30,5.0,6.0,7.401486830834377e-13,1.447676913503667,3.587848247062908,0.07206211304193744,7.299043052748999,2.9644130000350994,-0.3461523068862453,-0.049331262591331845,-0.0025481295570350527,1.0562513821781592,-21.91873379294275,2.2252400810884865e-07,1.6114692687988281,0.031268440186977386,3.3293399810791016,3.2927623447890855,-1.2954075336456299,-0.02608998492360115,61,0.038172512026401394,-0.0450514419766,21.30957058675206,-70.00817368762448,48.093462499390625,118.1016361870151,-0.5932285357588185,-0.5782823886425632,632.4800531914893,60.52528603590671,86.42107955002297,34.04255319148936
37,BASELINE,7,210,270,60,30,5.0,6.0,2.901382837687076e-13,1.398865753474018,3.3212378410880206,-0.11120586474362426,6.116322560923493,3.1425344576816268,-0.5697844752979959,0.2718644263071399,0.007194734020787712,0.8938132554739313,-21.91873424295292,-3.814697322468419e-07,1.9109513759613037,-0.05360598862171173,3.535043239593506,3.2987324959368656,-1.1930580139160156,0.1556510478258133,67,0.03324586727534836,0.17066413449960016,22.938767081536955,-84.31906062675796,111.74958920421373,196.0686498309717,0.5876649919381487,-0.16942019485380713,648.179945054945,115.06439351871751,160.64141453093595,48.35164835164835
37,BASELINE,8,240,300,60,30,5.0,6.0,1.2937798980298492e-12,1.1860971307846941,2.675671141201974,-0.0927195247133028,5.169115557447412,3.1692109500077477,-0.574547559295115,0.18187510595245523,0.00971595624947482,0.7408444961875218,-21.918733239312097,1.271565793103946e-06,2.2073261737823486,-0.1271536648273468,3.6773500442504883,3.2093610608271295,-0.8486607074737549,0.47416913509368896,25,0.11151723013189786,-0.020753448165357714,22.10840638546721,-66.53475462966429,80.13716507274384,146.67191970240813,-0.03536708882133155,-0.21622044826330938,650.6944444444445,111.75213517414343,155.66075691380127,28.888888888888886
37,ANGER,0,0,60,60,30,2.0,8.0,6.306066779870889e-13,1.3924286636807994,3.1898193262478003,0.12901797645383795,6.390218170309936,3.0873550573394404,-0.2849359974918966,-0.15149540125439817,-0.014652078744731453,0.8377555080224879,-21.91873390248468,0.0,9.434671401977539,0.0,11.793338775634766,1.5300919869538294,31.37969207763672,3.3328042030334473,51,1.012189571901338,0.10981666426551456,36.82243523118505,-383.9880851901131,300.84297555122083,684.8310607413339,33.85750311550225,-0.8952866993441124,698.6069277108434,79.72933952438531,130.58000815195032,33.734939759036145
37,ANGER,1,30,90,60,30,2.0,8.0,-1.0954200509634879e-13,3.965227330306028,7.980698918456852,0.6604654651258812,16.479092987069777,2.961185188582762,-0.03079294222935003,-0.48269401092154934,-0.03164657327594996,1.0581091329004784,-21.918734642633172,4.76837158203125e-07,2.6396217346191406,-0.5235607624053955,4.035784721374512,2.7002565657440534,-0.8619706630706787,0.7609337568283081,47,0.27459860951656273,0.12143096723160195,31.521509933650965,-138.8294442042075,188.9303751710137,327.75981937522124,3.529767080521271,-0.046565642154668914,703.6897590361446,95.43224507440463,142.09931767013194,60.24096385542169
37,ANGER,2,60,120,60,30,2.0,8.0,3.848773152033876e-14,4.454653508876021,9.410438084373851,-0.13352573820668567,18.043212367419414,3.1142667204067025,-0.4953059332790466,0.0038479545501826896,0.026736143477725433,1.0666723173678245,-21.918734494603427,-2.3523966774519067e-06,2.129730224609375,0.39559683203697205,5.346911430358887,2.6453454600223667,1.1961560249328613,-1.2910654544830322,55,0.2986567412923236,0.1113190073893666,31.445202803068664,-138.82944420461683,188.93037516950662,327.7598193741235,3.6139536493371027,-0.03365487716283483,730.859375,135.2816365684656,181.80125413414189,73.75
37,ENTHUSIASM,0,0,60,60,30,7.0,7.0,4.766557519057338e-13,2.604576240378776,13.489749465401246,-0.33560525533644636,19.722504856607515,2.02430297964115,10.014116407319841,2.262035589981004,0.028168040122103742,1.4381621301530254,-21.91873405643552,6.039937261448358e-07,1.8965048789978027,0.08009423315525055,3.6042165756225586,3.276591370129624,-1.2190520763397217,-0.0304917860776186,72,0.07834896469803228,-0.03273408061052853,24.133264187457144,-107.22417977339867,224.15181690256372,331.37599667596237,11.50567755613071,0.9533722508434058,638.2728494623656,76.2668369379547,121.88283837670039,18.27956989247312
37,ENTHUSIASM,1,30,90,60,30,7.0,7.0,-5.980401359314177e-13,1.3348849637669022,3.288617470838062,-0.06459086860388652,6.484387056242724,2.999677776238919,-0.24086994994866817,0.23203380556596162,-0.00387524736409434,0.9133997848132702,-21.918735131131474,5.086263286102621e-07,1.9561619758605957,0.01750226691365242,3.671704053878784,3.271240876893315,-1.1172466278076172,0.022032778710126877,70,0.07720534396402134,0.12945972307154807,23.290435709431204,-55.5955201861856,41.07789483744982,96.67341502363541,-0.9047754430060477,-0.6456203538629172,642.1535326086956,22.938224067537387,26.053111038419573,2.1739130434782608
37,ENTHUSIASM,2,60,120,60,30,7.0,7.0,7.638334409421077e-13,1.227900105150204,3.582822522440665,0.04578004209889741,7.146920021521197,2.7630745833150083,0.6522205900669404,-0.09076806996404022,0.00772119654983313,0.9493407380574881,-21.91873376925801,1.589457156114804e-06,1.9123586416244507,-0.06477635353803635,3.5487008094787598,3.273037896023265,-1.1060212850570679,0.263274222612381,64,0.11281144400007058,-0.09202030634793473,24.62982856153098,-67.83498225108315,36.68587378573373,104.52085603681688,-0.874104735059174,-0.641479021057486,647.6648351648352,31.186022727876644,35.85815516262189,6.593406593406594
37,LIKING,0,0,60,60,30,9.0,8.0,7.223851146894351e-13,3.064262079698623,10.853993363795666,-0.4295356137998141,15.092714041103505,2.5956902005938884,3.8005291151943608,1.6382366683760732,-0.013165964774216178,1.0020745780693558,-21.918733810706307,6.039937261448358e-07,2.784472703933716,0.068270742893219,4.81906795501709,2.9439710913826573,-0.028689861297607422,0.38963717222213745,57,0.2754950720114313,-0.411015647340404,32.05767294799158,-427.18805884206427,193.61889593683335,620.8069547788976,52.608905392002264,-3.894039535189732,702.5669642857143,438.7651567107218,608.3508152539789,19.047619047619047
37,LIKING,1,30,90,60,30,9.0,8.0,5.181040781584063e-13,1.2989305761773493,3.226389867094781,-0.009418988059195499,5.7878721949762735,3.113169425652484,-0.4827081450079631,0.15102560397142634,-0.005333806291242718,0.9141591466210309,-21.918734014987216,1.6530354969290784e-06,1.864884853363037,-0.1488388180732727,3.7647876739501953,3.237522822105608,-1.1204458475112915,0.11585541814565659,58,0.21772679036164966,-0.06314377439810133,21.442828641984505,-54.72073914475554,40.07614493791036,94.7968840826659,-0.938808599041026,-0.5401864864466462,657.1180555555555,42.508539133526355,71.90857789191914,11.11111111111111
37,AMUSEMENT,0,0,60,60,30,6.0,7.0,-2.960594732333751e-15,1.6110456609895245,5.058126083838488,2.4257524700033173e-05,9.316510469869144,2.6590639519216968,1.9798073036408663,0.5888945036384808,-0.01680521868250704,0.8767881302739363,-21.918734536051755,2.47955313170678e-06,2.524707555770874,-0.030296580865979195,4.422125816345215,3.1199317559881825,-0.7023558616638184,0.3058083951473236,64,0.2583693732886094,0.010162836319676101,26.866952278206917,-275.17774017994583,184.22239581709246,459.4001359970383,19.137652189406715,-0.9580475656017071,674.7819767441861,99.18416134906371,146.86913317444126,26.744186046511626
37,AMUSEMENT,1,30,90,60,30,6.0,7.0,-5.329070518200751e-13,1.2809796911937745,3.9699582370822384,-0.12066010382412173,6.3666946458020846,2.0825964982888907,0.515677636406016,0.29843057361408504,-0.013431029906797318,0.7973201922915065,-21.91873506599835,-1.748402951307071e-06,1.711515188217163,0.19609129428863525,3.788559913635254,3.2436491578314017,-1.0181554555892944,-0.28843212127685547,78,0.17897039672265225,0.10032148741400766,21.991430382010495,-54.34373417861782,33.45204924861675,87.79578342723457,-0.8537087134450587,-0.6005716896237455,674.0301724137931,31.4467293974351,39.18947386631523,10.344827586206897
37,AMUSEMENT,2,60,120,60,30,6.0,7.0,-8.585724723767878e-14,1.458444307669311,3.847733457236302,0.030840219032413074,7.386662063938587,2.7214535585524535,0.24335831652589723,0.08723985348403311,0.02236191842574757,0.9505336259496681,-21.91873461894841,4.76837158203125e-07,1.8884801864624023,-0.06659793853759766,3.6357593536376953,3.3027173901101565,-1.1450693607330322,0.15653830766677856,78,0.14035269119729699,0.13878706839085955,25.278470507208578,-87.0768817006429,79.2694423007624,166.34632400140532,-0.4921982863567056,-0.39161234835461034,711.890243902439,122.19799221669572,137.5806441399927,30.48780487804878
37,SADNESS,0,0,60,60,30,2.0,7.0,-1.1250259982868252e-13,1.4523529255347305,2.9000086276525394,0.236434475793601,6.908877142316072,3.0264372487829516,0.05796565072043203,-0.46407497277170207,-0.020083286014723648,0.9679552865338534,-21.918734645593766,-9.15527380129788e-06,4.805382251739502,-0.11184196919202805,6.556302070617676,2.5281931849097425,1.7457551956176758,0.8045477271080017,61,0.5330968201070525,-0.09316835948073647,36.98029408694663,-365.29299940623565,224.7485429527951,590.0415423590307,15.610755478026533,-1.1633546020543615,679.9568965517242,48.12186575261219,69.9988968974545,10.344827586206897
37,SADNESS,1,30,90,60,30,2.0,7.0,7.875181988007778e-13,1.335151973754182,2.1851545938858408,0.08813388825252844,5.49827183743119,3.135807191233683,-0.41167449006686985,-0.41832094931957314,-0.004395479112765727,0.8074916380553396,-21.91873374557327,-1.3987223610456567e-06,6.742380142211914,0.07488730549812317,9.276516914367676,2.135300240060076,8.390915870666504,1.466403841972351,62,0.8294586900589904,-0.061187283259556254,31.211342772690262,-84.3489532789709,52.119048759336636,136.46800203830753,-0.8119490457522796,-0.6345456377107456,691.1337209302326,49.565808864021704,70.735045707036,19.767441860465116
37,SADNESS,2,60,120,60,30,2.0,7.0,-6.987003568307651e-13,1.3458790880873284,3.0738980249509495,0.26979905341661947,6.950064451012139,2.8605894716577893,0.09045777092961949,-0.44266388511518306,0.005291879656216456,0.9146465277583236,-21.91873523179176,-3.814697265625e-06,4.8949151039123535,-0.038834262639284134,7.674721717834473,2.3053241647526015,3.516846179962158,0.7025927305221558,64,0.7519039211652858,0.30354628591243726,34.7987318880279,-88.38955422282466,78.88821416056439,167.27776838338906,-0.8696098385412498,-0.5925851034478478,720.2932098765432,63.11247450142405,101.9074670273847,37.03703703703704
37,NEUTRAL,0,0,60,60,30,5.0,5.0,3.079018521627101e-13,1.3273552970525682,2.743220710568295,-0.030135662790442552,6.068599149045895,3.0721279847459986,-0.4150098756960414,0.03211457701227129,-0.005999856049900283,0.9504799213851334,-21.918734225189354,-5.086263286102621e-07,5.276353359222412,-0.0523998998105526,7.460254669189453,2.3406900843274174,2.1523518562316895,0.7960689067840576,55,0.673217802944261,0.16175528639797612,34.80861996588276,-364.7708879493398,265.1925398052713,629.9634277546111,30.133549052922014,-1.078626353770049,651.9097222222222,49.57839817837209,61.48223286336605,4.444444444444445
37,NEUTRAL,1,30,90,60,30,5.0,5.0,1.1842378929335001e-13,1.3982680964815601,2.8751826491763666,0.21277004710320568,6.332258728055962,2.88670785768564,-0.06916808602623359,-0.09241473971148827,-0.005277823312396453,1.002080948192713,-21.918734414667377,-3.814697322468419e-07,1.486232042312622,-0.6724672317504883,2.5588583946228027,1.9824707029148323,-1.6919221878051758,0.5140973329544067,35,0.11998026283741119,-0.04845440395872469,20.15878361747138,-70.69842664834422,53.86398883631311,124.56241548465734,-0.6447249936534081,-0.5714727492884085,653.1593406593406,64.0103861633615,82.72892795650947,3.296703296703297
37,NEUTRAL,2,60,120,60,30,5.0,5.0,5.358676465524089e-13,1.274495087943488,2.693041831791021,0.5277718613921678,6.2724209227496885,1.387291427643771,0.33529563835298637,-0.4780359805454239,0.001805728896519994,0.9328888744935463,-21.918733997223658,6.039937261448358e-07,1.3286681175231934,0.3587922155857086,4.218745231628418,1.374198412267703,2.7423410415649414,-2.12290096282959,25,0.1361772311995283,-0.030858911112343023,21.231770308932095,-70.42503364089502,53.44091213421398,123.865945775109,-0.7184578710822591,-0.5834509355670214,656.25,68.48935525837474,85.50147942901667,4.444444444444445
37,AWE,0,0,60,60,30,6.0,6.0,-5.921189464667502e-15,1.823121302805733,7.468905401477599,-0.2898486142079548,10.53438395430959,2.5506719539373437,3.872133589638719,1.3936075449992267,-0.020797878638846676,0.9417829908603235,-21.91873453901235,-8.58306884765625e-06,8.753328323364258,-0.2401760071516037,11.855073928833008,1.5768077996295071,23.16754913330078,2.7451086044311523,49,1.0200244191281942,-0.10863003086807356,33.787455485005886,-299.7795371178106,232.61862946544795,532.3981665832586,14.43162846322803,-0.3058503424173148,679.6875,67.90718349227085,107.0122957132662,16.27906976744186
37,AWE,1,30,90,60,30,6.0,6.0,-5.713947833404139e-13,3.8897759448084246,14.458724666828005,-1.3227624432403218,20.09472503739005,2.5826652323705357,4.457854870346203,2.048493241190583,0.006354589317731388,1.16429511096298,-21.918735104486107,-2.765655608527595e-06,5.905261039733887,0.28770211338996887,8.426338195800781,2.0393612158134675,3.669269561767578,0.4204082190990448,44,0.5225659815357354,0.1413322669070385,27.45181655312336,-150.02116824989093,147.20424079179568,297.2254090416866,3.675142745515494,0.052109139321071356,701.6369047619048,120.58318321157643,138.13474451806934,26.190476190476193
37,DISGUST,0,0,60,60,30,1.0,8.0,3.937590994003889e-13,2.5256609531021446,6.042116359950711,-0.37028543296315775,10.714914186164748,3.1206404463213686,-0.6906850663494928,0.4188176709107878,-0.004916884431035287,0.8956525315156659,-21.918734139332138,-3.1789145538141383e-08,9.224043846130371,-0.17807035148143768,10.826677322387695,1.5903919474084436,30.541221618652344,3.8983395099639893,52,0.7335785076641446,0.2309413337217099,39.93064147845018,-264.072118420513,210.45785964070922,474.5299780612222,4.282843505931438,-0.3567878727569045,711.5963855421687,98.89048421296124,122.60714655219219,13.253012048192772
38,BASELINE,0,0,60,60,30,5.0,1.0,3.848773152033876e-14,2.8839742630317446,5.508505965556765,0.1405934736620651,12.641322952970313,3.0901556285706584,-0.7809238895850426,-0.03608799040223965,0.014918903569449832,1.0444443987900298,-21.897826138890537,6.357829107628277e-08,1.8256839513778687,0.03141162544488907,3.382096290588379,3.260318879713953,-1.1240723133087158,0.15424634516239166,26,0.04483320627236168,-0.10206515111618315,50.34477766900522,-147.80126799641954,164.69680439897857,312.49807239539814,-0.6030670752372376,-0.5113936162968094,666.6081460674158,46.693767799926164,30.757843257858635,10.112359550561797
38,BASELINE,1,30,90,60,30,5.0,1.0,-2.516505522483688e-14,2.7801399743178363,7.043592535766052,-0.4466446013356773,11.366118222206012,3.149956085170732,-0.6079341323015797,0.5263255005942226,0.011385746694620285,0.9628828032649059,-21.897826202543325,-1.9073486612342094e-07,1.9249160289764404,0.035962916910648346,3.374908447265625,3.216292668440173,-1.1663663387298584,0.1591319739818573,48,0.033674458441702686,-0.07121285315582183,44.352025510700905,-110.22222574537685,91.72001982314119,201.94224556851805,-0.835425685918973,-0.6663854594203844,686.2132352941177,41.28440945575756,42.62068168671726,9.411764705882353
38,BASELINE,2,60,120,60,30,5.0,1.0,0.0,3.8522206228251585,8.518397184823812,-0.44499765226984067,15.92655316295648,3.180976611823687,-1.064564038459042,0.18224545206958118,0.008591423245942947,0.9564710800550938,-21.89782617737827,6.35782896551973e-07,2.1835551261901855,0.062301456928253174,3.877821922302246,3.146139322321337,-0.8633546829223633,0.2553309500217438,64,0.035034889577431574,-0.04748005481879313,40.165256732286956,-110.64087055825783,91.71966985498499,202.3605404132428,-0.7884144420787642,-0.6632640760057666,674.2097701149426,52.773758475851125,66.82441441508189,10.344827586206897
38,BASELINE,3,90,150,60,30,5.0,1.0,-3.2566542055671255e-13,3.0395414580969113,7.12820500659106,-0.7031861182293042,13.0838174543765,3.0993460949471587,-0.5991330861405815,0.46882499796753757,0.006427858523161505,1.030753628166505,-21.897826503043742,-1.144409225162235e-06,2.5261926651000977,-0.307457834482193,3.8591482639312744,3.017133083932315,-0.009539127349853516,0.9798761606216431,26,0.12197966422525017,-0.07301017697032951,36.84894456847155,-99.58182934858135,81.3929042241019,180.97473357268325,-0.7531461935747288,-0.6876301777123633,654.5138888888889,50.26071230094885,64.76326948539737,10.0
38,BASELINE,4,120,180,60,30,5.0,1.0,2.753353101070388e-13,1.5243377764463708,3.6609606523562377,-0.18714478571375537,7.111867155352769,3.0836697898052052,-0.7487150464256169,0.187917812983784,-0.020650285538605147,1.0176259401720427,-21.897825902042996,5.086263286102621e-07,1.861599087715149,0.28477776050567627,3.8715429306030273,3.118184171800872,-0.8351356983184814,-0.49693968892097473,23,0.1596943760510195,-0.2514989626680289,36.57657035164379,-97.7497819768368,53.943992100330014,151.6937740771668,-0.6983714959948375,-0.7066219713330577,655.7291666666666,58.67182298599558,78.8067166903026,14.444444444444443
38,BASELINE,5,150,210,60,30,5.0,1.0,-2.6645352591003757e-14,1.6436451271507564,4.200385019811392,-0.14618494926281755,7.789236078842521,3.074286563592167,-0.5815582989176975,0.14614152115953138,0.0027702535162602493,1.1176417377411458,-21.897826204023623,3.814697322468419e-07,1.6685394048690796,0.002142800949513912,3.439159393310547,3.2874429815069592,-1.1871204376220703,0.05782262608408928,59,0.05296753717520444,0.02615164893097776,39.18753083264971,-101.94027489327875,53.96923946516216,155.9095143584409,-0.7145949033234502,-0.7404605582672941,683.1395348837209,90.43308669178914,133.99398787544428,34.883720930232556
38,BASELINE,6,180,240,60,30,5.0,1.0,-6.128431095930864e-13,1.431258858417805,3.452986950939163,0.028776334570679296,6.498155566718822,3.1433789887173575,-0.7045353731342243,0.029208970433215586,0.0027372125151262604,1.1223294404491162,-21.897826790221565,8.900960324353946e-07,2.046889066696167,-0.13215403258800507,3.739344596862793,3.2101242940583576,-0.8985564708709717,0.27626293897628784,66,0.06684372165536252,0.05333098094441655,38.856013210774194,-92.79372965682313,49.818452312181336,142.61218196900447,-0.796119076704477,-0.7408437806425251,677.2629310344828,79.73727306610408,125.55518061537909,31.03448275862069
38,BASELINE,7,210,270,60,30,5.0,1.0,-1.7171449447535755e-13,1.3103194739104995,3.39363217703621,-0.08010316076010326,6.405064378294867,3.0603462757193243,-0.5922075408649472,0.17601041690150687,0.010356309502942033,0.990492154491361,-21.897826349092778,1.9073486612342094e-07,1.7080656290054321,0.06721401959657669,3.535921573638916,3.299474151723916,-1.2000482082366943,-0.07716502249240875,66,0.07476245301860948,0.25247280153163787,37.046457494186505,-84.52541902752101,93.73881120414417,178.26423023166518,-0.77181939383085,-0.7050386948703852,658.7078651685393,81.18642605450952,136.71367685392875,31.46067415730337
38,BASELINE,8,240,300,60,30,5.0,1.0,2.398081733190338e-13,1.342470478128452,3.09745669909276,0.05499999923337384,6.7828479382995965,2.9968435551674366,-0.2223965122089826,-0.23088081777113145,0.006224403725065839,1.097488915055459,-21.897825937570126,-6.357829107628277e-08,2.005528688430786,-0.11026078462600708,3.8329522609710693,3.2600801727324873,-0.8812289237976074,0.22111919522285461,51,0.09669841350512313,-0.06893718446682591,36.30837075043079,-100.79112131185337,53.42097783232796,154.21209914418134,-0.7520960781217565,-0.7494434777053764,650.0,92.18020943367375,151.75233174355753,37.77777777777778
38,ANGER,0,0,60,60,30,3.0,6.0,-1.865174681370263e-13,1.2084427427881697,2.816754573493796,0.04952297122784444,5.592790204875797,3.0650997439769334,-0.22653449498822198,-0.12934656288617918,0.012713185296144857,0.7427625919139809,-21.897826363895753,-1.3351440202313825e-06,2.488511562347412,-0.27892687916755676,3.8893728256225586,3.1092609779669482,-0.4765605926513672,0.6871790885925293,44,0.14100229224239225,0.13344308591256868,42.547944790805424,-305.2437599368815,185.11642030746532,490.3601802443468,4.052547448902187,-0.753913460144916,749.3990384615385,103.44371951853661,157.02930658001392,51.28205128205128
38,ANGER,1,30,90,60,30,3.0,6.0,1.021405182655144e-12,1.0845098776627256,2.4890192100166075,-0.12001558076555341,4.480114018586789,3.153031215194223,-0.9239496707185846,0.11926667047192846,-0.001724475758671111,0.7864993191698132,-21.897825155973607,-3.178914482759865e-07,1.9034345149993896,-0.5430996417999268,2.973479747772217,2.3132090978720363,-1.3693140745162964,0.6909139156341553,34,0.15429169873609241,0.26189432649057587,34.37833100529852,-90.32025926518094,84.07625331696462,174.39651258214556,-0.6489065368358848,-0.6499830300227576,780.4166666666666,342.0459657828657,506.2850598887489,50.66666666666667
38,ANGER,2,60,120,60,30,3.0,6.0,5.003405097644039e-13,1.0695810289213425,2.7441480542968577,-0.010191975954398913,4.9499094384607645,3.06281050127397,-0.3282913849593103,0.28158298998816944,-0.0006774336155911986,0.7754577199988286,-21.897825677037883,5.006789933759137e-07,1.626291036605835,0.20334172248840332,4.058039665222168,2.785827428829953,-0.04571986198425293,-0.9738960266113281,31,0.15081860602080088,-0.007667143699354328,35.97734642967231,-89.8251612544936,58.817423018748826,148.64258427324242,-0.7514982168027129,-0.6614598119282427,788.9583333333334,348.7464480428761,519.3895388165752,76.0
38,ENTHUSIASM,0,0,60,60,30,6.0,5.0,-2.0428103653102878e-13,1.3484373003179226,2.6582544572121947,0.12476805885306419,5.905383776023854,3.056423663504126,-0.33317068641831726,-0.40239019476437093,-0.022174857755891515,0.9055421053243098,-21.897826381659325,-8.900960324353946e-07,2.19052791595459,-0.08851750195026398,4.069723606109619,3.2019317389562616,-0.7876465320587158,0.3350363075733185,87,0.16596949383001505,0.02229035028458825,48.61116233385623,-293.51593349897655,345.3387763924904,638.8547098914669,8.627245152402393,-0.06312605329593306,747.8243670886076,133.9853048160341,199.89417773328634,60.75949367088608
38,ENTHUSIASM,1,30,90,60,30,6.0,5.0,-4.855375361027351e-13,1.2698068960216162,2.3755679446821887,0.09351542152735703,5.6956454723597005,2.943753156914937,0.11058095445111915,-0.4396243002555767,0.010530450310588161,0.8579242196374683,-21.89782666291592,1.8755595192487817e-06,2.151972532272339,-0.15550106763839722,3.9126739501953125,3.1435325366883937,-1.2380626201629639,0.19698530435562134,51,0.31114599876198124,0.030572695605412353,35.56418383468853,-86.712710448153,83.95865419634299,170.671364644496,-0.8542543514973162,-0.6570118150779185,740.506329113924,99.9366824759585,147.20409461953295,46.835443037974684
38,ENTHUSIASM,2,60,120,60,30,6.0,5.0,3.552713678800501e-13,1.0820669861507477,2.0412778883901694,-0.06177241511977627,4.420912292476231,3.147798204761828,-0.75177759153283,0.027182789010635814,0.0007101703794040307,0.7867823249240813,-21.897825822106963,-1.3033549066676642e-06,4.627723217010498,-0.08978361636400223,6.757510185241699,2.53854563029319,0.6140708923339844,0.2964235544204712,58,0.3461149341610887,-0.12537339357759622,36.19283200687397,-86.71271044819103,45.316290686149564,132.0290011343406,-0.8628863101034492,-0.6800899637194555,730.9027777777778,103.52667983423403,162.87704154994498,48.148148148148145
38,LIKING,0,0,60,60,30,8.0,7.0,1.0954200509634879e-13,1.438997047630021,3.1614568152541267,0.33512040356029615,7.126305051353654,2.9189960941461566,-0.14040323520623987,-0.5594919461413178,-0.0002838655918005066,0.9767028900394787,-21.89782606783627,2.702077210869902e-07,2.3983654975891113,0.05337047204375267,6.4241042137146,2.557506437057825,0.823359489440918,-0.25382000207901,11,1.0538077067886187,-0.10028905093460429,28.525160182253114,-129.67059967951153,151.62085383747356,281.2914535169851,2.672502935839902,-0.28514236602715637,652.1291208791209,80.17569563358755,104.98377437463584,23.076923076923077
38,LIKING,1,30,90,60,30,8.0,7.0,3.5231077314771636e-13,1.4549362003609758,3.2678016625922623,0.4250700597680179,6.3960299992487535,2.94410607719871,-0.4129352605666754,-0.35695936086613395,0.0054255655924009,1.0976319796043088,-21.897825825067557,3.496805902614142e-07,2.124206781387329,-0.4717119038105011,3.569387435913086,2.826320774459962,-0.9679856300354004,0.7021293640136719,13,0.27461306410410613,-0.10657968309079204,25.45419748959317,-71.34676839804742,44.526999194000396,115.87376759204781,-0.7220429372649377,-0.7040080800502116,666.0814606741573,67.7967726345463,100.6018818728737,37.07865168539326
38,FEAR,0,0,60,60,30,4.0,4.0,8.881784197001252e-15,1.6926452402517556,4.267215072324859,0.03620985335963667,8.322448632119972,2.534296899998025,-0.14825018505303555,-0.06583482638689604,0.012849471530107235,0.9851207262652397,-21.897826168496486,3.178914482759865e-07,1.4646352529525757,0.35298895835876465,5.020733833312988,2.666651394105946,2.631917953491211,-1.5479155778884888,11,0.38916227851711616,-0.022318084396239907,31.182918288779444,-191.64709208530874,136.99353332190026,328.640625407209,3.1876156877316966,-0.44987751520770747,614.0950520833334,62.83298597533151,80.09040943964843,9.375
38,FEAR,1,30,90,60,30,4.0,4.0,7.993605777301127e-14,1.4416345099597452,3.7087181356127985,0.20009558245632775,7.607162946767687,2.8176619297486845,0.40489714239010866,-0.4480165023119339,-0.009502986646430765,0.9052573959775301,-21.897826097442213,1.3868013866158435e-06,3.691824197769165,-0.2674322724342346,5.3409318923950195,2.680626267028951,2.03194522857666,1.3408676385879517,8,0.7833437731576793,0.07115921603557777,29.747529964681863,-80.39237225990264,57.63558624714861,138.02795850705127,-0.7604946049002903,-0.6479403123238522,637.7377717391304,47.86216423267168,42.238661997128794,6.521739130434782
38,FEAR,2,60,120,60,30,4.0,4.0,-3.4046839421838137e-13,1.3097113089047128,3.5715199052738456,0.017880349284382646,6.779719921310345,2.8633834335230977,0.42156388780603615,0.21507328618124566,-0.010037730391204215,0.8479787415304781,-21.89782651784672,3.019968630724179e-07,3.485365152359009,-0.21024836599826813,4.937432765960693,2.6752661393114328,2.6874289512634277,1.5251710414886475,7,0.6598255462021794,-0.057334891447502284,35.30393017420002,-86.67836402727488,54.80652606227214,141.48489008954704,-0.8521263405930903,-0.6704947038285402,678.6997126436781,53.47764441288855,53.1741393803154,10.344827586206897
38,AMUSEMENT,0,0,60,60,30,7.0,6.0,4.559315887793977e-13,1.350544361570304,3.7455041099327957,-0.0439493034861016,6.26579491069208,3.0308119668897637,-0.39103700677611686,0.24675771089894233,-0.00021510861909713558,0.8282901052792412,-21.897825721446782,-6.357829107628277e-08,2.5150654315948486,-0.4646485447883606,3.5786895751953125,2.6558475664404764,-0.6468567848205566,0.8907521367073059,6,0.5174564566981684,0.0715484960560006,40.68791859500374,-192.54198074866656,274.2355175093717,466.77749825803824,5.824640916956211,0.271288768758284,679.3241279069767,47.61829456387201,56.945253959653314,6.976744186046512
38,AMUSEMENT,1,30,90,60,30,7.0,6.0,-1.6283271027835628e-13,1.6299828975172646,3.7161804219792316,-0.19813194820876845,8.567957847564855,2.2930291611131546,0.12612700308129776,-0.3994270459162369,-0.0034856209314263168,0.9505970186069369,-21.897826340210994,-7.311502940865466e-07,2.5312111377716064,-0.1263379454612732,4.1379289627075195,3.1474638050766393,-0.5621659755706787,0.40892061591148376,4,0.7056539080790152,-0.058797353617006956,35.74844715373657,-118.1277306052108,149.3082172017255,267.4359478069363,-0.1258754453367863,-0.5245245714544591,697.9166666666666,117.31189014022871,143.8203730310667,17.857142857142858
38,AMUSEMENT,2,60,120,60,30,7.0,6.0,4.115226677943914e-13,1.4085339288551249,4.0222417410795686,-0.13268857715331706,7.458835967653243,2.8441430566040484,0.8085715676395071,0.4075622337867666,-0.004428055272372103,0.9584572996730455,-21.897825765855686,1.2715658215256553e-07,2.331979751586914,-0.6163753271102905,3.429831027984619,2.642663468090134,-0.8612520694732666,0.6672847270965576,5,0.47360495258424906,-0.1264300687941256,35.405917779795175,-118.12773060525258,149.30821720171326,267.4359478069658,-0.1165182077308966,-0.4996951452643477,690.9926470588235,121.59079706909466,150.0925898513108,27.058823529411764
38,SADNESS,0,0,60,60,30,3.0,4.0,7.993605777301127e-14,1.7116394870905092,2.7851921900946763,0.3733523725912846,7.169989715502112,3.1066199661160305,-0.20775601905813978,-0.7372225293758117,0.001675819476837951,0.8956739144450869,-21.897826097442213,4.450480162176973e-07,2.63021183013916,-0.3691861033439636,4.040004253387451,2.9692584907642474,-0.1004486083984375,0.9365094304084778,23,0.17340004035360435,0.09613225179842319,34.700199173072896,-147.9922643401962,163.18851061029443,311.1807749504906,1.719756629786887,-0.3340117921318552,686.5915697674419,107.70400687631226,130.254893636195,20.930232558139537
38,SADNESS,1,30,90,60,30,3.0,4.0,3.937590994003889e-13,1.3250037711065632,2.3349770808820836,0.332618711436794,4.0033000152035925,1.952045827168341,-0.7620749348436187,0.1977404867704534,1.3889447915189673e-05,0.9147996451157143,-21.897825783619247,6.35782896551973e-07,1.4361785650253296,0.26032882928848267,3.432209014892578,3.1352664745747756,-1.1823450326919556,-0.4099283814430237,53,0.10916498905244361,0.21726504482557196,29.788251817352993,-92.69445573926484,71.28565986370477,163.9801156029696,-0.688697451043474,-0.6937243204791982,717.9878048780488,105.02833540684071,145.1600695603067,35.36585365853659
38,SADNESS,2,60,120,60,30,3.0,4.0,-1.3648341716058592e-12,1.5751318601237307,2.9876772514633387,0.17311561924131524,6.021939421878386,3.163228512235878,-0.73378488668651,0.15431972455570178,0.01355176071410396,1.0265531171688687,-21.89782754221337,-8.583068620282575e-07,1.7773141860961914,0.03622196614742279,3.602259635925293,3.2947125806960713,-1.2535232305526733,-0.04094843193888664,50,0.07889251612125549,-0.04195039296620021,29.837334229308848,-77.96612287550433,42.65378689527533,120.61990977077966,-0.843914228527098,-0.7020133983842599,704.7991071428571,111.67751385170077,188.24369329345149,50.0
38,NEUTRAL,0,0,60,60,30,6.0,3.0,1.1842378929335001e-13,1.7651090654303303,5.525262312935553,-0.02272187905631995,9.09551423983359,2.8724316536561014,-0.22710871641344443,0.4049443598833817,0.010601991696391807,0.8859148936013769,-21.897826058954486,6.675720101156912e-07,2.4702112674713135,-0.11684831231832504,4.29451847076416,3.116522604146703,-0.40400123596191406,0.5351380109786987,50,0.20407478518722788,-0.23871388727835596,42.058341873527326,-234.97852263406878,233.7174133131713,468.69593594724006,3.0654296389150923,-0.3841499437043557,682.2916666666666,97.88792770563629,131.73403617265058,31.03448275862069
38,NEUTRAL,1,30,90,60,30,6.0,3.0,-1.9539925233402758e-13,1.847860491578029,4.756948065893596,0.1304063685676482,9.05136319170694,2.988713709996835,-0.20460100203034637,0.03259116324249051,-0.010059858171910626,1.0136879552353695,-21.89782637277754,1.7801920648707892e-06,2.086853504180908,-0.19413615763187408,3.832062244415283,3.19019757754015,-1.141817569732666,0.22340242564678192,60,0.17668770561111685,-0.14957810598782,34.00140647385813,-95.82979967484192,58.17703079048365,154.00683046532558,-0.8808862997826381,-0.6814240376979562,682.9578488372093,74.41045400756654,109.41438366568254,26.744186046511626
38,NEUTRAL,2,60,120,60,30,6.0,3.0,2.0724163126336256e-13,1.3892484328217376,3.641095524177018,-0.030581730255363482,6.997344758075741,2.993749175013345,-0.14096169593081465,0.10542434118509378,0.0019477597934331947,0.9636976797437744,-21.897825970136658,2.1497407942661084e-06,2.869565010070801,-0.04152044281363487,5.019396781921387,2.9726441712979543,-0.7131481170654297,0.1434279829263687,41,0.25240134606138304,-0.124979419435814,36.9371652043742,-87.83438819225474,48.72947134279803,136.56385953505276,-0.8804129834439034,-0.684505579761804,680.8548850574713,60.96554698493799,89.34668806735172,17.24137931034483
38,AWE,0,0,60,60,30,6.0,2.0,-4.056014783297238e-13,1.1603423670180446,2.946776589075739,0.3795317685916899,6.162194198849136,2.737924731105438,0.13944337880466806,-0.3576269612489127,-0.011509143779878304,0.8961606636715737,-21.897826582979828,4.450480162176973e-07,2.281964063644409,-0.08685623109340668,3.8848657608032227,3.219811216375774,-0.8756861686706543,0.32829025387763977,71,0.20321227078318782,0.29277183920657757,53.70982403718732,-271.8670552872221,298.9338528535102,570.8009081407323,2.2095360627456646,-0.32393803214248507,697.172619047619,122.23756605276355,161.22537929624127,13.095238095238097
38,AWE,1,30,90,60,30,6.0,2.0,-4.7369515717340014e-14,1.2044808649812129,3.127434901946202,-0.28696163654480245,5.870853479803628,2.3880776718767156,-0.11857873687222309,0.1860521750815209,0.01228608477270372,0.8868916829414544,-21.897826224747785,1.589457156114804e-06,1.9314838647842407,0.0876733586192131,3.796081066131592,3.2417220987162234,-1.122542142868042,-0.08504580706357956,72,0.1639760370313671,0.2060888405790515,49.70821536160077,-172.85497436607514,108.08511832205566,280.9400926881308,-0.726342005638458,-0.6682150277530147,696.8005952380952,59.763071108470676,94.7176467476979,13.095238095238097
38,DISGUST,0,0,60,60,30,4.0,7.0,-1.7467508920769129e-13,1.227738402663316,2.722310016203977,-0.17523579163771785,5.294980289195195,3.0226809313176,-0.7680024197653164,0.13417213460263386,-0.0018457463285272385,0.8677669780731361,-21.89782635205337,-3.019968630724179e-07,3.3336360454559326,-0.330190509557724,4.569491863250732,2.7222476108276954,1.8082585334777832,1.4575227499008179,10,0.46265409575255356,0.6596154316574984,59.437912696545744,-319.4862375401806,229.93607018175396,549.4223077219345,2.32058522841326,-0.7198987547093234,751.3844936708861,141.20672665388304,192.75976011655624,49.36708860759494
39,BASELINE,0,0,60,60,30,6.0,2.0,-4.1448326252672513e-13,1.3333401011908361,2.818114003208194,-0.11588950232734874,5.574384082114392,2.982278704484629,-0.36187502780293146,0.07733151233154079,0.0063127540780899246,0.8483090156390196,-21.976167599094282,1.3987223610456567e-06,2.8275973796844482,-0.06889010965824127,4.5861077308654785,3.0260422821833184,-0.22391557693481445,0.49343445897102356,79,0.15351619477531453,0.02103876016061729,63.124937127859525,-420.0925321214923,316.7936161727987,736.8861482942909,4.741684622750275,-0.6878284410909513,873.0769230769231,75.97167663373546,102.1056689266229,43.07692307692308
39,BASELINE,1,30,90,60,30,6.0,2.0,-1.5987211554602254e-13,1.1816404075853726,3.4518779371026653,0.04549778028568596,5.8055878321340515,2.840028871800392,0.4932602414717575,0.3455974467910852,-0.010028181395774785,0.8180504829163721,-21.976167344483063,-1.430511474609375e-06,1.8053842782974243,-0.030602402985095978,3.442473888397217,3.2495766153331145,-1.3592637777328491,-0.02129415236413479,56,0.19137787693125427,-0.23922257632849228,51.850069141292146,-139.29687543094238,158.68609439455776,297.98296982550016,-0.5996952375055633,-0.4830082559424864,871.2686567164179,86.23139965699625,126.74854218126438,47.76119402985074
39,BASELINE,2,60,120,60,30,6.0,2.0,3.9079850466805515e-13,1.2367754403113302,3.586050003976027,0.07233219366078458,5.912925485633025,2.831276355093549,-0.04843895207525106,0.13068906735295768,0.0016597890260257073,0.8483090156389862,-21.976166793812506,-1.9073486612342094e-07,2.54585599899292,0.04736681655049324,4.372355937957764,3.0804843223848835,-1.134077787399292,0.09541337192058563,38,0.2373801941548783,-0.08861951949416393,53.33393456492323,-164.4426999846214,163.4068145166555,327.8495145012769,-0.36256414100468026,-0.423416574854212,853.2608695652174,135.0300751819553,176.38020912493522,73.91304347826086
39,BASELINE,3,90,150,60,30,6.0,2.0,2.6349293117770384e-13,1.3034911943691394,3.3997491028905813,0.13333638509145374,7.167517647594934,2.7914130721102346,0.4403003661660363,-0.23844446995934382,0.005402995239540947,0.9327661048561907,-21.97616692111804,1.144409225162235e-06,2.029057502746582,0.039671797305345535,3.8366751670837402,3.144649285389162,-1.0823582410812378,0.09389901161193848,83,0.1671852834860826,0.09348394023981707,68.47659155307284,-335.8475379085087,304.0536537143218,639.9011916228305,1.3090353355971063,-0.4376313635355754,846.0144927536232,170.68596402833782,217.43301030567608,76.81159420289855
39,BASELINE,4,120,180,60,30,6.0,2.0,-2.9605947323337504e-14,1.5092914955976313,2.678920381791272,0.08307495829775746,7.0711574621661555,2.7541698928327554,1.3886044305863123,-0.9291101995243906,-0.013770671016559356,0.9052468620255476,-21.976167214216883,2.670288040462765e-06,2.063383102416992,-0.07498779147863388,4.633143424987793,3.0358325520719083,-0.4064013957977295,-0.038413770496845245,82,0.23458926074629444,-0.2448182948091948,73.53883946082826,-335.8475379039148,304.05365370405707,639.9011916079719,1.013106112154233,-0.5516026036856008,856.2047101449275,148.75352654466238,205.1913421725525,69.56521739130434
39,BASELINE,5,150,210,60,30,6.0,2.0,3.6711374680938513e-13,1.501989743837077,2.7699214976124154,-0.0373894875636438,7.758782802579844,2.742671615625146,1.8860722890126258,-0.791493658309271,0.017742896821373692,0.78581514430047,-21.976166817497255,-1.5576680425510858e-06,2.200352907180786,-0.3300034999847412,4.301605224609375,3.0637236648418806,-0.9419896602630615,0.35187798738479614,84,0.3109252501936154,0.056975123473228126,66.444318330618,-309.55660194787697,154.57802626024832,464.13462820812526,-0.10595754514862143,-0.6768345344063926,854.8460144927536,121.06339898563758,165.53306271842243,62.31884057971014
39,BASELINE,6,180,240,60,30,6.0,2.0,5.299464570877414e-13,1.1583188472545778,2.9351742702502293,0.2640250941730926,6.4867541368592185,2.6401148288267278,0.28269385968395166,-0.16707899811015958,0.0030209549218480794,0.8078858302744036,-21.976166654664617,2.5113424726441735e-06,1.7617321014404297,-0.07317627966403961,3.9319443702697754,3.112993455781075,-1.1503278017044067,-0.18949909508228302,81,0.31193598282810503,-0.19071464604773242,64.55432216153342,-280.59454653221087,224.05243274852035,504.6469792807312,0.3724513513945582,-0.5180716931116747,853.0344202898551,101.3437562556862,126.5415060656105,39.130434782608695
39,BASELINE,7,210,270,60,30,6.0,2.0,1.7171449447535755e-13,1.2087763172754995,2.3042623029951415,0.27624665088588074,5.668526760093329,2.9539115896054366,0.16211361706207983,-0.5849903140237164,0.003472361979142284,0.8180504829163588,-21.976167012896454,-4.132588742322696e-07,1.8164747953414917,0.03914420306682587,4.062472343444824,3.1382567104923003,-0.9270336627960205,-0.07834304124116898,78,0.319571923887762,-0.5684279044136011,56.50781687730289,-280.8760013960674,212.313419368932,493.1894207649994,0.9334407004945589,-0.6695580843982566,919.43359375,444.8017621630875,614.4792839686195,23.4375
39,BASELINE,8,240,300,60,30,6.0,2.0,3.6119255734471756e-13,1.288194700805881,2.8923027530744605,0.282218534762535,6.19739526841343,2.951451979361693,-0.22197168373791243,-0.3838230118510715,0.0010625427656071455,0.8678147968562391,-21.976166823418442,-1.1761983387259534e-06,3.34993052482605,-0.030993960797786713,5.409476280212402,2.791225156771424,-0.6624290943145752,0.05068926885724068,39,0.4931968039888331,0.004174752140875852,53.401304092021526,-164.52498328380312,94.81067643308137,259.3356597168845,-0.5910066941147547,-0.6487038093428458,867.919921875,105.05313604292886,161.91372031851085,37.5
39,ANGER,0,0,60,60,30,4.0,3.0,1.352991792676524e-12,1.489983422424599,3.652147571703779,-0.12285158809284269,6.848490918397232,3.0602575777738443,-0.23414799579487555,0.3728833757404232,0.016868734494689484,0.9764160463064235,-21.976165831620058,8.742014756535355e-08,9.482817649841309,0.0058494615368545055,11.933958053588867,1.3607720969412043,31.956573486328125,3.390345811843872,50,1.077797811353077,-0.09669338158164896,42.55233126986419,-142.54019479213633,71.49606824007806,214.03626303221438,-0.7580420510448627,-0.6157210186193609,895.8333333333334,60.87634587571339,74.73410398256557,40.909090909090914
39,ANGER,1,30,90,60,30,4.0,3.0,6.809367884367627e-13,1.3638625422394877,4.311287994183033,-0.11201297686156408,7.3682661299407926,2.8006770190598145,0.6776613230626158,0.4470349020120247,-0.007034912649798735,0.9417965341000492,-21.976166503674378,-6.914139021318988e-07,8.313058853149414,0.007688580080866814,10.458612442016602,1.404900727736877,34.81391906738281,4.3864593505859375,50,1.0201716872745432,0.2933093352308372,42.68250642197113,-103.95087385311686,89.20132255688078,193.15219640999766,-0.8839154063290691,-0.5826646834161143,918.9453125,52.14839686067913,61.970725215460874,40.625
39,ANGER,2,60,120,60,30,4.0,3.0,6.987003568307651e-13,1.2017005862777268,4.4580715802020165,-0.1685859660607747,7.183774778807361,2.665155507329623,1.862133692876502,0.709889549693863,0.005200486929977833,0.8479486740803504,-21.976166485910824,1.0132789611816406e-06,9.900408744812012,0.24298495054244995,11.886061668395996,1.5770939615009523,38.12163162231445,3.883922576904297,55,1.034694675065814,-0.05902964375687168,42.00643022505583,-103.95087385357314,57.36243200962982,161.31330586320297,-0.7683372758569531,-0.6097050495898125,963.6270491803278,405.88646907353404,616.6532497836608,39.34426229508197
39,ENTHUSIASM,0,0,60,60,30,5.0,2.0,3.3158661002138007e-13,1.144303318442459,2.065091258704399,0.07447500945367835,4.49676243459507,3.2266781970562946,-0.9948892459544494,-0.2093636049754375,0.0006248781288968625,0.7759911172384567,-21.97616685302438,-9.5367431640625e-07,2.5228285789489746,-0.021200841292738914,6.360074996948242,2.6925727899490015,0.5424172878265381,-0.4913828372955322,78,0.9371327028009594,-0.10353314568178783,43.938601225372885,-262.2077645028961,163.66204181524625,425.86980631814237,2.9770991373623383,-0.7821905528613261,882.929104477612,144.47520499999973,212.418517131757,38.80597014925373
39,ENTHUSIASM,1,30,90,60,30,5.0,2.0,-1.0066022089934752e-13,1.0693316026465263,1.5746113033145548,-0.36970624225673987,4.084416993817541,2.7521194841187624,-1.1337654621529307,-0.12928254509882595,0.003908537798435844,0.8078700421411256,-21.97616728527116,-4.132588742322696e-07,9.769896507263184,-0.1490805745124817,12.398722648620605,1.432275302279655,36.32211685180664,3.707533359527588,42,1.0615670101496728,0.31939987414507226,39.482230952986306,-97.33740828350142,84.75016872231465,182.08757700581606,-0.8777167355468207,-0.5880332126574915,885.6534090909091,54.206960929379726,73.62011868368592,37.878787878787875
39,LIKING,0,0,60,60,30,7.0,3.0,3.375077994860476e-13,1.1709304982495068,3.930500400757353,-0.13574770371853617,6.2599493164597675,1.3322683996633862,1.3796781614230955,0.5975343546837819,-0.0019862095960683345,0.7543546498451045,-21.976166847103194,4.3014685502384964e-07,9.140451431274414,-0.02644164301455021,11.634903907775879,1.6813327569039045,27.5334415435791,2.919480562210083,66,0.8769822888596744,-0.2461451667691082,57.06976240140242,-268.0543254353639,285.6981696390869,553.7524950744508,2.936468271278361,-0.2266978091406402,853.713768115942,126.11437477370724,142.4639765160983,39.130434782608695
39,LIKING,1,30,90,60,30,7.0,3.0,-4.914587255674027e-13,0.8398334621859365,1.8615917084439104,-0.16383703398972216,4.0300788707845925,1.4697259153080187,2.2338115449160503,0.5288403883227671,0.008604512984307302,0.5927988647971102,-21.97616767606978,-1.033147185580674e-07,8.577725410461426,0.10729249566793442,11.180971145629883,1.7664131587134504,21.208721160888672,2.3554651737213135,50,1.048508762772421,-0.2158029220126226,53.697566462913166,-268.05432543456186,285.69816963679057,553.7524950713524,3.77660921059353,-0.13420678810390715,839.2857142857143,124.15198241918183,138.89077595336394,31.428571428571427
39,FEAR,0,0,60,60,30,5.0,2.0,4.263256414560601e-13,1.378964854665111,2.5830848677429685,0.2525049545806013,6.471197955192309,2.6186351987570653,-0.280097143915635,-0.26284511548615175,0.00440989971350975,0.9238644535466168,-21.976166758285384,-6.35782896551973e-07,3.9926581382751465,-0.13910332322120667,6.9413604736328125,2.5224455198532136,2.0161685943603516,0.8253396153450012,88,0.7025478153209845,0.009230878436617533,95.18145717564936,-539.7185281648681,348.33624447650465,888.0547726413727,1.2214752575180663,-0.6765287660041532,881.0634328358209,102.13291244971589,99.32522695784427,26.865671641791046
39,FEAR,1,30,90,60,30,5.0,2.0,3.848773152033876e-13,1.3564816630932093,2.666230575334083,0.06110836228998551,6.283829302797983,3.0388036788305883,-0.07346859189338906,-0.3230659803636199,-0.0065627641405900956,0.9418067021184336,-21.976166799733694,2.209345439041499e-06,2.210177183151245,-0.08809950202703476,5.975520133972168,2.7265202493370513,0.158890962600708,-0.3396521210670471,91,0.8244334010652529,0.04795561753986413,85.93898213810006,-207.57852539820863,119.66022668284359,327.2387520810522,-0.9864387938755375,-0.5421045292063512,908.6538461538462,33.629020505096655,42.297671538491635,16.923076923076923
39,FEAR,2,60,120,60,30,5.0,2.0,3.1678363635971135e-13,1.177485530618404,2.5150582941009247,-0.05810135211667955,5.433210902985053,2.977526262890887,-0.0517232806747181,-0.10262985591683904,0.0002641485296930833,0.7316308592560108,-21.97616686782735,5.076328761788318e-06,2.1547019481658936,0.21789690852165222,4.842018127441406,2.9357984985805956,-0.7335989475250244,-0.1656118631362915,88,0.8443425531100363,0.17078130367125385,87.27716618244679,-205.04908404290973,136.4524103746915,341.50149441760124,-1.0062003482069362,-0.5229232151634313,899.2788461538462,31.85818926519854,38.866696761977344,15.384615384615385
39,AMUSEMENT,0,0,60,60,30,7.0,4.0,2.9309887850104133e-13,1.4789631734262363,5.129825316397785,0.034838287542626745,7.831493524646049,2.841065271570803,1.0294367140072502,0.7525663389835764,-0.004319267290824947,1.0822024193190771,-21.9761668915121,-3.496805902614142e-07,1.8039116859436035,-0.010107368230819702,3.356196403503418,3.2183191293553715,-1.388131856918335,0.04335892200469971,9,0.23077464096519812,0.22532561860914832,75.49864893203875,-458.4125447381599,338.09876274367355,796.5113074818335,3.0864980377790125,-0.6217135987236024,850.0905797101449,123.6228957399461,169.74152130020758,63.76811594202898
39,AMUSEMENT,1,30,90,60,30,7.0,4.0,-2.3684757858670003e-13,1.3644804821247032,3.2891707092318256,0.07743150237757845,6.420460354298285,3.009453757788492,-0.28795847398221674,-0.1844235734901272,-0.0027151539432504258,0.90523271227379,-21.97616742145854,-9.536743306171047e-08,2.223921537399292,-0.21195770800113678,3.5703985691070557,3.156719625415687,-0.6945524215698242,0.6080088019371033,33,0.06538250838719381,0.19703086035813508,63.26300235675787,-203.4760408996761,143.73599451945103,347.2120354191271,-0.5249776124469401,-0.5345042681855142,857.7665441176471,129.38720362879252,185.1630641025251,66.17647058823529
39,AMUSEMENT,2,60,120,60,30,7.0,4.0,-1.4802973661668752e-14,1.216766624771047,2.528570520851048,0.14899210780079386,5.489082037734505,3.041558388573153,-0.20430108158716775,-0.4916416243223471,-0.005896070640592613,0.8075390237204075,-21.976167199413908,9.536743306171047e-08,2.4552087783813477,-0.0916099101305008,4.029776096343994,3.1258289452513432,-1.074096441268921,0.30936914682388306,46,0.09339658241146358,0.08179207836038546,61.22149142763549,-176.09636580069906,137.53548151080773,313.6318473115068,-0.7538695050767097,-0.5676861946271857,877.6041666666666,107.99553628447704,159.65049718056002,46.96969696969697
39,SADNESS,0,0,60,60,30,4.0,2.0,5.891583517344164e-13,1.0235193795033193,2.205511658942072,-0.006327659360749749,4.397117247707882,3.027110160533011,-0.3983838229065655,-0.03130177137537052,-0.006735714655931523,0.7317742889197922,-21.976166595452757,-1.5894572413799324e-07,2.713121175765991,-0.028560345992445946,5.091692924499512,2.9472928465262016,-0.33705592155456543,0.3257911205291748,83,0.3120047253053514,-0.7289671021705035,66.9398677290494,-263.78039178504497,215.93870190688713,479.71909369193213,0.20710293894818932,-0.5476619894909062,850.3170289855072,132.8099534006893,175.47205240855476,44.927536231884055
39,SADNESS,1,30,90,60,30,4.0,2.0,3.9079850466805515e-13,1.2242705954005428,3.384206917851884,-0.5198907316547263,6.083494853422167,1.340832804094834,-0.06406139411829637,0.13503796594618867,0.007116960530048378,0.9237435318912249,-21.976166793812506,1.6530354969290784e-06,1.889501929283142,-0.006318836472928524,4.170802593231201,3.1514862625298217,-1.0630701780319214,0.005742959212511778,76,0.3787485553792012,-0.11064187960693275,70.06410209662575,-216.92118123752573,225.15587042389242,442.0770516614182,-0.12237902837494508,-0.35130432708618575,858.0163043478261,136.86610049137383,209.03966506787935,46.3768115942029
39,SADNESS,2,60,120,60,30,4.0,2.0,-1.1546319456101628e-13,1.2702495237244271,3.7005563141207176,-0.35812894225344394,6.415686029433232,2.703695180826872,-0.18486401849506606,0.3074881800203772,0.002160479383786461,0.9592903568323353,-21.976167300074135,-3.1789145538141383e-08,2.758483409881592,0.060882821679115295,5.170398712158203,2.9253879242488705,-0.3439064025878906,-0.09591144323348999,77,0.49775673997375414,0.24739224848262975,76.86278410443721,-316.2398509600256,302.4790061011015,618.7188570611271,1.0964911638474684,-0.16727649213335302,861.2132352941177,119.07388481985906,186.76004488560085,52.94117647058824
39,NEUTRAL,0,0,60,60,30,5.0,1.0,2.9902006796570885e-13,1.448504745714988,3.675867095910945,-0.06235086265995449,7.126962887616628,3.019492810606284,-0.23758763350030065,0.008089824088850048,0.0072644567710618765,1.0508550545704134,-21.97616688559091,-3.496805902614142e-07,7.902688026428223,-0.09868323057889938,9.921701431274414,1.8985899897664105,14.992086410522461,2.054060697555542,68,0.8318087363961232,0.5812462132018759,61.8097720956998,-305.6291999617474,205.8355534502907,511.46475341203814,0.6435770263825202,-0.6479036925338676,857.9963235294117,105.72381554242634,119.05768269919204,29.411764705882355
39,NEUTRAL,1,30,90,60,30,5.0,1.0,-2.812564995717063e-13,1.4440582261040973,3.4156759795635594,0.011660582715222745,6.932318846769192,2.9805734713177516,-0.28774962219820344,-0.19049157537849626,-0.007791845174986432,0.9852596514138038,-21.976167465867473,8.980433108263242e-07,8.57847785949707,0.054049864411354065,10.748190879821777,1.75306647416564,20.92069435119629,2.571993589401245,64,0.9133878655543144,0.0537961453600648,72.16991982696072,-336.4214272626897,282.09055327841156,618.5119805411013,1.2702014811589804,-0.41717770233102364,878.0317164179105,73.90290179417978,81.00743220204981,23.88059701492537
39,NEUTRAL,2,60,120,60,30,5.0,1.0,-1.5395092608135505e-13,1.1850802225825001,2.987216295412054,-0.4347269877953863,5.788323248373928,2.359297232744862,-0.30882335788484694,-0.008837450329299706,0.003472361979142284,0.9147996451157011,-21.976167338561872,-2.2252400810884865e-07,7.849668025970459,0.13790084421634674,10.925003051757812,1.704703536280369,14.70128059387207,1.8025349378585815,66,0.7588546625057564,0.36050505703422997,79.5813617237144,-336.4214272625122,282.0905532783945,618.5119805409067,1.0597290491854805,-0.33882945007920734,867.7705223880597,121.22399087843834,115.36621326401759,32.83582089552239
39,AWE,0,0,60,60,30,6.0,5.0,1.2493709770448429e-12,1.2919857674399986,3.140870627898096,0.4722840549625573,6.236507953745729,2.38030703269956,-0.09165301914866841,-0.01845212075311294,0.0035279197708060163,0.8581581345063269,-21.97616593524074,3.337860050578456e-07,3.2895047664642334,0.030178362503647804,6.156501770019531,2.7089330666989477,0.5911698341369629,0.2456870973110199,80,0.7429700367652521,-0.08723381253854562,52.89681761869036,-273.82356011664837,188.41161598840768,462.23517610505604,2.7005528979310984,-0.6795457134025977,878.2649253731344,168.14428401626628,212.96635824542378,50.74626865671642
39,AWE,1,30,90,60,30,6.0,5.0,-4.0856207306205756e-13,1.1991893452455482,2.7403759206734435,0.33450131035515085,5.887257785883548,2.786530857511905,-0.13667440434999634,-0.38520135861367294,-0.013743608713456673,0.9055667799223492,-21.97616759317309,2.8610230629055877e-07,1.7173181772232056,0.25921741127967834,4.860332012176514,2.537400824426594,-0.13842105865478516,-0.4317277669906616,81,0.8789689990238116,-0.10270929204289782,42.360454515306415,-136.55513947146898,99.99152521810875,236.5466646895777,-0.7898511302777012,-0.49218275566982034,920.166015625,78.40313523340966,107.98435664373754,32.8125
39,DISGUST,0,0,60,60,30,5.0,3.0,4.144832625267251e-14,1.0450909248596207,2.5415195373987842,0.047637912718911934,5.083287927405422,2.875719217627612,0.3062138470940221,-0.18405581166248178,-0.0035348644947725298,0.7202653484969755,-21.97616714316261,1.7722447864798596e-06,7.814890384674072,0.017599796876311302,10.396387100219727,1.8541817689507234,15.536312103271484,2.2638535499572754,48,0.8731379295744629,-0.1373900850938497,65.38499274038905,-401.22438017455886,222.29905187036962,623.5234320449285,1.6594819199557325,-0.8708961984887705,908.6538461538462,127.72394504289207,187.21495259877747,36.92307692307693
40,BASELINE,0,0,60,60,30,5.0,1.0,-1.5987211554602254e-13,1.3858616005895903,3.718724271186602,0.09791582406926125,7.416537434412618,2.8768358056035748,-0.15194833903136118,-0.152689305610012,-0.008386810359163291,0.9408936387020703,-21.958249234589264,3.1789145538141383e-08,1.7054744958877563,-0.1345517486333847,3.128044605255127,3.2274501931252795,-1.3169128894805908,0.29043933749198914,50,0.04231233924777301,0.06206718453517149,48.01103551503989,-279.85106119559055,261.8427251139783,541.6937863095688,4.410432427696247,-0.504749307206506,887.0738636363636,163.94044119223358,231.6102962454888,63.63636363636363
40,BASELINE,1,30,90,60,30,5.0,1.0,2.338869838543663e-13,1.6485474904390478,3.1129074647481048,0.09928692292113794,7.178569330366713,3.14202474322419,-0.5538743295446378,-0.2870430735976799,-0.0056190873523522585,0.9564794242598098,-21.95824884083018,-1.2715658215256553e-07,2.1051113605499268,-0.02854503132402897,3.5522494316101074,3.1971952666247807,-1.0098744630813599,0.3391343653202057,53,0.058454531193893,0.06391242850066638,51.0904909305786,-279.8510611955909,261.84272511397535,541.6937863095662,3.044247387625643,-0.5001532942160568,897.3557692307693,176.38717682370378,260.93779238381825,67.6923076923077
40,BASELINE,2,60,120,60,30,5.0,1.0,-5.565918096787451e-13,1.3687013302441393,3.085820645934234,0.08365223422686086,6.253001040332862,3.11807948392079,-0.40131873771510707,-0.16923854108993028,0.008040747565277697,0.9738209407588901,-21.9582496313091,3.1789145538141383e-08,2.332202196121216,-0.2107025384902954,3.7213244438171387,3.1602137505921335,-0.6851072311401367,0.6012520790100098,67,0.09509514266254855,0.36084207051625017,41.67311748032347,-104.94329291336334,93.456185347331,198.39947826069434,-0.8610310956944676,-0.5985184480555967,939.0120967741935,121.31840370149538,206.67995733583908,53.2258064516129
40,BASELINE,3,90,150,60,30,5.0,1.0,-3.4638958368304884e-13,1.4327757435261632,2.7127968390828983,-0.21674225958001614,5.519822599879376,3.243066017229228,-0.9406876491747145,0.1188780292611587,0.0005649878321827349,0.9585238353394235,-21.95824942110678,-5.086263172415784e-06,2.4010396003723145,-0.028689485043287277,4.656978607177734,3.0068181702448133,-0.2290027141571045,0.03996438533067703,62,0.2679304682015082,-0.11958657875148575,39.70618987860348,-94.67187036188433,60.9677078267007,155.63957818858503,-0.9347073815085145,-0.5908516863911115,894.4128787878788,140.15843022221074,227.0158759485607,57.57575757575758
40,BASELINE,4,120,180,60,30,5.0,1.0,2.2796579438969883e-13,1.489600707964441,4.088812026219557,-0.18438221677712363,8.484893127536708,2.3920522728046625,0.6866981717845397,-0.010390364319396637,0.003819618045622329,0.8774304430314902,-21.958248846751367,-2.0345053144410485e-06,1.7511467933654785,-0.16346588730812073,3.3234798908233643,3.2101620946226666,-1.421359896659851,0.19892166554927826,63,0.17834142192167474,-0.12286541248484163,40.11375898114064,-105.24772414322831,64.23382170545244,169.48154584868075,-0.9552455285069086,-0.5812807855715284,877.3320895522388,124.14640282121107,202.04769679534343,55.223880597014926
40,BASELINE,5,150,210,60,30,5.0,1.0,-2.4572936278370133e-13,1.4149398419837051,4.555235424150084,-0.053458748850232496,7.759697731879811,2.7789286023751556,0.8022392009260315,0.238800048464889,0.0027813619452947058,0.876806272556182,-21.95824932044653,-1.5258789289873675e-06,2.2454440593719482,-0.07448933273553848,4.230466842651367,3.20457471550966,-0.7845311164855957,0.2950511574745178,73,0.25489526976135485,-0.22621280528960502,41.76000341765178,-95.27379206107707,55.607730426712465,150.88152248778954,-1.0193743046411528,-0.5761191191683263,905.2884615384615,113.10860102796075,180.0480418201799,47.69230769230769
40,BASELINE,6,180,240,60,30,5.0,1.0,-1.7171449447535755e-13,1.7720825416533335,3.9060012834902125,-0.001126091416381314,8.175373497942928,3.0837994148253487,-0.3719899587742135,-0.05883388912893679,-0.00623573923519416,0.9738274963237349,-21.958249246431645,-2.098083541568485e-06,1.9533971548080444,0.09731334447860718,4.021514892578125,3.1706270550986417,-1.0079331398010254,-0.04138091579079628,76,0.2977850397092495,0.04704269739008155,42.67112754105399,-95.4332437675687,60.736804760809406,156.17004852837812,-1.0438042110877404,-0.5519540916504708,931.0515873015873,116.6109783841037,196.0821528989415,47.61904761904761
40,BASELINE,7,210,270,60,30,5.0,1.0,9.473903143468003e-14,1.3210789491291115,3.579894075089385,-0.2722001452553968,5.728616130175368,3.061087453515167,-0.28397532360319655,0.6074380706861479,0.007084065811185111,0.9761132054932816,-21.95824897997811,-3.4809113458322827e-06,3.2200005054473877,-0.280230313539505,5.500359535217285,2.8206299807362556,0.2831273078918457,0.6191279888153076,67,0.5682716298528254,-0.20678626063040442,43.970983899985406,-95.43324376756564,60.75295701414867,156.18620078171432,-1.1254651784120382,-0.5052577826598877,919.677734375,121.69703592903342,203.17268976188547,56.25
40,BASELINE,8,240,300,60,30,5.0,1.0,1.687538997430238e-13,1.403065826313653,4.491411399888534,0.13046758525661062,7.655629037467548,2.8196728313226984,0.11526286646096606,0.111883096609913,-0.005276460163622307,0.9834718282213056,-21.958248905963252,-2.0345053144410485e-06,5.336609840393066,-0.0891009047627449,7.340663909912109,2.3804813016108306,2.44510555267334,0.7620841860771179,76,0.7308747779587145,0.31509396844240806,44.55829426015931,-103.26031617341506,77.87078277921269,181.13109895262775,-1.119645676056471,-0.49594356082757707,914.55078125,143.55600560551866,250.33304948544557,71.875
40,ANGER,0,0,60,60,30,6.0,2.0,-3.848773152033876e-14,1.1792761337600186,2.450254868773527,0.1506553691893231,4.9308442917968875,3.1559552455913336,-0.8860377395104977,-0.14656823560605195,0.000784753807288487,0.867814796856204,-21.958249113204868,-1.62124638336536e-06,5.850059986114502,-0.36557692289352417,6.883432865142822,1.9415427009876651,10.245545387268066,2.79179048538208,45,0.2327106457006254,-0.23851009578420168,56.54522039020837,-510.4427554045035,388.2087752404717,898.6515306449752,12.066068561948102,-0.789117887701876,924.8046875,188.3223327947747,256.1934340392846,65.625
40,ANGER,1,30,90,60,30,6.0,2.0,5.062616992290714e-13,1.171609903300279,2.979762291697341,-0.7276785934351437,5.94041270306036,1.794003793320325,-0.46277243067697604,0.21202971736738135,-0.005979407328089697,0.8868916829414695,-21.958248568455566,-3.3696492209855933e-06,7.845745086669922,0.020744819194078445,9.603411674499512,1.5777867241533825,26.841197967529297,3.6504337787628174,51,0.9245681329064356,0.1474075460337452,43.29257928964375,-104.78029451329695,132.23326223056728,237.01355674386423,-0.7206656479050753,-0.5810322212519111,998.3836206896551,173.61533318116804,272.3525625203543,82.75862068965517
40,ANGER,2,60,120,60,30,6.0,2.0,3.4638958368304884e-13,1.4475437837852865,4.934100788606344,-0.5919271805876036,7.971056933187981,2.2605335216276328,1.0771609237873676,0.576032597656879,0.005132151005179883,0.8868916829414678,-21.95824872832761,-2.984205821121577e-06,9.31393814086914,0.005286059342324734,11.84737777709961,1.5651825425754555,29.690582275390625,3.248904228210449,46,1.1029800910546217,0.05349301299397942,45.10310278155021,-109.23810926630136,61.603967278866236,170.8420765451676,-0.8145372143899872,-0.6169170119257497,1000.2693965517242,163.70618102895688,260.27408377364526,81.03448275862068
40,ENTHUSIASM,0,0,60,60,30,8.0,4.0,5.033011044967377e-13,1.3913146955310431,2.88154714628277,-0.15724381090436168,7.353859254391892,2.7658306942877777,1.2971968920140373,-0.5286467320232967,0.0007227135668199528,1.0184838841391526,-21.95824857141616,-9.409586709807627e-06,8.371834754943848,-0.028925037011504173,10.957515716552734,1.749932871955749,18.9560489654541,2.3073086738586426,47,0.8122957699196713,-0.030665917107528026,55.6554734290616,-160.57630617416737,211.77179087698303,372.3480970511504,-0.2005654569588322,-0.2523142572843884,955.9426229508197,160.14693053986016,259.44872195275246,68.85245901639344
40,ENTHUSIASM,1,30,90,60,30,8.0,4.0,5.565918096787451e-13,1.3848279239263395,3.071155546550841,-0.13166440681331437,7.619923334465284,2.6904867158724373,1.4058423720297686,-0.5327216408635673,0.012722401824350103,1.0019157083422805,-21.95824851812548,-1.1046727195207495e-05,9.96573543548584,0.07346426695585251,12.47286605834961,1.43064646627259,39.43901443481445,3.9624974727630615,52,1.0266894263213873,-0.8256437698354971,50.29126578068561,-199.74477234625533,146.65523760958763,346.40000995584296,-0.20770058656547796,-0.6605706396106577,933.2837301587301,202.66321479793135,265.4396293408292,79.36507936507937
40,ENTHUSIASM,2,60,120,60,30,8.0,4.0,-4.7369515717340014e-14,1.3782670943996111,2.6634411112077316,0.07814955743086216,6.868380607813407,2.8276578952411446,0.3824552592430761,-0.2848754652018718,-0.0037779298333210517,0.7541774232335058,-21.958249122086652,-5.304813385009766e-06,8.560827255249023,-0.11632958054542542,10.940765380859375,1.5170382467347339,26.40035629272461,3.766575336456299,54,0.9680431755089357,-0.14907050544380543,47.44904925780693,-110.38286882974049,103.59941397681378,213.98228280655428,-0.8621576227902503,-0.571825138930803,914.55078125,195.1754231275822,260.7735649611358,64.0625
40,LIKING,0,0,60,60,30,8.0,3.0,-4.1744385725905886e-13,1.297381637117148,3.4275586712539052,0.11564759444162576,6.137302572002312,2.8996699225391884,-0.01037880136084457,-0.19305336728454797,0.0006389146041671036,0.6843687447793045,-21.95824949216108,5.1816305131069385e-06,4.7333526611328125,-0.09438324719667435,6.8702392578125,2.430405401815168,2.743852138519287,1.1335278749465942,79,0.2794003332485592,-0.1399848708756979,73.9798078472821,-484.4922702628639,429.73930003766355,914.2315703005274,7.164302651004975,-0.7003612177659665,913.2211538461538,171.47571628087303,176.45271061117552,50.76923076923077
40,LIKING,1,30,90,60,30,8.0,3.0,2.4868995751603507e-13,2.0074753899049003,4.634960855191395,0.2218387897617191,8.491452878278238,2.6537494698103874,-0.5120380046712882,-0.03744329369952956,-0.012007427723879584,0.828344041076095,-21.95824882602721,4.800160695594968e-06,2.1636476516723633,0.09207472950220108,5.524194717407227,2.7470059777352636,0.17038846015930176,-0.45824992656707764,86,0.4951204294635653,0.13472111038845266,59.11355042918012,-416.5720302915886,216.01604935361638,632.588079645205,7.539203926103395,-1.2979498835181982,900.7211538461538,168.68105618428146,180.99895059692335,63.07692307692307
40,FEAR,0,0,60,60,30,6.0,2.0,2.546111469807026e-13,1.811326458217406,5.073357091686859,-0.08118772757548243,8.237869369191486,2.972178971838163,-0.23000864044117808,0.44870348000515664,0.009410398991875547,0.8479599674436524,-21.95824882010602,-3.178914482759865e-07,0.9672111868858337,0.41567546129226685,4.627954959869385,2.1843977458458954,3.134784698486328,-1.9419739246368408,8,0.2456623870190407,0.4465279880900582,42.0057441645357,-198.51636220345478,187.22933943236887,385.74570163582365,1.6496543774345245,-0.3909557511663944,851.4492753623189,151.12512668285297,204.542915931402,66.66666666666666
40,FEAR,1,30,90,60,30,6.0,2.0,-4.618527782440651e-13,1.4226620570592978,3.551424579684692,0.014546135498960666,6.8291427849928255,3.0540314123760304,-0.29549638011991863,0.1135921410151379,-0.002860283176505927,0.8906526111254589,-21.958249536570023,-1.4146169178275159e-06,2.308769941329956,0.18256127834320068,4.709471702575684,2.9377078160044556,-0.013159990310668945,-0.48155564069747925,6,0.5014743716788573,0.0516045582018499,30.084565349092603,-74.83142984376276,73.29775269242074,148.12918253618352,-0.7720250623230598,-0.5698256771204356,900.7211538461538,115.46358194039891,168.2070439046493,63.07692307692307
40,FEAR,2,60,120,60,30,6.0,2.0,-7.727152251391089e-13,1.2995812324140315,2.7884998706873887,0.011771994781284434,5.886856381369654,3.133971127906352,-0.5631443720238303,-0.07753227885882728,0.0010895441384691537,0.8821269839066993,-21.95824984743266,5.404154421739804e-07,2.3047478199005127,-0.1983778327703476,3.8659863471984863,3.1891307946545417,-0.8277459144592285,0.4081827402114868,7,0.24167519913802973,-0.08269343195108128,30.80408322776431,-83.06711722913096,73.29775269242126,156.3648699215522,-0.7318913566842737,-0.5922330747195558,924.560546875,131.36553303638772,210.6548481041011,64.0625
40,AMUSEMENT,0,0,60,60,30,6.0,2.0,-2.1316282072803006e-13,1.3623127859214907,3.969406868651504,-0.30184143103433314,6.770793346753834,2.783216624479068,-0.16946141760875122,0.4345153243825671,0.002659829276017472,0.886891682941439,-21.95824928787998,9.5367431640625e-07,1.636536717414856,-0.014111789874732494,3.387044906616211,3.2990343513059788,-1.3123575448989868,0.0029881440568715334,73,0.08096465009810723,0.03719251475411018,42.94347550130485,-282.5826723015077,190.17696579491607,472.7596380964238,3.3195271509980477,-0.7240728379206659,861.9025735294117,163.97886314576218,207.82451079082986,63.23529411764706
40,AMUSEMENT,1,30,90,60,30,6.0,2.0,8.260059303211166e-13,1.2099798785517037,3.2039842792308093,-0.3093376818192439,5.852631392227181,2.181470188373307,0.07188022606078892,0.11702012256022948,-0.0032779097083088177,0.8182216769085567,-21.95824824871155,0.0,2.0248351097106934,-0.05103222280740738,3.6846632957458496,3.286177675184789,-1.142235517501831,0.1548234224319458,72,0.0870919098790699,-0.060124808255067386,37.679436725367765,-108.91499340040176,84.00565405012154,192.9206474505233,-0.7882797064810214,-0.5556372420625788,922.3710317460317,148.99931493444677,231.39911822503254,65.07936507936508
40,AMUSEMENT,2,60,120,60,30,6.0,2.0,3.197442310920451e-13,1.310961663994592,2.729378950286332,0.06612245298818209,5.399890947938957,3.099838000007306,-0.40405810227508754,-0.08375624007923348,0.0006458593281217255,0.8865757820648551,-21.958248754972956,7.629394644936838e-07,1.9578207731246948,-0.07510440051555634,3.659266471862793,3.265605902421439,-1.0850144624710083,0.23041455447673798,63,0.13867445842662665,0.2717365929678536,42.25766367918675,-130.29412805585395,138.4566591397525,268.75078719560645,-0.34989579357614264,-0.4453648383491413,921.142578125,159.4034387437333,258.2199011716779,70.3125
40,SADNESS,0,0,60,60,30,5.0,2.0,7.253457094217689e-13,1.2097989459024132,2.4729160817756224,0.15483667173974425,6.127350782568897,2.041095594938066,0.6238391718308907,-0.4405434121907871,0.011326844775960966,0.82834404107611,-21.95824834937169,-8.47180672280956e-06,7.127504825592041,0.26733633875846863,9.281404495239258,2.035340914093557,9.358490943908691,1.377577304840088,54,0.8984062527279572,-0.12459802378607102,47.736762731778455,-445.60418390288,183.86842849344936,629.4726123963294,11.371291837249942,-1.6493806518302963,908.8942307692307,216.4635181792166,275.4598760446735,80.0
40,SADNESS,1,30,90,60,30,5.0,2.0,4.263256414560601e-13,1.159863298213017,2.457535833116964,0.4227872711300762,6.039986155174404,1.248882550114814,0.6494225636323612,-0.4527224039423225,0.00026389951041833363,0.8182216769085638,-21.958248648391585,2.3841858265427618e-08,8.512227058410645,0.1286945790052414,10.589725494384766,1.6699390946922097,20.289546966552734,2.384476900100708,59,1.057006273107246,0.26648335854184063,38.16989219878749,-100.08588690137799,67.31599694965426,167.40188385103227,-0.7680732861834385,-0.634947656986913,940.2721774193549,195.18744343814444,264.4395558318093,82.25806451612904
40,NEUTRAL,0,0,60,60,30,5.0,1.0,3.197442310920451e-13,1.4786874922674116,3.64119751264127,-0.026564570294240752,7.701551252965544,2.870742075372415,0.42802280277906224,0.1823080220056369,-0.0011246730768928721,1.0180618667319552,-21.958248754972956,-5.372365194489248e-06,7.175787448883057,-0.10060705244541168,9.5916109085083,1.8252215075663962,15.298713684082031,2.380894184112549,50,0.8012773436195768,0.058677398271510514,54.95616713498023,-392.28197944573105,394.8663665784778,787.1483460242089,9.849060169923211,0.09927591138012447,884.794776119403,145.50751162124482,204.160385648592,47.76119402985074
40,NEUTRAL,1,30,90,60,30,5.0,1.0,2.3684757858670007e-14,1.3550044015838962,4.218793327589054,-0.040712959854616315,7.826672457007788,2.6515483725394926,0.8692886565922566,-0.0709745354368531,-0.00250138678308421,0.96796520704884,-21.95824905103238,-1.0140736776520498e-05,2.3010826110839844,-0.09831905364990234,5.198694229125977,2.8191721919056603,-0.22063374519348145,0.14084169268608093,84,0.5969106466434639,-0.009799558852290098,37.878288268661926,-88.33354528227332,92.10868015416477,180.4422254364381,-0.9168277654290184,-0.5609878502255636,908.203125,122.88955007590003,196.35387062627677,51.5625
40,NEUTRAL,2,60,120,60,30,5.0,1.0,-1.5395092608135505e-13,1.4201861595967191,2.8652611554349505,-0.00958024670083546,6.621044264040421,3.0410969213594843,-0.2548241441651955,-0.2427028627708729,0.009278151208277246,0.9847005907191848,-21.958249228668073,-8.638699910079595e-06,2.1174678802490234,-0.12374261766672134,5.042710304260254,2.7962896097549685,-0.6715505123138428,-0.11795683950185776,80,0.9831104037720368,0.014206554599093583,37.96636960415101,-132.51348668863218,147.6862621800733,280.19974886870546,-0.5036405259562007,-0.47556078457604806,934.2757936507936,366.36520754812307,520.395060896279,58.730158730158735
40,AWE,0,0,60,60,30,8.0,3.0,3.6711374680938513e-13,1.3521864321068948,3.542619354840326,-0.10968866420348888,6.432361572648659,2.9666613406717772,0.13280368753814242,0.47420828994034797,0.010917241168635145,0.966820130843982,-21.958248707603456,-4.482269105210435e-06,8.781651496887207,-0.26552221179008484,11.407297134399414,1.6620671999557806,23.40184211730957,2.7382616996765137,51,0.9531568675083155,0.19719367083214337,49.43440177791735,-600.8304921208655,300.42099686926144,901.251488990127,34.26582728262985,-2.7524597017204484,970.5729166666666,492.67250339287233,701.2628354289236,55.00000000000001
40,AWE,1,30,90,60,30,8.0,3.0,-4.144832625267251e-14,1.4372454873675353,3.4465461927254637,-0.16456596619427444,6.2847646801571955,3.1331166297836663,-0.7566795957987038,0.15500379588858298,-0.005242861269886467,0.9928358367558607,-21.95824911616546,-7.295608611457283e-06,8.004481315612793,-0.1703162044286728,10.559104919433594,1.697180533571729,25.054861068725586,3.3523175716400146,49,0.8993734718947116,-0.19466790079954704,34.04385094626122,-79.41932572601465,61.64103175434157,141.06035748035623,-0.9150118812913974,-0.4736418220729772,959.5286885245902,376.8117804862945,553.056581220448,54.09836065573771
40,DISGUST,0,0,60,60,30,6.0,3.0,2.960594732333751e-15,1.855815666565973,4.057165492348247,0.11480504707854777,8.835204720225676,2.8219972667108455,-0.007743073050284988,-0.5505744119956747,0.015158691257897606,0.8868629039556606,-21.95824907175654,-6.119410045357654e-06,2.468944787979126,0.3102957308292389,5.936272144317627,2.8397611349210283,0.06328344345092773,-0.4051031470298767,87,0.7521980767695797,-0.06838858928983921,49.77036587511216,-239.8272515360273,200.91868966078283,440.7459411968101,0.2680704451463849,-0.5629779380156172,930.3075396825396,196.9602949198076,268.2654577965158,71.42857142857143
41,BASELINE,0,0,60,60,30,5.0,1.0,5.195843755245733e-13,1.940452643829178,5.154571554810872,-0.09090476889639376,9.612925735169142,2.917092446970403,0.3008764585743915,0.24480037627904416,0.009972143116099424,1.2919702342531874,-21.902112900683434,-4.450480162176973e-07,2.267022132873535,0.14385811984539032,4.344321250915527,3.0221514661564304,-0.41744136810302734,-0.24633637070655823,5,0.7332982940405915,-0.03758519126698755,36.56554941647156,-296.30395013151485,296.0751569398783,592.3791070713932,24.346235775117208,-0.7658952873379321,842.6339285714286,530.1587352537582,799.1872003225654,80.0
41,BASELINE,1,30,90,60,30,5.0,1.0,-3.9079850466805515e-13,3.860195769179537,7.299691309770395,0.23753102359975742,16.6759374590022,3.1354503412528794,-0.461690839659616,-0.45837532370859796,-0.03295154823533629,1.2042111753128464,-21.902113811066254,1.9868215961338365e-09,1.5928095579147339,0.16022735834121704,3.784180164337158,3.203090990112077,-0.8930618762969971,-0.43937966227531433,12,0.20184398313850402,0.11880737010252715,41.119592175149364,-325.26601978124967,230.2883924016034,555.5544121828531,15.192461573186378,-0.5245503590368874,794.1300675675676,147.17567291601912,214.25481624515837,77.02702702702703
41,BASELINE,2,60,120,60,30,5.0,1.0,2.3684757858670003e-13,4.90168697975359,7.878089408060163,1.0106685559968298,23.058522343852417,2.8591234628601385,1.1601890209808312,-1.0959264067196408,0.07615089366832213,1.212146835025141,-21.902113183420123,1.2715658215256553e-07,1.47095787525177,0.10258632898330688,3.084266185760498,3.1620690117747126,-1.491716980934143,-0.13950175046920776,10,0.10115729506882239,-0.11986992023349649,46.15794489125691,-325.2660212139723,230.28839248989894,555.5544137038712,8.837181250300828,-0.4060491761223042,786.875,170.40294059130014,249.87459903906287,73.33333333333333
41,BASELINE,3,90,150,60,30,5.0,1.0,6.276460832547551e-13,3.624478918883716,9.093117768153292,-0.7717221508308114,16.34259985185267,3.0012884303562664,-0.3565418053219944,0.4725220717263985,-0.04847305197979166,1.3427862670019501,-21.902112792621786,4.76837158203125e-07,2.4152872562408447,0.007536130957305431,3.7954025268554688,2.9748182863268315,-0.5587890148162842,0.4809250831604004,16,0.0742631018633523,-0.13028320341706526,36.128584091941555,-155.15203979103381,106.87161238950179,262.0236521805356,0.1042838507794106,-0.49622418765123455,780.8388157894736,161.57536788316142,235.00609477912127,77.63157894736842
41,BASELINE,4,120,180,60,30,5.0,1.0,-3.049412574303763e-13,3.6599205456855124,6.766524901471627,0.49182239384286675,20.414036101571043,2.654333812337467,2.4121099463621025,-1.1174423431796563,0.027919634114666594,1.220218445797041,-21.902113725208977,4.76837158203125e-07,2.648027181625366,-0.2887863516807556,4.016802787780762,2.8941389972926173,0.6319599151611328,1.1330338716506958,12,0.19641339024280602,-0.2097874514360712,37.23020313082602,-155.12446188770198,124.37809728230611,279.5025591700081,0.641446704232723,-0.6840809610298719,762.5811688311688,137.9738899639122,183.03517702332667,63.63636363636363
41,BASELINE,5,150,210,60,30,5.0,1.0,7.756758198714426e-13,2.7693254370921565,6.920861235631293,-0.22902381412670536,14.21652392920194,2.9335021608538354,0.45663803333141884,-0.11793114434983404,0.003979390407490974,1.0508793549578133,-21.902112644592155,6.357829107628277e-08,2.279033899307251,0.023325877264142036,4.080780506134033,3.1780827811241674,-0.720954179763794,0.07670808583498001,12,0.17426356516707708,-0.13426936168607578,32.81896409621983,-150.78609145250735,124.37809727688972,275.1641887293971,0.7196539976867218,-0.6389764086297738,822.0486111111111,449.4375179609071,624.9807435413792,41.66666666666667
41,BASELINE,6,180,240,60,30,5.0,1.0,2.9605947323337504e-14,2.2947996379536275,6.123677891686441,-0.30816952137762144,10.482751774820542,3.023596229309107,-0.07273659665404475,0.712428310839534,0.010587231674407251,1.0101173034558522,-21.902113390661725,1.112619997911679e-06,1.8719563484191895,-0.18590380251407623,3.4146904945373535,3.2585509506114816,-1.3100309371948242,0.2573912441730499,32,0.08720157198760307,0.3567751014161082,37.146976217731144,-210.88286712044342,235.26530328423365,446.1481704046771,3.582636139784632,-0.1294344218641464,795.8192567567568,441.62629630895316,604.2078743229317,25.675675675675674
41,BASELINE,7,210,270,60,30,5.0,1.0,2.812564995717063e-13,2.724016417459564,6.184774385326364,-0.24859640552286066,11.683593195269282,3.1660016707443046,-0.6381510742464722,0.27648716833149,0.007441751878166179,0.9877347191609862,-21.902113139011213,-2.2252400810884865e-07,2.1764416694641113,0.14452524483203888,4.952415466308594,2.9402019931806334,-0.2575650215148926,-0.15620172023773193,28,0.2833211331643666,-0.0935409648264452,41.98296812456684,-234.3669140803902,235.26620231385562,469.6331163942458,4.89502239773008,-0.17419208551411794,730.9027777777778,113.99291541856888,140.79850407586014,39.50617283950617
41,BASELINE,8,240,300,60,30,5.0,1.0,-8.141635513917814e-13,3.604857533575418,7.207018450618108,0.10728560079691363,13.363181935944368,3.240411045898622,-1.116493451841978,0.11399046713312243,-0.011285012847740004,1.0282302410599014,-21.902114234431554,-6.35782896551973e-07,2.2317240238189697,-0.03787613287568092,4.028541564941406,3.1686764203863045,-1.200055480003357,0.06804873049259186,32,0.22837685002167776,-0.08772981010026813,31.66621598547863,-234.3669140803978,194.03443976189754,428.40135384229535,10.100150468658464,-0.44759334806711165,800.8868243243244,170.14542300506193,221.7715729417738,67.56756756756756
41,ANGER,0,0,60,60,30,4.0,7.0,-4.588921835117314e-13,1.6189091989598707,3.4483743865607153,0.12329012821723495,7.534897436907073,3.060880293760207,-0.39097701427591325,-0.21870807485301838,0.0058976756890805945,1.0498065011304762,-21.902113879159963,8.900960324353946e-07,4.627521991729736,-0.008450663648545742,6.953958988189697,2.5340027511958194,0.8655333518981934,0.3412597179412842,33,0.6486468551366608,-0.33191584782670686,30.861538555953526,-219.7068722127139,210.8163612794238,430.5232334921377,8.69596638448129,-0.18595876021856575,820.0954861111111,102.14042152826488,103.89305320993165,23.61111111111111
41,ANGER,1,30,90,60,30,4.0,7.0,1.1131836193574902e-12,1.486314268263758,3.2628208079096055,0.05437702225066232,6.3211538687383495,3.1933840975339303,-0.6792508501702734,-0.0075706378724954065,-0.004590085696083509,0.8462916025333768,-21.902112307084675,4.909436029265635e-06,7.310589790344238,-0.1639113873243332,9.834866523742676,1.8820351367598223,10.427695274353027,1.453546404838562,35,0.8043960929628134,0.010458081213328327,22.098604909883125,-59.442173848042245,68.29138193996162,127.73355578800387,-0.6961030554316534,-0.574002957115918,829.6654929577464,90.34574159525383,115.10803834255638,28.169014084507044
41,ANGER,2,60,120,60,30,4.0,7.0,-4.736951571734001e-13,2.3962182089828157,5.680562132062761,0.5285565412435744,10.50993022356721,2.851823891316882,-0.1510073889504353,-0.42643331960188646,0.006145576041660661,0.9147438137440691,-21.90211389396294,4.943211934005376e-06,8.145212173461914,-0.24641522765159607,10.389633178710938,1.6919723851083013,16.599645614624023,2.308009624481201,29,0.9246830179630514,-0.014323786116708164,21.880814856736812,-59.44217385202773,68.29138193808069,127.73355579010843,-0.5735835763718415,-0.6017879305359481,850.6155303030303,100.03487927921321,133.0773659813661,51.515151515151516
41,ENTHUSIASM,0,0,60,60,30,6.0,4.0,-8.881784197001252e-15,1.279830101908992,3.3256728368350252,0.1922102778383561,6.42252808906747,2.9335494367349035,-0.22553307933641387,-0.12415455913097773,0.0006816245571550454,0.8868628892395305,-21.90211342914946,-3.814697322468419e-07,2.0153636932373047,0.42755159735679626,6.351250648498535,2.0584403439380843,0.6340839862823486,-1.1076157093048096,7,0.46691624850955654,-0.5787023129874428,52.92150790383538,-449.95049771960424,417.89598378492013,867.8464815045244,22.09022237544441,-0.4757499265460854,779.6052631578947,174.22781548477408,239.98155311051167,69.73684210526315
41,ENTHUSIASM,1,30,90,60,30,6.0,4.0,6.809367884367627e-13,1.6101015885519203,2.9778579569040176,0.20353913792234835,7.845887757169123,2.830890222318396,0.6562327212172714,-0.517473335358125,-0.0118395291210317,0.8383706142554856,-21.902112739331116,-8.424123052463983e-07,2.5760738849639893,-0.39061468839645386,5.00098991394043,2.1632400535010055,-0.17853903770446777,0.8878697752952576,28,0.2995715174138849,-0.06997712727698943,23.7186628652765,-122.02129768268892,248.05886572969501,370.08016341238397,18.74653802091858,1.174138529339377,780.016447368421,112.40630235538632,186.7955516734807,48.68421052631579
41,ENTHUSIASM,2,60,120,60,30,6.0,4.0,-2.753353101070388e-13,1.9699171630862118,3.3169804005055425,0.22080219671458678,7.972419730127456,3.1498091624761235,-0.5118949018209449,-0.530118098073974,-0.010524517393049783,1.0014930837510547,-21.90211369560302,1.4702479234074417e-07,9.903271675109863,-0.1430208534002304,12.557867050170898,1.4333419238060716,39.76571273803711,4.306804180145264,31,1.0820717018076553,-0.02909222083283697,18.622324378672833,-107.56687083136228,81.38374929775932,188.9506201291216,2.0186493692946055,-0.5761884440152282,787.2916666666666,114.38493778516958,185.68767994887895,40.0
41,LIKING,0,0,60,60,30,6.0,5.0,8.141635513917814e-13,1.319460754191927,3.2149735004388447,0.10158282017300735,6.894266708735586,2.9403277746647154,0.3028472799363304,-0.2736118244527553,-8.022858245568427e-05,0.8175093542740963,-21.902112606104453,-1.5894572769070692e-08,0.7353432774543762,0.18268494307994843,8.474105834960938,0.8412853196676539,31.578662872314453,-5.289379596710205,63,0.19415057252214044,-0.48746630829568016,78.37791115403303,-564.7336803496248,612.4364184448574,1177.1700987944823,21.33309303508631,0.7703659228903503,902.6442307692307,201.93403165396376,257.50899512125665,73.84615384615385
41,LIKING,1,30,90,60,30,6.0,5.0,-3.2862601528904634e-13,1.7772589154416663,5.774178189226831,0.13054805052270524,9.58584619459657,2.7383087515633093,0.9332151349896081,0.37471360635358736,0.006815600671291551,0.9590548879310397,-21.902113748893743,1.2715658215256553e-07,5.863830089569092,0.007705639582127333,8.013642311096191,2.2857735708732867,3.5208559036254883,0.7848067283630371,37,0.7435261531111474,-0.07329101607814018,31.75697942792555,-85.55151884071223,70.02815439531798,155.5796732360302,-0.9108906933847365,-0.5147842291878021,864.7388059701492,135.74094982692705,189.9987384078929,70.1492537313433
41,FEAR,0,0,60,60,30,5.0,2.0,1.0865382667664865e-12,2.1506169415030385,3.6434384716152124,0.3083649015668044,13.58528007200519,2.4478155509825723,5.424773380385215,-1.500161493505855,0.003343883261336877,1.112375324695825,-21.902112333729995,3.97364289028701e-07,8.550780296325684,-0.08963673561811447,10.536018371582031,1.7192579839824702,28.377805709838867,4.041774749755859,2,4.267717531680116,0.20953413815506589,99.13698971050486,-506.0577927085702,548.3207781966639,1054.378570905234,8.668319875553545,0.3244663033009905,1680.8035714285713,2316.363543073868,2948.5672305774706,91.42857142857143
41,FEAR,1,30,90,60,30,5.0,2.0,2.960594732333751e-13,2.0930840032019056,3.359840033799344,0.09699984035655973,14.05277502938489,2.322684269453514,6.450783584785723,-1.6238400462114664,0.03929784640303057,1.0730337246975217,-21.902113124208242,4.450480162176973e-07,2.333864450454712,-0.39402860403060913,5.228463172912598,2.7241859521081784,-0.5174708366394043,0.521237313747406,85,0.25726967041794113,-0.05480874337803575,62.54190576009585,-485.7588875231719,540.433795144123,1026.1926826672948,25.52572409929312,-0.16166701156989136,844.6428571428571,248.12313070674895,392.28812620105305,74.28571428571429
41,FEAR,2,60,120,60,30,5.0,2.0,2.8421709430404007e-13,2.4798809124649326,6.110549217109451,0.19430203452373007,11.783274826229473,3.0044843299429904,-0.5887175134936018,-0.06622143248147057,0.011524803682053306,1.0015377051246266,-21.90211313605062,-1.2715658215256553e-07,2.576216697692871,0.27130913734436035,5.186045169830322,2.810418204835407,-0.18249273300170898,-0.034684766083955765,83,0.7184555931762391,0.8837885962806152,27.79654987201899,-271.0099519206643,242.9967246483482,514.0066765690125,36.416839650859856,-0.5263128682086791,816.8402777777778,494.46222353455744,741.9517555545121,68.05555555555556
41,AMUSEMENT,0,0,60,60,30,7.0,6.0,7.786364146037765e-13,4.572984841728541,10.857574568394313,-0.5161692986504818,19.54921719945162,3.0822084905783758,-0.7119785618819545,0.33366124691912163,-0.016937818636337698,1.291976452820722,-21.90211264163156,-3.8941701063777145e-07,5.184597969055176,-0.1828628033399582,6.630392074584961,2.1901363936125797,8.696564674377441,2.6145479679107666,17,0.5789251214854019,0.10507155026626386,45.78775298620395,-377.8349359341054,290.8902854159997,668.7252213501051,17.8050422427511,-0.6318923839980779,890.8617424242424,533.9755621968628,729.2553746406726,81.81818181818183
41,AMUSEMENT,1,30,90,60,30,7.0,6.0,-8.881784197001252e-14,3.171549060259253,10.435153399265573,-0.36761744899571625,17.14421806344717,2.688665499463689,1.153736009558071,0.8504970944003373,0.053014527091726986,1.2789561442892048,-21.90211350908552,-1.394748665006773e-06,4.757543087005615,-0.02819293551146984,10.396598815917969,1.643666485118331,10.140493392944336,1.101779818534851,31,0.5450178217264993,0.09486719217243192,33.13429921626303,-354.69838017951093,333.7600907145994,688.4584708941104,41.893791013425854,0.7881379514600996,860.2941176470588,523.6428740071458,728.4264077332789,76.47058823529412
41,AMUSEMENT,2,60,120,60,30,7.0,6.0,2.1908401019269757e-13,4.796719974632458,8.321158856277577,1.0780859862780545,20.668601205269255,3.069326419845395,-0.17790174375597445,-0.6277763047760956,-0.01712218463275019,1.138814728992243,-21.90211320118369,-1.0649363275661017e-06,4.270044803619385,0.03236928954720497,10.417617797851562,1.6230677019273767,11.075919151306152,0.45972493290901184,26,0.5087656514153025,-0.08888875654358026,33.344790081706,-354.69838017949866,333.760090714621,688.4584708941197,40.79683355871793,0.7898874285351591,808.6472602739726,214.15658449686262,322.2070916960645,83.56164383561644
41,SADNESS,0,0,60,60,30,4.0,5.0,3.552713678800501e-14,2.268770603915825,5.773706251489585,-0.4350663818168954,12.08409577761742,2.101264202814045,1.161688147544452,-0.24481097361738272,-0.02697634575678962,1.0265406788238303,-21.902113384740538,6.039937261448358e-07,1.471752405166626,0.2436341792345047,5.935904502868652,2.4429460960270175,3.793903350830078,-1.7370578050613403,29,0.18834215923744962,-0.09421067447067336,34.916861068028574,-315.3487498714976,304.32766191183634,619.676411783334,29.154058591957202,0.6809832248880887,866.0386029411765,332.7654298101749,414.3231279862716,91.17647058823529
41,SADNESS,1,30,90,60,30,4.0,5.0,-9.829174511348053e-13,1.608607648395111,3.5621421380177765,-0.0754700798594854,6.903156022954704,3.0411699714448908,-0.36707335774991723,0.08329418262286595,0.004350180783129112,0.8868700882675579,-21.902114403185607,-3.178914482759865e-07,1.198008418083191,0.21536272764205933,5.044248580932617,2.0572024019420443,5.87188720703125,-2.4971840381622314,44,0.16013454585773845,-0.06012635735548099,12.036733909763287,-51.90852386504087,46.68439123200203,98.59291509704289,0.5763674010024675,-0.2514392134831443,788.3333333333334,227.58018368397242,317.0748327058976,85.33333333333334
41,SADNESS,2,60,120,60,30,4.0,5.0,3.5231077314771636e-13,1.6927689727836444,2.3652277522245413,0.29929171083367123,6.047262947009813,1.7308092347594721,-0.21429768592330456,-0.5117275145256446,0.007955287259869432,0.7653055204915546,-21.90211306795696,2.5431316430513107e-07,1.3198078870773315,-0.04664304479956627,3.4161272048950195,2.8923705168728624,-0.918475866317749,-0.48795321583747864,48,0.12982375338323804,-0.025506490468766033,11.334263200855217,-51.907895438928875,46.68449639529722,98.59239183422609,1.1386199643338504,-0.22381113697179855,817.9253472222222,183.57391397604226,278.5472641134183,84.72222222222221
41,NEUTRAL,0,0,60,60,30,5.0,1.0,2.102022259956963e-13,1.1873379301750486,2.8309284657296985,0.11425662410644577,5.576220961602019,3.0587442607161637,-0.4473779677832259,-0.09218741185894938,-0.010024709033785582,0.828005803397194,-21.90211321006547,-2.098083541568485e-06,2.372612953186035,-0.15299677848815918,7.965384006500244,2.250585310015006,3.1281566619873047,-0.2662515938282013,65,0.268335195442029,-0.11229598104225821,49.264869138251356,-375.2095627890518,273.46043261260945,648.6699954016613,11.54205019867034,-1.1616840132703774,775.0822368421053,95.57525079013128,111.30733541266122,27.631578947368425
41,NEUTRAL,1,30,90,60,30,5.0,1.0,-2.0724163126336256e-13,1.3553501116263102,3.1236002568668653,0.03977127665493185,6.405181409245131,3.0070039069722383,-0.22186312989274493,-0.1338223413884934,0.0031042916093570547,0.8382606564952075,-21.902113627509326,-1.430511474609375e-06,1.9373143911361694,0.09954502433538437,4.3647027015686035,3.0596591797966672,-1.0473703145980835,-0.11461269110441208,84,0.24769856078904307,0.2680800518227115,31.16114165036531,-80.21912073286524,78.44125040825027,158.6603711411155,-0.8536293331021154,-0.6323897813787943,786.7398648648649,68.15356714336419,106.17883898217545,24.324324324324326
41,NEUTRAL,2,60,120,60,30,5.0,1.0,2.6645352591003757e-14,1.3506382132363128,4.236964512411845,-0.091681930789278,6.783641086075676,2.9283600927416247,0.5214020361997678,0.6697666984164712,0.0009375377343704383,0.9327661048561697,-21.902113393622322,1.2715658215256553e-07,3.1041314601898193,-0.032036229968070984,4.65366792678833,2.8663685079554546,-1.0601887702941895,0.1771782636642456,24,0.4497055112367317,-0.09911492053473744,27.003297926320034,-67.98998328022313,40.00265911611281,107.99264239633594,-0.7324747819922086,-0.6772623320496904,832.0862676056338,439.0892555861818,627.4005239165124,43.66197183098591
41,AWE,0,0,60,60,30,7.0,5.0,-3.227048258243788e-13,1.3702456887680905,3.5732259924600385,0.02771870822506628,7.366435375931957,2.6791272698243187,0.7096406549058729,-0.08913121812111095,-0.010389307041593502,0.8384277238923308,-21.90211374297255,-2.066294371161348e-07,7.508112907409668,-0.18559272587299347,11.743024826049805,1.5685381874643294,16.15979766845703,2.1805570125579834,31,0.974797765217279,0.5593092711817645,64.83368960095439,-617.0452670972171,481.55973681947125,1098.6050039166885,36.312823319385686,-1.4454239103561932,825.044014084507,184.18989872958312,262.2753609383793,59.154929577464785
41,AWE,1,30,90,60,30,7.0,5.0,4.144832625267251e-14,1.3719483088482365,3.642615648707448,0.10985019675473495,7.224620640341328,2.715207306714834,0.361145577015237,-0.06336400864448,0.018476438091028773,0.9052573959775317,-21.902113378819347,-7.94728578057402e-07,8.580554008483887,0.0017864614492282271,10.723459243774414,1.5130884222728136,35.299964904785156,4.458261966705322,32,1.20102227980042,0.07079848566710396,17.998587011626242,-44.555790492089855,28.919940221014524,73.47573071310438,-0.9151434227865556,-0.6273849263332197,773.8486842105264,126.15285258333351,202.79620825679493,69.73684210526315
41,DISGUST,0,0,60,60,30,6.0,5.0,9.917992353318064e-13,2.2409123534696995,4.356579026650564,0.04732794243444971,11.048541066961093,2.9675843330223315,-0.3891112211823411,-0.13252932214974505,-0.018760416105754175,0.9749577395206994,-21.90211242846893,-3.019968630724179e-07,3.2561795711517334,-0.1634836196899414,6.479364395141602,2.520799497653272,1.5278501510620117,0.8829013705253601,67,0.5689286870489686,0.0345836158249594,28.874576851652247,-164.09754481070127,223.46109932202705,387.5586441327283,9.483494122289759,0.17949889099021,768.9144736842105,175.98894284694694,231.90363704564876,51.31578947368421
42,BASELINE,0,0,60,60,30,4.0,2.0,-5.565918096787451e-13,1.2463496806356158,2.129716794025427,-0.031958751566207866,4.338386418552886,1.9646324711536598,-0.44879693394307774,-0.012711359832475119,-0.009871925106706604,0.8078858302743362,-21.961197677039692,3.178914482759865e-07,2.290497064590454,0.13532203435897827,4.025987148284912,3.111921221015143,-0.7915940284729004,-0.030936429277062416,6,0.5565419870254842,0.00814597520516244,48.28547271647149,-197.07696740568156,221.9610267099016,419.03799411558316,2.6669217153943956,0.3091531213690898,739.7151898734177,216.12849515265376,293.94002991409224,69.62025316455697
42,BASELINE,1,30,90,60,30,4.0,2.0,-1.4802973661668756e-13,1.2333783000243312,2.3174088671133575,-0.019503225616901432,5.167455249189601,3.036838515152877,-0.15994508059256773,-0.3275381630820301,0.004185501549254215,0.7868756483727223,-21.961197268477473,-1.5894572413799324e-07,3.0576651096343994,-0.236068457365036,4.224107265472412,2.654765272442398,1.8585548400878906,1.572279930114746,4,0.8690121711846823,0.11373486635261196,41.17383677499813,-189.49483092522118,179.42753911082892,368.9223700360501,2.9609658079672743,0.21833722595480004,728.7109375,206.09656605258354,215.00955555377155,65.0
42,BASELINE,2,60,120,60,30,4.0,2.0,6.098825148607526e-13,1.1919463377725856,3.8990120715652665,-0.16819223748818501,6.4803697917234615,2.587487320727137,0.9847586813884841,0.3423438495094451,-0.004038537123354838,0.743096674864962,-21.961196510565397,2.5431316430513107e-07,2.4886155128479004,-0.10239215195178986,3.730830669403076,2.9670572481715203,-0.228316068649292,0.756854772567749,6,0.5797767942434805,-0.01832516874059422,36.47668599688843,-191.70377762016517,162.08521300271957,353.78899062288474,5.848043547056932,-0.40514244469788535,768.9144736842105,172.2687873287535,214.33794626321617,55.26315789473685
42,BASELINE,3,90,150,60,30,4.0,2.0,1.7171449447535755e-13,1.2428077146802199,3.723490562143894,-0.024693694874144967,7.179080629541801,2.690908236354802,0.8552064526056862,-0.025813195686112393,0.012321515878802605,0.7868350646759654,-21.961196948733246,-1.9073486612342094e-07,2.309312343597412,-0.06552818417549133,3.898016929626465,3.193182078979147,-0.7631709575653076,0.3351391851902008,5,0.5483611312319356,-0.002169770828779627,24.41855532024993,-191.70110207148366,107.71515077517812,299.4162528466618,10.081799272721417,-1.384694201740442,786.25,120.37911678009918,181.70957578628716,45.33333333333333
42,BASELINE,4,120,180,60,30,4.0,2.0,-9.237055564881302e-13,1.1647414481081686,2.184199774531237,-0.036899971230397455,5.284526683022506,3.06537588729828,-0.20433789469601127,-0.30825799822326455,0.004313454412507159,0.8579577361348469,-21.96119804415371,-2.8610230629055877e-07,2.28389573097229,-0.043748848140239716,4.089694976806641,3.2005440201624005,-0.9493002891540527,0.12650658190250397,6,0.39213604998966606,0.06494369829592984,19.370014090767697,-65.98353756513654,72.4605571590539,138.44409472419045,-0.26246856155929477,-0.3334257178518034,799.443493150685,97.30017370261463,143.66647256246554,47.94520547945205
42,BASELINE,5,150,210,60,30,4.0,2.0,-3.6119255734471756e-13,1.2726101469199196,2.3568124504599552,0.22825455724486687,5.604051942864174,3.0216530749235493,-0.5068183289541408,-0.34091928657050674,-0.007132231505163413,0.9327661048561339,-21.96119748164035,-1.2715658215256553e-07,2.8703131675720215,-0.14533570408821106,4.40051794052124,3.015142507902304,0.1442403793334961,0.8207828998565674,3,1.0413959554129502,0.054612922593999705,18.007899066910227,-50.29881100322677,64.91191449329426,115.21072549652104,-0.7140915199218267,-0.4259621484036015,785.0,86.03687436210127,113.24301836215012,41.333333333333336
42,BASELINE,6,180,240,60,30,4.0,2.0,1.0421293457814802e-12,1.2641222781283215,2.4821091601168632,0.12522610496290554,4.7869635008282785,2.3263248629514686,-0.5655134295282567,-0.12007126087999938,-0.013076915213456218,0.8772853580700479,-21.961196078318924,-3.814697322468419e-07,2.2112491130828857,0.06521974503993988,4.093438148498535,3.1892459783765754,-0.7428767681121826,0.03488219156861305,8,0.17658909891595947,0.09547437187817849,17.69694635259943,-41.523572922453795,32.805584912630096,74.32915783508389,-0.9979561927208627,-0.5542570735542386,794.7635135135135,109.9490903509118,146.472780648455,48.64864864864865
42,BASELINE,7,210,270,60,30,4.0,2.0,-2.8421709430404007e-13,1.2194600108869835,2.1996388791087895,0.15558785938054598,4.495729556913375,2.7740551944814182,-0.5288444996763988,-0.14863278153224188,0.012104653859294831,0.7973281990319048,-21.961197404664862,-7.629394644936838e-07,1.7356830835342407,-0.04865960776805878,3.4592952728271484,3.311173827417655,-1.2485252618789673,0.018991664052009583,66,0.033016017488014096,-0.05006459032096913,17.804719180167684,-41.27075115792848,36.63217437827075,77.90292553619923,-1.0307219716325644,-0.5328142483400797,801.5202702702703,93.59754047776894,146.84903953025673,45.94594594594595
42,BASELINE,8,240,300,60,30,4.0,2.0,-6.513308411134251e-14,1.3310145169442895,2.5435731501453063,0.03071680343076366,5.5187950391911045,3.0976956457775837,-0.5175365703958392,0.010593413214585545,0.01336512125772762,0.8479787415304505,-21.96119718558081,-1.3351440202313825e-06,1.8342207670211792,-0.08191390335559845,3.4714393615722656,3.2749604311811162,-1.1982988119125366,0.1657685488462448,72,0.03418221095564168,-0.027524832823293897,18.25882352057802,-43.10672906705648,49.84221271554028,92.94894178259676,-0.9764336239167508,-0.4899300547301992,797.0861486486486,100.18221183173263,142.64389814528414,47.2972972972973
42,ANGER,0,0,60,60,30,2.0,6.0,-6.513308411134251e-13,1.2753974875545653,2.893816124169035,-0.0014896432894317968,6.148132869014233,3.0078984981915653,-0.10197030690550513,0.010767133854801927,0.001413251325514739,0.9323155294632143,-21.96119777177878,6.278356181610434e-07,7.691806793212891,0.23863281309604645,10.983626365661621,1.6243949316013022,13.517141342163086,1.6082708835601807,67,0.8475109985887745,-0.13248421528283258,23.556454065969533,-87.89185142624683,68.89629111658451,156.78814254283134,-0.6678209525991448,-0.5552146922217417,827.0246478873239,108.0378707984379,139.04118014741428,59.154929577464785
42,ANGER,1,30,90,60,30,2.0,6.0,7.401486830834378e-14,1.3568523793601108,3.6296822577888577,-0.09790223322916347,6.827751368388135,2.856656556311904,0.021938300919769116,0.09722159913505948,0.001639822944643534,1.0429985033182534,-21.96119704643286,1.1920928955078125e-07,7.2989630699157715,-0.0986345186829567,9.98675537109375,1.7457831356226474,19.73906135559082,2.6720921993255615,65,0.9084444104900666,-0.07883330489039772,24.294265801690234,-59.54492641530151,32.5989476075741,92.14387402287561,-1.0063984581138055,-0.5552055735676016,881.7630597014926,89.52043193627357,142.03835209516157,64.17910447761194
42,ENTHUSIASM,0,0,60,60,30,7.0,6.0,1.0480505352461478e-12,1.312817350498553,2.2782214916702515,-0.07064508528067392,5.982227175928756,2.315298927528345,0.04699016062623995,-0.20771425765963758,-0.004862655680453298,0.8868196972770725,-21.96119607239774,2.5908152565534692e-06,8.99155330657959,-0.05242421105504036,11.010059356689453,1.5283214254951514,25.574832916259766,2.93849778175354,61,0.9913541872229762,0.17638250770700437,24.312997523187047,-92.99961961095093,92.90773708335453,185.90735669430546,-0.2013397359024407,-0.4091373898582184,793.7077702702703,105.68885517554047,124.55775792752335,28.37837837837838
42,ENTHUSIASM,1,30,90,60,30,7.0,6.0,2.6349293117770384e-13,1.3566727993568513,2.4892988640800695,0.052159749911950826,5.9372293243171725,3.0977491052483073,-0.5708808181544804,-0.24406338864952987,0.004138510749450611,0.9766081217163736,-21.96119685695483,1.4702478665640228e-06,7.562927722930908,-0.19535960257053375,9.782190322875977,1.7200091958054267,22.944910049438477,3.2636773586273193,64,0.898462745828956,0.01750370397040261,22.021000990804414,-49.48663489667297,34.24603091418434,83.7326658108573,-1.0400880337722647,-0.5385933278428794,825.2640845070423,94.28085784471635,156.20535076348332,43.66197183098591
42,LIKING,0,0,60,60,30,7.0,6.0,-2.3684757858670007e-14,1.3810070365344644,3.3841069245774236,0.13323465983070548,6.4203663799844435,3.003820956831954,-0.5952883452123552,-0.035452789807326676,-0.013499446630406517,1.0020204237017323,-21.961197144132484,-2.010663365581422e-06,8.592659950256348,-0.13454650342464447,11.78172779083252,1.6200881404385972,21.44891929626465,2.3863279819488525,60,0.9497768316002861,-0.00910325398643909,22.726986782270377,-88.18984921999285,109.43550295786874,197.6253521778616,0.5992008297041935,-0.2561884010091166,798.5641891891892,126.9003546823714,176.29360737619595,67.56756756756756
42,LIKING,1,30,90,60,30,7.0,6.0,1.1398289719484942e-12,1.3093220011560633,3.3977493351002863,-0.5730363971458985,6.252040748793064,1.7855742617107242,-0.31051939271194184,0.1896956175747088,-0.00254833221634252,0.9328820312441295,-21.961195980619404,1.330177042291325e-06,7.926726818084717,0.025696612894535065,10.791650772094727,1.5358295801935868,27.971805572509766,3.653259754180908,60,0.9637538738269662,0.1709336042328816,20.449258996105815,-48.51752393681852,59.256770432283886,107.7742943691024,-0.9200184198145402,-0.47170609617611303,822.6232394366198,97.79583208727175,163.47151209876642,53.52112676056338
42,FEAR,0,0,60,60,30,6.0,5.0,1.687538997430238e-13,1.3982339704004703,2.5860409716301547,0.07651775870627375,5.882431514172737,3.1442011615087013,-0.6364484995314297,-0.21312287398381796,-0.011359437658288736,1.0019188951294338,-21.961196951693843,2.082188984786626e-06,2.3472142219543457,0.15867125988006592,5.25250244140625,2.921728163414591,-0.35979485511779785,-0.20567524433135986,83,0.83412085409199,-0.05214546215246584,59.524260449453834,-214.8050175843026,209.25996669774037,424.06498428204293,-0.24035558617435893,-0.33774326234577073,839.2857142857143,123.89522137644043,167.23183162079633,52.85714285714286
42,FEAR,1,30,90,60,30,6.0,5.0,4.973799150320701e-13,1.3203468931586593,2.724725668496575,0.1325844224108863,5.3449250034177,3.109280345541234,-0.8064828389057861,-0.028049879237547825,-0.0023665396951329317,0.9417626403435085,-21.961196623067934,-9.5367431640625e-07,8.469521522521973,0.17592236399650574,10.932469367980957,1.719879789579919,20.051816940307617,2.2397537231445312,62,0.9224516350502779,0.03729448691956364,55.98973658739144,-132.00812520939837,83.80361629987574,215.8117415092741,-1.0244293947807572,-0.5325694362174177,859.6047794117648,79.14412925226904,126.39150854719561,45.588235294117645
42,FEAR,2,60,120,60,30,6.0,5.0,-8.289665250534502e-14,1.263997120489065,3.4653211816468854,-0.5324686760801001,6.3081829903730124,2.330769587779405,-0.07387119860590996,0.5145628792600551,-0.0037634062471966945,0.8868809007292654,-21.961197203344383,2.3365021206700476e-06,8.24272632598877,-0.047700345516204834,11.053900718688965,1.6401366467055414,18.10819435119629,2.1161067485809326,55,0.9161557212195371,0.07695295174149634,56.64137696981155,-132.61258526424822,87.15653105114627,219.7691163153945,-0.936135736042579,-0.5299123647564541,894.7115384615385,360.2049363263171,524.9984014577598,32.30769230769231
42,AMUSEMENT,0,0,60,60,30,7.0,6.0,5.447494307494102e-13,1.312732912702483,4.814279075642958,0.06456396776179929,7.7092237727015345,2.6329143005784053,1.8924583094226488,0.4236984039274153,-0.0005149366118964031,0.9417660293860857,-21.961196575698445,-5.253155904938467e-06,3.788567066192627,0.21350380778312683,10.129340171813965,1.8809697052533836,14.24122428894043,-1.9152064323425293,72,0.35767187881492934,0.014783830502890494,45.252715995218104,-277.95874301864376,300.7557879110826,578.7145309297264,4.888750541770242,-0.1096189525577865,895.8333333333334,509.2026706289363,686.1081846952194,53.03030303030303
42,AMUSEMENT,1,30,90,60,30,7.0,6.0,6.454096516487576e-13,1.5868167721119948,4.765689132180739,-0.43641159599161483,7.8582513246892916,2.383706526925864,0.3084723338141462,0.17246807923477145,-0.004542708287230341,1.1052902827626225,-21.96119647503828,1.1126200405442432e-07,2.218301773071289,0.27171117067337036,4.379824638366699,3.0262567426933282,-0.7930033206939697,-0.07434088736772537,91,0.8378075605998145,0.031627942253629596,42.746919536993396,-129.84728735988344,193.255602030361,323.1028893902444,0.04267233192392128,-0.3741105038639244,900.390625,84.28125303467692,133.6741134296034,43.75
42,AMUSEMENT,2,60,120,60,30,7.0,6.0,-4.4704980458239635e-13,1.527798823799484,3.275856099261887,0.12851088499736818,7.3953357128885955,2.8772034779027926,-0.07247242694829081,-0.28056989786998887,0.006791751942177463,0.9506641743321865,-21.96119756749763,-1.76429750808893e-06,1.550205945968628,0.1373600959777832,4.238537788391113,2.9920599001298402,-0.40598583221435547,-0.3902857005596161,93,0.7034329398437372,0.337585720760406,45.45725507168228,-129.84728736008142,193.2556020304977,323.1028893905791,-0.20000174882808608,-0.4175067700824824,913.818359375,88.25637632009663,142.636082683637,51.5625
42,SADNESS,0,0,60,60,30,3.0,6.0,-7.075821410277664e-13,1.3572163325060416,3.417362659028811,-0.15500377916026764,6.298785633931914,2.6052029392402836,-0.27358013288156213,0.027878985124916177,-0.003306556694647647,1.026825955211499,-21.96119782803012,-3.5047530673182337e-06,6.369117259979248,0.061323393136262894,12.014846801757812,1.5793611297842314,13.162294387817383,-0.4250161647796631,65,0.7539059455549393,-0.06274149892473492,32.86141953349883,-170.71102484551278,201.40678242376265,372.11780726927543,3.6896698737882243,-0.12227336277167113,882.929104477612,138.11343915673464,181.7802620850573,65.67164179104478
42,SADNESS,1,30,90,60,30,3.0,6.0,-5.388282412847426e-13,1.2832921030265036,2.499130472014599,0.2519397503455423,5.850108461302739,2.6290337034540654,0.11977604466910519,-0.4047592829881196,0.004534769638556343,0.9147891769098779,-21.961197659276113,-2.1239122816041345e-06,7.94449520111084,-0.10056379437446594,9.960548400878906,1.7002084479256732,28.07172203063965,3.7992918491363525,57,0.977110556755293,-0.06536846179032814,29.094909138444944,-69.63212389369644,40.24359953603059,109.87572342972703,-0.9166519546561589,-0.5937379591083116,920.8984375,97.94970788776054,145.42086653097294,73.4375
42,SADNESS,2,60,120,60,30,3.0,6.0,9.296267459527978e-13,1.251217906785328,2.7202428613783525,0.6188744688802927,6.1439808444980315,1.5053516844182797,0.5168503192455041,-0.8128705062744297,-0.006542759646661139,0.7653055196959617,-21.96119619082141,-1.62124638336536e-06,8.63328742980957,0.010778436437249184,10.778136253356934,1.7213597934313276,21.51122283935547,2.5462450981140137,61,1.0822129715337125,-0.0912287551903169,31.456031173569393,-103.2256143506622,131.47562969108563,234.70124404174783,-0.4101532599814073,-0.40403170836124946,893.4659090909091,112.83700494658073,156.71804897649793,78.78787878787878
42,NEUTRAL,0,0,60,60,30,5.0,3.0,9.473903143468003e-14,1.2109078909256619,3.10731689043493,-0.392361808062347,5.568256695076457,2.6989825867155544,-0.6565966879019891,0.20100117050315758,0.011660323983022042,0.8579688655507959,-21.9611970257087,1.62124638336536e-06,1.9639356136322021,-0.04151703417301178,3.760225296020508,3.273784351598279,-1.139818787574768,0.1442774534225464,65,0.13041343195543148,0.004702662083012991,15.252130167459555,-103.1006493113108,96.77526707497859,199.8759163862894,6.402510886640915,-0.3290263223370751,772.8207236842105,112.51275360214042,179.04550166554498,64.47368421052632
42,NEUTRAL,1,30,90,60,30,5.0,3.0,-5.033011044967376e-14,1.3013597366713163,3.1481591167953127,0.3875916148654568,4.906566576626403,2.3616757849208545,-0.8424794247367506,0.3847433069520697,-0.01225888421753796,0.9055033435304005,-21.96119717077784,1.144409225162235e-06,2.108581304550171,-0.11982901394367218,4.036365985870361,3.180833604819462,-1.0774372816085815,0.24437999725341797,86,0.14318248278171872,-0.005176328766186611,13.260870627363797,-31.184397552898055,17.84421161885364,49.0286091717517,-1.0314773933735544,-0.5826358582363133,777.1381578947369,122.9617260555552,201.87919242292736,78.94736842105263
42,NEUTRAL,2,60,120,60,30,5.0,3.0,8.881784197001252e-15,1.3672446037039208,2.572893440684254,0.016525721414595296,4.78785199302223,2.7436768174599644,-0.8842141443609366,0.2327555929062552,-0.012538455385686265,0.9766179133083188,-21.961197111565944,7.629394644936838e-07,2.0197129249572754,-0.08187269419431686,3.993014335632324,3.1927594311393923,-1.1010618209838867,0.02462400496006012,84,0.1730281716357636,-0.004028212866438189,14.03854379782699,-31.572853358099298,25.709143941233858,57.281997299333156,-1.0436307046201707,-0.5688441302805716,769.6834415584416,110.00180468094885,168.8010095906295,67.53246753246754
42,AWE,0,0,60,60,30,7.0,6.0,-4.1744385725905886e-13,1.909120341766916,3.189370947984571,0.03474343332570129,7.580219550866474,3.14151956119498,-0.686121267819185,-0.32381884923137844,-0.003725616577465358,0.8668274807676947,-21.96119753789167,2.670288040462765e-06,2.808797836303711,0.04491594433784485,5.527763843536377,2.8197810144003643,-0.4159562587738037,0.03711444139480591,90,0.4584704689500989,0.1263739534614752,24.771895357120307,-159.62642863600934,152.18023072463797,311.8066593606473,8.49765303526557,-0.6661983818925487,843.5267857142857,133.65879812948037,207.12682798560115,67.14285714285714
42,AWE,1,30,90,60,30,7.0,6.0,-4.352074256530614e-13,1.5431986534702433,3.209390051818417,0.09808028861151286,6.629289845530906,3.1673070535070145,-0.5380924695928377,-0.13629840192603296,0.0003996077348557659,1.0267762153337994,-21.961197555655247,9.5367431640625e-07,2.4400854110717773,0.05223565548658371,4.775699615478516,2.97121377384793,-0.6304831504821777,0.13175304234027863,87,0.5074070649919441,0.008235806258329752,13.68480932930524,-33.08535890107057,28.51583150756012,61.601190408630686,-0.9736502634130688,-0.5334555786847054,814.2123287671233,83.88334297007277,116.00970628841796,63.013698630136986
42,DISGUST,0,0,60,60,30,2.0,7.0,-5.921189464667502e-15,1.4196414667212622,3.723070693555286,-0.4221041255235036,6.785917897863669,2.909486141065771,0.07342506368376478,0.6124888358334172,-0.004684120940784292,0.9238575434510722,-21.961197126368916,-1.978874252017704e-06,3.6606504917144775,-0.07788948714733124,6.408926486968994,2.5828876676299806,0.25261592864990234,0.3472641706466675,85,0.8262764942400798,0.000525593621260186,21.38868918652878,-114.68296377925796,71.77965154581784,186.4626153250758,2.239392175662876,-0.8938886531450765,828.125,126.93810007243688,158.32329816256174,50.70422535211267
43,BASELINE,0,0,60,60,30,5.0,2.0,3.1382304162737757e-13,1.6997012316026012,4.885730215622175,0.24443393235280553,8.54538120712931,2.8559384666666827,0.11775832525783603,0.4001742496736178,0.010681548887093769,0.991982615680829,-21.99094286222776,-9.5367431640625e-07,3.0770742893218994,0.029206592589616776,6.095735549926758,2.6195290585491864,-0.4429292678833008,-0.24040669202804565,65,0.48213342988868263,0.3327838606458581,18.58134545957648,-140.5719776654298,80.0142958127709,220.58627347820072,4.747754846794856,-0.8665552297568877,775.625,435.87293973656426,632.790342037828,24.0
43,BASELINE,1,30,90,60,30,5.0,2.0,-9.97720424796474e-13,1.2481179745383537,2.8555147178884965,0.0981128150723265,7.021904577987925,2.724669905613748,0.6957789400492302,-0.5571989066537647,0.002035853014163952,0.8369039424934175,-21.990944173771677,-1.0808308843479608e-06,4.587507724761963,-0.22298678755760193,6.3137736320495605,2.5506011385624032,1.1401667594909668,0.8682172298431396,66,0.5391724314501622,-0.022500395962667744,16.858490543732323,-97.35177036532166,67.82340915142035,165.175179516742,1.5139040590714847,-0.696015711377116,791.25,438.6721147279194,464.35865345351556,14.666666666666666
43,BASELINE,2,60,120,60,30,5.0,2.0,-2.9902006796570885e-13,1.2974173660671984,2.6690490401584555,0.0003177944684296108,6.505310163434785,2.9353131369436225,-0.06560729946589561,-0.4077284964851608,0.002413444894568831,0.922937171465855,-21.990943475070868,-1.1761983387259534e-06,3.3183207511901855,0.22791457176208496,5.871767044067383,2.616593908604425,-0.25287938117980957,-0.3546781539916992,69,0.5443942808254139,-0.0029569869807405205,16.566790492617997,-97.35188223974518,67.8233063659154,165.1751886056606,1.6435704157778188,-0.7083669515308512,751.5822784810126,105.78455913389357,137.64424616235348,24.050632911392405
43,BASELINE,3,90,150,60,30,5.0,2.0,-1.0066022089934752e-13,1.209917556706687,2.632734724864605,0.02666108463920125,5.159705065570108,3.1466044319003927,-0.7487998292119529,-0.12412565226569491,-0.004435074337859376,0.9229543914768755,-21.99094327671098,3.623962356869015e-06,2.5555050373077393,0.02808484248816967,5.054835319519043,2.8172244954688135,-0.13649630546569824,0.30319082736968994,78,0.5930708048712141,-0.05707106814804271,14.710115107597582,-32.88987976711448,20.514410365353275,53.40429013246775,-0.9913219853942552,-0.6011179591338575,745.0553797468355,48.09733115211807,73.86206039873349,21.518987341772153
43,BASELINE,4,120,180,60,30,5.0,2.0,-5.388282412847426e-13,1.1366459941592644,2.0399383819281525,0.14143921801483827,4.680230745302794,3.156262812288358,-0.39731549453159243,-0.3591047323193266,0.006190999046517866,0.8574864960912427,-21.99094371487914,-2.8610230629055877e-07,2.384202718734741,-0.12234403938055038,5.371173858642578,2.7674122878806604,-0.4831101894378662,-0.060475148260593414,78,0.5567385365184666,0.10701497238187455,23.239896672548056,-286.64446955879185,236.27343277417634,522.9179023329682,52.58896456370499,-1.501353311746938,742.4841772151899,80.33184222109473,127.82269683793672,40.50632911392405
43,BASELINE,5,150,210,60,30,5.0,2.0,-4.322468309207276e-13,1.2171284221003467,3.2526507547302685,0.028252175083665065,5.981753179808891,3.0098183458655194,-0.20148803001568716,-0.0033047547784199106,0.008483904203080093,0.7865196116452234,-21.990943608297677,-8.265177484645392e-07,7.096740245819092,0.10041162371635437,8.939754486083984,2.00443948602265,9.064948081970215,1.3837306499481201,52,0.7760674813411319,-0.00802911979830568,22.59156079048726,-286.6454802710588,236.27203228591264,522.9175125569714,59.136892627207374,-1.5985456374153644,741.2974683544304,92.12489846173793,144.95428172380457,54.43037974683544
43,BASELINE,6,180,240,60,30,5.0,2.0,-6.098825148607526e-13,1.2577124360688579,3.469428990725021,-0.17782891658448818,6.209461726290044,2.9054834374030647,0.0007260371726287573,0.49984282843710026,-0.011156699038989488,0.8575050460293228,-21.990943785933457,0.0,6.269878387451172,0.15623557567596436,8.559102058410645,2.204375245688561,5.1626081466674805,0.9243320226669312,71,0.757571354263556,-0.01621246968071432,14.054789498675555,-47.30570178476615,41.79561402293439,89.10131580770053,-0.5723834726898809,-0.5752934860910099,732.6388888888889,84.64943794113461,118.6883063427059,43.20987654320987
43,BASELINE,7,210,270,60,30,5.0,2.0,2.546111469807026e-13,1.3657495000590183,2.9543894533524906,-0.011197354610104071,6.537069530028106,3.023570210052224,-0.4029118263378386,-0.0541863962615344,-0.00755325539514054,0.9928454820661329,-21.99094292143964,-5.245208853921213e-07,2.2218172550201416,0.025171693414449692,4.393290996551514,2.87488704391016,-0.4921383857727051,-0.10694798827171326,79,0.936207995858196,0.09891575664615451,14.44174100218917,-47.305701784741395,41.79561402343587,89.10131580817726,-0.5810040862543775,-0.5060711509542467,724.9228395061729,110.58700719043092,147.167677141798,38.2716049382716
43,BASELINE,8,240,300,60,30,5.0,2.0,5.595524044110789e-13,1.4764685101797843,2.8899653977561,0.19837324974325554,6.174977772492696,3.1178371891777354,-0.8614015851882355,-0.2017985972737251,-0.00012797091053005214,1.0100983425965482,-21.990942616498508,-1.4940898154236493e-06,2.806692123413086,-0.11568333953619003,4.870622158050537,2.685720197217311,-0.4707915782928467,0.22187508642673492,78,0.7106119542532588,-0.05511895420178606,13.28226338059317,-70.09595553719795,36.72075412611245,106.8167096633104,0.10507820766723741,-0.6757477078515423,732.6388888888889,104.52412625202854,158.6245351894293,41.9753086419753
43,ANGER,0,0,60,60,30,3.0,3.0,4.144832625267251e-14,1.509650921758818,4.9656395963580735,0.009826455079675611,8.777131542057504,2.729566111935739,0.845913661439718,0.29871248706584486,-0.0009837351163468353,0.9505067601550966,-21.99094313460243,5.213419626670657e-06,4.391458988189697,0.05097305402159691,6.3134331703186035,2.5112777290543984,2.1735448837280273,1.006269097328186,69,0.7077628137755512,-0.12367078498630343,15.095345935022147,-154.1711707281222,82.2773686126129,236.44853934073512,26.162851777856933,-1.9032043204083562,808.3767361111111,129.85703049285524,218.95425574570348,86.11111111111111
43,ANGER,1,30,90,60,30,3.0,3.0,2.546111469807026e-13,1.2631674690698262,2.5407365197715137,0.07129945533570492,4.952286995106903,3.202682761399945,-0.6999261375035353,0.0023458548195880308,-0.010103705268817717,0.8868916829414575,-21.99094292143964,-2.765655608527595e-06,6.912238121032715,-0.22568345069885254,9.237312316894531,2.1959428803188867,8.096207618713379,1.2773921489715576,64,0.7668130353071159,-0.03341041214260698,9.08713572204752,-26.974325907759095,15.616339417356235,42.59066532511533,-0.7647088220347524,-0.6823264410070791,819.2274305555555,106.00071694214445,170.62001811330907,73.61111111111111
43,ANGER,2,60,120,60,30,3.0,3.0,-9.85878045867139e-13,1.3928564546199846,2.9273423578047186,0.007481348565008261,5.52991788270063,3.1515157085208716,-0.5151379078200122,0.13636137384254976,0.00011892839778756162,0.9418067021184201,-21.990944161929285,6.898244009789778e-06,4.946885108947754,0.09944333136081696,7.084725856781006,2.3836821170079707,1.4126296043395996,0.6081607341766357,62,0.6833797298087377,0.014324603205546134,9.856424205280227,-25.061180367395046,20.791356736944714,45.85253710433976,-0.7586808748904286,-0.6918964443958141,836.8303571428571,87.24550992275876,140.3857667157779,68.57142857142857
43,ENTHUSIASM,0,0,60,60,30,8.0,5.0,7.49030467280439e-13,1.6204436148029526,3.813577049232464,0.053753054294602975,7.491584308039734,3.0242635073169906,-0.5725073571161428,0.15289064790037574,-0.002251417285569905,1.1276458146353203,-21.990942427020567,5.563100330618909e-06,5.61221170425415,-0.21123823523521423,7.536230564117432,2.465846437645352,3.3315982818603516,1.0226610898971558,67,0.5463671781934439,0.09610143100821747,14.436593809986624,-85.3026673280441,133.18907672388104,218.49174405192514,15.274618204945838,0.6916381377054529,781.25,85.2339908285865,128.7958295499488,28.000000000000004
43,ENTHUSIASM,1,30,90,60,30,8.0,5.0,-1.5987211554602254e-13,1.3298032718844528,3.445902065605111,0.12101484890223446,6.21359553183396,3.022752658882451,-0.19464764128057244,-0.11654021355759221,-0.00035683668604096055,0.9933357319346569,-21.990943335922882,6.039937488822034e-06,3.8500921726226807,0.07343948632478714,5.664982795715332,2.738854404043286,0.6107416152954102,0.5110617280006409,65,0.6034040409843424,0.07047845525644461,10.411492618680144,-23.43972974312455,22.31385121306989,45.75358095619444,-0.9138808691949554,-0.6045047101738769,810.7638888888889,95.22589561262691,157.16063861293435,51.388888888888886
43,ENTHUSIASM,2,60,120,60,30,8.0,5.0,1.6283271027835628e-13,1.2115867090430836,2.6748748982896586,0.00702562724441691,5.442525763015027,3.107858261499084,-0.4019983803907481,0.022279394328152353,0.002074581307778137,0.8382530407294126,-21.990943013218057,0.0,2.731395959854126,-0.06704939156770706,4.897274971008301,2.9637328898276003,-0.6988999843597412,-0.0267003383487463,61,0.6296971019936456,-0.013858575802010279,9.874913171309592,-22.439060709773717,12.915955061891957,35.35501577166568,-0.9183586773202497,-0.6266250694654811,819.4444444444445,91.29295219297899,147.27759850407244,52.77777777777778
43,LIKING,0,0,60,60,30,9.0,7.0,-1.2434497875801753e-12,1.3873095510830935,3.0531784410207763,0.08343651790525541,5.648347128451547,3.1559582099737455,-0.9020284821166813,-0.05487451704906717,-0.0046060881653333585,0.8180504829163403,-21.990944419501314,3.0835469715384534e-06,4.160311222076416,-0.04732498899102211,6.3114542961120605,2.5434037770169695,0.46729040145874023,0.4263550639152527,60,0.7363384502626127,0.04002490024160264,17.65540937234659,-127.50533137612965,123.66375780110494,251.16908917723458,16.079185329228732,0.2937942471148018,808.3767361111111,94.15234436490817,123.89476168035107,50.0
43,LIKING,1,30,90,60,30,9.0,7.0,1.865174681370263e-13,1.4233690029680395,3.210004776175168,-0.0735544650773079,5.855332889847631,2.833212793336909,-0.6684043627432392,-0.014884468955121336,0.004993256526010148,0.9506876784517861,-21.990942989533302,4.76837158203125e-07,4.8309712409973145,-0.06750791519880295,6.782510757446289,2.434740485066441,3.188854217529297,0.9463658928871155,61,0.7994588804621465,-0.027080496198117587,10.764118220576872,-27.98540908191628,13.564190045790879,41.54959912770716,-0.9211682358699118,-0.6441567499489147,804.5804794520548,95.08323147147766,143.97297396005536,65.75342465753424
43,FEAR,0,0,60,60,30,5.0,2.0,-3.5823196261238383e-13,1.2678825054650211,2.6468050249668806,0.2275027908765992,6.121913063709883,2.2253748631460373,-0.04520097035377457,-0.16235495294970684,0.0034793067030998793,0.877444995112227,-21.99094353428278,-9.218851459991129e-07,4.086624622344971,0.10290481895208359,6.373944282531738,2.6059466104764297,0.360335111618042,0.030023375526070595,63,0.5376970594186792,0.006648172731027927,16.454735445723987,-118.894228523163,158.5556671016065,277.4498956247695,25.588801980252537,1.1134362568100138,832.7464788732394,145.12623349394428,216.17586208504937,69.01408450704226
43,FEAR,1,30,90,60,30,5.0,2.0,3.9968028886505635e-13,1.2893842113487064,2.799624543760615,-0.07268941289915176,7.1053562915338375,2.7997462582718335,1.231730057905235,-0.6773175946510928,-0.000973129444657943,0.9055667799223219,-21.990942776370545,-1.220703143189894e-05,5.2364606857299805,-0.1721065789461136,7.375300407409668,2.3840753322710335,1.9918551445007324,0.491258442401886,69,0.7701202466084105,-0.02431262859420602,10.310224960597427,-24.407506959105064,13.90996151038984,38.317468469494905,-0.9089889354681353,-0.6344812693448993,831.205985915493,107.20486500028052,175.45977548287243,67.6056338028169
43,FEAR,2,60,120,60,30,5.0,2.0,-2.960594732333751e-15,1.4665704638854513,2.6426607609444375,0.03293072355603499,6.761640200574703,2.414767833086408,0.7147080063689932,-0.6256095452751905,0.0048196384270435206,0.9852693708912538,-21.99094317901135,5.3087869673618115e-06,3.6837401390075684,-0.017351964488625526,6.014264106750488,2.62898625368235,-0.18825149536132812,0.2629537582397461,73,0.7400888891101263,-0.011318516873024912,10.095977524876764,-25.14486368511311,14.933689961518196,40.078553646631306,-0.8638664689984816,-0.635357411768152,830.1056338028169,103.7430605422068,142.27700283501295,60.56338028169014
43,AMUSEMENT,0,0,60,60,30,3.0,5.0,-5.506706202140776e-13,1.556341881188184,3.8713431556601563,-0.13116916121482802,6.229539036504406,1.863818694922257,-0.8555767388053828,0.07770957020996688,0.0018681559116242783,1.0510126253475334,-21.990943726721525,-2.1775563254777808e-06,3.799199104309082,0.06419987976551056,5.602509498596191,2.7815795774608176,0.9691672325134277,0.693757951259613,62,0.762745890162733,0.07678558133910592,12.846071296365654,-87.50666052558184,118.59467002251118,206.10133054809302,15.969859967365174,0.44739672431186955,827.9049295774648,107.39577061868256,152.09887599965077,59.154929577464785
43,AMUSEMENT,1,30,90,60,30,3.0,5.0,-5.299464570877414e-13,1.467501649426842,4.184421840160724,-0.11992165297805002,6.757365905439627,2.8636919466841304,-0.2813192044766377,0.27097585824144177,0.003068823911992958,0.9936722760132027,-21.990943705997353,-7.2161356001743115e-06,3.355424404144287,-0.08393476903438568,5.896080017089844,2.6808030275544605,-0.2517566680908203,0.0031930638942867517,75,0.7001737775198589,-0.042827877872599854,9.256499303353644,-23.01668247690292,12.730010841365717,35.74669331826863,-0.8948125838234073,-0.6264741407885025,845.5615942028985,83.56674040889833,129.63876653456305,59.42028985507246
43,AMUSEMENT,2,60,120,60,30,3.0,5.0,2.812564995717063e-13,1.2581665807109892,3.055346040635243,-0.06358472561522888,6.236831767560602,3.0239834784374033,-0.2133565263693682,-0.04797587956310329,-0.015805060545721877,0.858113497021183,-21.990942894794294,2.5113424726441735e-06,2.6714673042297363,-0.22705988585948944,4.637638092041016,2.7598490791404684,-0.579958438873291,0.08327513933181763,79,0.7655480937428842,-0.01990258924982861,9.264779549322927,-21.658305985663077,12.373017768133826,34.031323753796904,-0.8670771129417219,-0.6407394405899121,853.2608695652174,92.83473995555266,141.04563316243141,56.52173913043478
43,SADNESS,0,0,60,60,30,4.0,3.0,-7.401486830834377e-13,1.4388714035069738,3.510001514907657,0.024640314648749495,6.048501254837646,3.1338229542843234,-0.6988516377287857,0.21560130715479325,-0.0014592601217430952,1.01039457969044,-21.99094391619971,2.1775563254777808e-06,9.802393913269043,-0.1267404705286026,11.347580909729004,1.1412943450612358,53.66433334350586,6.3718767166137695,56,0.4222672139824258,0.034966084522586316,18.792029095222734,-119.73642147318857,112.12761793868387,231.86403941187245,7.788489732773062,-0.1957055796518317,793.918918918919,145.74432898638617,181.14959429625733,59.45945945945946
43,SADNESS,1,30,90,60,30,4.0,3.0,-1.924386576016938e-13,1.3487762941700323,2.4551659460662734,0.13544888330976335,4.489490590529499,2.249409620926607,-0.7579379807690123,0.18991264677548675,0.006285843272738265,0.9936915371681777,-21.99094336848943,5.944569693383528e-06,6.006206512451172,0.028472809121012688,7.970314025878906,2.1175702812148915,6.185500144958496,1.2623330354690552,61,0.7393627053971372,0.06084126101533905,10.622928961099603,-30.77745990650235,17.569843059767692,48.34730296627004,-0.8213729948499129,-0.6413274298434374,837.0535714285714,127.7597144754838,170.84258436422218,64.28571428571429
43,NEUTRAL,0,0,60,60,30,5.0,2.0,6.750155989720952e-13,1.4912015673761876,3.230018602533846,-0.005779167787167694,6.819643403166253,3.0571200524206184,-0.7220311943258881,-0.154449491231732,-0.019567627842980693,0.940913994143289,-21.990942501035384,-2.2312005967251025e-06,6.99295711517334,0.07051137834787369,9.614513397216797,1.9682512496403481,8.670286178588867,1.346575379371643,58,0.9800060750819066,0.04134539699166797,17.12130116764073,-99.44087564374315,92.8480949929184,192.28897063666156,7.837456765033705,-0.23002511674416637,822.6996527777778,176.27334235064953,280.3622040306854,68.05555555555556
43,NEUTRAL,1,30,90,60,30,5.0,2.0,5.033011044967376e-14,1.2948498784121891,2.577249563434947,-0.019361890396041304,5.359349385650347,3.167098854317478,-0.6869972175399588,-0.010705548595832021,0.004838736417926163,0.8180504829163335,-21.990943125720644,6.389617738022935e-06,2.017267942428589,0.11012361198663712,4.631632328033447,3.042121890539264,-0.6874535083770752,-0.08285544067621231,71,0.5509604885596808,-0.032198905326882604,15.53559001695681,-99.44087564375157,92.84809499291885,192.2889706366704,10.087123372231083,-0.11387477686283144,845.5357142857143,142.92213114821013,240.536462631079,78.57142857142857
43,NEUTRAL,2,60,120,60,30,5.0,2.0,3.1678363635971135e-13,1.0677255690353287,1.9648863751477563,-0.01432870170638978,4.684528822443923,2.8804866331977443,-0.09490576144422347,-0.27086296979666363,0.005951628432256344,0.7975038413292427,-21.990942859267168,1.2747446817229502e-05,6.565627574920654,0.09367942065000534,9.537595748901367,2.0008140824125147,6.943938255310059,0.8312720060348511,54,0.7818677774105914,-0.007596053456318049,9.251628808212201,-21.7266308126019,13.001638054367024,34.728268866968925,-0.8083562882685831,-0.6975390957000394,841.5178571428571,105.24640963813647,165.68010773121222,67.14285714285714
43,AWE,0,0,60,60,30,3.0,5.0,-6.394884621840902e-13,1.3371032630740227,3.9669684024509877,-0.08318375889118101,7.140092064592096,2.8362314881097834,0.09973276588292679,0.22855409735902912,-0.009905780636000993,0.8865757820647935,-21.99094381553942,4.3551126509555615e-06,4.977108001708984,-0.015595391392707825,7.072999000549316,2.3906501122192108,1.5917487144470215,0.28737562894821167,68,0.699171971231784,-0.03725997181225413,18.338754950603047,-148.04491654520388,106.3688549970574,254.41377154226126,12.191149850965507,-0.9026748369540404,766.0308441558442,64.7207251815678,102.24027387470011,25.97402597402597
43,AWE,1,30,90,60,30,3.0,5.0,1.2523315717771766e-12,1.3320763783114016,3.1864196255234845,0.09303774346172133,6.817518317635063,2.870783821760015,0.08636422298963975,-0.20370975664923607,0.0028950818001118417,0.9238644535466304,-21.990941923719966,2.2252400810884865e-07,3.171504259109497,0.05563679337501526,5.786609649658203,2.726315772760347,0.15906047821044922,0.023225387558341026,87,0.6050372613874443,0.11371696898596942,12.783430742417595,-30.824179331307796,30.5485119491101,61.3726912804179,-0.8472649593439838,-0.5889178499780335,758.9285714285714,56.36117094858381,77.0901860989008,32.467532467532465
43,DISGUST,0,0,60,60,30,1.0,2.0,7.401486830834377e-13,1.463917714257115,3.39174122564998,-0.09748372138744799,6.540611622703807,2.9221156650538895,-0.5378326067500345,0.26767964459729954,-0.003131060685633006,0.8078779281689097,-21.990942435902344,-4.76837158203125e-06,1.867066740989685,0.071087546646595,4.190620422363281,3.0565772518084566,-0.5078895092010498,-0.40495601296424866,82,0.3756788810736228,-0.038051411802059225,16.19451821299482,-130.79331944011764,93.62834627609789,224.42166571621553,9.986928173441502,-0.9390406996709387,809.0753424657535,107.03240873202056,173.953655126716,73.97260273972603
44,BASELINE,0,0,60,60,30,5.0,1.0,4.588921835117314e-13,1.5651850631935607,4.1131416454632586,0.14473747271495085,7.525667543450965,3.0243863667832396,-0.4015618641766334,0.09436795053968175,-0.01825113060900255,0.8566769008937168,-21.988017321193098,2.2411345526052173e-06,4.253598690032959,0.28651395440101624,6.611807823181152,2.019133544864891,0.5874910354614258,-0.474220871925354,43,0.49700532784631357,-0.07273357560377942,60.92079111724798,-255.3215162653374,197.2464392512031,452.5679555165405,0.04230803112957293,-0.6225259140097584,840.625,143.1956070696932,144.0676625580062,41.42857142857143
44,BASELINE,1,30,90,60,30,5.0,1.0,9.355479354174652e-13,1.425063694400792,3.2244017676681835,0.1388782748108497,5.620955400979,3.0186646138318043,-0.7505933926304715,0.007334826478089774,-0.0013194975520738302,0.7316483103835121,-21.98801684453768,-1.778701971488772e-06,2.811544895172119,0.1338825523853302,4.868480682373047,2.8562741212781377,-0.7885067462921143,0.06525841355323792,62,0.4063457428504285,-0.16863509935185605,76.53912024982161,-443.13370629618504,316.74799012701607,759.8816964232011,1.5879623641870335,-0.6307241385188058,867.1875,151.64626378196678,173.26860389334604,58.82352941176471
44,BASELINE,2,60,120,60,30,5.0,1.0,7.49030467280439e-13,2.175025298028153,4.962246635768253,0.44136384963273656,10.161946361149177,2.9403487660740346,-0.640335342896174,-0.014984959070469237,0.012208831341526514,0.7958977026779319,-21.98801703105499,9.854634299699683e-07,1.6820679903030396,0.27546226978302,4.571472644805908,2.98190938014748,0.21577835083007812,-0.765899658203125,69,0.49888512128015156,-0.1663808327351242,78.5441439770649,-443.13370629618004,316.74799014006123,759.8816964362413,1.003981311700736,-0.5437094572242442,849.8641304347826,90.91996050565785,108.98038055351172,52.17391304347826
44,BASELINE,3,90,150,60,30,5.0,1.0,3.878379099357213e-13,1.7542792332850883,4.3824772873499285,-0.3918875397992849,7.722177236770733,3.0903578895728394,-0.6165904412172769,0.4389032073946611,0.005326759575341641,0.9662969177955484,-21.988017392247343,2.9762586564174853e-06,1.9162627458572388,-0.13382196426391602,4.783538818359375,2.5242373520013324,-0.6041586399078369,-0.29367125034332275,70,0.9103424576447442,-0.11020813518334092,77.03376050710555,-183.16233704849435,178.2644639391865,361.42680098768085,-1.0889139965619128,-0.38471259723687196,858.6856617647059,72.50966061680668,95.44487840336346,39.705882352941174
44,BASELINE,4,120,180,60,30,5.0,1.0,-1.4802973661668756e-13,2.0715218253237624,4.176751116266075,0.07955934180117197,8.881784452763242,3.03750347879848,-0.8194755956803714,-0.16200074955458232,-0.00559675343534953,0.976106664655559,-21.988017928114925,1.9709268599399365e-06,2.9235763549804688,-0.5100321173667908,4.807051658630371,2.2361364903965937,-0.5678377151489258,0.9553847312927246,45,0.34643141816558287,0.04418968582807269,86.83336057379907,-373.4076666130567,346.8800893856944,720.2877559987511,-0.10570682292956146,-0.21887867225878282,844.6557971014493,88.70801721851628,124.77000900480381,42.028985507246375
44,BASELINE,5,150,210,60,30,5.0,1.0,1.0539717247108153e-12,2.2441928486796243,4.634173267907471,-0.041094030663302306,8.86505146159351,3.2386500146329507,-0.9316077882758584,0.11893348330107356,0.029626259959163154,0.8734271958439128,-21.988016726114008,-9.5367431640625e-07,1.7424155473709106,0.37693020701408386,4.779199600219727,2.623634586085098,-0.32231783866882324,-0.8930058479309082,48,0.3685382867005671,-0.2682088033430083,98.43208658002919,-495.8262658662746,365.2630070819279,861.0892729482025,0.9395114480737052,-0.19422264152479693,852.3550724637681,113.13572142724118,132.297878405191,50.72463768115942
44,BASELINE,6,180,240,60,30,5.0,1.0,-5.921189464667502e-13,2.3165888691740655,4.341038808928488,-0.27049553066191834,9.368999443251624,3.180365166398835,-0.7820526537624057,0.020829524042681548,-0.020430674538267513,0.8154588191923594,-21.988018372204298,-5.070368388260249e-06,6.557219505310059,-0.3134008049964905,8.317069053649902,2.181818301262765,6.481032371520996,1.5209861993789673,45,0.7510561000456875,-0.04305417665343387,94.71955536293078,-495.8282614479134,365.26363100603925,861.0918924539526,0.6844647726862947,-0.2542537914279783,856.2047101449275,96.78674341000811,97.92701434163939,33.33333333333333
44,BASELINE,7,210,270,60,30,5.0,1.0,2.220446049250313e-13,1.4541729927007707,3.0379767360976473,0.031050883165306686,6.1831666217926795,3.2071705434120865,-0.752246718192628,-0.08516890325642629,-0.00014688428937639043,0.9036913296443967,-21.988017558040596,1.5576680425510858e-06,8.221519470214844,-0.06720343232154846,10.304901123046875,1.9285174698598742,17.505977630615234,2.319321393966675,44,0.968565102993615,-0.4525968165324945,85.77777271851319,-217.86553462993547,169.69952995211816,387.56506458205365,-1.0315727014377496,-0.2758526307065025,816.40625,49.253756693428905,48.81546931059953,23.61111111111111
44,BASELINE,8,240,300,60,30,5.0,1.0,1.509903313490213e-13,1.8420546011962011,3.068783235756456,0.174309098991543,7.94879214817783,3.096976591416385,-0.3228366310187969,-0.52542377849061,-0.010799045755139163,0.9409139941433035,-21.98801762909486,-4.19616708313697e-06,1.6025314331054688,-0.11191968619823456,5.143360137939453,2.707435855846964,0.11561846733093262,-0.4513331353664398,70,0.842593637510611,-0.42023225889016386,94.26169486930893,-429.14702265969333,369.12505449212887,798.2720771518223,0.18050629003932483,-0.29830635225438984,782.2916666666666,44.2935984128673,45.590508991841,22.666666666666664
44,ANGER,0,0,60,60,30,1.0,8.0,3.197442310920451e-13,1.4951945586425437,2.766770286840625,0.023236713897389905,6.70497445191458,3.0788297820548562,-0.1474044881496197,-0.3275860395041831,-0.00713172949288434,0.9564660746431842,-21.988017460341,2.19345088225964e-06,7.868291854858398,-0.09639576822519302,10.240313529968262,1.5385672592690804,30.016395568847656,3.9738473892211914,34,0.9388796874282789,-0.14308878829837177,62.78485083916468,-264.03086526112014,270.8900203997642,534.9208856608843,0.2732561067107615,0.002367294904892093,855.072463768116,74.01331174298383,93.1930453630748,24.637681159420293
44,ANGER,1,30,90,60,30,1.0,8.0,1.3322676295501878e-13,2.455303971059421,4.685766719489237,0.07669232285252292,9.298533973090173,3.231396480034755,-0.8843329385866663,-0.09847626069503246,0.00479185953122206,0.9323155294632441,-21.988017646858424,-2.2252400810884865e-07,1.814389705657959,-0.4258168935775757,2.9869422912597656,2.889781567507613,-1.1645601987838745,0.5925693511962891,76,0.1343072899363174,0.28321123333506704,55.55319195257277,-116.13403402248224,143.29068335775855,259.4247173802408,-0.8834003052610604,-0.05258596958256771,834.5982142857143,46.1134435900858,43.46764476371302,20.0
44,ANGER,2,60,120,60,30,1.0,8.0,-2.5165055224836885e-13,1.4257246968924184,2.901604053362661,-0.18288120326417356,5.780559046989708,3.1782075303525055,-0.7440975202562394,0.18677294496971922,0.01002818139575992,0.837759254402836,-21.988018031735763,-7.470449077118246e-07,4.363608360290527,0.15845496952533722,7.31331205368042,2.4235669488728364,0.8307805061340332,-0.2179303616285324,41,0.4281932269974739,-0.06458516038930998,55.57532749011418,-131.53270585931972,113.34644986519346,244.87915572451317,-0.9281128486840045,-0.06166663353636144,850.3170289855072,55.073858245079826,52.817285721209515,31.88405797101449
44,ENTHUSIASM,0,0,60,60,30,7.0,6.0,1.4418096346465368e-12,1.4871031182668724,3.5849407951523915,0.09103152443223905,6.854344708742843,3.0622875814104646,-0.3169744391105356,0.03683538630309043,0.009758024613561928,1.0562664923215586,-21.988016338276584,4.132588742322696e-07,3.4545884132385254,-0.5883281230926514,4.548281669616699,1.989487393208895,-0.6461024284362793,0.8405130505561829,45,0.2547451743720294,-0.3366099646805502,89.57941148849949,-308.41195574679483,320.6787140762231,629.090669823018,-0.4683617644563509,-0.08742736329295414,777.5493421052631,132.2104841388461,150.05424366430518,30.263157894736842
44,ENTHUSIASM,1,30,90,60,30,7.0,6.0,8.585724723767878e-14,1.5442954729573057,3.7464273889952437,0.0004612040232387926,7.042151342349001,3.111982117854285,-0.5019332788291213,-0.016134276422034608,-0.005264843844531293,0.9134102689423116,-21.988017694227935,1.287460349885805e-06,4.022557258605957,-0.1300656795501709,6.157337188720703,2.4770057826093757,0.6978275775909424,0.09902216494083405,46,0.3870610014562581,0.6379632894071089,92.72446060798202,-207.26166308089472,242.55082264161365,449.81248572250837,-0.9296045176006249,-0.13057369722363793,782.5,104.04990640864915,74.16038334427803,34.66666666666667
44,ENTHUSIASM,2,60,120,60,30,7.0,6.0,5.684341886080801e-13,1.3730761468280372,2.413046720893419,0.03337790125996776,5.554694783019443,3.2142421071599525,-0.6332707871894052,-0.33156933767012853,-0.008201929601473958,0.922937171465827,-21.98801721165115,3.814697322468419e-07,3.0552268028259277,0.12416315823793411,4.885107040405273,2.996298859165336,-0.40434837341308594,0.3138493597507477,79,0.3399693111668379,-0.33430517242253077,99.5180524239389,-240.06464899495134,222.54226988321687,462.60691887816824,-1.0009769329982288,-0.1745363149847125,832.9665492957746,55.31158880503091,56.05745816634418,33.80281690140845
44,ENTHUSIASM,3,90,150,60,30,7.0,6.0,5.565918096787451e-13,1.3097059033409708,3.70831643947227,0.03334637217413672,6.349894182326921,3.009167003899933,-0.14193152186930957,0.23770643215813428,0.00020876690591929744,0.9493441013299098,-21.98801722349352,-2.2252400810884865e-07,2.59631085395813,-0.22889497876167297,4.394766330718994,3.0760795322862258,-0.5363783836364746,0.4360960125923157,82,0.4150286192908366,-0.052161058383470876,103.3120916989143,-291.52961210497165,222.54226355922972,514.0718756642013,-0.9368250301837269,-0.20273003559937172,835.8274647887324,92.35846886249112,103.27370231228139,35.2112676056338
44,ENTHUSIASM,4,120,180,60,30,7.0,6.0,-3.2566542055671255e-13,1.1157827459296674,2.7391744834289966,-0.08751914750391165,5.069926278508774,3.071225867411273,-0.41634321924328965,0.4024430826819971,0.006041909843705077,0.8377592544027701,-21.98801810575065,-1.8596649624669226e-06,9.614439964294434,0.08774417638778687,12.033723831176758,1.3867551933634639,33.8354606628418,3.5752179622650146,48,1.007287806737681,-0.42477147150762684,101.52242391859681,-291.52961211079696,200.69861752353958,492.22822963433657,-0.9411080819422524,-0.18638431481868614,845.9821428571429,99.15309237348914,111.4896508893753,44.285714285714285
44,ENTHUSIASM,5,150,210,60,30,7.0,6.0,-9.473903143468003e-14,1.1266902918392672,2.6952317425823935,-0.19639505735966623,5.0363138145506525,3.058725602389432,-0.3211288702441335,0.48347453080623565,0.0010069849739434138,0.6962381752608502,-21.988017874824212,4.450480162176973e-07,5.721991062164307,-0.24430936574935913,7.817909240722656,2.0963370644953185,3.3744263648986816,1.209013819694519,44,0.5704443205724152,-0.4002915736783571,94.40911363881501,-344.1274085553182,330.7907807865377,674.9181893418559,-0.3098385702069155,-0.07868056648693814,834.8214285714286,103.73227230119943,129.1213688687923,47.14285714285714
44,ENTHUSIASM,6,180,240,60,30,7.0,6.0,1.6579330501069003e-13,1.7797657876101987,4.200799944300826,-0.06352595375211934,8.564847828511546,2.965720863544622,-0.05569954088203133,0.21727676574710492,0.009951486105537088,0.9229267948994486,-21.988017614291888,-1.7801920648707892e-06,4.618686676025391,0.17082162201404572,7.735415458679199,2.1487420376408086,3.0911545753479004,-0.2905930280685425,36,0.6415093993031403,-0.3088151816810114,108.5035763016224,-385.02639723411556,330.79078078654385,715.8171780206594,0.31239604631782214,-0.1948726302585521,855.7518115942029,134.57537128810617,182.00038001939964,57.971014492753625
44,ENTHUSIASM,7,210,270,60,30,7.0,6.0,-4.618527782440651e-13,2.2552008541145807,5.2524378899114765,0.15128469456371363,10.02345907884461,3.1333736554182776,-0.591366568697449,-0.006726597818281898,-0.012631961464420029,0.9758160050069539,-21.988018241938065,2.4239222966571106e-06,6.074657917022705,0.10541024059057236,8.243245124816895,1.8309324515799896,13.427671432495117,2.11620831489563,35,1.079601893883014,0.6705271138810829,130.786400082014,-492.08186741613196,409.77652228433516,901.8583897004671,-0.08895052354359079,-0.2670227247215398,831.9196428571429,161.01071032275686,198.9716115912089,65.71428571428571
44,ENTHUSIASM,8,240,300,60,30,7.0,6.0,2.871776890363738e-13,2.482908520951958,4.857580820542751,0.38487879470565645,12.313365339890936,2.807184360037296,0.9355180278137851,-0.8233455864644939,0.023618482976726307,0.9928423343397835,-21.98801749290753,1.1285145546935382e-06,6.488572120666504,-0.05796317011117935,8.1831693649292,1.8561991175125412,10.699419021606445,2.085615634918213,37,0.8537278979551749,-0.39490180156711385,121.38854201339633,-492.0818674202918,409.7765222674883,901.8583896877801,0.01885659053888622,-0.25921818145812753,747.8243670886076,174.29341271988164,239.33716101480815,63.29113924050633
44,ENTHUSIASM,9,270,330,60,30,7.0,6.0,-4.648133729763989e-13,1.4656827067003029,3.501349478921867,0.09817894158636875,7.566347471382784,2.9668124592516016,-0.19456946724976998,-0.22152080356649423,0.015862541613981887,1.0152160537759367,-21.988018244898658,5.404154421739804e-07,2.3369240760803223,0.03516630455851555,4.603515625,3.03433682278608,-0.44747281074523926,-0.017332879826426506,82,0.5137048693358599,-0.20709503727523593,108.61075226480025,-350.44158333560966,310.1917020268927,660.6332853625024,-0.3449149492914958,-0.15341803940515386,741.8908227848101,167.98595356692388,246.78040016469848,45.56962025316456
44,ENTHUSIASM,10,300,360,60,30,7.0,6.0,1.5395092608135505e-13,1.4074515088193225,2.956085797823249,-0.03751735918697818,6.690912609802524,3.000861412141817,-0.2375594567230923,-0.1860200990931762,-0.010103725634081446,0.9174510865578541,-21.988017626134265,2.596775630081538e-06,2.5876967906951904,0.22030040621757507,5.129352569580078,2.8898848811240176,0.010969877243041992,-0.24075675010681152,69,0.6011503333020262,-0.5152906871471187,98.00569000400249,-350.44159432199,310.2013211488781,660.642915470868,-0.039852028545287244,-0.09369166483718662,782.0833333333334,151.94433593209996,176.46848579290452,33.33333333333333
44,ENTHUSIASM,11,330,390,60,30,7.0,6.0,-2.9309887850104133e-13,1.1773907157302044,2.834164270591799,0.019408357216832428,5.964862038876362,2.981881824229221,-0.34437357854544226,-0.11972406691509689,-0.004744031933916685,0.7575971117747992,-21.9880180731841,-2.6345253445470007e-06,7.827340602874756,0.050713323056697845,10.143426895141602,1.8779746465889169,14.134859085083008,1.9846253395080566,42,0.7367612183987579,0.6531821867861131,90.65752187309464,-404.07313706566833,255.54434489945626,659.6174819651246,0.32327721495818995,-0.3969969455383793,842.1875,170.44136113646454,164.33993536838224,50.0
44,ENTHUSIASM,12,360,420,60,30,7.0,6.0,-7.105427357601002e-14,1.3507324148542752,3.100447393811123,0.04261502676143891,6.2255810008252865,3.115176321118655,-0.524617789961392,-0.0678489466854762,-0.008241947530183277,0.8044072177341708,-21.988017851139453,9.377797596243909e-07,7.757370471954346,0.0014680130407214165,9.871145248413086,1.7969507987270983,13.614730834960938,1.7303911447525024,47,0.8342836939025224,1.2982712482474414,96.950891570524,-404.0731369939832,315.4558201769981,719.5289571709814,0.3315434102929915,-0.36021241673017906,813.8020833333334,170.97736953610533,163.3088617650185,47.22222222222222
44,ENTHUSIASM,13,390,450,60,30,7.0,6.0,7.963999829977789e-13,1.7456570665509183,4.046654354830537,-0.22843745683012173,7.881870704565586,3.1055944184579802,-0.5683446067636053,0.20678016921195647,0.006409207988801277,0.9046277990316564,-21.98801698368551,7.5658163041225635e-06,2.3360939025878906,0.14772020280361176,4.814410209655762,3.1581918326041913,-0.5468010902404785,-0.002990575274452567,78,0.6796734477186109,-0.32924484787716357,115.94970698074387,-425.3438675854552,344.43779254470695,769.7816601301622,0.23529160408045202,-0.2904428305825119,799.1976351351351,138.78607455070488,174.4916785706727,50.0
44,ENTHUSIASM,14,420,480,60,30,7.0,6.0,1.3026616822268503e-13,2.1186369534675222,5.0508337277456405,0.06241402713023092,10.053481965593392,3.079582067041182,-0.5291398126546838,0.11958982303437568,-0.013916756589826225,1.0185089574614745,-21.988017649819017,1.2556712135847192e-05,1.9914556741714478,-0.027326615527272224,4.542253017425537,2.9928439394471287,-0.6068129539489746,-0.11076833307743073,78,0.6044018585211611,1.2222637620126122,120.56960153501242,-425.34386745528565,446.9821908376085,872.3260582928942,0.18399786127628026,-0.20324892426333113,783.125,119.3552321965933,142.16499116462475,37.333333333333336
44,ENTHUSIASM,15,450,510,60,30,7.0,6.0,3.1382304162737757e-13,1.705809649119117,3.7825549671445913,-0.20496724916370113,7.701434375498906,2.862679953885918,-0.1316573088320796,0.35091030791509986,0.010895616228079283,0.9414821457668343,-21.988017466262185,3.5921732433052966e-06,2.3037192821502686,0.10970304906368256,4.388026237487793,2.852312649441881,-0.4900527000427246,0.26885104179382324,77,0.5972889493591227,-0.05270626331750255,111.95966836841633,-379.83237469061123,338.7838171603988,718.6161918510101,-0.2802565419624439,-0.17420570420393924,786.875,95.44636423639167,85.9662881756721,29.333333333333332
44,ENTHUSIASM,16,480,540,60,30,7.0,6.0,4.944193202997363e-13,1.3288834291193836,4.065104586070589,-0.07601000372297051,6.714166067597205,2.9010735317211376,0.1376263801011941,0.5073965035321756,0.0027362212395658798,0.7973281990319162,-21.98801728566598,1.351038605434951e-07,1.5802031755447388,0.2610771656036377,3.9573779106140137,2.564554983014623,-0.7281033992767334,-0.18491514027118683,80,0.7422637056917127,-0.2636022511189495,112.27218798776549,-379.8323746963446,338.7838171603383,718.6161918566829,-0.17769421672382668,-0.15438388871612624,814.6701388888889,87.38303123932008,101.07463403904444,33.33333333333333
44,ENTHUSIASM,17,510,570,60,30,7.0,6.0,7.934393882654452e-13,1.4061416510944527,2.699050183306184,-0.19034388788270462,5.78975386151015,2.9917039467458744,-0.6622993113940345,0.16587041203985906,0.010361528145775014,0.7316483103834991,-21.988016986646105,-3.552436737663811e-06,1.83935546875,-0.06616753339767456,4.44622802734375,2.6431220057414566,-0.785738468170166,-0.0756366178393364,82,0.8085173800925881,-0.3250396764353071,99.05671925639803,-319.38056141536174,328.44020536583463,647.8207667811964,-0.5836657216852039,-0.08942711991216032,838.3928571428571,100.80229404369749,105.11906099131429,35.714285714285715
44,ENTHUSIASM,18,540,600,60,30,7.0,6.0,-9.089025828264614e-13,1.1353178399440662,3.9507128292093796,-0.24128228066473412,6.325219857589559,1.415118690965432,1.7086027594421918,0.5776379664640879,0.010465699005141908,0.6468068995929216,-21.988018688988173,-3.178914482759865e-07,10.191156387329102,0.17266637086868286,12.295421600341797,1.4017903152931128,43.08613586425781,4.329802513122559,50,1.0225358126281074,0.33469488775833767,94.21089538056252,-206.46549394410766,212.17626594487146,418.6417598889791,-0.9454493690770471,-0.1660759555522444,857.5367647058823,63.22627297730372,57.23510324014842,35.294117647058826
44,LIKING,0,0,60,60,30,9.0,7.0,7.13503330492434e-13,1.432668312646641,2.667483129526005,0.09102315193096899,7.160559932246713,2.710302621352506,0.5425316769805302,-0.4716969056218637,0.00028358395496336344,0.7430794926008963,-21.988017066582103,2.312660171810421e-06,8.477307319641113,-0.10040868818759918,11.436959266662598,1.3548719491171728,37.24578094482422,4.538346767425537,45,1.0169413347578184,-0.11945681018279192,61.856520770753384,-394.58915238099576,378.40114394349797,772.9902963244938,6.005637861767299,-0.003666255196398739,825.3038194444445,101.34054121280865,137.58450108344428,38.88888888888889
44,LIKING,1,30,90,60,30,9.0,7.0,1.8059627867235878e-13,1.286302999237607,2.800852661666653,0.0006572144311434158,6.369546174891383,2.89557430420255,0.003947072570742893,-0.1734051227191641,0.0027713144145720806,0.8279634454201028,-21.988017599488916,4.7683716530855236e-08,8.59585952758789,-0.04500681161880493,10.369035720825195,1.5773257418380944,39.019874572753906,4.845676422119141,44,1.1353156622082592,0.22620903219981356,51.89571254119798,-176.85016597044233,144.5894849677566,321.43965093819895,-0.5623785569774005,0.15196996991243342,845.1086956521739,73.02956603448648,82.20067412865835,36.231884057971016
44,FEAR,0,0,60,60,30,5.0,5.0,-4.352074256530614e-13,1.0645706979477167,2.2490820391325883,-0.017504474655538615,5.643980380931879,2.871653288821602,0.23142350536345457,-0.36004269345819045,0.004083003622617461,0.6827249778902189,-21.988018215292698,-1.8596649624669226e-06,1.6144139766693115,0.017742309719324112,4.257807731628418,2.8817900650087376,-0.4154815673828125,-0.34237077832221985,79,0.7110204522605015,-0.25085050121318947,81.42876545582153,-480.5868414388102,424.5646517587884,905.1514931975986,5.522398128066291,-0.23925790622343032,770.5592105263158,68.04613775986914,60.595998217704114,18.421052631578945
44,FEAR,1,30,90,60,30,5.0,5.0,9.118631775587953e-13,1.8621353785021153,4.0764430053869205,0.1761471359326805,8.834334734270755,3.0346753008542593,0.06327312581462374,-0.3137619396403025,0.0019236885364440407,0.8068449634084724,-21.988016868222417,5.276997853798093e-06,2.030142068862915,0.17047184705734253,4.6491594314575195,2.493010013803335,-0.33690857887268066,-0.4777403771877289,81,0.651825342125227,-0.2984971571990414,80.91441710855055,-480.5868414523843,368.95574624148963,849.5425876938739,3.641916465118456,-0.34546508684583294,764.0016233766233,62.221027042403854,66.24278448790122,25.97402597402597
44,FEAR,2,60,120,60,30,5.0,5.0,-1.3914795241968628e-13,1.3988753310841104,3.0527808555739,-0.0124675156865095,5.712257686857214,3.0876482830279146,-0.6104783620782381,0.29553028578608015,0.004701578119749543,0.9418067021184189,-21.98801791923314,5.372365194489248e-06,2.4103522300720215,-0.38425472378730774,4.191904067993164,2.647158250030896,-0.8978621959686279,0.6424546837806702,79,0.3850311949206038,0.27178860328530613,63.04869250686414,-295.5406054037602,259.1558885248655,554.6964939286256,1.884718480727579,-0.026526144764869565,777.5,80.16097086487912,88.64924572094165,28.000000000000004
44,AMUSEMENT,0,0,60,60,30,8.0,6.0,-1.009562803725809e-12,1.5851571150896409,4.45526544845265,0.46489594631751174,7.896359017367871,2.0842259234870704,0.438694134392156,0.6919051126342475,0.0007777640479252689,0.9147891769098649,-21.988018789648493,1.5894572413799324e-07,5.271340847015381,-0.3443358242511749,5.892994403839111,1.0109636252169711,8.605182647705078,2.991197109222412,6,2.147409981125407,-0.11920340541531929,101.32702682659857,-496.7985858847379,464.8585625287875,961.6571484135254,2.9790517128940106,-0.6077655440383805,828.125,146.57549249448218,187.87165546875727,38.028169014084504
44,AMUSEMENT,1,30,90,60,30,8.0,6.0,-3.1382304162737757e-13,1.4307871692309995,3.3581630166338527,-0.06817508472494183,6.715908961511019,2.894994983752168,-0.3274134482394304,-0.05840740050967858,-0.011361454482685114,0.9329059833764497,-21.98801809390827,-1.748402951307071e-06,3.9464430809020996,-0.29541581869125366,5.4538187980651855,2.531327900673366,-0.42967820167541504,0.6016744375228882,37,0.4692561545602649,-0.1285493303456349,96.06750011244634,-487.75160641665,282.5501783541647,770.3017847708147,0.41753481030029116,-0.42425180296913245,878.0317164179105,97.6250444827906,107.63634324132178,38.80597014925373
44,AMUSEMENT,2,60,120,60,30,8.0,6.0,2.812564995717063e-13,1.6023030710948638,3.359286826201213,0.06902939869135594,7.391693336967364,2.9661001556629967,-0.4821030295637381,-0.33599843807928775,0.0026806634478991754,0.8579949089918535,-21.988017498828718,1.9550323031580774e-06,1.6913819313049316,0.1755841076374054,4.547393798828125,2.851689165653961,-0.7031362056732178,-0.5196219086647034,82,0.38532210988178395,0.13844366221800755,120.6682113883261,-419.0485618635081,293.93240475809165,712.9809666215997,-0.5911137194496279,-0.3089184207572158,890.1515151515151,72.87502973726637,93.22771181360186,50.0
44,SADNESS,0,0,60,60,30,4.0,4.0,-1.9539925233402758e-13,1.2732313148470746,2.983448083843143,0.03544702820583723,5.735923004004917,3.128813794546909,-0.5288209499864416,-0.043214611042059196,0.009249915335561524,0.9141696213753516,-21.98801797548445,-3.9676824599155225e-06,9.017545700073242,-0.10912971198558807,10.713920593261719,1.2194214220096984,52.823734283447266,6.110551834106445,36,1.145594392334575,-0.18070417077693127,92.61717359524353,-358.35199548108375,333.70602399854306,692.0580194796269,-0.32726607880288405,-0.2608360259954274,917.48046875,85.28539337303111,111.9142599819236,40.625
44,SADNESS,1,30,90,60,30,4.0,4.0,4.944193202997363e-13,1.274591204255803,3.306821751604616,0.14069779248728764,7.493009914794868,2.7482984359366287,1.1276234990252423,-0.5094857761857653,0.0059794073280867235,0.9052573959775566,-21.98801728566598,3.5762786865234375e-06,9.069062232971191,0.05294100567698479,11.065242767333984,1.2558388414944386,41.687076568603516,5.095841884613037,42,1.0676007436154662,-0.2368720461739862,82.37527745562215,-358.3519954244457,141.48891193705663,499.84090736150233,-0.7273056276688665,-0.40579611388928677,940.7762096774194,75.23534501752573,105.67133889922138,48.38709677419355
44,NEUTRAL,0,0,60,60,30,6.0,4.0,7.875181988007778e-13,1.3980876726094953,3.1118803821755137,0.08423719642038918,6.470959078146876,3.0114029042593864,0.016485196185454853,-0.17014851145209767,0.0021247994239782016,0.7316308592560289,-21.98801699256729,2.702077154026483e-06,1.8262256383895874,-0.18429763615131378,4.595480918884277,2.982960838791015,-0.6086745262145996,-0.2339039444923401,72,0.4120260219891371,-0.2543024548046008,96.38130525401681,-363.1477264779671,264.01149004215205,627.1592165201191,0.050020396838951875,-0.47289624335524827,887.5473484848485,158.90106041961045,226.92485942911384,48.484848484848484
44,NEUTRAL,1,30,90,60,30,6.0,4.0,1.0658141036401503e-12,1.2662474311515441,3.9676712663904823,-0.0528065235236852,7.690601200856406,2.6893357250913734,0.8925865067807441,0.1455271634992261,0.003361246395811848,0.7755111613981635,-21.98801671427164,3.476937706636818e-07,1.740219235420227,0.025717565789818764,5.829304218292236,2.5010330474099343,2.7957448959350586,-1.4075921773910522,78,0.46289014696617986,-0.060951402471494644,92.189127847298,-362.18164595790904,214.77052911127208,576.9521750691811,-0.33570357658410943,-0.5492444029686749,906.0096153846154,428.883234416457,633.4029845369474,55.38461538461539
44,NEUTRAL,2,60,120,60,30,6.0,4.0,-4.1744385725905886e-13,1.586020375646293,3.6722467785047286,-0.0001144409182529671,6.821843829779084,3.1724038233933918,-0.5662775837052965,0.10657165307251361,0.012965498952583596,0.9408835314717239,-21.988018197529122,-1.5894572769070692e-08,2.056257963180542,0.2027335911989212,5.560583591461182,2.833171754473493,0.1983778476715088,-0.5448462963104248,78,0.6129629075595712,0.5895855896387214,73.03888228753232,-306.54102404128207,232.18629367455392,538.727317715836,0.24897967444585856,-0.478575843370399,909.66796875,421.9022693824889,609.1237526412395,43.75
44,AWE,0,0,60,60,30,7.0,5.0,-2.0724163126336254e-14,1.4501722494616196,2.3692110976341496,-0.12054058651642663,6.082210944931177,2.825074063907507,-0.7048477991342343,-0.18433205357254834,0.0028968179810990105,1.090077467342831,-21.98801780080934,1.8338362224312732e-06,6.3724188804626465,0.04285749793052673,9.098743438720703,1.9905167584665013,5.685394287109375,0.8775449395179749,37,0.7976208252068843,0.07588187606966239,102.9357810491984,-322.12573102263116,327.06123136721203,649.1869623898432,-0.5040253234749814,-0.3026315306520196,855.5253623188406,99.37931358495487,136.92539530224653,37.68115942028986
44,AWE,1,30,90,60,30,7.0,5.0,-5.713947833404139e-13,1.7011399067482527,4.884979560070946,-0.33363323719157734,9.149875394498963,2.741587463831653,-0.17819012829954772,0.28893775512304304,0.013622367780870216,0.8859220996455429,-21.988018351480125,1.1364619467713055e-06,6.809883117675781,0.02297709323465824,9.756175994873047,1.8695019710740637,8.044129371643066,1.0480002164840698,40,0.8499558534720066,0.6270134051499613,81.17094494319875,-282.5448093135335,250.6406638303135,533.185473143847,-0.1557314126914573,-0.2957257462366011,897.8365384615385,82.72940088646631,73.96131339359957,43.07692307692308
44,DISGUST,0,0,60,60,30,6.0,4.0,-9.473903143468003e-14,1.9784283963596594,3.425534698810395,0.09646598208661317,7.267491697558626,3.2525815464583445,-1.0704023085440426,-0.11913909099167812,0.001631554477895429,1.105013709191001,-21.988017874824212,1.1285145546935382e-06,4.78013277053833,0.21295370161533356,7.3944783210754395,2.0684823882045897,2.7595443725585938,-0.15237542986869812,36,0.637833545830993,0.19811116425989264,65.8043653524581,-356.2033743178156,291.602810328973,647.8061846467886,0.7996836968191738,-0.2355171587340231,827.2569444444445,85.01278613672925,115.05916458776242,34.72222222222222
45,BASELINE,0,0,60,60,30,7.0,3.0,-2.220446049250313e-13,1.9448030046080584,4.074457937845466,0.20288360031379682,7.591449422333341,3.1989072340898472,-0.8329988257642715,-0.11248642602584051,-0.003580303394476679,0.7536159159076503,-21.965971912957443,-1.9073486612342094e-07,3.1601672172546387,-0.16032174229621887,4.681330680847168,2.9294966340700483,0.5063774585723877,0.8404279351234436,7,0.8670470808153841,-0.2332080784354089,60.16178191862529,-323.0383209713783,221.50718136218495,544.5455023335633,1.8124469635777354,-0.48610633988437635,780.6332236842105,101.5004871407159,149.69587224324746,19.736842105263158
45,BASELINE,1,30,90,60,30,7.0,3.0,2.6349293117770384e-13,1.2808157768512323,2.9640620070082946,-0.10989200977995495,6.240828440138557,2.896412864673551,-0.6663726387753353,0.03885779509209938,0.002096438544908165,0.7868959137840064,-21.96597142741992,1.589457156114804e-06,3.8751015663146973,-0.2869040071964264,4.999184608459473,2.548084631082258,2.2967801094055176,1.5128576755523682,5,0.28299308282508934,-0.18151477697167004,46.11320040085884,-119.42388399794856,107.8074951112678,227.23137910921636,-0.8538639568461006,-0.5326430740806252,810.1455479452055,41.88348801670637,37.103663668684916,9.58904109589041
45,BASELINE,2,60,120,60,30,7.0,3.0,4.411286151177289e-13,1.109880823641657,3.359625546293188,-0.017948809497880802,5.683773887636079,2.8906347855129053,-0.08862932788479361,0.22536574691483188,0.005852117412456008,0.7198542162258244,-21.965971249784296,-9.218851459991129e-07,1.5784800052642822,0.25516653060913086,3.6661202907562256,3.172582506237417,-0.8945798873901367,-0.5344794988632202,7,0.2897926316318136,-0.1923675658809175,42.47332192792959,-104.94513413929367,68.94892115727069,173.89405529656437,-0.7163503290002575,-0.5822943728095079,842.4107142857143,397.67410400915276,595.6360681104344,10.0
45,BASELINE,3,90,150,60,30,7.0,3.0,-2.2796579438969883e-13,1.1933592632279826,3.4886951830984003,-0.0567941022076468,6.2021575357107395,2.9228484683530924,0.08821283894595622,0.2877966596042587,0.0018303897530326059,0.8075034972318363,-21.965971918878633,8.900960324353946e-07,2.4471704959869385,-0.19292142987251282,3.87387752532959,3.083772220234813,-0.7879288196563721,0.501200795173645,6,0.37866243801468996,-0.22984560852229072,43.526513207615224,-106.15448848125565,71.59726064684035,177.751749128096,-0.757497573090729,-0.5741055619223364,848.2142857142857,396.3675973849638,595.6123063492205,8.571428571428571
45,BASELINE,4,120,180,60,30,7.0,3.0,7.223851146894351e-13,1.2932369256240392,3.193954258778575,0.020427566737524216,6.120214446054462,2.993424194783533,-0.17717029545606966,0.06444656747150086,0.002547709171411949,0.8283286263900588,-21.965970968527962,1.0808308843479608e-06,2.244391441345215,0.1847410500049591,3.9930367469787598,3.1596690800492375,-0.9828643798828125,0.06785190105438232,6,0.5439403312901455,0.014348781199218275,45.97901665208857,-145.46922275907565,126.71937157811362,272.1885943371893,-0.7947634860440163,-0.554099000825696,815.1041666666666,65.66585750258118,107.27998591778956,8.333333333333332
45,BASELINE,5,150,210,60,30,7.0,3.0,-4.7369515717340014e-14,1.27787406461847,2.9536431848896427,0.7135113565606588,6.0293190591742984,1.9953521421980662,-0.27116589073843533,-0.2296060278164294,0.00265288455206285,0.7318397160925773,-21.96597173828233,3.814697322468419e-07,2.101405382156372,-0.014120187610387802,3.279071092605591,2.7766599709580193,-1.2020517587661743,0.39929741621017456,6,0.5456997063274963,-0.03250460820370908,48.133971923432796,-145.46922275907065,126.71937157811536,272.18859433718603,-0.7870812353366756,-0.512237446857234,793.285472972973,78.68154918163818,114.54278807352968,13.513513513513514
45,BASELINE,6,180,240,60,30,7.0,3.0,3.552713678800501e-14,1.223626634924145,3.0023355381963768,0.7307892510404201,6.137913707711107,1.9157919696381984,-0.41852634214338247,-0.3183470001073325,-0.0027014976197838516,0.7975038413292427,-21.96597165538568,9.5367431640625e-07,3.000206470489502,-0.266827791929245,4.855429649353027,2.818494601545608,0.866466760635376,1.0988637208938599,7,0.9730362108196716,-0.07751981152712283,46.672683200405345,-112.93446528887027,86.30425266321492,199.2387179520852,-0.8248407617387792,-0.5389513988810308,775.6990131578947,43.50406675258254,33.8501600193165,13.157894736842104
45,BASELINE,7,210,270,60,30,7.0,3.0,-5.743553780727476e-13,1.2777564051437247,2.9462673093185288,0.7233479793200104,6.182332162147475,1.4006560432507795,-0.09612199999825366,-0.11079201121318016,0.0011458794531190944,0.8581581345062924,-21.96597226526836,-3.178914482759865e-07,2.306379556655884,-0.16319066286087036,4.052356719970703,3.1734421266075046,-0.6789371967315674,0.33112892508506775,8,0.7514262978650086,-0.08452307625456017,44.11227858689509,-103.27631143837458,74.17957168852348,177.45588312689807,-0.8079123322712718,-0.5657530915477779,780.4166666666666,37.56797517845497,29.735247875479637,8.0
45,BASELINE,8,240,300,60,30,7.0,3.0,7.401486830834378e-14,1.2368420618823621,2.863914457714145,0.7365154653083295,6.147115466956166,1.352956872203145,-0.29468603416265315,0.04137232088613875,-0.017571887795465084,0.896160663671561,-21.96597161689795,-3.655751470432733e-07,2.8990440368652344,-0.2762184739112854,4.291943550109863,2.9825619079228165,0.1602926254272461,0.8581728935241699,10,1.1670045456541194,-0.046618088946601556,43.95324856610535,-103.27631143840377,84.39440348751107,187.67071492591484,-0.7929044231237077,-0.4927542483241791,781.6666666666666,46.661488210107294,33.73756339929755,6.666666666666667
45,ANGER,0,0,60,60,30,4.0,4.0,-3.4638958368304884e-13,1.4031471997432443,3.211023914415989,0.030996617933354287,6.407355107844381,3.0590341560946253,-0.6486539106517966,0.02204493996473038,9.722613542119262e-05,0.8961606636715604,-21.965972037302457,-3.1789145538141383e-08,1.7028818130493164,-0.09109371900558472,3.271451950073242,3.2701462319638193,-1.3282190561294556,0.14381828904151917,34,0.0890035196704898,-0.16551466862145342,37.25525280740522,-165.2130334781956,161.82074612394086,327.03377960213646,0.5822325085245366,-0.3218957602082694,767.4512987012987,68.81043741783138,92.52558434413524,11.688311688311687
45,ANGER,1,30,90,60,30,4.0,4.0,4.707345624410664e-13,1.356578566031518,2.4520111351108653,0.3666559855147966,5.907884226666482,2.5528525211860322,0.03559341654277448,-0.6497080706044357,-0.003993552716969168,0.959373539616426,-21.965971220178364,1.1761983387259534e-06,1.8203896284103394,0.06371311843395233,3.72135591506958,3.23709183993105,-0.8681416511535645,-0.12047326564788818,46,0.060649510506077295,0.20356599181820473,34.32476087065051,-82.55123770414434,77.896724373812,160.44796207795633,-0.8386381540381058,-0.4776293218056369,781.875,36.63847068019875,28.948164006104506,4.0
45,ANGER,2,60,120,60,30,4.0,4.0,-4.115226677943914e-13,1.4591557459193043,2.6098001857675968,0.3224779594159344,6.323057330418891,1.5680242116284717,0.33191238780778987,-0.3640802018141085,-0.00652095539234237,1.0429617762204715,-21.96597210243557,-2.225239995823358e-06,2.257952928543091,-0.10657578706741333,4.0341057777404785,3.145765869680588,-0.9429678916931152,0.11104801297187805,6,0.48973560266453225,0.0028062223294753014,35.0772001878261,-93.16792449373663,60.45476496148632,153.62268945522294,-0.8624224774972529,-0.4578798533975875,772.7272727272727,78.72081415952074,68.39020686280195,10.38961038961039
45,ENTHUSIASM,0,0,60,60,30,7.0,4.0,3.1678363635971135e-13,1.4011487134707272,3.23261332502085,-0.06296028867787129,7.4677033406899795,2.9068031696444483,0.30942877944888325,-0.16280569174084855,-0.01675067418738659,0.9505403421195454,-21.96597137412923,-8.265177484645392e-07,2.7213404178619385,0.04804641008377075,4.405172348022461,3.0517322054985,-0.650230884552002,0.2417488396167755,4,0.6363073713916421,-0.028173506898906023,38.45615295130714,-230.13726613094067,183.41541698721355,413.5526831181542,4.243673011470518,-0.188663896277576,726.658950617284,70.404603599108,91.39289432342375,16.049382716049383
45,ENTHUSIASM,1,30,90,60,30,7.0,4.0,8.881784197001252e-15,1.4053077066863557,2.760125558157256,0.004420895526280333,5.986928464133001,3.1371234097133325,-0.818040744337853,-0.19787450122253114,0.011896312140546175,1.1050714820815544,-21.965971682031032,1.2715658215256553e-07,2.0420284271240234,-0.14974062144756317,3.5657403469085693,3.253913697287598,-1.0849127769470215,0.33270683884620667,14,0.10892819311140992,-0.016504215914492287,27.260903240101182,-59.56863154005594,52.24279614969744,111.81142768975337,-0.7696830595365771,-0.3014375374312219,737.6953125,31.417052506437436,28.778879276390583,7.5
45,ENTHUSIASM,2,60,120,60,30,7.0,4.0,-3.5823196261238383e-13,1.424390033474965,3.5202863617257663,-0.10722075064606429,6.447238657536758,2.6088823240423302,-0.6246114919387886,0.03780601319059677,-0.005139095729137478,1.0824055372111518,-21.965972049144842,1.0808308843479608e-06,1.7199982404708862,0.1538148820400238,3.64920973777771,3.2824217252078265,-0.9787416458129883,-0.20783498883247375,10,0.18092783897400447,-0.02839030343225896,25.662362154525578,-59.56416339837067,49.962432369506956,109.52659576787762,-0.8076949867932175,-0.3668493421053236,762.987012987013,36.503568591409305,25.911131174651562,5.194805194805195
45,LIKING,0,0,60,60,30,5.0,2.0,1.2434497875801753e-13,1.212753740879568,2.47903606976152,0.2666231289172316,4.524381901128294,2.443951309963047,-0.523577977169638,0.06820594816627655,-0.0047976002204581725,0.8677081369050065,-21.965971566567845,8.265177484645392e-07,2.16670560836792,-0.13592758774757385,3.8848891258239746,3.1150295801312895,-1.2170708179473877,0.1448759287595749,53,0.09856299432371811,0.1943679167387698,37.229334509597756,-127.86663377271185,165.76049182703358,293.62712559974545,0.8682539375800777,-0.10851318037956172,766.4366883116883,162.12032013415705,210.24343659572096,42.857142857142854
45,LIKING,1,30,90,60,30,5.0,2.0,-2.694141206423713e-13,1.0881032080797723,2.245236281236629,-0.03410809710544527,4.592796853789594,3.1631162494831027,-0.659999375255929,0.19406914488683186,-0.008208164355556751,0.7759417545273892,-21.96597196032697,-1.144409225162235e-06,1.7256578207015991,0.02716217003762722,3.630953311920166,3.2807617615809557,-1.0009548664093018,-0.15941521525382996,61,0.07897491627973342,0.2814715341747622,32.82807141722148,-91.43426282026098,86.11151345223044,177.54577627249142,-0.5243924879378938,-0.4294673006117949,775.0,140.4606772663015,205.71535690336387,37.333333333333336
45,FEAR,0,0,60,60,30,3.0,3.0,-1.3618735768735254e-13,1.2242116064514408,2.929344973313164,0.06326631604842703,5.292170716047195,3.0087052145255013,-0.12944901196831804,0.1571706188315094,0.00239558140352801,0.8479373805667035,-21.96597182710018,5.404154421739804e-07,1.9762945175170898,-0.039019256830215454,3.609517812728882,3.272295659320099,-1.0435729026794434,0.2210819572210312,43,0.06612054066112501,0.12234785268520075,30.616390991992596,-91.63968145796282,71.50217819839519,163.141859656358,-0.6309759564391335,-0.3957114951659219,731.4814814814815,69.17972548661044,90.2335294873807,8.641975308641975
45,FEAR,1,30,90,60,30,3.0,3.0,4.2928623618839385e-13,1.2308725983292195,2.944938256866436,0.04355250444874059,6.026134665479077,3.0268538600808412,-0.04164330597916566,-0.1594013037459836,-0.00042373147796302175,0.9235473737232461,-21.96597126162667,-1.4940898154236493e-06,1.9389266967773438,-0.03420672565698624,3.6052310466766357,3.2887176878675213,-1.184019923210144,0.10061023384332657,58,0.05838922178716283,-0.19728305035518812,30.16300506745923,-81.2218882344984,56.118450478309775,137.34033871280818,-0.7869502416275136,-0.4375328273406396,741.2974683544304,33.82304123683441,24.95739558830773,3.79746835443038
45,FEAR,2,60,120,60,30,3.0,3.0,6.809367884367627e-14,1.4292396434723678,2.3804326140968612,0.284507978761539,6.2958992330379715,2.173193537258499,0.19098203284345816,-0.5822121840429032,-0.005118261557252802,0.9055667799223269,-21.965971622819136,1.0490417707842425e-06,2.1536221504211426,-0.06087379902601242,3.8250367641448975,3.2302313857382705,-1.1205328702926636,0.14774233102798462,68,0.0640314282357914,0.002823540922738162,30.09199561795805,-68.80786594033049,58.136881427847804,126.9447473681783,-0.7853516432243848,-0.45019040983685255,747.9967948717949,32.18556670123199,25.49479909401437,5.128205128205128
45,AMUSEMENT,0,0,60,60,30,8.0,5.0,8.467300934474528e-13,1.2678348564987116,3.0269212194667716,0.0422038215280196,6.261143635460797,3.0365808127243414,-0.16105612952604131,0.02020104153719714,0.009035497811208442,0.8472952822859645,-21.96597084418308,-8.424123052463983e-07,3.562192440032959,-0.38297122716903687,5.072354316711426,2.6172205489171376,1.680696964263916,1.4614238739013672,9,0.8892375074316379,-0.037317773525028596,33.00845555820315,-219.45136731277108,130.5675683446491,350.0189356574202,3.2651149322524393,-0.5801312782567875,734.1820987654321,120.13211485398116,191.1829054081784,28.39506172839506
45,AMUSEMENT,1,30,90,60,30,8.0,5.0,1.0066022089934754e-12,1.2820599189017667,2.2038809479951738,0.22045042369747136,4.661923745960195,3.257413463082025,-1.2260406758381404,-0.13848981251553233,-0.013889447916569136,0.8579949089918538,-21.965970684311113,2.098083541568485e-06,2.834007978439331,0.0033401178661733866,4.593159198760986,3.0060432785589066,-0.41211819648742676,0.3005976974964142,30,0.1380804206810276,-0.009127297452779456,27.295141511473446,-63.29604314566491,47.016711814069254,110.31275495973416,-0.7917643020304865,-0.5443217778004553,763.0208333333334,42.3938007399626,32.39579635930018,8.974358974358974
45,AMUSEMENT,2,60,120,60,30,8.0,5.0,-1.0894988614988204e-12,1.6965662749717323,3.9485107729866797,-0.2468941963503113,7.8172312975112845,2.7706932811078704,-0.3198119398477335,-0.297385547074745,-0.0034237489114391207,0.9936915371681685,-21.96597278041227,-4.450480162176973e-07,4.613364219665527,-0.23733021318912506,5.714516639709473,2.2132901972088077,7.583840370178223,2.5671887397766113,5,0.9612478284284972,-0.08980332753934858,28.537498123121132,-77.21560684754864,95.21311442908342,172.42872127663207,-0.6205523057289981,-0.48937847089445646,769.4805194805194,59.29031379234731,39.144650458772446,9.090909090909092
45,SADNESS,0,0,60,60,30,3.0,4.0,-1.7763568394002505e-13,1.181149549122606,2.8313402299872337,0.0008964481171602756,5.33520778899188,3.0210757174448264,-0.415435163744553,-0.05585685735775941,-0.005201598244755831,0.8678147968562255,-21.965971868548515,-6.357829107628277e-08,2.1061489582061768,-0.07860448211431503,3.641256809234619,3.2234880971846818,-1.2386177778244019,0.18077300488948822,36,0.12097540842513091,-0.07771083622740274,31.046491915609653,-95.73798950687902,111.74893523595607,207.48692474283507,-0.3802176705940248,-0.343996957381528,774.671052631579,79.96838396648093,84.60616481675552,15.789473684210526
45,SADNESS,1,30,90,60,30,3.0,4.0,5.358676465524089e-13,1.0344829657784744,2.9006358430969215,-0.12029824458537064,5.2578157851989715,2.8844634231482544,-0.16064927625514702,0.3120667792235948,0.0012986633801921267,0.7653305452559519,-21.965971155045313,1.144409225162235e-06,2.5438621044158936,-0.037934355437755585,4.416227340698242,3.1003737883048244,-0.5182271003723145,0.39718392491340637,47,0.22244702981092537,-0.07847976121108316,29.111627889912803,-68.1500958286077,51.783720317184766,119.93381614579246,-0.8487834761273274,-0.48929220807248086,777.34375,46.64003611437281,33.170173600188875,7.894736842105263
45,NEUTRAL,0,0,60,60,30,5.0,2.0,-9.177843670234628e-14,1.2091978377109436,1.4316999679294895,-0.5892043802290914,4.315540265573503,1.7625127972749823,-0.5903627235745472,-0.4489598680515226,-0.0065198361301349525,0.8282284444740917,-21.965971782691255,-6.039937261448358e-07,1.7041261196136475,-0.06895309686660767,3.620037794113159,3.1823944064735334,-1.3354642391204834,0.0393790677189827,76,0.1784969509773814,0.01605937869256082,32.77582488880374,-120.7886806664826,110.09741429787204,230.88609496435464,-0.21021183820548828,-0.40313581689171235,754.8076923076923,60.13734851831419,92.09510695823829,8.974358974358974
45,NEUTRAL,1,30,90,60,30,5.0,2.0,7.697546304067752e-14,1.2991730658436709,2.314549388835019,-0.19333831949133184,5.986006344401318,2.869720246943239,-0.06370008054537957,-0.32741186247629395,0.005381122604283887,0.8677449074625627,-21.965971613937356,1.144409225162235e-06,2.2960309982299805,0.053099293261766434,4.078052520751953,3.1395982537351705,-0.7832012176513672,0.31374049186706543,79,0.21022392832766096,-0.08542967484126396,32.128021253224524,-91.76704207060482,109.92681048146355,201.69385255206836,-0.5047698929508191,-0.36417791359048113,756.0096153846154,44.851535255609875,70.77880190213239,3.8461538461538463
45,NEUTRAL,2,60,120,60,30,5.0,2.0,-1.5987211554602254e-13,1.173790593631725,3.0793411238860813,-0.10955335390292475,5.994144678715685,2.7601057471311425,0.39164643657046216,0.045792597432297445,-0.011124007972882433,0.8180388089224542,-21.965971850784943,-2.1298726551322034e-06,2.0374913215637207,0.02078332006931305,4.139560222625732,3.191667648090812,-0.9596779346466064,-0.08598959445953369,68,0.2537450956842206,0.032884046076411176,31.193340204880652,-78.42076238330662,62.12279237100832,140.54355475431495,-0.7873808791876997,-0.4555060875721202,771.9983552631579,31.37243012995283,26.33171804117612,2.631578947368421
45,AWE,0,0,60,60,30,6.0,2.0,8.052817671947802e-13,1.1891518591417876,3.2513377089429696,0.12990752289603336,5.964457575928606,2.9286847680822494,0.14962000767009798,0.16489775750205776,0.002520276485237399,0.8279595890847914,-21.96597088563137,-1.7325083945252118e-06,3.9379961490631104,-0.18153949081897736,5.585812568664551,2.6587158286494943,1.9413824081420898,1.2047264575958252,15,0.6996201548758096,0.09885559360146277,31.125629821424216,-157.71152559670847,142.91974804673904,300.6312736434475,1.0999476145603158,-0.2210028738523698,710.2786144578313,107.01674797213973,136.81535132517735,19.27710843373494
45,AWE,1,30,90,60,30,6.0,2.0,8.200847408564489e-13,1.3451167885953825,3.195137279634963,-0.3734994077426279,6.30727469088086,2.8440902406845288,-0.344506414524663,0.03852931259527718,0.0034931961510180414,0.8868916829414748,-21.96597087082841,9.536743306171047e-08,3.4492506980895996,0.00215336331166327,5.2568206787109375,2.8722345255941364,-0.639460563659668,0.2873668372631073,25,0.4529041085200712,-0.11827426028678495,27.50420062857182,-95.7871166080947,78.65126566190685,174.43838227000157,-0.40771507417391684,-0.21938360272892735,707.4548192771084,66.97549031332913,73.42979656015571,7.228915662650602
45,DISGUST,0,0,60,60,30,7.0,6.0,-2.0724163126336256e-13,1.3766345589955629,3.1023528564759317,0.0737659108164479,5.89941230055544,3.1556731511691147,-0.5295099557378125,0.09204054394907088,-0.0034516788083154763,0.807531118221237,-21.965971898154468,-1.5894572413799324e-07,3.990232229232788,-0.1314467042684555,5.07686185836792,2.229502065279134,4.9171247482299805,2.0690643787384033,5,0.7307500765785049,-0.1486192449830926,36.816887102420125,-131.25274731595385,111.38428613852336,242.6370334544772,0.28122512543173883,-0.23787789665223633,736.9140625,109.20374675115188,146.07917983088245,30.0
46,BASELINE,0,0,60,60,30,5.0,7.0,7.697546304067752e-14,1.1338146335608361,2.2942031597054324,-0.003863292065275914,4.9316811310340825,3.0979787741607736,-0.6649265900336272,-0.12628576924372256,-0.0004618241432201919,0.7868959137840424,-22.006222868972756,2.956390289909905e-06,1.6429251432418823,-0.007692347746342421,3.4809012413024902,3.298489195695922,-1.228712797164917,-0.03875553980469704,63,0.03001012182709847,0.1477580555256737,52.06528320943709,-169.22585481172132,238.13113136749337,407.3569861792147,-0.3831569680563258,-0.39277920328426874,688.7718023255813,84.74575122062875,114.54433382653507,10.465116279069768
46,BASELINE,1,30,90,60,30,5.0,7.0,1.6224059133188953e-12,1.508831283527321,2.9854838761494307,-0.12191723335774896,6.7732899750161835,3.058228378970985,-0.5230959665253865,-0.11486084071304771,0.004663382137987232,0.9046383106625493,-22.006221323543617,-2.8610230629055877e-07,2.070718765258789,-0.19914981722831726,3.617401599884033,3.199155003432692,-0.7898411750793457,0.4206441640853882,58,0.025765454191724265,-0.07821136612952169,55.55557110377041,-155.73991469785062,83.45964132036465,239.19955601821528,-0.8630649107503992,-0.6032051243937268,729.9382716049382,77.62474869991728,71.53878564500869,12.345679012345679
46,BASELINE,2,60,120,60,30,5.0,7.0,-7.786364146037765e-13,1.7021281536566808,5.04634385840248,0.05169500862187704,8.823271302888003,2.901518295793783,0.13070952077648013,0.17503395146721598,-0.0026555959482010513,1.11785055384754,-22.006223724584935,1.112619997911679e-06,1.5780951976776123,0.1078592911362648,3.2836575508117676,3.2620488387681785,-1.3693952560424805,-0.16778598725795746,48,0.023421774234277114,-0.14482097298915655,61.83782167531834,-155.7398247190779,132.97899636540603,288.7188210844839,-0.9408884785900113,-0.5671558902016632,744.6598101265823,63.48808671026521,56.08616632365431,8.860759493670885
46,BASELINE,3,90,150,60,30,5.0,7.0,2.4276876805136755e-13,1.4747303613713578,4.449905108032226,-0.2171202171791009,7.585092151588668,2.8881702224658325,0.27949190918575795,0.596075779477595,-0.0064250339590244815,1.1097311679125765,-22.006222703179475,9.218851459991129e-07,1.8643373250961304,-0.22481687366962433,3.4014811515808105,3.2516851430540608,-1.1830624341964722,0.3539022207260132,43,0.024643670050171988,0.2798245800294474,65.36505402258645,-154.89172686573178,132.97937503494865,287.8711019006804,-0.9464025598098487,-0.5589506034843716,711.1280487804878,40.436402090776745,24.42924874908036,1.2195121951219512
46,BASELINE,4,120,180,60,30,5.0,7.0,5.565918096787451e-13,1.2200083296870374,3.481303373385458,-0.054998395121330645,6.0982816052401745,2.948416596340807,0.40260599735717495,0.4671037008436591,0.0010315915230474325,0.900904398891035,-22.00622238935656,1.589457156114804e-06,1.7599740028381348,0.18786942958831787,3.6647486686706543,3.095916511529133,-0.871513843536377,-0.2560572922229767,20,0.05678655361431073,0.5053268409425209,70.47370425776015,-192.82372602068585,322.73460597995404,515.5583320006399,-0.30162627761997474,-0.340488869818244,726.8518518518518,64.61797625972805,79.9971007775438,12.345679012345679
46,BASELINE,5,150,210,60,30,5.0,7.0,-8.260059303211166e-13,1.3650373148708714,3.362444114323182,0.05253218154024353,8.313030884740868,2.5806893592514015,1.5546605939528515,-0.39073300506630815,0.0006987322150618037,0.9373314115792942,-22.006223771954488,-4.76837158203125e-07,1.4844714403152466,0.330441951751709,3.206763744354248,2.9120230428978457,-1.4389448165893555,-0.1944175362586975,14,0.09399530305823212,0.5607753573876288,70.34122818885547,-192.82372602063327,322.7346059799469,515.5583320005801,-0.2958933754807007,-0.3267620817632535,716.844512195122,61.84018243793141,79.0073628679358,12.195121951219512
46,BASELINE,6,180,240,60,30,5.0,7.0,1.0066022089934752e-13,1.491103886606921,3.194313161795037,0.06241295996787244,6.879615038620557,3.082573329571993,-0.5668500613351077,-0.19494876478501869,0.009398166581861394,0.9738274963237296,-22.006222845288,-2.670288040462765e-06,1.492874264717102,-0.38067299127578735,2.9129481315612793,2.9474014130840107,-1.6585099697113037,0.024664822965860367,4,0.3171419064850026,-0.2016637269714299,74.08070708443917,-317.9765462668604,317.9300617319135,635.9066079987739,0.4139726730810498,-0.5115886419679289,703.6830357142857,57.471183344968615,78.1814555053803,11.904761904761903
46,BASELINE,7,210,270,60,30,5.0,7.0,3.6711374680938513e-13,1.4757063068420582,3.5372733407541546,0.014448925038124116,6.304121841836263,3.10428286329803,-0.6235017670979466,0.14374524504470768,0.015357258969757065,0.922926794899394,-22.006222578834535,-2.1298726551322034e-06,1.6630327701568604,-0.47539424896240234,3.2418181896209717,2.621400295559136,-1.3230676651000977,0.5838199853897095,5,0.2979850001112186,-0.27308375159515236,74.8492923534043,-317.9620040965825,317.9349009284223,635.8969050250048,0.5530377103002309,-0.393816641053199,690.5886627906976,96.3135940909706,131.32000933955638,19.767441860465116
46,BASELINE,8,240,300,60,30,5.0,7.0,1.8355687340469256e-13,1.9834880852713208,5.316529320153762,-0.17233547375425928,10.557529873523919,2.8082452016043047,-0.10026424011558177,0.16508410278762362,-0.025521189651669114,1.0174145720955832,-22.00622276239136,3.178914482759865e-07,2.475336790084839,-0.45746445655822754,3.6605916023254395,2.6843616020059353,0.09328961372375488,0.9854044318199158,6,0.1988888423487849,-0.06857878019380556,74.38655733249331,-271.87214315856363,365.5177073985408,637.3898505571044,0.6817465622470085,-0.07402103704043822,672.7729885057471,101.66325284938738,161.74915980515763,18.39080459770115
46,ANGER,0,0,60,60,30,4.0,5.0,-5.625129991434126e-14,1.4554657607154602,4.571341396463424,-0.11229155658973866,8.070463711926834,2.7192185120734456,0.5785109412054688,0.09975958121376044,0.0012986633802040187,0.7973281990319075,-22.006223002199516,1.9073486328125e-06,1.5869916677474976,-0.06252288073301315,4.202383518218994,2.955603477480587,-0.8319120407104492,-0.2574915885925293,3,0.9804515757013578,-0.2075096477565522,52.33664370089873,-199.74529310828828,266.93658404843563,466.6818771567239,0.413188107392362,-0.18834983846512587,736.71875,48.66061059762996,53.379185277466306,6.25
46,ANGER,1,30,90,60,30,4.0,5.0,-1.9539925233402758e-13,1.4897344385878633,4.255242736505949,-0.01504892745423092,7.599677402431837,2.8130200505643215,0.36526791496836974,0.09957059973798589,-0.005073120851529922,1.074613674387412,-22.006223141347487,1.144409225162235e-06,2.2268807888031006,-0.48860591650009155,3.631406784057617,2.7534936720219934,-1.2047951221466064,0.3798341453075409,3,1.0522724594410608,0.07611101614104117,51.05282276892372,-129.24575587997822,82.72629530604353,211.97205118602176,-0.9270788830385817,-0.5833677182595832,761.9724025974026,37.07060421833043,35.711532142440014,5.194805194805195
46,ANGER,2,60,120,60,30,4.0,5.0,-2.694141206423713e-13,1.2036208032859324,2.9039189613477845,0.06435328455935974,6.0174991389970955,3.008884680817758,-0.23489688770482609,-0.04749155636214451,-0.002145919703113832,0.9679882631648259,-22.006223215362372,-2.9881796308472985e-06,1.4927326440811157,0.12761741876602173,3.976273536682129,2.80284281823386,-0.5241522789001465,-0.49910736083984375,4,1.1738933527850595,0.2880905419784768,52.03862060534352,-144.55992247079357,105.18744009112264,249.7473625619162,-0.879714311802732,-0.5736565989256311,752.0032051282051,43.85994522099344,37.89865212368651,8.974358974358974
46,ENTHUSIASM,0,0,60,60,30,7.0,5.0,7.223851146894351e-13,1.2169580871899512,3.4807042124036514,-0.07207528694443965,7.558065162196215,2.6846252339781427,0.7797316906841862,0.007830583575024344,0.011691792470416539,0.7642024832055909,-22.006222223563363,-7.359186838584719e-06,3.1444015502929688,-0.23469915986061096,4.656833648681641,2.916929003260518,0.38073110580444336,0.9432172775268555,7,0.46639117050002055,-0.11446502920549675,50.73232869687804,-178.52154227039298,174.17413324666404,352.695675517057,-0.33917381134047453,-0.39646456821401393,708.2078313253012,69.41150510960672,60.589119065104136,7.228915662650602
46,ENTHUSIASM,1,30,90,60,30,7.0,5.0,3.2566542055671255e-13,1.302692866731763,2.638499392467253,-0.006014613808602576,6.13832554255751,2.968778388893336,0.25246015080728723,-0.37514429641883107,0.00040987978030635326,0.9679091442690752,-22.00622262028285,1.2079874977644067e-05,3.5849621295928955,-0.21112924814224243,5.04514217376709,2.7589147037260275,1.6272072792053223,1.1673015356063843,4,0.9428951627626386,-0.07803001263068321,49.536815414381465,-116.19058749400334,100.3371340384484,216.52772153245172,-0.9597942210667316,-0.5289878928324007,719.5121951219512,39.9609213513078,27.886073618418422,2.4390243902439024
46,ENTHUSIASM,2,60,120,60,30,7.0,5.0,-2.0724163126336254e-14,1.4504408613774937,2.9119050196541707,0.07267589838768629,6.466121729547325,3.124506820183703,-0.4918026491619334,-0.20314746537356845,-0.012202168088831766,1.1276684602421585,-22.00622296667238,1.5894572413799324e-07,4.029209613800049,-0.034633949398994446,5.5957465171813965,2.584354715464272,2.9596495628356934,1.3395053148269653,3,1.226674228239028,0.6034176157026898,51.34270393661917,-113.68010599449109,131.76782699405157,245.44793298854268,-0.9181263823462493,-0.4934380968849502,719.702743902439,32.6967904865109,22.569444444444443,2.4390243902439024
46,LIKING,0,0,60,60,30,8.0,7.0,7.815970093361103e-13,1.1148546586548014,1.2555270954237585,0.8055280809188048,4.2762033602294025,1.776442073630446,-0.8414149056882638,-0.4323779926715003,-0.006260668648403504,0.8483090156390085,-22.00622216435151,5.976359261694597e-06,3.4697704315185547,-0.36825498938560486,4.644143104553223,2.626213619219499,1.1890172958374023,1.3629825115203857,17,0.1918773091993152,-0.16934079434590898,50.19878186192164,-156.90487677799857,119.52935009098675,276.4342268689853,-0.7527854503944753,-0.4907407490669044,701.264880952381,74.69522513801931,71.04599837810831,8.333333333333332
46,LIKING,1,30,90,60,30,8.0,7.0,2.575717417130363e-13,1.1798747158656915,2.877744875476651,0.8424615697453675,5.989386896413862,1.4859969570654865,-0.3883530641685651,-0.3466256290788516,-0.0011944925208252312,0.9147996451157597,-22.006222688376507,2.002716064453125e-05,2.3976998329162598,-0.1554766595363617,3.781947135925293,3.056489892249423,-0.9970953464508057,0.45706412196159363,55,0.19240085306617755,0.22378035281466416,48.53609724551431,-105.13911554932429,116.90189951015087,222.04101505947517,-0.8973254341624779,-0.5080317689112075,688.7867647058823,29.8429284886271,19.28791874526149,0.0
46,FEAR,0,0,60,60,30,2.0,7.0,4.263256414560601e-13,1.3331483855580422,2.531884284148589,0.41472334125991495,5.9867562315346845,1.4597720431308465,-0.3199162036394876,-0.018192220215223997,-0.0009999713723246432,0.8962528333116684,-22.006222519622664,5.245208853921213e-07,1.950504183769226,0.3170316517353058,5.1093950271606445,2.387784154082198,2.5553412437438965,-1.6914881467819214,5,0.8582644939941915,0.49424135373721984,58.35343773628867,-273.34463833167456,243.7588875224802,517.1035258541548,0.7725091785235656,-0.2495461116473188,710.6551204819277,108.4005328855138,148.9131099979726,15.66265060240964
46,FEAR,1,30,90,60,30,2.0,7.0,1.3026616822268503e-13,1.1906366616941249,2.3378732453537054,0.1728330760411012,4.300517207703081,1.9274416475274425,-0.24625768360638522,0.051900196294203074,-0.0013611182112904564,0.8383629994885686,-22.006222815682055,-1.3224283975432627e-05,2.5498554706573486,-0.13698746263980865,6.005017280578613,2.687339227185599,0.3803291320800781,0.21752581000328064,22,0.49037703314369613,0.06282272771202685,54.18333602103357,-198.58327223820498,210.1494273179942,408.7326995561992,-0.07698919949668248,-0.24560660009225663,708.3333333333334,77.36198684129131,103.98452952010733,10.714285714285714
46,FEAR,2,60,120,60,30,2.0,7.0,2.812564995717063e-13,1.2559934415001635,2.8294048775030944,0.14985467362222948,5.491681710310559,3.1056421523669058,-0.46248941438535285,-0.1753716682022203,3.771185119794361e-05,0.8868017153516835,-22.006222664691755,-8.583068620282575e-07,4.446042537689209,-0.31255239248275757,6.3192901611328125,2.1722966221374373,5.025063514709473,2.151111602783203,6,0.9249864776585381,-0.039667259240799876,54.544591353435386,-140.01476431847712,130.46591238808972,270.48067670656684,-0.863257606624622,-0.4490710850160188,728.5879629629629,52.258818949399455,66.08377584314852,7.4074074074074066
46,AMUSEMENT,0,0,60,60,30,6.0,5.0,-1.983598470663613e-13,1.3873038480460964,2.3691095310461208,0.18311703451452388,5.7261506071377255,2.8490725373646675,-0.13949884328468798,-0.42699995126063367,-0.0027674724973824893,0.959413466542575,-22.00622314430808,-2.5431316430513107e-07,3.0626275539398193,-0.3691803216934204,4.374838829040527,2.8832769675686074,-0.15776467323303223,0.8435049653053284,13,0.4222371601199588,-0.2848887514674457,58.393097855351705,-245.5220273755121,295.4708493243804,540.9928766998926,0.5345488710198429,-0.33340968451806874,701.078869047619,81.30861828885598,106.85841923801883,10.714285714285714
46,AMUSEMENT,1,30,90,60,30,6.0,5.0,4.352074256530614e-13,1.1327655587614633,2.1219618522728467,0.03416080778784192,5.211199325630389,3.07828692757882,-0.4486256126170183,-0.3359597828294575,0.001197964882805515,0.86749194907835,-22.006222510740884,-9.695688731881091e-07,3.872891664505005,-0.1690637171268463,5.747517108917236,2.5371059360076273,3.269221305847168,1.4718189239501953,7,0.7583094404430317,-0.08987036155236243,63.64138453192765,-278.08415456878856,382.7449160715994,660.829070640388,3.111039303350167,0.07052395548659875,709.3373493975904,94.9786034452014,116.77391448289526,9.63855421686747
46,AMUSEMENT,2,60,120,60,30,6.0,5.0,-3.079018521627101e-13,1.2805287023408265,2.9568238684625214,0.11892145306120483,7.082958688678076,2.8065473755886985,1.0892487058567708,-0.6553385685270042,-0.0008472563229098136,0.8175366858492605,-22.006223253850116,-3.4014383345493115e-06,3.670186996459961,-0.21728630363941193,5.29071044921875,2.7451357140031396,1.7067632675170898,1.176132082939148,11,0.410795124831121,-0.11346361682513155,63.493717907357016,-278.08415456878237,382.7449160716024,660.8290706403848,2.439319369842683,-0.07269970225311248,725.3086419753087,88.62502883995421,102.72769108485306,6.172839506172839
46,SADNESS,0,0,60,60,30,4.0,4.0,2.960594732333751e-13,1.2608782774297957,2.887914844984607,0.07853441088201407,5.287448922329219,3.1552678867038004,-0.6762466072879749,-0.009339627384989417,-0.0006458593281425363,0.9146465277583388,-22.006222649888784,-4.990895376977278e-06,3.5937159061431885,-0.4963127672672272,4.832895755767822,2.6097167503793037,1.9126977920532227,1.5027728080749512,15,0.28830394903353274,0.0008273199906944602,59.151438362973394,-256.7392719426658,260.8052522675284,517.5445242101941,0.6658308743310939,-0.30491428260978726,715.1731927710844,55.28717927165434,49.97975009148522,13.253012048192772
46,SADNESS,1,30,90,60,30,4.0,4.0,-2.2796579438969883e-13,1.3552561176173976,3.4552866391116765,0.15113629132272877,6.117100370006767,3.074373739050882,-0.2840812490610487,0.1181528262526112,0.01676456363531367,1.0015535876781017,-22.006223173914034,4.7429402911802754e-05,1.649470567703247,0.12866312265396118,3.61704158782959,3.1407007232292745,-1.3330142498016357,-0.1965782642364502,63,0.25837755990761585,0.10066408383380243,56.25287330204611,-256.7392719426791,187.86606606954382,444.60533801222294,0.0829770765243687,-0.5220444280025356,723.3796296296297,54.65648922347749,45.82149468317244,8.641975308641975
46,NEUTRAL,0,0,60,60,30,5.0,4.0,-4.440892098500626e-14,1.3418810713658207,3.3923322235239084,-0.08669994740841958,6.411051960044745,2.94504935305018,0.043750202811937644,0.19908425517171235,0.005651853587860468,0.9500713738396338,-22.006222990357138,1.5672047084080987e-05,3.3780999183654785,-0.12878507375717163,4.782337188720703,2.8673227167126787,0.2617969512939453,0.7685353755950928,41,0.144011672018495,-0.32109306603418825,61.89842033673353,-235.60704789795946,316.49523819007356,552.102286088033,0.850477433370656,-0.16240025771403213,714.939024390244,45.96997831005099,44.736453912240016,6.097560975609756
46,NEUTRAL,1,30,90,60,30,5.0,4.0,-5.921189464667502e-15,1.4592450598570788,4.338338082706628,-0.2829251664415722,7.4238283728277565,2.8124898345753624,0.40337515318118733,0.4533289503586982,-0.004461089733437372,0.9417490821114236,-22.006222951869404,3.4014383345493115e-06,2.407600164413452,0.07246620953083038,4.269954204559326,3.149272718446556,-0.5232648849487305,0.19058512151241302,50,0.15465450783534893,0.20768358072152707,57.20772537911502,-132.50210916058086,127.48657663177332,259.9886857923542,-0.9362511484312486,-0.4906229392742354,739.5174050632911,46.65557074263478,39.79678447421575,7.59493670886076
46,NEUTRAL,2,60,120,60,30,5.0,4.0,3.079018521627101e-13,1.4544087886801067,3.675852585018191,-0.0716613932187471,6.66489785399591,3.031579545263549,0.0061424901472948434,0.23120429698118095,-0.014998918896023014,0.8962492721671961,-22.00622263804641,-6.6121419877163135e-06,1.6464275121688843,0.20080122351646423,3.299274444580078,3.1809555687544573,-1.4619770050048828,-0.11814728379249573,71,0.10992695030191452,0.04463528567663024,56.221014991627875,-132.50210914206923,89.1383542991059,221.64046344117514,-0.9680228805597677,-0.4993171094442361,741.2974683544304,45.15728523920883,39.32205435036849,5.063291139240507
46,AWE,0,0,60,60,30,6.0,5.0,-4.648133729763989e-13,1.0635559945950412,2.380600444924852,-0.021780969241547155,5.292414399961132,2.905263093618488,0.06678105530260847,-0.0944200632313332,0.009694834645762665,0.7762332389860543,-22.006223410761695,1.3844171917298809e-05,4.004880905151367,-0.02838258072733879,6.983339309692383,2.4964533625091962,1.897270679473877,0.5574683547019958,18,0.47527523666683397,-0.16571611117408447,66.94629969732603,-414.8253290911658,293.65331815044544,708.4786472416113,2.9185663177297405,-0.28943453464403307,729.9382716049382,136.9581512889076,187.10081204310018,16.049382716049383
46,AWE,1,30,90,60,30,6.0,5.0,-2.6645352591003757e-13,1.283020732871112,3.051823062396153,0.07563383117528133,6.209624927303281,2.958342741121541,-0.23304707138988556,-0.15967054764398916,-0.002770944859353854,0.9146465277583454,-22.006223212401775,2.765655608527595e-06,1.4735560417175293,0.3950321674346924,3.547739028930664,3.073126497703459,-1.0474233627319336,-0.49419060349464417,19,0.12043957390187598,-0.04792030239421782,72.04453594090938,-414.8253290911696,341.7983978128236,756.6237269039932,2.171268715515807,-0.3075386191020178,728.0092592592592,138.74124096477027,193.02567480211667,17.28395061728395
46,DISGUST,0,0,60,60,30,3.0,6.0,-3.3454720475371385e-13,1.383007110969148,3.1809165105123327,0.034215208124876995,6.4136852237318465,2.988217132362612,-0.244590941073902,0.1763112863151799,-0.020900146752473155,1.0103945796904161,-22.006223280495476,-1.9391377463762183e-06,3.095273971557617,-0.21127508580684662,4.598404884338379,2.9616352433176645,-0.020145893096923828,0.7729877829551697,57,0.15541581753066203,-0.07632096521502718,57.63087201311975,-217.3106403365768,164.85644517776637,382.16708551434317,-0.5108915332212138,-0.5509570869174789,777.1381578947369,69.3331527810571,88.88414158329932,10.526315789473683
47,BASELINE,0,0,60,60,30,5.0,1.0,5.3290705182007514e-14,2.1022977776920078,5.238653334414778,0.08752672951146678,11.212091337804253,2.8921473408120972,0.4493001271160799,-0.3727951792520654,0.03711901608621842,1.0403063659849459,-21.918565202609294,3.14712519866589e-06,2.5278820991516113,0.011979779228568077,4.166275978088379,3.1006624579427915,-0.5766057968139648,0.22348834574222565,10,0.946224880870653,0.06322319394483555,21.67581226179493,-251.07092734266496,119.43606387431954,370.5069912169845,20.21170375593637,-1.9636983032026092,670.2769886363636,65.99596559220984,65.48202131075772,5.681818181818182
47,BASELINE,1,30,90,60,30,5.0,1.0,-8.940996091647927e-13,1.6244049024500842,4.5578810463567265,-0.08584831591882391,8.857364447080585,2.9133945904470515,0.18777812058399324,0.20479188065124476,-0.0037858770916889464,1.0497974557941678,-21.918566150000007,6.643931101280032e-06,2.68957257270813,-0.174259752035141,4.879607200622559,2.9741727675211687,-0.08780121803283691,0.6519824266433716,11,1.0141530282957822,0.052629917913076474,18.285173969374608,-45.77276625324792,38.293241767917664,84.06600802116559,-0.8094030794746128,-0.5584168145061753,669.4171348314607,43.36394173870703,23.964251163072426,3.3707865168539324
47,BASELINE,2,60,120,60,30,5.0,1.0,5.595524044110789e-13,1.6679210682168883,5.168982910746678,-0.2970508902230051,7.970189618228574,2.9568161975745846,-0.051385442468535825,0.7029925414371122,-0.026867982962422026,0.973784882800125,-21.91856469634775,-3.814697265625e-06,2.5811893939971924,-0.12680430710315704,4.008091926574707,3.092128182652548,-0.25646138191223145,0.6524674296379089,9,1.0743127211950307,-0.05767519461459954,20.060846296839664,-53.92837301681858,33.363255152414084,87.29162816923267,-0.8171498737679648,-0.6085223670716164,688.4084302325581,35.172455510306456,26.200496038187115,6.976744186046512
47,BASELINE,3,90,150,60,30,5.0,1.0,3.5231077314771636e-13,2.6268113708339778,5.271227104889675,0.0700556890343762,11.710759661124115,3.145017145544232,-0.6744702857154699,-0.19244476307726946,0.0016577675656293306,1.0018689670398442,-21.918564903589285,-4.951159098709468e-06,4.138803005218506,-0.2560513913631439,5.766836166381836,2.646520877827986,2.1906495094299316,1.2252485752105713,11,1.1163608067071416,-0.09043784421377034,30.550862695683143,-377.2167532866416,130.6374963338743,507.85424962051593,27.65733373954199,-2.588996404300351,692.0955882352941,71.43301642769528,89.98516949568227,10.588235294117647
47,BASELINE,4,120,180,60,30,5.0,1.0,-5.358676465524089e-13,1.5094723429117491,3.2532053248139903,-0.06170731073460445,7.676245885378563,2.98782920352074,-0.10629841025821918,-0.08003309042614984,0.002082549428132647,0.9872296389325996,-21.918565791767787,-2.9881796308472985e-06,3.8859317302703857,-0.19683602452278137,5.658197402954102,2.7000832593661945,1.3207459449768066,1.0785706043243408,9,1.0114150919797433,0.11566570879343638,32.15923039556601,-380.7764285502099,141.98413250850865,522.7605610587186,23.328369118149382,-2.326311765996258,682.471264367816,70.90529555623944,85.06594248711367,4.597701149425287
47,BASELINE,5,150,210,60,30,5.0,1.0,-5.092222939614052e-13,1.249489488530151,2.544754714469377,0.0592523312224813,6.166549400417409,3.003333602307903,0.10012018837612979,-0.4201803701289267,0.02220472732093398,0.9324395196889588,-21.91856576512242,-1.4940898154236493e-06,4.6219892501831055,-0.06088593602180481,5.862002372741699,2.3819108715122725,4.412606239318848,1.6416816711425781,9,1.1077859076424366,0.1023026418107139,27.354434572737546,-124.95403706421988,125.79530995223902,250.7493470164589,0.6660193212418006,-0.5602376676897881,671.1647727272727,47.43493935683732,62.47754625399064,4.545454545454546
47,BASELINE,6,180,240,60,30,5.0,1.0,4.884981308350689e-13,1.3174839922204502,2.976769244043709,0.11424798470507369,6.920174762095854,2.9480570499686345,-0.003280247223321542,-0.41360260599233634,-0.001416523346174177,0.9609266016597279,-21.918564767401985,-1.6848246104927966e-06,2.6427969932556152,-0.30546683073043823,4.133257865905762,2.9570241381848823,0.16054582595825195,0.9546329379081726,10,1.2734907430310902,-0.2013273945605693,29.043913189307617,-124.9540361721507,125.7953098964598,250.7493460686105,0.30138925697264085,-0.5539259355811236,669.2116477272727,46.2555812023666,61.73199106836234,4.545454545454546
47,BASELINE,7,210,270,60,30,5.0,1.0,1.5395092608135505e-13,1.2913579889148608,2.663037800196122,0.10862326798211086,5.93512027503138,3.110880769060093,-0.4779266236158479,-0.2935061807568064,-0.000637707920292571,1.0052978453867105,-21.918565101949085,-5.245208853921213e-07,3.705035448074341,-0.15730968117713928,5.194068431854248,2.7243311785255098,1.202972412109375,0.9502813220024109,9,1.1646563714992901,-0.08169356644109317,29.59539936077332,-72.2869380952336,45.39802762184623,117.68496571707982,-0.8506055888563235,-0.624504849106468,697.0588235294117,46.067834576068485,22.80903430947817,2.3529411764705883
47,BASELINE,8,240,300,60,30,5.0,1.0,-8.881784197001252e-14,2.126665442834862,5.230056195095045,-0.09902719509078395,10.467996347112063,3.0306562832547104,-0.4919552646722041,0.024962668915354914,-0.008806398745677596,1.050804159477659,-21.918565344717845,5.404154421739804e-07,3.7885873317718506,-0.38717761635780334,4.752251148223877,2.4155270276080953,2.0247974395751953,1.530535101890564,7,1.5864350112998777,-0.02476046491721236,30.357869653146405,-78.18182323476721,47.31819818686758,125.50002142163478,-0.7878052822600154,-0.6313866547096936,700.1488095238095,40.83704151146438,23.94960116754217,3.571428571428571
47,ANGER,0,0,60,60,30,3.0,6.0,5.417888360170764e-13,1.1775563730279464,2.602696189473619,0.15020511958603322,4.851611936155109,3.153469921917874,-0.686394597355465,-0.004317249532784365,0.005548834442671249,0.8075390237203964,-21.91856471411131,1.3033549066676642e-06,3.3162715435028076,-0.07740418612957001,4.802038192749023,2.8926456448981215,1.0524568557739258,0.9516499638557434,2,1.1891732122882002,-0.11424714231911216,44.80511520787047,-344.4455105536408,184.04303914192144,528.4885496955623,6.681490902799352,-1.228306314024985,760.4166666666666,69.452335410261,101.23025701372556,11.538461538461538
47,ANGER,1,30,90,60,30,3.0,6.0,5.3290705182007514e-14,1.1716861538906755,2.731068390046687,-0.06275558290624872,5.237559702320738,3.120710727937302,-0.4478185320688901,0.15196247640410798,-0.007527296624963703,0.8382340006490624,-21.918565202609294,1.9391377463762183e-06,3.1841013431549072,-0.23467086255550385,4.863954544067383,2.939144927996851,-0.1162114143371582,0.6211509108543396,3,1.1430911898360934,-0.09658298506485923,35.10250763832356,-80.12494916996351,60.61308224409965,140.73803141406316,-1.004324515173897,-0.4385599546868489,749.3990384615385,28.980310277905865,23.352796072752923,0.0
47,ANGER,2,60,120,60,30,3.0,6.0,-3.8191672047105385e-13,1.3676562887285975,3.063110661356916,-0.17405934578533788,5.570362757124059,3.128106374305109,-0.8639284887560761,0.2056079098792784,0.006270721477399525,0.976314738058175,-21.91856563781679,-1.5258789289873675e-06,4.257688999176025,-0.3241344690322876,5.370295524597168,2.404763265844738,3.82515811920166,1.6604653596878052,4,0.899505012394589,-0.09897259327787182,36.346251088356844,-80.12494901885668,60.25093405219664,140.37588307105332,-1.0163797136353139,-0.41019919546867695,742.3828125,28.345408116545308,23.845991887818883,0.0
47,ENTHUSIASM,0,0,60,60,30,7.0,6.0,3.5823196261238383e-13,1.9139899872711437,4.475376345475013,-0.008404489513580415,8.405024248803983,3.0290328608514088,-0.19954293503694842,-0.013900198859643588,-0.0241316756257715,1.0745691294368322,-21.918564897668098,1.3033549066676642e-06,3.9792823791503906,-0.15585699677467346,5.394383430480957,2.623268473615067,3.1355319023132324,1.482570767402649,8,0.8381065446369205,0.40661358643621603,33.17275901988117,-116.2848278486475,151.4330694615665,267.71789731021397,0.42422148545360905,-0.3635015971241142,676.0057471264367,55.85393152829861,82.33565819537193,9.195402298850574
47,ENTHUSIASM,1,30,90,60,30,7.0,6.0,1.7763568394002505e-14,1.3740259009545257,3.181764494465966,0.10370745201058185,6.693490496667209,2.9675366966891628,-0.08168900724934636,-0.2462629965718652,0.012574696466738646,1.000806368635121,-21.91856523813643,-3.97364289028701e-07,3.2277748584747314,-0.3090353310108185,4.532124042510986,2.83203263568308,0.4133491516113281,0.978968620300293,8,1.0184615196057591,0.225085048098223,32.001973414311394,-181.17878178921515,141.32373585434163,322.50251764355676,1.8287339590194858,-0.7428014221419034,672.9525862068965,72.06879142996378,75.06734500658199,9.195402298850574
47,LIKING,0,0,60,60,30,7.0,6.0,-5.210646728907401e-13,1.2198174048215,2.7753475249824078,-0.03681730938360772,5.160748510344604,3.136326883490708,-0.9376595920141289,0.02265867380707641,0.0006311017897129513,0.7408745293993271,-21.918565776964805,9.5367431640625e-07,4.848684787750244,-0.08044616132974625,6.526301383972168,2.5317762605055845,2.5396347045898438,1.093448281288147,8,0.7157920909623973,-0.23996409614523007,44.6784613183332,-219.55004287891148,275.0745743527918,494.62461723170327,3.244471682757883,-0.3184468042650161,725.6944444444445,65.78292010944025,86.5214534902327,9.876543209876543
47,LIKING,1,30,90,60,30,7.0,6.0,-7.046215462954327e-13,1.3017222463624756,3.061962832632048,-0.07278559430758946,5.296713338236714,3.08748715497313,-0.5576086528197677,0.228593069667038,0.003701972163377906,0.8748545911144601,-21.918565960521793,1.9073486612342094e-07,2.6693179607391357,0.20221936702728271,4.39334774017334,2.955507595516863,-0.4291565418243408,0.14079630374908447,9,0.6170357850804427,0.17017130033740582,36.53002677135852,-84.18167394295702,73.72945671784808,157.9111306608051,-0.8914495495172146,-0.6112723925263889,721.2577160493827,33.18766093227819,24.76698044398025,0.0
47,FEAR,0,0,60,60,30,4.0,5.0,4.263256414560601e-13,1.626216862207601,3.7370764335321383,-0.12464172364872184,7.639874179970008,3.001934141397696,0.056670462560124424,-0.06261531076789273,-0.00519191463981458,1.1276372983891887,-21.918564829574446,4.450480162176973e-07,4.085667133331299,-0.018966665491461754,5.628050804138184,2.628948819005119,2.2303614616394043,1.0641874074935913,6,1.6760192336173787,0.08105998834052848,39.36440269254991,-200.88977372597884,125.26828043362778,326.15805415960665,0.4980915420335217,-0.686055996979981,728.9737654320987,78.01400293990042,131.15928784902158,12.345679012345679
47,FEAR,1,30,90,60,30,4.0,5.0,3.552713678800501e-13,1.3238859524438418,2.8180959777884595,-0.1554048548214837,6.5020214899320194,2.877459708656215,0.040671826915483766,-0.10085565526162557,-0.006197951552330583,0.9500713172853664,-21.91856490062869,2.5431316430513107e-07,4.550194263458252,-0.2779805064201355,5.7831926345825195,2.3811950998606375,5.379095077514648,2.086845636367798,5,1.9504702137010175,-0.010984546741436481,37.592137899612716,-110.21833471124651,58.405620108195684,168.6239548194422,-0.9311073995645125,-0.5645282124026738,737.5,42.94581882361052,67.42373651210058,5.0
47,FEAR,2,60,120,60,30,4.0,5.0,6.158037043254202e-13,1.0835811306042982,2.246035711785055,-0.0799233556733725,4.61167953621171,3.1541194624960402,-0.7423540556581969,0.25845018871977543,-0.007266785531859279,0.742007943416488,-21.918564640096484,4.450480162176973e-07,2.5549631118774414,0.1966381072998047,4.673932075500488,2.960545164384932,-0.36656999588012695,-0.24207864701747894,5,1.168769881389823,-0.08527600958234526,38.11918847765795,-94.76234768476726,57.28948813971037,152.05183582447762,-0.9652094753113762,-0.5285256386535399,721.2271341463414,28.365049841097683,24.056261216234407,1.2195121951219512
47,AMUSEMENT,0,0,60,60,30,7.0,7.0,-4.440892098500626e-13,1.0718469158626676,2.708982347898825,0.08712454570698469,5.717328520508147,2.8041534389041893,0.7493274644719405,-0.3780251196772816,0.0006090432178341435,0.7083805432186957,-21.918565699989305,-1.9391377463762183e-06,1.4525470733642578,0.019340382888913155,3.2349209785461426,3.1616461966314016,-1.3484569787979126,-0.29393330216407776,10,0.13037006063073914,-0.0071207724115346,66.63213289168763,-597.9744136623817,380.7957767380053,978.770190400387,11.824028583163905,-1.3351076774390447,772.4095394736842,453.54029479137984,644.0078367147406,22.36842105263158
47,AMUSEMENT,1,30,90,60,30,7.0,7.0,2.546111469807026e-13,1.4968663043096682,3.4911237296448405,-0.006107740039240639,7.162193648589721,2.98650492958964,0.1463426375567578,-0.02483815225291039,0.008414401165959597,0.9415092268418743,-21.918565001288883,-9.5367431640625e-07,1.7232897281646729,0.010444648563861847,3.4510715007781982,3.3165902445875304,-1.1546688079833984,0.025595441460609436,4,0.12318701984272346,0.134986481845843,40.38721874535004,-134.92272441205168,137.54871654308243,272.4714409551341,-0.4741735171238304,-0.4851891896442507,763.5957792207793,442.75038164941276,660.0911629001072,11.688311688311687
47,AMUSEMENT,2,60,120,60,30,7.0,7.0,1.1546319456101628e-13,1.6060361642750616,3.638645292146947,0.016535966471664665,7.520076976422274,3.0347364328402344,-0.13239160692078666,0.0933915254166442,-0.004295311768196057,1.1273439022836518,-21.918565140436808,1.8119811784345075e-06,3.203291893005371,-0.09832916408777237,4.824394702911377,2.9413589415775228,-0.014667034149169922,0.5438284873962402,2,1.787205894438909,0.022566701449781634,39.05378852656171,-112.06029924890171,76.05159757876848,188.1118968276702,-0.8872663713137054,-0.5200945957790166,737.9351265822785,47.53471176329639,29.39187322268626,7.59493670886076
47,SADNESS,0,0,60,60,30,2.0,8.0,-2.960594732333751e-13,1.4020616973121407,3.598130930028276,0.17611993576274187,6.697161910985017,2.9617096966015053,-0.3093935103004761,-0.10824522215726223,0.004517542934862876,0.9675540903404297,-21.918565551959514,-1.5576680425510858e-06,3.218257427215576,-0.053323183208703995,4.85560417175293,2.8483090573535934,0.6626701354980469,0.7726445198059082,9,0.9261361831719144,0.15442138464920238,54.36010603705559,-334.2176689811615,353.8761877202943,688.0938567014558,8.095368980749504,-0.49288094043942166,709.7138554216867,73.5764481567919,82.71573096691006,8.433734939759036
47,SADNESS,1,30,90,60,30,2.0,8.0,-6.809367884367627e-13,1.3749807923859694,3.7881751564839306,-0.09023877018989879,6.7895769542694495,2.8821761956916987,0.2284899729141956,0.4671045844455777,-0.002462633653789511,0.8674809099936299,-21.918565936837016,2.6384989268990466e-06,3.1834380626678467,-0.425561785697937,4.371883392333984,2.691503386660202,0.4775421619415283,1.0670862197875977,9,0.849844493822293,0.0408051213051361,40.27947311164727,-90.85574599537028,79.43186826280663,170.28761425817692,-1.0207446659693078,-0.4193867202214238,723.5725308641976,41.38722848086304,21.81912506838897,2.4691358024691357
47,SADNESS,2,60,120,60,30,2.0,8.0,-5.684341886080801e-13,1.3906738951866688,3.937923972185331,-0.046122581563068366,7.141258635495262,2.964061024039606,-0.12111814786581832,0.24479670568939033,0.0008576083393090926,0.9322642283052922,-21.918565824334348,9.854634299699683e-07,2.9415085315704346,0.14670927822589874,4.818450927734375,2.9152759614707513,0.08707809448242188,0.1270659863948822,9,1.048829002713032,-0.1343513499811842,39.2193969949932,-91.6610117530171,63.997029920843964,155.65804167386108,-1.0048045927860854,-0.42224413805435057,712.1611445783133,33.91113032552073,23.405720324365987,1.2048192771084338
47,NEUTRAL,0,0,60,60,30,5.0,1.0,9.059419880941276e-13,1.2301626950957205,3.4764938005359625,-0.05944148385701453,6.298148455508112,2.8471052911507475,0.3360177177744652,0.28293493890398147,-0.004511466301407784,0.9235611991634349,-21.91856434995842,9.854634299699683e-07,1.6072678565979004,0.049635596573352814,3.4677810668945312,3.2711238834919114,-1.234133005142212,-0.22134138643741608,10,0.10709064354072065,-0.07411219452456708,47.1933084642507,-234.71688105741995,192.77513396153194,427.49201501895186,2.1585298420224506,-0.5362863124648651,700.1488095238095,55.28137049010712,84.83947346330079,8.333333333333332
47,NEUTRAL,1,30,90,60,30,5.0,1.0,4.263256414560601e-13,1.1853578598633796,3.509205285903505,0.03575353214557708,6.184313076275316,2.8991731561786462,0.07968250229256713,0.1765424361600266,-0.0012056439156252683,0.8279942378707073,-21.918564829574446,-7.311502940865466e-07,1.7494571208953857,-0.11606749892234802,3.370756149291992,3.312212644218744,-1.1955496072769165,0.13866175711154938,6,0.13896095978096004,0.33670694492695374,39.71724400498119,-94.40199440430702,111.81246231368466,206.21445671799168,-0.9090862171461089,-0.3984751590871194,714.1768292682926,29.614595839482984,20.688151541341988,1.2195121951219512
47,NEUTRAL,2,60,120,60,30,5.0,1.0,8.585724723767878e-14,1.2832313997394347,2.8032755046659474,0.1382075558293394,6.027109043994017,3.063135873894833,-0.4244931344841194,-0.15754712771402246,0.013788488313189353,0.8574343782434682,-21.918565170042754,-1.23977656585339e-06,2.4687795639038086,-0.09727904200553894,4.0419816970825195,3.136015214991055,-0.8937122821807861,0.37802350521087646,6,1.124283298948964,-0.16306704963859892,40.983917467885526,-94.40189146119711,80.29448970995435,174.69638117115147,-0.9563469071911412,-0.41081723950149734,728.5879629629629,31.58458042282834,23.567348639059933,1.2345679012345678
47,AWE,0,0,60,60,30,3.0,7.0,2.161234154603638e-13,1.3087410559472554,3.1045595599543674,-0.17410972754028364,5.926580549116522,2.8726401099530596,-0.38975539874722065,0.0054725552202034835,-0.01107857089445391,1.0185402714224385,-21.918565039776606,-6.35782896551973e-07,2.714463233947754,-0.016439909115433693,4.390934944152832,3.014656186962071,-0.40461111068725586,0.17726409435272217,8,0.9789411869574521,0.03296646024900907,46.909665982552404,-319.8869938137577,218.2189334434565,538.1059272572143,4.885171645655773,-0.7620955061255761,722.608024691358,79.88375282902891,107.04835629722439,3.7037037037037033
47,AWE,1,30,90,60,30,3.0,7.0,-1.0362081563168128e-13,1.3054431774784483,2.082706510734056,-0.07698371189555075,4.409575047666436,1.9811024609793952,-0.6513632207137818,-0.09125206219221013,-0.01493289269131445,0.967988263164834,-21.91856535952082,-2.8928120627824683e-06,2.555809259414673,0.0317721851170063,4.609653472900391,2.898752904277569,-0.11902284622192383,-0.07943358272314072,8,1.0064366504669382,-0.1233749872967658,38.871786397808826,-82.81007211455167,65.40084198804587,148.21091410259754,-0.9782852369258213,-0.40823432107752183,701.8229166666666,24.400802749587914,19.629834029765625,0.0
47,DISGUST,0,0,60,60,30,2.0,7.0,2.753353101070388e-13,1.5627666116040007,3.336991368660591,-0.08879321498582726,6.570432852013397,3.116276018729517,-0.5905714812338543,0.2969389746247346,0.003474098160132426,1.1127759425321344,-21.918564980564724,4.76837158203125e-07,1.6522762775421143,-0.07677862048149109,3.5473623275756836,3.2743165773498597,-1.1252965927124023,-0.0864400714635849,5,0.2936365083843702,0.44519033781089334,45.233849323484755,-262.7880675703813,252.70058841056516,515.4886559809465,3.959169780774161,-0.2606039560047401,737.6953125,61.387132858582916,64.78230035953816,8.75
48,BASELINE,0,0,60,60,30,5.0,1.0,-7.993605777301127e-14,1.3596811065316876,3.4104283521571688,-0.26020202363419287,5.879882489040256,3.08027737195838,-0.5333833786126783,0.40105982600695855,0.013361648895747334,1.0186777726409388,-21.89212280806506,1.9709268599399365e-06,1.3766615390777588,0.44958996772766113,3.393505811691284,3.047995904630355,-0.9829246997833252,-0.6617258787155151,11,0.08446270570710174,-0.039493587063989186,16.442594027798712,-46.867495474544945,32.908769045255085,79.77626451980004,-0.6492330954523289,-0.6306254690716389,711.5963855421687,85.31339357903597,102.93832420405445,30.120481927710845
48,BASELINE,1,30,90,60,30,5.0,1.0,3.3454720475371385e-13,1.3512174074520544,2.2743869686173923,-0.1166693369544447,5.739463642965603,3.0218477648981033,-0.51360070526002,-0.10355860737206779,-0.0020104975859273544,0.8868916829414639,-21.892122393581854,9.5367431640625e-07,1.8698604106903076,-0.13210323452949524,3.3308322429656982,3.253005890079716,-1.05881667137146,0.4003763496875763,19,0.039611411541797,-0.08466215262402481,16.58539017741965,-74.56465835635493,42.353560975657885,116.91821933201281,-0.16073358585997877,-0.717623581459421,719.3216463414634,94.66009902901023,127.62483298256323,35.36585365853659
48,BASELINE,2,60,120,60,30,5.0,1.0,1.509903313490213e-13,1.4789920818457905,2.692109510437035,0.1789979451167767,6.288044750240829,3.1155944452754616,-0.6135849076178554,-0.30066419053220145,-0.009354543171807816,0.9505403421195513,-21.892122577138682,4.895528036286123e-06,2.063549041748047,-0.008117174729704857,4.3443827629089355,3.1508019030492727,-0.5658502578735352,-0.14461149275302887,4,0.6252730972803267,0.024490000198067508,17.349422144354183,-74.02721887277123,41.00608981451926,115.03330868729049,-0.29041072666809953,-0.7414240107312202,741.796875,91.00595807235767,122.38917018850312,38.75
48,BASELINE,3,90,150,60,30,5.0,1.0,4.144832625267251e-14,1.4864437895132219,3.376302267989928,0.06417764091608547,7.001104699743621,3.0171464269529102,-0.014503520789599378,0.11755136655093469,0.016087453049372362,0.9415092268418339,-21.892122686680676,1.0490417707842425e-06,2.0162882804870605,-0.12233385443687439,3.5160865783691406,3.2158380270246028,-1.23666250705719,0.2841569185256958,4,0.64265794228204,0.09469490774327854,46.73929289281717,-478.38986308856465,255.7966875126707,734.1865506012354,23.8540900098442,-1.439564029898638,743.0775316455696,166.26077695911042,226.90416876488766,54.43037974683544
48,BASELINE,4,120,180,60,30,5.0,1.0,8.289665250534503e-13,1.5078978129422342,4.173990657425719,-0.023001984357051697,8.225778115350835,2.8886810074598217,0.31790065689942404,-0.04579748894705089,0.008061598625428332,0.8566731745234921,-21.89212189916282,3.496805902614142e-07,2.4269533157348633,-0.03910570964217186,4.173206806182861,3.175311886849838,-0.7976527214050293,0.3019733428955078,8,0.8282846646989284,-0.016699979912105995,47.957861559083476,-478.3897826650447,255.64651649051203,734.0362991555568,21.359267315233232,-1.3746133921729473,725.1157407407408,168.1372297803031,220.43159458350112,45.67901234567901
48,BASELINE,5,150,210,60,30,5.0,1.0,4.440892098500626e-14,1.164840294832859,3.08725497587119,-0.06711419916278771,5.3408982061291965,3.104404613075416,-0.5694420739049053,0.2306548478444535,-0.008103768981455949,0.8566545438507208,-21.892122683720082,-1.6848246104927966e-06,2.9118072986602783,-0.1549660712480545,4.475918292999268,3.0056311641011977,0.023560285568237305,0.7055753469467163,10,0.972504804851486,-0.1968786496449848,21.14226985886736,-132.07986222277344,64.85685780435921,196.93672002713265,1.791112327833762,-0.9869980224924706,718.3689024390244,67.14848717316485,88.37129578211398,25.609756097560975
48,BASELINE,6,180,240,60,30,5.0,1.0,-1.8355687340469256e-13,1.1255152345233945,3.224387494424974,-0.11549988891950136,5.439623466111243,3.0121909037139813,-0.22776526235226147,0.3936765052389458,-0.00882630439352414,0.8566693549442552,-21.89212291168589,1.2079874522896716e-06,1.7933050394058228,0.28430241346359253,3.9948086738586426,3.1631327151491484,-0.7863123416900635,-0.46875476837158203,7,0.27627731315013676,0.19603568807863575,18.825912103909705,-72.70099377217892,63.933412046556946,136.63440581873587,-0.16559939790414946,-0.646061224114908,730.2734375,107.93135618458682,136.11346006576994,36.25
48,BASELINE,7,210,270,60,30,5.0,1.0,5.329070518200751e-13,1.2483063651891098,3.085109626010052,0.041649882436090024,6.70125088511071,2.8804159859790457,0.37857602927046097,-0.20295075158626374,0.0013507203316140775,0.8057592924234191,-21.89212219522209,5.086263286102621e-07,1.7270681858062744,-0.11676046997308731,3.1438241004943848,3.228142561079015,-1.4619739055633545,0.17313161492347717,5,0.19238164897267745,-0.04799245129650008,17.827468434589893,-66.97987078802676,63.93335262620654,130.9132234142333,-0.3810906673708949,-0.6410236908111118,750.5933544303797,122.88991853959234,157.98317598475722,43.037974683544306
48,BASELINE,8,240,300,60,30,5.0,1.0,-1.687538997430238e-13,1.1521779896871742,2.0980227095591886,0.1361972903740849,5.182127460084018,3.0041846971879975,-0.03630407426054294,-0.3485475097036923,0.0006632721339844805,0.7641858624860105,-21.892122896882917,2.1616617686959216e-06,2.2009425163269043,0.03406071662902832,3.8375587463378906,3.1625849236156784,-0.9406561851501465,0.19886869192123413,5,0.7636728531882012,0.0006827045717826256,17.805966394072662,-51.3414224623944,31.750683430605203,83.0921058929996,-0.5436382885821471,-0.744181395548841,793.918918918919,450.93631539797906,647.4432518304237,28.37837837837838
48,LIKING,0,0,60,60,30,6.0,3.0,3.1678363635971135e-13,1.4077742399668556,2.7703203752885486,0.0451133513585944,7.473188808997833,2.861151440009693,0.717626244804189,-0.558659895481762,0.0004134793010711155,0.9408835327659938,-21.892122411345415,1.6848246104927966e-06,2.116170644760132,0.07050186395645142,3.662957191467285,3.1725497313102338,-1.2203233242034912,0.06707169115543365,5,0.27936427274737335,0.019016329524159103,25.896944093233234,-243.6361514759753,170.57738455397012,414.21353602994543,20.828081158235193,-1.2073430592753154,744.0664556962025,76.02563099828318,72.62274782464903,32.91139240506329
48,LIKING,1,30,90,60,30,6.0,3.0,1.4802973661668752e-14,1.2620294866615598,2.491031522207976,-0.013292008544851797,5.89007018251948,2.9715528922519496,0.10812301162926108,-0.18599692493453684,0.006847183237339032,0.8174820875121263,-21.892122713326028,4.100799742445815e-06,2.2969300746917725,-0.092924565076828,4.236024379730225,3.1361100175433183,-0.39111948013305664,0.47758907079696655,3,0.582277895957655,-0.07684883146507154,16.825692016953873,-49.965988045607375,29.692725434992905,79.65871348060028,-0.7463868378737804,-0.590947439148,790.625,51.822262349303124,65.61595014820216,32.0
49,BASELINE,0,0,60,60,30,5.0,1.0,-2.4572936278370133e-13,1.2019369375845246,2.3121572303416826,0.1629927900712147,5.55440896583832,3.0655994784478926,-0.3468136179131962,-0.3023430228993705,-0.011052206971242382,0.847941145327321,-21.954710950314084,2.225239995823358e-06,2.336475133895874,0.07801932841539383,4.249180316925049,2.938155843974904,-0.46264052391052246,-0.10759110003709793,12,0.31855615640989504,-0.3150814211242343,42.89644269827659,-344.7647607323244,313.49147014149275,658.2562308738172,16.556399820558028,-0.35481051941968456,570.0849514563107,122.61949105871228,137.10008967707054,17.475728155339805
49,BASELINE,1,30,90,60,30,5.0,1.0,1.7763568394002505e-14,1.143562144359323,3.11323485506918,0.0302493253574454,5.753508379571315,2.940389867363074,0.04381060284136762,0.2257287708688557,0.0016593949662547472,0.7760116845003043,-21.954710686821123,1.589457156114804e-06,2.9808409214019775,-0.1402556151151657,4.437807559967041,2.9264392780323285,0.26379847526550293,0.7953341007232666,9,0.471559757453297,-0.1092201590945477,39.57929225073131,-344.76476073448407,241.28654364226497,586.051304376749,15.331223193282103,-0.6401251404889203,544.2947247706422,43.70625300543848,43.705541233243416,5.5045871559633035
49,BASELINE,2,60,120,60,30,5.0,1.0,5.921189464667502e-15,1.0663946318445063,3.0971599565766894,-0.050977167488852615,5.599801771802504,2.856496171864367,-0.14891634639099793,0.12820716371123084,0.005854402296835152,0.7973281990319107,-21.9547106986635,-6.35782896551973e-07,3.8646626472473145,-0.3098770081996918,4.812008857727051,2.346685139099142,3.247366428375244,1.8023651838302612,3,1.7122914359210863,-0.15622194664640887,35.39824184031792,-89.40609539552953,86.90540704525031,176.31150244077986,-0.6511607987776915,-0.04922881817010989,538.7784090909091,18.050282240440165,15.26242162179606,0.0
49,BASELINE,3,90,150,60,30,5.0,1.0,-7.756758198714426e-13,1.1504622927906323,2.9115439788903075,0.09329339611028331,5.595680078133114,3.002629174523771,-0.2777071012803223,-0.16044984995547637,-0.004580045450493121,0.8280058033972186,-21.95471148026081,7.788340212755429e-07,2.722160816192627,-0.2589279115200043,4.15054988861084,2.6972390917127385,1.0206265449523926,1.2868751287460327,6,1.0093907275561655,-0.15272572664169717,36.36443699152769,-89.40609585796322,86.90545539985932,176.31155125782254,-0.7065082250739882,-0.0757741229908074,548.1770833333334,21.902623579940812,16.68430239062102,0.0
49,BASELINE,4,120,180,60,30,5.0,1.0,9.177843670234629e-13,1.84582865245204,5.778011127211613,-0.3270555842682654,9.187069069348297,2.8467541261439795,0.5803356917693829,0.7425164044980592,0.015076861269523031,0.8734345056117356,-21.954709786800745,-3.1789145538141383e-08,2.644901990890503,-0.09658665955066681,3.783364772796631,2.7031886227516546,-0.4519007205963135,0.6875074505805969,6,0.8321491367848649,-0.06300339525825004,40.28437378653937,-203.6881787192038,221.52877758410563,425.2169563033094,3.1362177232306214,0.11621976884080781,569.4110576923077,104.05141861765344,124.05781137969663,7.6923076923076925
49,BASELINE,5,150,210,60,30,5.0,1.0,-5.773159728050814e-13,3.843150287739693,10.266622630324918,-0.09002829726441064,17.76471588702151,3.062123602622065,-0.5520981234146558,0.30723773462721166,-0.0021000855846364935,1.005304196297134,-21.954711281900828,5.165736070011917e-07,2.7102224826812744,-0.19503279030323029,4.13336181640625,3.0598830655158338,-0.29693102836608887,0.683290958404541,8,1.1951727101574758,0.19749525516368882,34.46913904560613,-203.6881830074128,221.52877385307949,425.21695686049225,7.381491695632109,0.24632415811755742,557.3408018867924,106.8418760044973,128.1504039855773,10.377358490566039
49,BASELINE,6,180,240,60,30,5.0,1.0,-4.263256414560601e-13,1.620224559132852,3.2757746882239758,-0.16884694009213774,7.50194532870978,3.0699344010052037,-0.7265830508346283,-0.02555346245696138,0.0031082911504603816,1.3147012962047253,-21.95471113091042,4.76837158203125e-07,2.39127254486084,0.08037391304969788,4.38438606262207,3.0653111037906164,-0.2673521041870117,-0.15702517330646515,9,0.9670769968270148,0.11487385713847789,20.967464662443195,-116.28996739158455,59.69837141530759,175.98833880689216,0.9470550688099668,-0.4147926320653142,537.7840909090909,38.237082985251604,47.891314261057566,3.6363636363636362
49,BASELINE,7,210,270,60,30,5.0,1.0,-6.483702463810914e-13,3.9125548685235088,7.239039953166326,0.47489113100240843,14.40098838360413,3.253629353034787,-1.0790209060935398,0.012721077593330623,0.0017536110148573668,1.2405362426076332,-21.954711352955147,1.6848246104927966e-06,3.012267589569092,-0.2405298352241516,4.54038667678833,2.9351226245446473,0.24197912216186523,0.8913959860801697,8,1.4343171479707888,0.020942031905657597,26.139478736551705,-127.98737745667802,151.20303308554793,279.19041054222595,4.821460810533218,0.23320414195512792,564.1526442307693,99.63140953533886,77.95795247676104,3.8461538461538463
49,BASELINE,8,240,300,60,30,5.0,1.0,-1.0184445879228103e-12,1.6996325512177206,4.552719671182359,-0.08936004397241959,7.9236630440242095,3.068042939413511,-0.4148524105174216,0.19861906827605902,-0.008125813148635658,0.8120166959804064,-21.954711723029796,1.3033549066676642e-06,3.5974550247192383,-0.29140162467956543,5.001127243041992,2.7327868742488994,1.393704891204834,1.2193914651870728,8,1.1204602169901987,-0.10777550078012017,30.629519330079187,-212.9380527268265,174.01575521644375,386.95380794327025,8.247374684524111,0.21205899008859094,574.9393203883495,106.09488080424491,110.07305255833421,12.62135922330097
49,ANGER,0,0,60,60,30,2.0,4.0,7.312668988864364e-13,2.2516761260577924,13.015193148497417,-0.26665051778103077,16.325563863821912,2.2152464559152576,8.869762230172588,2.1575352161027403,-0.060744428223206935,0.9291520921858216,-21.954709973318057,6.993611805228284e-07,3.054410219192505,-0.32964766025543213,4.234768867492676,2.833042178015562,-0.0560910701751709,0.882882833480835,8,0.7494072387969312,-0.03407751979889696,32.736350491537245,-307.52020785323776,408.0984031649556,715.6186110181934,52.35242745941991,0.30603768483101096,550.2025462962963,88.93010341661268,124.64354842798575,12.037037037037036
49,ANGER,1,30,90,60,30,2.0,4.0,9.85878045867139e-13,1.2445343668709834,2.276311814608789,-0.04132486927623802,4.872407912049681,3.1866846973416387,-0.975182156239975,-0.09930531046710478,0.00010069849739553057,0.9238644535466415,-21.95470971870713,-6.35782896551973e-07,2.3271872997283936,0.10614093393087387,4.263549327850342,3.0338551680733468,-0.3300487995147705,-0.11780879646539688,10,0.8010458793729318,0.012460092524207649,20.60810564171003,-72.92341635970703,59.8521579599669,132.77557431967392,-0.2742424365013174,-0.2637530047150422,546.3016055045872,30.807530546454224,24.475472534499453,4.587155963302752
49,ANGER,2,60,120,60,30,2.0,4.0,-3.049412574303763e-13,1.2891382245707543,2.338534226365141,0.19971376732073054,5.880004021708629,2.5280502657275132,-0.10768450410147157,-0.3717563140082261,0.012510920210860211,0.8678147968561988,-21.954711009525994,2.57492069977161e-06,3.507467031478882,-0.13791494071483612,5.096530914306641,2.791545745451001,1.6266851425170898,1.1723699569702148,9,0.8916662238920464,0.09384748006107238,22.40859992160638,-72.92341635647183,59.85215796265637,132.7755743191282,-0.36530256909145864,-0.23549945832120328,551.6939252336449,32.22328786988225,24.32952640214828,4.672897196261682
49,ENTHUSIASM,0,0,60,60,30,7.0,3.0,-8.881784197001252e-15,1.4038017839671302,3.6731142720604737,-0.08288759535020063,7.2592991194269985,2.8040356523504513,-0.16045151327214846,-0.04584895704474826,0.010993498025969658,0.87728535807007,-21.954710713466476,1.800060317691532e-06,2.871756076812744,-0.39148473739624023,4.1917877197265625,2.762171776961348,0.7401158809661865,1.2162240743637085,8,0.8301312843110717,-0.022914376685721004,33.143300045309935,-170.27440860990953,175.11793660948325,345.3923452193928,1.455657602781943,0.1528708981920178,559.1096698113207,65.23070026294903,83.2961226445688,7.547169811320755
49,ENTHUSIASM,1,30,90,60,30,7.0,3.0,4.973799150320701e-13,1.215565902942645,2.52105285716695,0.1075529399422237,5.169548343690877,3.146197179870616,-0.7904747829539982,-0.02766783447270357,0.002784834307269044,0.9146465277583086,-21.954710207204897,5.086263286102621e-07,2.623913049697876,-0.05098477005958557,4.069224834442139,2.826763997963758,0.09523248672485352,0.6286057233810425,6,0.9558942129332907,-0.17298431584724758,28.64711443279158,-68.75984182621411,61.048846211283625,129.80868803749775,-0.676082934516026,-0.06053426014603748,551.6939252336449,29.693800144042818,16.762817188478184,0.9345794392523363
49,ENTHUSIASM,2,60,120,60,30,7.0,3.0,4.914587255674027e-13,1.0175938950649845,1.7475362329783195,0.0992055597340169,4.5630894102338,3.05561626637158,0.019012499495535184,-0.6192563084278664,-0.00017026229919132728,0.7198674630673498,-21.954710213126084,5.801518909720471e-07,3.3799338340759277,-0.20396766066551208,4.650312423706055,2.673377145159094,2.193269729614258,1.5167577266693115,6,1.3365247163073537,0.13262310101272506,26.798166207133846,-64.2081904510647,71.28643860367771,135.4946290547424,-0.6087052384179437,-0.09965506456043652,560.5085784313726,33.32176177976862,17.242962942592087,0.9803921568627451
49,LIKING,0,0,60,60,30,7.0,4.0,7.667940356744414e-13,1.3401911109657483,2.9352435706279323,0.025604962178960022,6.508295824011157,3.000227078670362,-0.17329486246326065,-0.09228442518537706,0.007270051591951113,0.893791947240683,-21.95470993779095,3.178914482759865e-07,4.016274452209473,-0.3793613910675049,5.42698335647583,2.2335908145108965,3.7975258827209473,1.9158746004104614,9,0.7517276014816885,-0.04530472285061196,20.990386202920064,-97.68458794080887,126.97848515122952,224.6630730920384,3.9280844320331676,-0.023968513688398023,581.9546568627451,74.12195761462094,79.62665727171603,7.8431372549019605
49,LIKING,1,30,90,60,30,7.0,4.0,6.927791673660977e-13,1.228341203361245,3.0716793404565124,0.04537005770579583,5.595947663095302,3.1000859675956405,-0.43994044580673064,-0.010437798003057802,0.009861680049387506,0.7287231577881835,-21.954710011805762,1.9470850531888573e-07,3.662094831466675,-0.20046089589595795,4.918475151062012,2.6479549866742,2.069969654083252,1.4091250896453857,5,1.5490024300737126,-0.02717665263220316,15.068881326058847,-41.24318273353849,31.806112916833353,73.04929565037185,-0.5167985622604454,-0.14026258923058155,618.9778645833334,319.89900132841666,427.4665989952653,8.333333333333332
49,FEAR,0,0,60,60,30,4.0,3.0,3.2566542055671255e-13,1.4023824097872821,3.777150288044595,-0.1472437735444032,6.487344438394871,3.0556126043830005,-0.19955863967352006,0.4694309477175087,-0.007291960156208905,0.8768062725561595,-21.954710378919323,1.6530354969290784e-06,3.9993884563446045,-0.14224249124526978,5.935042381286621,2.637474202054636,2.6820950508117676,1.1760839223861694,8,1.2308962719889895,0.2828325141445077,22.03071317844224,-107.44758461625267,138.17075555988566,245.61834017613833,2.3059429522251538,0.161095462600303,529.1385135135135,14.209535364334412,19.65161773354689,1.8018018018018018
49,FEAR,1,30,90,60,30,4.0,3.0,-4.914587255674027e-13,1.4432528864061787,4.511478278666914,-0.15794481183348807,7.896234007701253,2.848823822005399,0.6250785980520055,0.5170272206643768,-0.006152318768602025,1.0181057619318352,-21.954711196043537,4.069010628882097e-06,2.3766849040985107,0.15096350014209747,4.501881122589111,3.102407120375071,-0.5945916175842285,-0.16116361320018768,11,0.41813152694208466,-0.11044529983595264,20.398398309736994,-227.17929781170378,158.86349817099193,386.0427959826957,18.663971983884686,-0.8186082817212024,531.6722972972973,44.76597624304232,54.47401512522862,6.306306306306306
49,FEAR,2,60,120,60,30,4.0,3.0,3.049412574303763e-13,1.4111241119215803,4.278343234868487,-0.07557215866924594,7.855150940066125,2.7780872396117147,0.24959122612252438,0.2879783226614511,0.011118012303792075,1.0508490052401382,-21.954710399643478,-2.8610230629055877e-07,2.132235527038574,-0.0693042203783989,3.919008731842041,3.2156124275931544,-0.8654882907867432,0.07040243595838547,11,0.3331429428537209,-0.09641156686405014,19.947095867837508,-227.17904034053853,158.86354974982112,386.0425900903597,20.520803316713774,-0.8983594838679966,531.6722972972973,44.96385560437195,54.35164728414402,6.306306306306306
49,AMUSEMENT,0,0,60,60,30,6.0,4.0,5.625129991434126e-14,1.427892210186447,2.4991413849875244,-0.07567231652139128,5.7391997434550035,3.076061731668442,-0.6860709181227542,-0.026418385482765698,0.0013160251900905732,0.9767028900394735,-21.954710648333393,-6.993611805228284e-07,3.60025954246521,-0.05126870051026344,5.043034076690674,2.731727733955048,1.3569397926330566,0.9173934459686279,6,0.8232555589818272,0.005292367682162939,59.920334119550986,-775.353343776346,591.7185212492037,1367.0718650255499,78.41930534907969,-1.3491148065563723,559.077380952381,88.12185002034016,105.3741117423097,6.666666666666667
49,AMUSEMENT,1,30,90,60,30,6.0,4.0,-8.822572302354578e-13,1.3620244925485196,2.8528277846405103,0.11366545447835108,6.032173340721414,2.672582991728262,-0.5195207097138121,0.03220589749341759,-0.012160211650961535,0.9679882631648316,-21.954711586842308,1.748402951307071e-07,4.938821315765381,-0.2692788243293762,6.211456298828125,2.2407141830408523,9.024816513061523,2.679091691970825,5,1.3639945674010128,-0.00744923005048923,13.503275847088156,-35.44037544136636,32.836701066626986,68.27707650799334,-0.5198800345989256,0.04022001438115188,541.1410550458716,19.79401375642481,15.479648003582472,0.0
49,AMUSEMENT,2,60,120,60,30,6.0,4.0,-2.694141206423713e-13,1.1910494080592628,3.2096508846166216,-0.20274513933031812,6.043670331234097,2.7872650920777557,0.10280448927527885,0.20410695374139437,-0.0021493920651030353,0.886891682941481,-21.954710973998846,8.583068620282575e-07,1.9908775091171265,-0.0014003569958731532,4.398082733154297,3.0806954941866977,-0.1938457489013672,-0.4031207859516144,7,0.5123315575177052,0.00021521698766415742,14.302598842911156,-34.03170365428486,35.238692059126,69.27039571341086,-0.5705031366155189,0.048338438087583965,549.9131944444445,17.9311984871658,13.254809786512801,0.0
49,SADNESS,0,0,60,60,30,4.0,3.0,-5.121828886937389e-13,1.1733314979913974,3.131722846893581,-0.17664673396176056,6.024547604655339,2.918786564054208,-0.19747181311249973,-0.028995554916004772,-0.003826627673547201,0.7760445563288558,-21.95471121676771,-1.4623005881730933e-06,4.839724540710449,-0.16226252913475037,6.019634246826172,2.2356327849023234,6.487013816833496,2.2584469318389893,1,4.381438605743009,0.005804159804655048,22.475772786475673,-123.0631124559764,193.07366264027092,316.13677509624733,14.19669796189152,0.9554466812932031,572.9672330097087,73.2677673718195,91.3840549347835,6.796116504854369
49,SADNESS,1,30,90,60,30,4.0,3.0,4.766557519057338e-13,1.1892031692909122,2.3563087692778595,-0.03326235548364309,5.30917827548123,3.108897274216414,-0.39280035354263365,-0.007147755771929424,-0.0001596418916636655,0.7760034578179185,-21.954710227929052,3.818670847977046e-06,3.2657532691955566,-0.022924045100808144,5.0154128074646,2.8375436640480682,0.7699282169342041,0.7375720739364624,5,1.2157290093579893,-0.07752741716274927,14.568452815422773,-34.963922377309245,28.913507488327085,63.87742986563633,-0.6832642764849837,-0.1720909925450041,572.9672330097087,20.335859201779158,14.91974547862861,0.0
49,NEUTRAL,0,0,60,60,30,5.0,2.0,7.13503330492434e-13,1.3954410205325305,2.491387021962055,0.36783453853885817,5.981306710089029,1.8122980581077879,-0.5261544378678993,-0.01859883828564066,0.0072607088983833775,0.9418067021184368,-21.954709991081614,-7.94728578057402e-07,4.222590923309326,-0.04986603185534477,5.936701774597168,2.3611893887967614,4.325196743011475,1.6984235048294067,8,0.8453509247612059,-0.11166502731584044,29.532374026209812,-119.57481588685927,188.38912157637805,307.9639374632373,5.3686558358639935,0.6083687632564133,557.3408018867924,110.18454018931968,116.6480639930785,5.660377358490567
49,NEUTRAL,1,30,90,60,30,5.0,2.0,5.121828886937389e-13,1.2764092729423824,2.572330673329759,0.11125071608688586,5.255652503687003,3.107025328962219,-0.9893854657822918,0.001105060489350445,-0.001538256356763338,0.8678147968561846,-21.954710192401933,-9.695688731881091e-07,4.879031658172607,-0.19500648975372314,6.03017520904541,2.119512416613639,8.900761604309082,2.757509469985962,4,1.0321394455754307,-0.07959986559483206,27.64800032815926,-104.35806657602848,112.08375795756052,216.441824533589,0.06949687326711107,-0.07538814017132699,555.0525700934579,58.98682205472103,53.09551068326758,6.5420560747663545
49,NEUTRAL,2,60,120,60,30,5.0,2.0,2.7829590483937256e-13,1.1383892322036393,3.261128940321356,-0.010520099342414824,6.796669388221943,2.5911777759378847,0.2598193231404591,-0.29616332199303014,0.007687809421827487,0.7316483103834953,-21.954710426288823,-3.1153360851021716e-06,1.4645906686782837,0.1744401454925537,3.2770090103149414,3.2130826022134826,-1.383846402168274,-0.29673638939857483,12,0.09275933890187345,0.06548351041451121,26.322246704866036,-104.35928705038202,112.08372502854877,216.4430120789308,0.39328234150758234,-0.07942674762866923,554.8349056603773,59.537109643926456,52.975981473638015,6.60377358490566
49,AWE,0,0,60,60,30,6.0,2.0,-3.9079850466805515e-13,1.1803642934866114,3.050394036758064,-0.0817225204400529,5.058216831498896,3.033035977095079,-0.5073797258812149,0.14032269759033278,0.0022122939387597984,0.7867904554904749,-21.95471109538327,1.7325083945252118e-06,3.558436632156372,-0.14452296495437622,5.211968421936035,2.7996601879878398,1.3645739555358887,0.9350897669792175,7,1.1374624944765472,-0.300368202168714,17.328610984296557,-92.93771040231259,113.97342782965751,206.91113823197009,6.640311069235102,0.08355205614176586,553.3608490566038,67.1578327540773,78.88027772698138,5.660377358490567
49,AWE,1,30,90,60,30,6.0,2.0,-8.733754460384565e-13,1.5218148401045275,3.3679811617972177,-0.13997060071311296,7.027876896709273,2.9246186356654404,-0.2896696264966261,-0.2018560123527606,-0.005437155254529828,0.9326908434506953,-21.954711577960516,-1.0808308843479608e-06,3.1498830318450928,-0.16234572231769562,4.754159450531006,2.9564365148747593,0.22123026847839355,0.71892911195755,9,1.0912486031419095,-0.003265192638445154,13.220247866877166,-54.63898346030184,40.12169385628633,94.76067731658816,0.1289576709415594,-0.04199695368321686,587.34375,305.71142055253677,402.39527074027774,6.0
49,DISGUST,0,0,60,60,30,3.0,4.0,-2.871776890363738e-13,1.271191991761267,2.346284037394497,-0.03822741024528398,6.343568775289299,2.889708077531192,-0.06384372593344878,-0.4245388533879278,-0.009812834685098283,0.894859630505471,-21.95471099176242,-5.086263286102621e-07,4.319653034210205,-0.059271059930324554,5.760015487670898,2.5035018004385874,4.57937479019165,1.7004365921020508,7,0.7184155057785617,-0.02881562460549961,19.85811613735024,-146.87317827443172,149.67773485395176,296.5509131283835,11.241704435744184,-0.022760703100036278,554.0303738317757,43.52623314770924,65.15230138820306,5.607476635514018
50,BASELINE,0,0,60,60,30,5.0,1.0,1.7467508920769129e-13,1.2787229703917158,2.4973210855378625,0.09489588503868163,5.526738132453346,3.1692298201376903,-0.44910018119870765,-0.2525999808625089,0.006021221374610819,0.8057948295077713,-21.96459941731501,-3.496805902614142e-07,2.137824296951294,-0.08796145021915436,3.4281728267669678,3.0687902809491243,-0.9552013874053955,0.42598921060562134,9,0.2932968224424647,0.06130619475493673,32.539522034117105,-126.277605212455,97.12553443756403,223.40313965001903,-0.06862384085601736,-0.562960178254128,705.7291666666666,99.73472124081931,124.28021301837057,27.380952380952383
50,BASELINE,1,30,90,60,30,5.0,1.0,0.0,1.3653152934020696,2.735039557408925,0.10115720261580918,6.8032961317740615,2.974385842322428,0.27359596368251005,-0.5441209854304336,0.005007798987247415,0.9219985259978383,-21.964599591990087,-3.1789145538141383e-08,1.8880749940872192,0.008403676562011242,3.572659969329834,3.1849960727311677,-1.0900377035140991,0.2666252851486206,13,0.1790138459658898,0.041468281732172214,39.20614653753825,-129.4954094405117,135.0644648694137,264.5598743099254,-0.3883720435075788,-0.43913953439871484,724.1512345679013,71.99211305557567,111.03648752774919,16.049382716049383
50,BASELINE,2,60,120,60,30,5.0,1.0,4.559315887793977e-13,1.6306720679363242,3.4226888338068306,-0.09345640323950022,7.113742737305273,3.119202109428459,-0.261203525154289,-0.04248714286935367,0.00941493962009894,1.0945071646931028,-21.9645991360586,7.629394644936838e-07,1.5993461608886719,0.16727516055107117,3.357876777648926,3.0888638040084424,-1.152396321296692,-0.3274869918823242,14,0.11230743371977389,-0.029149001979079776,47.241203318968786,-129.535135064432,135.0615538541389,264.5966889185709,-0.6137316950998004,-0.5000780587524802,726.658950617284,54.86152316125146,81.07703946324754,6.172839506172839
50,BASELINE,3,90,150,60,30,5.0,1.0,2.0724163126336256e-13,1.6896361682849903,3.812752145314846,0.07575928082133032,8.17796866797238,3.0359281746011453,-0.22198392845885806,-0.2485256987238866,-0.0012493284214848991,1.1540743901240742,-21.964599384748475,-2.8610230629055877e-07,1.786464810371399,0.03599679842591286,3.7616567611694336,3.1754853902103393,-0.8262031078338623,-0.09847861528396606,14,0.1563887721305383,0.1348111128873208,52.993779452240005,-139.12617446177583,121.8425596445876,260.9687341063634,-0.8355378635561941,-0.5052711438628115,723.5725308641976,43.96167926532335,28.114147211635284,6.172839506172839
50,BASELINE,4,120,180,60,30,5.0,1.0,1.8947806286936006e-13,1.3308229714629638,3.143524049232127,0.08366905484002984,6.452083784676432,3.0475797886307885,-0.33619212439541846,-0.1789273848742333,0.013623810569456357,0.9985904644245055,-21.96459940251204,-1.0808308843479608e-06,1.5734071731567383,-0.1725904643535614,3.0396461486816406,3.1825713502495843,-1.3544124364852905,0.20087958872318268,14,0.1265892774067275,0.40328158106596756,54.858187189866854,-148.14147334754662,153.69762121694887,301.8390945644955,-0.6829188277956835,-0.4500221911850621,708.960843373494,77.73189374232338,93.24048535778917,13.253012048192772
50,BASELINE,5,150,210,60,30,5.0,1.0,-1.0066022089934752e-13,1.3770249402606984,2.997711521304325,-0.00904710325748681,6.735156840810674,3.0209791568821576,-0.37578537544603696,-0.11557026431713664,-0.011749976223422087,1.0327948075751574,-21.96459969265031,-1.3351440202313825e-06,1.655761957168579,0.10618844628334045,3.829921007156372,3.211974926815952,-0.7162168025970459,-0.4596865475177765,11,0.2295985086365788,0.030098508615308554,54.41127323866558,-148.14147334755626,115.50377564025892,263.6452489878152,-0.7486248181176816,-0.4676435883226143,721.8364197530864,91.62366481371832,118.37935578047382,24.691358024691358
50,BASELINE,6,180,240,60,30,5.0,1.0,1.2138438402568377e-13,1.4927409033852561,3.132716364515886,0.01936536275763956,6.920174359095199,3.033028137680164,-0.3277456518524793,-0.06428230608676312,-0.006430814385374983,0.9839891531646103,-21.96459947060571,-5.086263286102621e-07,1.8009058237075806,0.4767751693725586,3.8024559020996094,3.052145038848489,-0.8783936500549316,-0.5343961715698242,10,0.3821663628552604,-0.14931890483178936,50.11083119406515,-143.4439141843343,118.62910486883703,262.0730190531713,-0.7177132708072893,-0.4808279211948747,720.8460365853658,63.730281078788295,80.50016055117798,19.51219512195122
50,BASELINE,7,210,270,60,30,5.0,1.0,8.526512829121202e-13,1.232594637241491,3.4742715929034773,-0.06035408641089646,6.119086587550271,2.984782597316414,-0.15396131225693965,0.228158719410436,-0.0006596388366759064,0.8479373805666922,-21.964598739339166,6.675720101156912e-07,2.8989052772521973,-0.4717087149620056,4.1568708419799805,2.767952958168867,-0.94944167137146,0.6538251638412476,14,0.5936757976056503,-0.0127164695530572,48.70117096750447,-128.18616485000254,93.36026492893494,221.54642977893747,-0.7736319946028258,-0.5133600642996287,712.7259036144578,31.138456158220592,28.56198463803618,8.433734939759036
50,BASELINE,8,240,300,60,30,5.0,1.0,-5.684341886080801e-13,1.2412555192242598,3.422848853089988,-0.06656646728551152,5.863491943096477,3.0234434169057756,-0.3503701823050127,0.22807456071242205,0.001888915907538707,0.8767662867505089,-21.964600160424435,-8.900960324353946e-07,1.2109386920928955,0.16841116547584534,3.0517163276672363,2.945919533408799,-1.3721877336502075,-0.30095478892326355,11,0.34531358560062553,-0.2628855040964496,49.711944132052615,-128.18616484979722,93.3602649289503,221.54642977874752,-0.8292572863380547,-0.5551379581218123,753.6057692307693,48.03905539149467,30.738508833784948,8.974358974358974
50,ANGER,0,0,60,60,30,1.0,8.0,1.8059627867235878e-13,1.4648542200414099,2.476572478941108,0.022678140767595778,6.725535448808273,2.4538020322511125,0.26103597511448484,-0.4298066004063186,0.00457049645504288,1.0103945796904563,-21.964599411393824,1.2715658215256553e-07,2.0687105655670166,-0.07148999720811844,3.6825456619262695,3.2723449516010414,-1.053921103477478,0.20320846140384674,3,0.18688755901737134,0.15611512903912586,24.88649984456351,-137.14153352899936,79.45481110083266,216.596344629832,1.1788683892628615,-0.6245809408918289,749.0110759493671,120.18317881593019,154.13228350124348,7.59493670886076
50,ANGER,1,30,90,60,30,1.0,8.0,3.5823196261238383e-13,1.555775293142359,3.942598787355678,-0.043545589444349275,7.734817390208093,2.9635450487606043,-0.25428317797005917,0.08725008201825278,0.00429617985869856,0.9052573959775552,-21.964599233758186,6.357829107628277e-08,1.8202261924743652,-0.0418914258480072,3.3407111167907715,3.289835808096118,-1.2855336666107178,0.1499081701040268,24,0.013105255225886916,-0.01205895145075497,21.463019949874138,-56.75661209370892,38.90956059232013,95.66617268602906,-0.7735422741845603,-0.5109463024725048,725.1157407407408,52.68532312294805,48.38076314184699,6.172839506172839
50,ANGER,2,60,120,60,30,1.0,8.0,1.1901590823981678e-12,1.472696063704742,3.8025549563762695,-0.007519399864719389,6.702037975295383,3.0790383787764437,-0.30555158473205335,0.19940135950607513,-0.0072129639211856895,0.7858272452323409,-21.96459840183171,-2.2252400810884865e-07,2.066223382949829,-0.0877421647310257,3.5165069103240967,3.211457131835788,-1.0463429689407349,0.35182568430900574,6,0.2014020535302261,-0.11462101466883232,22.541444242877024,-65.81008589068222,43.46318450822901,109.27327039891122,-0.7918489170245167,-0.5575282295328594,759.8157051282051,48.18311225900492,26.59053619729659,0.0
50,ENTHUSIASM,0,0,60,60,30,7.0,5.0,-2.398081733190338e-13,1.2675754557168115,3.291691513007322,-0.1547492839623743,5.763261475788539,3.063585608606312,0.011905102998240658,0.5526475713560338,-0.005581821881463135,0.9327661048561783,-21.96459983179829,-1.8437702919982257e-06,3.0256142616271973,0.00869438610970974,4.682138442993164,2.908168042907703,0.45969200134277344,0.7565594911575317,9,0.4697863074831804,-0.11188608070725503,32.601357616796385,-124.01305548524005,110.35908085662874,234.37213634186878,0.32156903162113437,-0.551714921023258,778.75,66.93709229063005,88.18281479978688,13.333333333333334
50,ENTHUSIASM,1,30,90,60,30,7.0,5.0,-4.7369515717340014e-14,1.2351958878089906,3.440542411421177,-0.12360624809844012,6.341452281751003,2.881908457878479,0.24237889079664932,0.32977238383647367,-0.004532300473274622,0.8479787415304625,-21.9645996393596,1.3351440202313825e-06,2.5630552768707275,-0.0483010895550251,4.621296405792236,3.0535743035209673,-0.3984849452972412,0.02110183984041214,11,0.53660209293159,-0.16668264315925768,30.334053615453023,-72.92444121245302,52.01936063286468,124.9438018453177,-0.8408653357424192,-0.5717347080690974,774.8766447368421,37.94678562046381,25.45164942264712,3.9473684210526314
50,ENTHUSIASM,2,60,120,60,30,7.0,5.0,3.4046839421838137e-13,1.2185739480541011,2.275937290212937,-0.16221784183869659,5.403540239939986,3.0114804984607844,-0.23166478112202604,-0.05281825568067835,0.007947788699820761,0.8175016101717678,-21.964599251521747,-4.76837158203125e-07,1.7053672075271606,-0.33201175928115845,3.002817153930664,2.962409891384708,-1.4313013553619385,0.3776325285434723,15,0.26911259004014726,0.18127220345559406,31.913347714918157,-79.22261184402423,68.49377285476677,147.716384698791,-0.8565122590637477,-0.5559725177548693,775.2878289473684,33.75068530005997,21.875,0.0
50,LIKING,0,0,60,60,30,8.0,3.0,2.0428103653102878e-13,1.1764660979133308,2.6006665938965057,-0.06969131769345438,5.01837993301848,2.965032361307643,-0.28567020346794303,0.09475001811526987,0.0010425766842398375,0.7653305452559899,-21.964599387709068,2.3523966774519067e-06,2.213742971420288,-0.01799635775387287,3.854182243347168,3.2164590997224405,-0.907210111618042,0.23718057572841644,6,0.34411207760647605,-0.07727577838350577,27.321486316314356,-81.5609549255176,137.86540376778697,219.42635869330456,0.8346085924167554,-0.17683362095908312,833.1866197183099,492.97361150455004,700.5159928581216,16.901408450704224
50,LIKING,1,30,90,60,30,8.0,3.0,5.832371622697489e-13,1.1680178196438211,2.7703412450030385,-0.006758191432609806,5.279775207499426,3.086195978893165,-0.41943702157860496,0.0514310346834965,-0.0008309848002403465,0.8574790503711768,-21.964599008753094,1.8596649624669226e-06,1.992682933807373,-0.10422331094741821,3.7556967735290527,3.228472017516537,-0.6796274185180664,0.3529336452484131,8,0.6990994963970647,0.17937929510013476,28.549845275698843,-72.34088219920774,65.81577951197985,138.1566617111876,-0.619457378008788,-0.5609837652961552,866.4981617647059,494.4482020227303,710.8740694599832,7.352941176470589
50,FEAR,0,0,60,60,30,4.0,3.0,-8.881784197001252e-15,1.1381319347938879,2.5711237381784713,0.026365065780709074,5.716730089088173,2.610388903668256,-0.34989857785238065,-0.28203483209854996,0.004646020328094731,0.896316938965034,-21.96459960087187,2.2252400810884865e-07,2.364666223526001,-0.18157356977462769,4.008163928985596,3.1478503638217648,-0.5897774696350098,0.4477766156196594,16,0.06602383827801489,-0.1610120160131149,47.97779171643558,-271.24372181287146,260.94332545560724,532.1870472684786,4.2206859101296486,-0.37123875813734614,790.0,67.34004132416716,97.52736427328792,10.666666666666668
50,FEAR,1,30,90,60,30,4.0,3.0,-3.878379099357213e-13,1.2407079870985755,2.58917712683413,0.05021686489676824,5.28541845866215,3.165886622348448,-0.7783563110929825,0.07602047688690172,-0.00892310219591065,0.9418067021184447,-21.96459997982807,-8.583068620282575e-07,1.6617954969406128,-0.09006689488887787,3.39945650100708,3.2831807022647537,-1.2609775066375732,0.0049763149581849575,6,0.21098846626679343,0.0984599004806166,39.97776370174233,-87.34066296229253,78.54979513381565,165.89045809610818,-0.9256576554923073,-0.45192013856183055,827.0399305555555,31.395610244120807,27.063293868263706,2.7777777777777777
50,FEAR,2,60,120,60,30,4.0,3.0,7.016609515630989e-13,1.192725090166372,2.4521745062216382,-0.0187582781379092,5.3738300031952235,3.0082006710462212,-0.10973698007909283,-0.1562723702065149,-0.005289275384735703,0.8280058033972425,-21.96459889032938,1.2715658215256553e-07,1.6697478294372559,-0.005769764073193073,3.5692391395568848,3.2896678673028754,-1.0544538497924805,-0.12312524765729904,7,0.12455703089338067,-0.13409354780571134,39.42661815083722,-87.34066296229219,66.35801762592857,153.69868058822075,-0.9107622694665158,-0.45981755387614254,821.3975694444445,39.66969879910876,27.379095616191623,4.166666666666666
50,AMUSEMENT,0,0,60,60,30,6.0,5.0,2.694141206423713e-13,1.535590435538638,3.3972675215295567,-0.0047834679897107435,6.922509522526354,3.032965432374195,-0.28744649324334537,-0.23275198820405263,0.00471373138668351,0.9851272066352773,-21.964599322576,-6.357829107628277e-08,2.1256744861602783,-0.1816272735595703,3.5070126056671143,3.1589113400100417,-1.2131069898605347,0.33279475569725037,8,0.2037314592371831,-0.33780758703759883,41.291439854817604,-111.08648900049474,102.96977201393649,214.05626101443124,-0.6770335286138938,-0.572190931561067,793.285472972973,55.321199862487504,37.61220371303288,16.216216216216218
50,AMUSEMENT,1,30,90,60,30,6.0,5.0,1.865174681370263e-13,1.3571341567794157,3.651812488772066,0.17686707231625576,6.959314823323837,2.7452941952294623,-0.2962487581771409,0.019683632810607116,0.006569708864538772,0.9852693708912175,-21.964599405472633,8.265177484645392e-07,2.060587167739868,0.009224391542375088,3.970162868499756,3.24033883733632,-0.8663554191589355,0.0794748067855835,9,0.5810948985174078,0.08944979638969679,43.13997228983214,-120.12439394448842,79.35889203044691,199.4832859749353,-0.7253541765011233,-0.618492362554542,786.7398648648649,45.78735542068186,35.64924973753747,10.81081081081081
50,AMUSEMENT,2,60,120,60,30,6.0,5.0,3.967196941327226e-13,1.2694958065285087,2.271935191697594,0.0569693068108279,5.407962453359971,3.0964833502637426,-0.2865808720513172,-0.2803234752232569,-0.004276213777325306,0.9327661048561778,-21.96459919527047,-1.62124638336536e-06,2.2964608669281006,-0.067235067486763,4.165097713470459,3.201123462876035,-0.7848808765411377,0.22090426087379456,8,0.9409948627979994,-0.1161643690283715,41.16832242096996,-112.30938530577683,79.35889203045089,191.66827733622773,-0.7038256240835494,-0.6115090529367938,789.2736486486486,60.83193807474537,39.520009129241636,17.56756756756757
50,SADNESS,0,0,60,60,30,3.0,3.0,8.822572302354578e-13,1.1741134710495211,2.7265130941991345,0.1260329950778072,5.564266487398584,2.9561561514108905,0.15349880867157495,-0.22602183692336988,-0.0005269309303282178,0.6721856149823414,-21.964598709733245,2.3523966774519067e-06,2.11163592338562,-0.043408144265413284,4.19619083404541,3.1766657171372756,-0.8992366790771484,0.07522692531347275,10,0.423895131236255,-0.24695836307236407,48.918753544367476,-136.6929928093284,129.45933619895388,266.15232900828227,-0.6876663616580037,-0.5435809172948095,756.8108974358975,61.50742598363388,78.61050441398261,8.974358974358974
50,SADNESS,1,30,90,60,30,3.0,3.0,-1.3618735768735254e-13,1.253878231157068,2.9085960881133133,-0.07202814699311944,5.081365101659685,3.1170435775879595,-0.7046205045653036,0.24978731328203466,0.005747010578344449,0.6837125639347813,-21.96459972817745,-2.6067098133353284e-06,2.7443087100982666,-0.0012106860522180796,4.273929595947266,3.0640185734129597,-0.42383456230163574,0.38041964173316956,12,0.4615014370883436,-0.0007933482073652817,46.32314584691545,-114.46977053989535,81.87462946994557,196.3444000098409,-0.7511824993658567,-0.6227638959254973,757.8125,26.620329524510144,25.49479909401437,3.8461538461538463
50,NEUTRAL,0,0,60,60,30,5.0,1.0,9.14823772291129e-13,1.177943496776241,3.601488317620749,-0.07149324244970501,5.706095806346667,2.896797949598919,0.7021462862575105,0.5817506355502627,0.0017452433708752867,0.8579539838378237,-21.96459867716673,1.5894572413799324e-07,3.3739964962005615,-0.16612029075622559,4.740897178649902,2.7998779187078187,0.9327397346496582,0.9587877988815308,10,0.48784036295653177,-0.14649664322794845,33.652614638884614,-161.05664682902818,120.61297433759344,281.6696211666216,1.077007765161694,-0.5285132024191153,744.6598101265823,65.19077937122388,92.6923513305834,10.126582278481013
50,NEUTRAL,1,30,90,60,30,5.0,1.0,-2.6645352591003757e-13,1.3787898242586982,3.5737881324102716,-0.004758503365565048,6.707690747637685,3.0127699118987454,-0.4056976360332034,0.09463028053746254,-0.004663335446877304,1.0018965665176873,-21.964599858443645,-4.609426014212659e-06,2.749340534210205,0.025919336825609207,4.226780891418457,3.0216956279632976,-0.5940914154052734,0.45801520347595215,11,0.5717694578073571,0.18253993942203908,29.647972201253253,-76.14780847348422,63.690304157826,139.83811263131022,-0.7529759720770284,-0.569044972744212,758.5227272727273,34.98867725257941,24.17958951971901,1.2987012987012987
50,NEUTRAL,2,60,120,60,30,5.0,1.0,-3.848773152033876e-14,1.4060337579714695,2.798200213008073,0.0029110058708425868,6.653679789750555,3.03662817425607,-0.4857674260674605,-0.25600463099082915,0.011185302645624024,0.9315161993034239,-21.964599630477817,5.53131121705519e-06,1.6097731590270996,0.32601749897003174,3.9242308139801025,3.1102039597767637,-0.6009178161621094,-0.6285481452941895,9,0.3952124083452553,-0.032148612548991505,29.849706202726537,-77.30126427411658,53.889632680932,131.19089695504857,-0.8098839552019177,-0.6043585250338693,797.5084459459459,31.931690328095176,27.4315188740931,4.054054054054054
50,AWE,0,0,60,60,30,6.0,2.0,8.881784197001252e-13,1.1812805534551987,2.8172094529139713,-0.20850303889794475,5.107848811773152,3.01359656866045,-0.49438530074692455,0.27317275076240927,0.0012300842311097628,0.8678147968561947,-21.96459870381206,2.8610230629055877e-07,2.3541295528411865,-0.3092842698097229,3.752027988433838,3.128779244583723,-0.8856110572814941,0.4834001064300537,15,0.153808396158115,0.41460850166922997,36.581368718042846,-113.83796220624508,230.1350167794214,343.9729789856665,2.0498581211385964,0.11949333224598012,730.6640625,125.17895985827082,136.13616266955816,27.500000000000004
50,AWE,1,30,90,60,30,6.0,2.0,8.526512829121202e-13,1.1427080999515942,2.4262214940620197,0.0012614801715216117,4.777594200117363,3.212222924721397,-0.706818837699196,0.13466961224017662,0.007023720193316704,0.7427625919140146,-21.964598739339166,2.6384989268990466e-06,1.826470971107483,0.09809178113937378,3.557070016860962,3.2394815076901535,-1.2526378631591797,0.010393518023192883,14,0.7232657317744715,-0.10839773102012354,35.368473294254834,-88.10903764474925,96.44933920773424,184.5583768524835,-0.7241765525756585,-0.3653638419326758,772.4095394736842,108.68339454328684,140.39332768452115,21.052631578947366
50,DISGUST,0,0,60,60,30,3.0,5.0,8.881784197001252e-13,1.272804649825846,2.4407429118582513,0.11598224332907137,5.4134027764888515,3.0347683785231196,-0.0034264239512964423,-0.47066825523080924,-0.008992549435495515,0.8678147968562163,-21.96459870381206,-2.5431316430513107e-07,1.9760856628417969,0.0801629051566124,3.6860060691833496,3.263235971419373,-1.0273113250732422,0.011550155468285084,4,0.2130104291874022,0.1570024263866451,33.291334554401764,-100.86691113880781,96.49520415015672,197.36211528896453,-0.6098932956244445,-0.5195268070771465,801.7979452054794,82.63364761367733,55.212018351859875,10.95890410958904
51,BASELINE,0,0,60,60,30,5.0,1.0,4.2928623618839385e-13,12.84063875753167,21.743761235578063,-3.111879051752453,42.33653935126256,3.2282256276332273,-1.2680361597664194,0.24513079263746915,0.012271790834024262,3.7117012129454987,-21.95553949511666,1.7801920648707892e-06,2.287954807281494,-0.1721055805683136,4.163607597351074,3.1423244812655127,-0.42503809928894043,0.3101937770843506,14,0.343875253494461,-0.023205722120796322,61.11867175883923,-409.6236378642668,401.6281821616114,811.2518200258783,13.538923154411563,-0.37067788980018224,777.5,262.0214629451544,367.43675050952646,64.0
51,BASELINE,1,30,90,60,30,5.0,1.0,8.585724723767878e-14,12.840040047494181,23.133570398225345,-1.778475563616766,42.770644583161044,3.2166062135002416,-1.1541571532300496,0.2867777269869542,0.09205758785831569,3.916965198839925,-21.955539838545562,-5.722046125811175e-07,2.4674510955810547,-0.21607500314712524,3.9774224758148193,3.0817211099980004,-0.36431241035461426,0.545785129070282,12,0.3634226787074786,0.0035680860903989807,35.151549750357454,-406.51104423590704,249.37834477630597,655.889389012213,37.48465280943793,-1.3844712711842888,720.2743902439024,134.64903859776578,200.93189288588235,43.90243902439025
51,BASELINE,2,60,120,60,30,5.0,1.0,6.276460832547551e-13,6.7752265970488255,20.875533830740522,1.1077656257455715,37.1152756417338,2.8032637637760858,0.5035051256406073,-0.014264703526643411,-0.12252948948876397,1.7432551044410254,-21.955539296756918,1.2079874522896716e-06,3.253972053527832,-0.29583021998405457,4.640927314758301,2.7840778005348374,0.4211761951446533,0.9086139798164368,6,1.0841857701924702,-0.0040241450754879395,14.817532730868813,-46.25846665223183,46.44774253619956,92.70620918843139,-0.26678991077710545,-0.29158999097944716,704.2410714285714,45.81415766784449,44.19417382415922,23.809523809523807
51,BASELINE,3,90,150,60,30,5.0,1.0,8.881784197001252e-15,4.390336851439634,10.624711911069795,-1.0290624263689097,16.846985525301506,2.9536688400311406,-0.2419712294060279,0.7864309209828166,0.03365914447723131,1.1050339657284052,-21.955539915521022,2.5828680350059585e-07,3.272585391998291,-0.16715899109840393,4.559216499328613,2.844099925052641,0.3717772960662842,0.8918226957321167,7,1.4136042493519005,-0.03149457192367761,14.830492548180969,-46.258466652226495,37.98555646034214,84.24402311256864,-0.3940340872073538,-0.2764388504064004,690.4411764705883,30.448627135435398,36.604193769131086,15.294117647058824
51,BASELINE,4,120,180,60,30,5.0,1.0,1.3026616822268503e-13,7.031417207333675,20.71662670590655,-2.623551412087366,30.843844998472036,2.652967689121485,1.9013352274309518,1.6116111413393956,-0.04674258849945367,1.9317263528140534,-21.955539794136644,-8.265177484645392e-07,2.982851982116699,-0.2382819652557373,4.458827495574951,2.9633219980858994,0.018357276916503906,0.7077280879020691,8,0.7438864656383772,0.10225046068027936,22.233230131561754,-125.26142237627965,141.185389654663,266.4468120309426,7.239527734730649,0.4431314105157628,705.1957831325301,139.19434616155442,201.83838535658586,43.373493975903614
51,BASELINE,5,150,210,60,30,5.0,1.0,-7.431092778157715e-13,13.415123341406963,24.489825839415147,2.217139358527831,47.88421201301105,3.0884456846585104,-0.9893576623971962,-0.0700070772510198,-0.010041019134590995,2.706230931802648,-21.95554066751236,-9.377797596243909e-07,3.5421454906463623,0.012014033272862434,5.409516334533691,2.745489075176965,1.362093448638916,0.7054577469825745,6,1.109460925983386,-0.02624783634956548,24.308823140286357,-125.26142288396368,141.18538964494655,266.44681252891024,5.604135273003923,0.5130163074409932,730.9027777777778,174.84996358485466,255.5834031711811,48.148148148148145
51,BASELINE,6,180,240,60,30,5.0,1.0,1.983598470663613e-13,10.140918809578316,20.329471244232167,1.6663680200252884,49.330959544914066,2.4821748723828305,1.7181418195221863,-1.225524134706216,0.1072108536748106,2.3023412782373645,-21.95553972604298,-8.503595836373279e-07,3.6251018047332764,-0.1555185616016388,5.206904888153076,2.8112279571150403,1.2729573249816895,1.040085792541504,7,1.2553333151589834,0.10567880093537894,16.854757072109585,-72.34778703297562,103.18610347136854,175.53389050434416,4.603979118033559,0.442962814735888,723.1867283950618,118.74574848221013,143.59919059334038,18.51851851851852
51,BASELINE,7,210,270,60,30,5.0,1.0,-7.075821410277664e-13,5.4416226111884995,9.813718630259416,0.10107436639472667,25.58989095001536,2.829492605617158,1.2951711709186249,-0.9365716192773371,-0.014410655873816519,1.422845917114055,-21.955540631985198,1.573562599332945e-06,3.138289213180542,-0.1731717884540558,4.644015312194824,2.835152931589822,1.6005234718322754,1.2089530229568481,5,0.889851110054855,-0.0385449918983745,14.351399577811788,-78.10558639590431,60.68693446677213,138.79252086267644,1.6502223142049965,-0.11595045956106534,692.4632352941177,108.41982380209492,125.81117009563711,22.35294117647059
51,BASELINE,8,240,300,60,30,5.0,1.0,1.1842378929335004e-14,2.8924852945522006,8.185230244574626,0.0016425862749969156,14.908887979423469,2.907485798551904,0.6985607477824969,0.6001030067012532,-0.023306384989222714,0.9852564113606875,-21.955539912560425,-1.2715658215256553e-07,3.234142541885376,-0.25770053267478943,4.361929893493652,2.6939426648511215,1.974266529083252,1.5197621583938599,5,0.8482820201474528,0.0655238727328784,13.508095752727336,-78.10494204355366,58.65820220214721,136.76314424570086,1.4990775408954669,-0.17320669213028325,678.7790697674419,59.22507441214816,80.79979911339326,23.25581395348837
51,ANGER,0,0,60,60,30,3.0,5.0,7.253457094217689e-13,1.551594590430963,4.682750960472504,0.1720408647361893,8.084667088222375,2.8474971302695007,0.08419235019855309,0.05182059758318386,0.014262972371616639,1.1052671792045938,-21.95553919905736,-2.956390289909905e-06,1.5602562427520752,0.1084418073296547,3.325974464416504,3.1771249225875,-1.3014527559280396,-0.2468709647655487,44,0.15928419216897283,-0.06496549351873544,29.03362772208351,-130.54290518207483,107.40316003946012,237.94606522153495,0.2717192238391615,-0.33035595034301246,720.2743902439024,41.710751858618686,54.57025571354761,12.195121951219512
51,ANGER,1,30,90,60,30,3.0,5.0,1.5335880713488828e-12,1.607134448038118,3.8122560379726167,-0.26188449568280703,7.889473199881536,2.9416173366957685,-0.07851661073678606,0.23626096981300973,-0.0015105600810228076,0.9933549721098096,-21.95553839081591,-2.670288040462765e-06,1.8859587907791138,-0.029488295316696167,3.6180694103240967,3.2850642908138115,-1.1736457347869873,0.10021646320819855,49,0.15382638406413818,0.04045143988232071,28.337884165106164,-67.41924895540382,58.857352905937994,126.27660186134182,-0.5603191153171432,-0.3925487430040772,770.6980519480519,414.08532054822183,585.1831767309681,7.792207792207792
51,ANGER,2,60,120,60,30,3.0,5.0,-1.1842378929335001e-13,1.2393825180669116,2.8210637747100975,0.12613108930246142,5.594821536633532,3.1186023563378793,-0.5295247971493771,-0.23108940582389997,0.0011241771907467796,0.9576600441818229,-21.955540042826602,1.144409225162235e-06,1.7711296081542969,0.005735668353736401,3.710319995880127,3.2886251464433194,-1.0857781171798706,-0.025112474337220192,41,0.2333320264270105,0.0003885642709632024,29.1135136376786,-73.59207569056653,57.33432117675843,130.92639686732497,-0.5725306321867154,-0.3781955840629922,729.8519736842105,42.221497834467755,35.30927345141311,11.842105263157894
51,ENTHUSIASM,0,0,60,60,30,7.0,3.0,-6.690944095074277e-13,3.0924440316526516,7.157643072849851,-0.7383950628081948,11.24112105402375,3.0722156754572683,-0.6498253350983725,0.6761804320468374,0.00017265695736312973,0.9220295836331412,-21.95554059349744,-4.7047933549038135e-06,1.9217500686645508,0.1293061226606369,5.326122283935547,2.859215140176868,-0.5261213779449463,-0.4142809212207794,40,0.29168538853012604,0.15678036604714643,24.005049625036342,-107.51305283454649,122.37201190318177,229.88506473772827,2.11482492645498,-0.24586022529854185,732.6171875,115.35671036607877,130.1832781801162,31.25
51,ENTHUSIASM,1,30,90,60,30,7.0,3.0,4.440892098500626e-14,1.3911878816279608,2.991191842909302,-0.03686858922549163,6.918413727856887,2.871884415795058,-0.06334347184789069,-0.1854019255258407,-0.005295608322621565,0.8279673002666476,-21.955539879993886,3.2107034257933265e-06,1.912977695465088,0.029393479228019714,3.767172336578369,3.2402031120707298,-1.081496238708496,-0.06062452122569084,76,0.21121519835545022,0.008164349853527986,19.77591320274178,-48.35981144966793,35.21601072868594,83.57582217835386,-0.7579101198092886,-0.552947648507674,752.2035256410256,61.51436490512726,49.37849321853055,26.923076923076923
51,ENTHUSIASM,2,60,120,60,30,7.0,3.0,1.0658141036401503e-12,1.4204202298841553,2.8755924359060714,-0.12826496747031513,5.675631773326728,3.2056735511064023,-0.8119358684891815,0.24174708230216252,-0.007119259653564215,0.8566619028327027,-21.955538858589268,-2.5431316430513107e-07,1.9448251724243164,-0.10271801799535751,3.6036815643310547,3.29195730133226,-1.1907850503921509,0.1649903953075409,78,0.20749551415369274,-0.07142276999830618,19.840330615125712,-47.09793620435211,35.6323193219258,82.73025552627792,-0.8059449638617799,-0.4864617784727832,737.109375,47.54758765044323,41.48910610790393,17.5
51,LIKING,0,0,60,60,30,9.0,4.0,9.769962616701379e-14,1.482514618475709,3.0214446765576497,0.06656818483961047,6.193370365591733,3.1835956655804307,-0.6439948031854472,-0.08580982161992956,0.01590533369036355,1.1123897213293155,-21.955539826703184,1.8755595192487817e-06,4.008637428283691,-0.22217527031898499,5.324991226196289,2.613774100352857,3.303511142730713,1.554076075553894,38,0.35536180180732135,-0.05728592170624211,29.090233464737306,-119.09719685064577,99.7966961272198,218.89389297786556,-0.10368929803660665,-0.47645297664363057,738.28125,77.16979342595822,83.46097160736609,13.750000000000002
51,LIKING,1,30,90,60,30,9.0,4.0,-4.440892098500626e-13,1.3972255557318483,2.6613669536523332,-0.24677657008709275,6.161370380968378,2.9687126962637356,-0.5102372404484101,0.15590242592986742,0.010115858535730873,0.8859436423894251,-21.955540368492112,-9.536743306171047e-08,3.9634716510772705,-0.0945797935128212,5.579824447631836,2.677846650320596,-0.36812901496887207,0.31676697731018066,50,0.31416141259863545,0.0033504328297705517,28.942607108960257,-79.92008529869211,64.09487764885506,144.0149629475472,-0.6787467657967614,-0.5464306138182246,729.6875,56.98578200977699,78.5982501637121,12.5
51,FEAR,0,0,60,60,30,3.0,3.0,-1.6283271027835628e-13,1.9259914585733506,4.1599735664284765,-0.013202209608564885,8.54905415496745,3.0207464019744665,-0.2965168560455407,0.14532119581642552,0.0027205956106516292,0.9505403421195244,-21.95554008723553,-8.900960324353946e-07,2.667179822921753,-0.05930110812187195,4.689549446105957,3.0429363104185034,-0.27571988105773926,0.3632178008556366,48,0.1685653602751962,-0.03146490944666572,38.21705867064142,-140.64261736167663,139.08020905587497,279.7228264175516,0.5891009067666797,-0.08567852414031976,756.6964285714286,173.98208589508872,222.34764798058916,54.54545454545454
51,FEAR,1,30,90,60,30,3.0,3.0,-5.654735938757464e-13,1.5206622294318053,4.3196582342169165,-0.014912926610577415,7.522915632339533,2.9052956485265513,-0.03904829081791261,0.2913117186996166,0.003081721256494129,0.950540342119534,-21.955540489876558,9.536743306171047e-08,3.178779125213623,-0.17791865766048431,4.6837639808654785,2.631857233670618,1.292253017425537,1.3087371587753296,50,0.255343992023433,0.051854068045504735,37.2675359470029,-140.642617361681,139.0802090558863,279.72282641756726,0.006866206729637003,-0.39940649342569706,740.9018987341772,127.54342471745174,160.37230384747284,41.77215189873418
51,FEAR,2,60,120,60,30,3.0,3.0,2.960594732333751e-15,1.3476801147432624,3.146002778902357,-0.28588404687681646,6.046119214519763,3.062721675535493,-0.3942942317210143,0.2020101828556864,0.0017995515956860531,1.0746136743874004,-21.95553992144221,-1.287460349885805e-06,4.55741024017334,-0.0994405448436737,6.791252136230469,2.557103399242286,0.5217995643615723,0.39760440587997437,39,0.6768458460757901,0.34096182993476215,35.96528119428318,-103.56037165121964,108.52177967259105,212.0821513238107,-0.47261866948996545,-0.42297005155702666,739.9129746835443,93.48379588956809,141.40187829692164,26.582278481012654
51,AMUSEMENT,0,0,60,60,30,7.0,4.0,-2.338869838543663e-13,1.6906892604929737,4.052859012186616,-0.15024548579418706,7.227758787479388,3.085396867416918,-0.6991148194045973,0.16274208809276816,-0.007884865964141707,1.0427298969518635,-21.955540158289818,-1.0808308843479608e-06,2.313105344772339,-0.3582531809806824,3.686060905456543,3.017902584857185,-0.6399030685424805,0.777123749256134,59,0.09927978214265389,0.06102297118111169,24.1654925497971,-148.8415869200396,151.40505369501574,300.2466406150553,7.459792815991538,-0.10851081329526781,708.8414634146342,78.1254704893993,104.32568880259456,21.951219512195124
51,AMUSEMENT,1,30,90,60,30,7.0,4.0,7.786364146037765e-13,1.25239333702245,3.084567435860208,0.23182197513342828,6.392789417431999,2.785753092968024,0.21408700162876926,-0.3541451860780748,0.002507913439429105,0.9418067021184214,-21.955539145766693,-5.086263286102621e-07,1.92625892162323,-0.20203378796577454,3.6088476181030273,3.2606109478945173,-1.1850755214691162,0.25060713291168213,75,0.19181555326614536,-0.05118068034614441,18.288256746824633,-47.1015410169665,40.1390779005132,87.24061891747971,-0.6597682912056038,-0.1186156165896093,719.5121951219512,39.9609213513078,29.81868756478762,6.097560975609756
51,AMUSEMENT,2,60,120,60,30,7.0,4.0,-9.562720985438016e-13,1.1797410842011768,2.4690658110671393,0.22615869742601546,6.772033848069725,2.6289162683578446,1.766253850947428,-0.8681687615619159,-0.004714599477188986,0.9238644535466425,-21.95554088067536,-1.716613724056515e-06,2.1123270988464355,-0.07117880135774612,4.238572120666504,3.152704856200276,-1.0450489521026611,0.10902073979377747,78,0.2683095112700554,0.11263559780449396,18.5329701892615,-41.788269804888145,45.07389656097773,86.86216636586587,-0.6615979197916144,-0.1149422180314811,727.8163580246913,49.34038773543147,34.8948616158239,12.345679012345679
51,SADNESS,0,0,60,60,30,4.0,2.0,2.6645352591003757e-13,9.181158835955625,13.594119936801263,1.7212506113573056,35.4259271154298,3.176458787235698,-0.6917275293248735,-0.5096555420931952,-0.01290982327412349,1.494704679298098,-21.955539657949313,7.629394644936838e-07,2.6312105655670166,-0.29785484075546265,4.423737525939941,2.971418712037925,-0.09381961822509766,0.6600683927536011,4,0.866244547314283,-0.07126274571086648,16.96182027119308,-93.16063046179625,129.02402971359186,222.1846601753881,8.570981598523115,0.11517966879540005,672.9403409090909,94.19183046180021,119.61975420583495,21.59090909090909
51,SADNESS,1,30,90,60,30,4.0,2.0,-2.398081733190338e-13,6.648358101127489,14.593423315111664,-1.3667197646292095,26.737071538162382,3.1214870249441877,-1.0501723633532085,0.3511774751463352,0.06302155525966407,1.477542160340657,-21.95554016421101,4.450480162176973e-07,1.5555223226547241,0.18995383381843567,3.5118837356567383,3.209499478153573,-1.1160519123077393,-0.3634421229362488,27,0.057194445351874325,0.04226841708780634,14.49861277143393,-93.16063046216665,129.02402971324256,222.1846601754092,15.152681749146566,-0.12398093154060257,690.2573529411765,107.9352645647365,152.88413393069308,20.0
51,SADNESS,2,60,120,60,30,4.0,2.0,-3.6711374680938513e-13,2.797980968970641,7.648506472953898,-0.13556223247839227,12.534127417291785,3.0763502819651056,-0.4102793885530356,0.385595716916252,-0.007959145071905966,1.0283130357059298,-21.95554029151662,8.265177484645392e-07,1.7626922130584717,-0.07731273770332336,3.447408676147461,3.306636383517061,-1.2188034057617188,0.06857714802026749,29,0.06234798080074154,0.007436160287647701,10.59954776250553,-29.348883116757506,28.008991356190574,57.35787447294808,-0.49556435460626735,-0.22355006801213592,694.1176470588235,82.72810131614257,136.1729112413786,23.52941176470588
51,NEUTRAL,0,0,60,60,30,5.0,1.0,-2.5165055224836885e-13,1.4949805394617326,3.9301859969128827,0.030327877530211822,7.594079004542209,2.886476120621712,0.1157067927051445,0.11242248815142912,0.01899932494156498,1.0337528970529393,-21.95554017605339,-5.880991693629767e-07,2.9441895484924316,-0.20999938249588013,4.34037971496582,2.878640002861895,0.3393130302429199,0.8783150911331177,4,1.5560863991360478,0.03965173059561914,17.384545045235825,-125.89753605548229,100.52766871312704,226.42520476860932,5.986678150997744,-0.3919455926470918,698.6607142857143,70.94537917716758,87.48520744151172,11.904761904761903
51,NEUTRAL,1,30,90,60,30,5.0,1.0,-8.881784197001252e-14,5.4705665655526925,11.05308515649952,-0.13953294981767783,22.39581222585869,3.195957564841701,-0.8000821452871798,0.07618021745590117,0.005160082226629791,1.5895159160736088,-21.955540013220652,4.450480162176973e-07,2.5167109966278076,-0.38381654024124146,3.5434629917144775,2.8312610381495564,-0.408083438873291,0.9100303649902344,7,0.9426007042049476,-0.02591994685170247,35.83233511543685,-476.46151815901646,269.87373162711214,746.3352497861285,62.138627694778705,-2.883864464447981,710.843373493976,114.59592458357183,148.3421950142519,19.27710843373494
51,NEUTRAL,2,60,120,60,30,5.0,1.0,8.615330671091214e-13,4.322966110635766,9.081620715551253,0.032688014638182494,19.499378962331093,2.9641896594369173,-0.10070506252218925,-0.12393635910897739,0.024715789099262572,1.490050276916431,-21.95553906287011,-5.563099989558395e-07,2.6943283081054688,-0.3971025347709656,4.248082637786865,2.928663018920672,0.08682370185852051,0.9566686749458313,8,1.0216190531806228,-0.032716419534613364,35.128105739282965,-476.46151815902095,269.8737316271147,746.3352497861356,67.49745949174967,-3.052473692640845,704.6130952380952,113.28839813392128,147.4857527068497,19.047619047619047
51,AWE,0,0,60,60,30,7.0,5.0,4.648133729763989e-13,6.557297822702629,10.609461495612038,1.2740779019207338,33.16006516960712,2.7949060219549087,0.8055821651401018,-0.9528221924568069,0.05397978958010241,1.5030885697938674,-21.95553945958954,5.880991693629767e-07,3.4026684761047363,-0.15272626280784607,4.752833366394043,2.7432533992382435,1.8410911560058594,1.3672491312026978,3,1.71569069794246,-0.04733974463022999,14.013980350841686,-81.20268258835225,86.90088959128013,168.10357217963238,7.076351825149789,0.21226150113802827,714.2319277108434,101.60002005362573,152.89850720689708,25.301204819277107
51,AWE,1,30,90,60,30,7.0,5.0,-5.654735938757464e-13,10.07669843877126,13.248268214575631,4.549822748396082,33.665453424494984,2.9449325991094826,-0.7568370135828033,-0.8046484981274213,-0.01131331163755227,1.6516423211156748,-21.955540489876558,7.947286206899662e-08,3.8819477558135986,-0.21135883033275604,5.301947593688965,2.610319120369893,2.5346546173095703,1.425464153289795,7,0.9617789148963982,-0.062169036675552854,32.77594787657914,-179.7428064537009,274.61546843136887,454.35827488506976,13.519726212783887,1.0672585105227825,776.7269736842105,257.8938102773813,276.0809720444348,46.05263157894737
51,DISGUST,0,0,60,60,30,4.0,2.0,-3.1086244689504383e-13,2.696181861785154,6.516408980058941,0.11397049636840961,15.288588556432359,2.6778392825359183,1.6903537295003614,-0.5540867904886128,-0.007937120111017488,1.1201006180125987,-21.9555402352653,-2.5431316430513107e-07,2.9906680583953857,-0.23522308468818665,4.368824005126953,2.8934293953516748,0.7119309902191162,1.037503957748413,15,0.11146516164500175,0.14767195021609517,32.2743937108617,-145.7718948611231,167.1605789946443,312.9324738557674,2.046114860707516,0.05379312707876023,750.3955696202531,89.09288321237813,99.34241422687026,36.708860759493675
52,BASELINE,0,0,60,60,30,6.0,2.0,1.3589129821411916e-12,1.5706436055880715,4.024435125118231,0.025735989536457282,8.216934884931959,2.864911426642066,-0.056360777354568015,0.09052103741442244,-0.01303524686971362,0.9052573959775554,-21.959359223220847,2.066294371161348e-07,3.2846789360046387,-0.4477178454399109,4.137845993041992,2.3439154372341586,1.5715980529785156,1.5873340368270874,7,0.7659567625952766,0.053133230081378414,60.30134501073959,-223.426892510112,244.6120509462384,468.0389434563504,0.04964844579039651,-0.5174246039083207,664.501404494382,77.70090458475416,83.69690162920934,15.730337078651685
52,BASELINE,1,30,90,60,30,6.0,2.0,-4.204044519913926e-13,1.4272645078002597,3.3597145838214715,0.004275970055545031,7.349089018476462,2.9067292658770767,0.28977984828994074,-0.12663308702127551,-0.0013482182176481285,0.9493373760557543,-21.95936100253745,1.9073486612342094e-07,3.1779282093048096,-0.42347201704978943,4.047898769378662,2.4871361848919973,1.0284862518310547,1.36910080909729,8,0.6321865856605466,0.4487586594310803,60.324188518742595,-219.7874287293642,226.50656081287138,446.2939895422356,-0.09478793790454709,-0.48029749436372837,632.5604838709677,71.92124366075002,104.68902091692078,17.20430107526882
52,BASELINE,2,60,120,60,30,6.0,2.0,7.401486830834378e-14,1.4763712948014798,3.5633585772970378,0.0618422833795762,7.335626463790135,2.962652273308757,-0.043925143879413486,-0.014510469268951658,-0.0015966997256201595,0.8948596305054649,-21.959360508118042,-5.086263286102621e-07,3.396135091781616,-0.16399681568145752,4.60398006439209,2.7633121520568755,0.9705243110656738,1.0425729751586914,6,0.9618258955269154,0.043732502892065414,64.0641987925257,-219.78748357635672,226.50717046337778,446.2946540397345,-0.058270678705535595,-0.4687780966292795,640.2853260869565,85.51824745453276,117.62452849924767,22.82608695652174
52,BASELINE,3,90,150,60,30,6.0,2.0,8.052817671947802e-13,1.4159564824774897,3.6164304390361224,0.15203707630675467,7.133130737636861,2.9259022620274076,-0.2703415053979721,-0.2272247542716025,-8.451687995706871e-05,0.8948881669062131,-21.959359776851464,-6.953875413273636e-07,2.7462379932403564,-0.1976262927055359,4.146117210388184,2.9902208986848877,-0.3504610061645508,0.6677570343017578,10,1.2770040728868373,-0.1581732782914758,65.75094411815655,-217.87946787940487,167.46092572638537,385.34039360579027,-0.4445856076924044,-0.4872320284058918,622.6973684210526,64.09891370126307,58.44117991030392,10.526315789473683
52,BASELINE,4,120,180,60,30,6.0,2.0,1.0539717247108153e-12,1.307596934460751,2.6541398109223735,-0.11748215902009917,5.435739613010782,3.1270231190108455,-0.5511439445481154,0.12830075595079773,-0.0017709046093680352,0.8865757820648303,-21.959359528161738,-5.245208853921213e-07,2.8264448642730713,-0.005748910363763571,4.741024971008301,3.0277208134400846,-0.40246033668518066,0.16684822738170624,13,1.0637915741265056,0.05616462023636638,68.82209776057246,-215.66194476881833,179.03120152554166,394.69314629435996,-0.4380906936056328,-0.4536881709189702,588.1806930693069,38.18285559010551,25.097466256576578,4.9504950495049505
52,BASELINE,5,150,210,60,30,6.0,2.0,-6.454096516487576e-13,1.2157895892218744,2.3669524705439926,0.045917681767093654,5.622705357502866,3.064204507154587,-0.35743119707343496,-0.26375910947829917,0.0016379097679038615,0.7973002085924332,-21.959361227542768,-1.3192494634495233e-06,2.6828629970550537,-0.1773223578929901,4.4136528968811035,3.0976517480712693,-0.27579474449157715,0.5591557621955872,12,0.8397933023329243,0.42979598506626576,71.77007131089049,-215.66194476881643,199.8891400126914,415.5510847815078,-0.30789358212824514,-0.2935414197800111,593.1186868686868,86.13061534546647,81.77079948220626,6.0606060606060606
52,BASELINE,6,180,240,60,30,6.0,2.0,-4.588921835117314e-13,1.0930950943173585,2.716748305554262,0.06534193460545623,5.166823840927037,2.9881278220563,-0.3642170800380806,-0.25345417890407584,-0.008631816359290993,0.7652763413506872,-21.959361041025197,-6.993611805228284e-07,1.8198503255844116,0.19037029147148132,3.7631280422210693,3.231169235384619,-0.8835971355438232,-0.2132372260093689,11,0.7757273493021676,-0.18350364044527565,72.68412787487581,-218.53349412607267,209.56775319250684,428.1012473185795,-0.31097173433652614,-0.2761044030236181,625.6648936170212,107.76500564868763,118.03290487429561,11.702127659574469
52,BASELINE,7,210,270,60,30,6.0,2.0,1.1546319456101628e-13,1.241298401321257,2.761713722017589,0.025790418131066417,5.503766402888743,3.005977826228039,-0.17298905782956853,0.2178816655357853,0.0046378848151095485,0.7760240247526851,-21.959360466669718,-2.384185791015625e-07,3.0906734466552734,-0.294173002243042,5.370152473449707,2.809695302544802,0.7648296356201172,0.7395065426826477,9,1.2177392471618764,0.12175129482343415,64.84450512036294,-240.97076538717215,209.5677531925064,450.53851857967857,-0.015072386345998279,-0.49766060631643405,649.2101648351648,90.36912321280043,112.90196321858673,18.681318681318682
52,BASELINE,8,240,300,60,30,6.0,2.0,4.204044519913926e-13,1.4938890523234998,3.3019084035565527,-0.09487002401016298,5.99048431909921,3.0882018488881045,-0.3779147687572628,0.3196705351348302,0.02381896336862039,0.950094892624365,-21.959360161728544,1.144409225162235e-06,2.782637596130371,-0.34284019470214844,4.01020622253418,2.9580269716666048,-0.0880730152130127,0.9208795428276062,7,1.509556776644302,-0.04305736868541565,54.07266743864347,-240.97076539172159,128.99614704827155,369.96691243999317,-0.12043533052076194,-0.6581958416398597,639.2663043478261,64.47148886795937,72.86554657550613,10.869565217391305
52,ANGER,0,0,60,60,30,1.0,8.0,1.1842378929335004e-14,1.430431122142618,2.8359451606988273,0.2897801816992285,6.2551198139544795,2.6091716785464123,-0.3230199766239781,-0.035781475329134005,0.01217410109888267,0.9767028900395054,-21.959360570290528,-6.675720101156912e-07,3.580409049987793,-0.2658303380012512,4.8254570960998535,2.7195909090157473,1.576368808746338,1.2834861278533936,4,1.3296760758261987,0.059835364035830924,62.650303387640975,-261.1962512008592,204.52096749353922,465.7172186943984,0.7271539644175191,-0.34493596498717377,673.6709770114943,123.20258610110206,189.44305707784596,33.33333333333333
52,ANGER,1,30,90,60,30,1.0,8.0,-3.049412574303763e-13,1.5051352848990835,3.106254651326168,-0.05939012183766579,6.60785623324216,2.4162652682806174,-0.31631527752993494,0.04194371996850554,-0.020375820093610827,0.9505403421195148,-21.95936088707421,-1.5894572413799324e-07,3.5795068740844727,-0.5497115850448608,4.334857940673828,2.0424825185995443,2.363755702972412,1.7144804000854492,3,1.1547861649020825,0.068285841205544,56.07954781805037,-233.2433791339865,158.26299217062905,391.5063713046155,-0.1538182350891164,-0.545734012583989,670.2769886363636,109.8240927091623,160.70341683508556,21.59090909090909
52,ANGER,2,60,120,60,30,1.0,8.0,1.4062824978585318e-12,1.461658117536753,3.048229167748673,0.06601191613349044,6.361818552849741,3.035762120912053,-0.5506355545366644,0.16368677540088272,-0.006403035489535684,0.8961606636715673,-21.959359175851397,1.9073486612342094e-07,3.7705636024475098,-0.2626197934150696,4.852349281311035,2.4645017626041397,3.2232131958007812,1.8226583003997803,2,1.7897656157116844,-0.060713533030717935,51.78942531784048,-233.2433791919469,158.2629921550743,391.5063713470212,0.26692178879868056,-0.5544011823436119,685.3197674418604,122.4736145123103,168.35465672554614,32.55813953488372
52,ENTHUSIASM,0,0,60,60,30,9.0,9.0,1.0066022089934752e-13,1.2328391933721567,3.667124447646586,-0.3885865311797687,5.246185108750723,2.893760514931994,-0.18560071549956625,0.7532815244988393,0.004376912274705972,0.7973281990319084,-21.959360481472693,0.0,2.130664348602295,-0.8077819347381592,3.020155429840088,2.2870344477530367,-1.2147873640060425,0.5966865420341492,6,0.6961100073643595,-0.08544290777380394,51.77792695488389,-271.03964689115537,230.67713495588737,501.71678184704274,3.4286024559772352,-0.3254616249115768,671.6974431818181,131.72239661760784,183.03164669676318,28.40909090909091
52,ENTHUSIASM,1,30,90,60,30,9.0,9.0,1.0066022089934752e-13,1.2421695783419977,3.3286802702640728,0.011035889777843977,5.539046722345375,2.9679443705754234,-0.3668306139916897,0.5244295404173409,0.001341199814434253,0.905566779922343,-21.959360481472693,1.5695890454026085e-07,2.5655202865600586,-0.12709258496761322,5.311552047729492,2.784565178355077,0.9457337856292725,-0.25953468680381775,9,0.9421542438263438,0.2784434590081144,55.18001361998676,-271.0388724495681,230.6710061017808,501.7098785513489,2.0848757574404706,-0.1688676723942449,669.2116477272727,132.7775602897819,186.43435198636197,36.36363636363637
52,ENTHUSIASM,2,60,120,60,30,9.0,9.0,5.3290705182007514e-14,1.4210061889485415,3.2085889205774265,0.18495637359201567,6.1014825539153605,3.0129443594214753,-0.2503781522438606,0.1727609093584436,-0.0016120440488280195,1.120364920936404,-21.959360528842204,3.337860050578456e-07,2.7446815967559814,-0.18072132766246796,4.160529136657715,3.0556149255883365,-0.5099849700927734,0.6272156238555908,10,0.8345130328013571,-0.36560002870776886,57.55077154587908,-289.3152842250304,227.87610787944988,517.1913921044802,2.553917183132535,-0.6175073226252902,644.1915760869565,110.94834001533769,144.72428729757561,27.173913043478258
52,LIKING,0,0,60,60,30,9.0,7.0,8.940996091647927e-13,1.5059522400102991,4.302826827614581,0.04224953033649115,7.6442790239632075,2.9738004620056993,-0.00854948285771906,0.08009516691448182,-0.003183287844386217,0.9934095988628272,-21.959359688033697,2.5033949668795685e-07,3.8781068325042725,-0.21868768334388733,5.079495906829834,2.5793427141638117,3.0071325302124023,1.6004910469055176,2,1.577016419952766,-0.14851200020218763,55.60596843879498,-211.39795739447663,326.20189571706806,537.5998531115447,1.9849475131024406,-0.004254085937502341,665.379213483146,183.292169324655,219.3010004530666,33.70786516853933
52,LIKING,1,30,90,60,30,9.0,7.0,-5.565918096787451e-13,1.4013572247230601,3.3327753424899242,-3.935343642069711e-05,6.898562378137285,3.0125822562063678,-0.23130343779752982,-0.04150690402104811,-0.008722573291607225,1.0349776519813523,-21.959361138724873,-7.947286206899662e-08,3.981001138687134,-0.40646395087242126,4.804881572723389,2.0726468018325774,4.082235336303711,2.074552297592163,1,2.4454666427313962,-0.05849676599138345,44.05937780994618,-169.63837323220952,138.27633383045213,307.91470706266165,0.13601961650445382,-0.3500381806450463,665.3053977272727,129.18900417432064,149.6073644769773,14.772727272727273
52,FEAR,0,0,60,60,30,2.0,7.0,3.375077994860476e-13,1.3546039367478784,2.744080959384121,-0.20133876658121608,6.555858182667862,2.8842522401432866,-0.17044597469089862,0.03726125472821079,-0.007520245438628003,0.9055597302018242,-21.959360244625167,4.76837158203125e-07,1.7631915807724,-0.15820685029029846,3.377606153488159,3.240756262223103,-1.2410290241241455,0.22656162083148956,56,0.04003933867466942,-0.07380695283595898,58.13295642203079,-186.53080559347967,295.43217699033505,481.9629825838147,0.3584166536085318,-0.2654054360539419,675.78125,63.35841887308821,78.9290520570258,13.636363636363635
52,FEAR,1,30,90,60,30,2.0,7.0,-4.3816802038539515e-13,1.2370507657698167,2.720364698587474,-0.09371514341047771,5.0293300265202845,3.2007554847247177,-0.5922721318262498,0.13801618108833563,0.006391750313113141,0.8280058033972004,-21.959361020301024,2.7974447220913135e-06,1.7844756841659546,-0.0059469579719007015,3.602813720703125,3.2762620679766172,-1.0469403266906738,-0.009308373555541039,39,0.06781159849905531,0.19710779849150853,44.34017029468359,-179.13735509704503,139.90152411706893,319.038879214114,-0.0913911002392287,-0.6021637499667833,668.6789772727273,62.86527110882196,93.29992538896377,15.909090909090908
52,FEAR,2,60,120,60,30,2.0,7.0,-6.098825148607526e-13,1.294320719334862,2.5235969410424275,-0.17933172591284574,5.671513859486765,3.017545302617251,-0.3621946178309696,-0.15383738893755208,-0.0027006295292813483,0.7868959137840236,-21.95936119201561,-1.4066696394365863e-06,3.6133229732513428,-0.08922957628965378,5.181349754333496,2.7330840051036263,1.6304187774658203,1.0975950956344604,3,1.8090483613735717,-0.08971550395953258,40.29187920858012,-179.35363977435912,138.47442875175764,317.8280685261168,0.4537782955821137,-0.46900739335441693,689.4985465116279,115.46333371112254,169.63784684109368,26.744186046511626
52,AMUSEMENT,0,0,60,60,30,8.0,7.0,-1.1842378929335001e-13,1.451424575050264,3.569894546751584,-0.18981391664993907,7.699583422282785,2.848641165193275,0.09484209580520231,-0.09446424399548611,0.005013072930905031,1.0746017923358289,-21.959360700556704,-2.5431316430513107e-07,3.2573082447052,-0.04140441492199898,4.700374126434326,2.8447628411421713,0.6115283966064453,0.7488608360290527,4,0.5974468188999854,-0.09221558541048452,43.94957017343854,-177.1327597872177,216.74838559713126,393.881145384349,2.8801889882850205,-0.05446720115031176,668.3238636363636,111.08644770464291,140.63497729612098,19.318181818181817
52,AMUSEMENT,1,30,90,60,30,8.0,7.0,8.822572302354578e-13,1.381810750963218,3.5828293882417483,-0.10449957630740414,6.270425985558603,3.053162213622716,-0.2848439323473282,0.25503242656696723,0.007722533041618435,0.9506876784517986,-21.959359699876067,6.35782896551973e-07,1.923328161239624,0.0017521149711683393,3.4436914920806885,3.2752677099143366,-1.1045039892196655,0.2078857421875,23,0.03480324228503362,-0.10523379867676935,34.48406382915306,-92.76223113349454,55.88929230894303,148.65152344243756,-0.865333288896827,-0.5599558416289737,675.1077586206897,53.553861214878374,60.84285658706713,4.597701149425287
52,SADNESS,0,0,60,60,30,3.0,9.0,2.3684757858670003e-13,1.3708677296114606,4.099125631287848,0.2551393198686469,7.1797229999504,2.8572434811468117,-0.21571006927947645,-0.06964917892390028,-0.02621286058055942,0.9141870218124213,-21.959360345285358,6.35782896551973e-07,1.843619465827942,-0.07313787937164307,3.551176071166992,3.260851137632888,-1.1342747211456299,0.14368338882923126,42,0.11192668515794436,-0.21115576200097358,64.29133856144813,-362.18668719200286,335.67727471017065,697.8639619021735,5.280053744874698,0.001169191775461305,701.078869047619,150.2770205287779,231.62289822127192,48.80952380952381
52,SADNESS,1,30,90,60,30,3.0,9.0,-5.3290705182007514e-14,1.3502364082961178,2.976735549504639,0.07486441363369067,5.720718096820576,3.1475967685915447,-0.7988172773566848,-0.13808686592177538,-0.00030035931119644973,0.9146465277583667,-21.959360635423614,2.066294371161348e-07,2.882871389389038,-0.43351584672927856,3.859658718109131,2.5571529271742452,0.44648218154907227,1.3063291311264038,6,0.540404151501769,-0.015441346280602423,40.167485300060626,-157.53025976174428,136.54117816301147,294.07143792475574,0.1648581496697754,-0.2941022749527714,688.4084302325581,122.03173018007298,194.66252141243586,39.53488372093023
52,NEUTRAL,0,0,60,60,30,6.0,2.0,-1.4802973661668752e-14,1.2819731426083614,2.3889454133666277,0.08264349949591576,6.550872334631208,2.905937270591194,0.6501679322770313,-0.6358621823462307,0.0011601768687933478,0.8865361762901409,-21.95936059693588,4.450480162176973e-07,1.7272433042526245,-0.043272607028484344,3.349208354949951,3.298195597985912,-1.3087636232376099,0.12533235549926758,26,0.05023477904588743,-0.11702025391650499,38.99631652772126,-186.73856738482831,214.964513366105,401.7030807509333,2.8435847586726455,-0.11748355756162913,666.1931818181819,121.52085801566378,170.07779026486472,27.27272727272727
52,NEUTRAL,1,30,90,60,30,6.0,2.0,4.3816802038539515e-13,1.2453604023997804,2.446071830043195,0.08619907122415782,6.378374774766371,2.8894517606384387,0.07497619676885137,-0.4123660606882358,0.000291678406242767,0.754177423233533,-21.959360143964982,1.9073486612342094e-07,1.8456319570541382,0.03302697464823723,3.494953155517578,3.2930749358989693,-1.2403638362884521,0.02055502124130726,31,0.03604271056188862,0.0013458050144790215,29.870901706252774,-94.79780046279126,74.16917295187602,168.96697341466728,-0.3887918767845746,-0.4239461741761266,706.8900602409639,481.351143314123,667.7879270477048,20.481927710843372
52,NEUTRAL,2,60,120,60,30,6.0,2.0,-1.5395092608135505e-13,1.3033126675811635,3.26827043145812,-0.06444356597121725,6.129441144481262,3.0616553180290027,-0.19264333111148124,0.06972879527777351,-0.0020070252239440976,0.867491949078342,-21.959360736083845,-5.404154421739804e-07,1.9697728157043457,-0.07953570038080215,3.5451412200927734,3.284736929544401,-1.1388999223709106,0.24726776778697968,31,0.04494590367684781,-0.060594631407434284,31.833641521884815,-94.78944029301245,74.16917295187775,168.95861324489022,-0.5023463919236382,-0.5187716749822902,688.2267441860465,472.14400552459017,653.7482953245125,11.627906976744185
52,AWE,0,0,60,60,30,9.0,7.0,3.434289889507151e-13,1.3774301671229419,1.9671315138026557,-0.17474463007509655,4.518477012822331,2.407048442280091,-0.8936207382231429,-0.19847916057715112,0.014179686514518484,0.8960894520839976,-21.959360238703976,1.23977656585339e-06,2.6414122581481934,-0.13149034976959229,4.384501934051514,3.0888961443959553,-0.6495792865753174,0.3394738733768463,9,0.48337769461841495,-0.0480597867716007,58.6124057354594,-298.6913309186431,330.41419459513696,629.1055255137801,2.535102412425239,0.0024433339868569427,655.0347222222222,130.08081302427658,179.7084898585684,35.55555555555556
52,AWE,1,30,90,60,30,9.0,7.0,-2.4572936278370133e-13,1.2562806022962247,1.8138806593384516,-0.3277108064899892,4.7988161273060825,2.3548396267498983,-0.45816351092380536,-0.4229263039317201,0.004784957193511094,0.8677669780731277,-21.9593608278623,-1.6848246104927966e-06,2.8967530727386475,-0.17832548916339874,4.658116817474365,2.942600238823633,0.5015075206756592,0.6961526274681091,10,0.5656793329518199,0.240099144559676,50.14204921829173,-187.001332602101,220.18501017047757,407.18634277257854,0.5001053060076028,-0.28384946918166293,645.5502717391304,117.06276208847325,166.41876452323388,34.78260869565217
52,DISGUST,0,0,60,60,30,3.0,8.0,5.921189464667501e-14,1.3741243072408933,3.427456815302321,-0.039408414828301375,6.541284109378864,2.9301480801334896,-0.15930164855112583,-0.0016110102146346332,-0.00550716609892568,0.8678147968562268,-21.959360522921013,1.1603037819440942e-06,3.884554624557495,-0.3140002191066742,5.010069847106934,2.528508212821506,2.784292221069336,1.6812678575515747,2,2.2847757138646676,-0.12617284832445674,40.84511316134366,-211.61881296475727,245.55627096338733,457.1750839281446,3.434074919357143,-0.4044707880810341,708.3960843373494,388.76291780125644,554.495576123515,25.301204819277107
53,BASELINE,0,0,60,60,30,1.0,5.0,-1.5395092608135505e-13,1.2769166014454176,3.463223590506459,-0.3263334468908141,5.896983871787853,1.6541861950348224,-0.05098438850898335,0.19279998555959368,0.0066773520859037885,0.8483090156390414,-21.974062102508405,-1.3987223610456567e-06,3.4037201404571533,-0.25911745429039,5.182776927947998,2.6850353216971685,0.3724095821380615,0.9384540319442749,8,1.3523092540995076,-0.1370120731976313,80.33697463108706,-262.35578866362073,314.58574856218524,576.941537225806,0.2187792600026075,-0.4002995372731225,950.6048387096774,493.1182533424227,701.041425616438,58.06451612903226
53,BASELINE,1,30,90,60,30,1.0,5.0,-6.898185726337639e-13,1.27828538874189,3.4131253116854054,-0.05462052944338325,6.988250324982914,2.7039706774376207,1.116018127212909,0.07249867432312683,0.0020766208154308114,0.8961499777380366,-21.974062638376278,-1.716613724056515e-06,2.136188268661499,0.004362477920949459,3.768493175506592,3.220763226608651,-0.7825191020965576,0.2063683718442917,12,1.1132999582183383,-0.07579111337845615,112.55320013889789,-436.10502085547694,340.2763567554541,776.381377610931,0.27429670384555394,-0.37799134910666754,872.6679104477612,494.19012774816684,683.9775032157878,58.2089552238806
53,BASELINE,2,60,120,60,30,1.0,5.0,8.289665250534502e-14,1.2688922147137667,3.408558015835439,-0.07595831406455034,6.17592927832078,3.0100881978882157,-0.18255504035382497,0.338826196574508,-0.019597239447870247,0.8574902182169922,-21.97406186566082,2.670288040462765e-06,2.511803150177002,-0.2633892595767975,4.196596145629883,2.9889454362872283,-0.5848402976989746,0.6934468746185303,13,0.6675692413245193,-0.18414008747803215,120.96625447780329,-436.1050206823028,340.27635716520524,776.381377847508,-0.08783155892321437,-0.308920977903338,759.4150641025641,171.20663553428605,234.375,60.256410256410255
53,BASELINE,3,90,150,60,30,1.0,5.0,1.2138438402568377e-13,1.512849134481116,3.631366078666076,-0.1125971170480966,7.517587655816271,2.9008651747162038,-0.123971428852236,-0.046648134728959095,0.007689918138307765,0.9229510053868999,-21.97406182717309,4.323323537391843e-06,2.1490120887756348,0.3194623291492462,4.353721618652344,2.8747763306169123,-0.47768688201904297,-0.672960638999939,12,0.5796964095718697,0.3048387628025499,116.37624112661489,-363.17336343791936,604.8568084396361,968.0301718775554,1.3609103537307385,-0.001940973107985506,797.7311643835617,226.88988575212315,262.25910739137777,61.64383561643836
53,BASELINE,4,120,180,60,30,1.0,5.0,5.950795411990839e-13,1.1948945392495198,2.5444927473436962,0.09165964980049068,6.508751549996816,2.73786040498633,1.424604953559757,-0.7019110400360054,0.008698266757751184,0.8674919490783802,-21.974061353478103,3.178914482759865e-07,1.4226131439208984,0.6846410632133484,3.9104254245758057,2.3400456614400413,-1.263263463973999,-0.4358622431755066,10,0.29840371631464974,-0.04808343781274084,125.23119996211568,-670.0761162962979,604.8582278595559,1274.9343441558538,3.4357139209983227,-0.06042862560553547,879.1977611940298,247.0916005591479,291.27112316105075,73.13432835820896
53,BASELINE,5,150,210,60,30,1.0,5.0,-1.7171449447535755e-13,1.2139945652213264,2.66500483155383,0.13579192373747162,5.697340419796149,2.903476973504132,0.3085198757089871,-0.333826382077303,-0.003034844369769215,0.7541774232335333,-21.974062120271977,4.450480162176973e-07,1.823496699333191,0.39143598079681396,4.89857816696167,2.748244699211213,-0.09470772743225098,-0.5714699625968933,15,0.32181975578094685,0.5116495632546639,124.82306466751095,-670.0761149765465,500.87332653446515,1170.9494415110116,2.894498559979632,-0.46022818003813326,843.75,206.80351306180918,280.8092440994263,72.46376811594203
53,BASELINE,6,180,240,60,30,1.0,5.0,-5.417888360170764e-13,1.3940960603083508,2.610324816912879,0.14935700643086136,5.738431080532536,3.1575376288767254,-0.6845876746534256,-0.3942610823680665,-0.003513974028644203,0.9846487768160908,-21.97406249034645,1.8755595192487817e-06,3.7044711112976074,0.020328553393483162,6.715673446655273,2.5007566452981607,1.5968389511108398,0.28997763991355896,14,0.8174137243552856,0.30158113274309406,131.55915414257228,-892.8514598972223,430.65661537493077,1323.508075272153,2.3795685629998857,-0.6660422609794201,857.0429104477612,191.9888364714431,291.3219181430232,70.1492537313433
53,BASELINE,7,210,270,60,30,1.0,5.0,-2.6053233644537005e-13,1.5171520678917443,2.7614256213325916,0.3807730473766924,5.961246502069173,3.174636535562674,-0.9716495531985858,-0.27541156503673875,-0.006514174252854222,1.0180775436781333,-21.974062209089837,-2.3841858265427618e-08,2.3789196014404297,-0.0823223814368248,4.519587993621826,3.0840529787174673,-0.23969531059265137,0.004744676407426596,12,0.7901279282551689,0.7045933144589257,121.95550534221778,-891.7807077480174,429.0839037284114,1320.8646114764288,3.2751678973664378,-0.5559853538452195,848.5054347826087,213.92566787620126,316.39348421959903,73.91304347826086
53,BASELINE,8,240,300,60,30,1.0,5.0,-2.3092638912203256e-13,1.5118688123325525,3.7147962158940118,0.22458803235814173,7.8230544485506925,2.8628706572833527,-0.0875506472944978,-0.2699639728795419,-0.0038300152630015264,0.9764160463063797,-21.974062179483884,-1.112619997911679e-06,1.6260764598846436,-0.006979345344007015,3.651517152786255,3.1350729885788926,-1.0018962621688843,-0.4010167419910431,12,0.42026888073260893,-1.157862043018255,92.9173865757961,-352.8291231810697,351.72565813035123,704.5547813114209,0.7582949481230132,-0.27673166798963916,832.0862676056338,328.21765602778015,428.7835459075726,66.19718309859155
53,ANGER,0,0,60,60,30,3.0,9.0,6.602126253104265e-13,1.5312882553534286,3.2468204940592216,0.13401465313158667,7.441028655966875,3.002702009723631,-0.09162346506119778,-0.24180316939631857,-0.01516727712490037,1.0668305448182358,-21.974061288345062,2.2252400810884865e-07,2.932255506515503,-0.1503668874502182,4.552054405212402,3.034258767860556,-0.17030644416809082,0.5515264272689819,14,0.6555550473522488,-0.204873386578341,76.35201901843001,-469.6286736924985,265.228618909343,734.8572926018416,3.060099407527604,-0.6567456514744421,915.1442307692307,157.46522624364255,214.0610743565665,64.61538461538461
53,ANGER,1,30,90,60,30,3.0,9.0,4.0856207306205756e-13,1.4806943645951827,2.466474850304934,0.3200065140013919,6.199645358974948,1.6021200144064762,-0.23741760764753206,-0.21145318040258412,0.001166713624991879,1.0186777726409624,-21.97406153999548,6.35782896551973e-07,3.1816487312316895,-0.032734502106904984,5.138823986053467,2.929741339824495,0.29769015312194824,0.491041362285614,9,1.0814149235632544,0.32250150148495077,67.20581550590458,-305.9938400555502,435.7831441840762,741.7769842396265,4.200438278763629,0.26372861384895796,914.794921875,184.93889269524408,240.7692569026296,71.875
53,ANGER,2,60,120,60,30,3.0,9.0,1.1250259982868252e-13,1.2689253833328629,2.5216417118848256,0.14603394475898313,4.9607031324548245,3.117050943768338,-0.8017513850610678,-0.13607613041838684,0.015955503294163197,0.8078858302743717,-21.974061836054876,-1.271565793103946e-06,2.699484348297119,-0.20763486623764038,4.149763584136963,3.049296646705544,-0.42983174324035645,0.729220449924469,9,0.9080603371979971,-0.03286149823353927,56.74989252066841,-250.10891715360373,435.78314418407814,685.8920613376819,7.775930064571577,0.49933380612402356,876.6324626865671,235.49502471803805,276.8022148499418,76.11940298507463
53,ENTHUSIASM,0,0,60,60,30,5.0,1.0,-2.723747153747051e-13,1.3223265023147082,2.7449458384005254,0.49146798680546055,6.090484715436162,1.6915345014655103,-0.04137754329299126,-0.26708224760008714,-0.00989970400253401,0.8678147968562064,-21.974062220932222,-8.900960324353946e-07,1.8998051881790161,0.18703219294548035,3.643435478210449,2.853600721710323,-0.9100358486175537,-0.3721033036708832,9,0.16100417162694944,-0.24417559047939197,68.04851180157098,-420.41546525374724,305.9050466574196,726.3205119111668,6.493384259700775,-0.38169249087832496,900.0,269.0184206416565,401.78871759170187,70.76923076923077
53,ENTHUSIASM,1,30,90,60,30,5.0,1.0,5.565918096787451e-13,1.237166453950878,2.648643061909439,-0.03972555722135951,5.530264250808159,3.120941351722264,-0.5268521081472288,0.04710745311026184,-0.008493397400991731,0.9505403421195192,-21.97406139196581,-2.8610230629055877e-07,1.8355356454849243,-0.19622603058815002,3.3500022888183594,2.865128484499858,-0.9607298374176025,0.6183221936225891,12,0.09987510457663633,-0.10925420152972616,72.40141921596111,-466.4770797006953,444.1589538127546,910.6360335134499,12.777375428014581,-0.3252232827953616,897.5961538461538,236.98145052964003,367.7740079821651,70.76923076923077
53,ENTHUSIASM,2,60,120,60,30,5.0,1.0,6.602126253104265e-13,1.3595735295969829,2.838858183036308,-0.1993283351406916,5.814501385334836,3.150497943114926,-0.5624345317313915,0.08301248383606763,0.006878749080685931,1.0268259552114904,-21.974061288345062,-9.536743306171047e-08,1.1834708452224731,0.3840160369873047,3.300861358642578,2.6144984791275774,-0.40147924423217773,-1.0561884641647339,7,0.3281731843953319,0.16340234469869966,83.59525362239384,-467.3165039435461,443.67762425418084,910.9941281977269,8.66002818575946,-0.11273939725216355,1008.7719298245614,698.115947122372,1021.1602253883465,82.45614035087719
53,LIKING,0,0,60,60,30,8.0,5.0,-3.1086244689504383e-13,1.2991244736487557,2.273452035154122,-0.02752946449788851,5.080419756409782,3.2111988855239777,-1.0100051309281548,-0.06542013357224602,0.0015208945468648913,0.8579949089918538,-21.974062259419963,1.3669331337951007e-06,3.085145950317383,0.04725705459713936,4.692980766296387,2.94169195894579,0.22661638259887695,0.579832911491394,3,0.7398165686989607,-0.14701657145076358,62.96129870603218,-250.81494135723318,275.2675736959657,526.0825150531989,0.8630594516636192,-0.45140962375100646,841.0714285714286,223.10575777806972,285.8607072971892,70.0
53,LIKING,1,30,90,60,30,8.0,5.0,4.855375361027351e-13,1.2436696130579388,3.0584732143132953,0.10005553170238102,5.449545724240323,3.0339393766834863,-0.8002285219403373,0.027792652863059302,7.639196353948917e-05,0.8772853580700479,-21.97406146302005,1.0808308843479608e-06,1.7536157369613647,0.043622009456157684,3.639547348022461,3.3064779755676326,-1.1529635190963745,-0.10813400894403458,46,0.024818794282268904,-0.016345115460490483,66.28931762168355,-193.93411089647566,119.03988271277632,312.973993609252,-0.5038473985344658,-0.6932794351514109,878.4981343283582,181.96983689619313,268.2923671497818,50.74626865671642
53,FEAR,0,0,60,60,30,3.0,6.0,-6.187642990577539e-13,1.1288185223972362,2.9274230902203158,0.3503293490286552,5.960643552040779,2.293040500550373,0.474619666682389,-0.5723029021771412,0.003980194918599751,0.7868959137840208,-21.97406256732196,-1.5894572413799324e-07,3.606503963470459,-0.47804176807403564,4.694978713989258,2.3926840535936327,0.8113274574279785,1.1258630752563477,9,0.6816292007433291,-0.19980356128299434,79.66556756206599,-348.4609070303442,470.17846123966643,818.6393682700107,4.869845853292376,0.07941141525510541,906.25,173.31164493342982,248.7533001704764,56.92307692307692
53,FEAR,1,30,90,60,30,3.0,6.0,1.0066022089934752e-13,0.9915399640924508,2.2826624753037095,0.03978053628692635,4.845028337842905,2.9602393081697547,0.10176599315516421,-0.15623497470717362,-0.0066530455520388285,0.7318397160925609,-21.974061847897254,3.989537617599126e-06,4.27348518371582,-0.38607561588287354,5.340936660766602,2.3202591872130087,3.35984468460083,1.7701228857040405,7,1.0844679028047863,0.0004959629571470299,51.54127396667029,-312.5494666415351,297.8041703989445,610.3536370404796,5.055201546023879,-0.43617660857364565,954.6370967741935,364.21159216540957,503.3029990090218,43.54838709677419
53,FEAR,2,60,120,60,30,3.0,6.0,-3.019806626980426e-13,0.9804935587730298,2.6761467730544553,0.04787388865139519,5.3916657905006105,2.8950670992572434,0.25182144053733513,-0.03840250598735625,0.0004661645957000063,0.6966403926111012,-21.974062250538175,-9.854634299699683e-07,3.7944583892822266,-0.31567949056625366,5.237160682678223,2.6175447191461614,1.4782805442810059,1.1900051832199097,5,1.3911877896686138,0.055868224667596805,45.41979384488598,-167.47544861095196,144.19028169708227,311.6657303080342,0.5159247556383839,-0.389295280801109,968.75,362.9212010879945,497.0824905219199,36.666666666666664
53,AMUSEMENT,0,0,60,60,30,7.0,5.0,-2.2500519965736504e-13,1.2139234972959563,3.3657665879978538,-0.053947268114740154,6.182545740887235,2.924620397722781,-0.2617773376084207,0.06145602420802612,-0.0045507926386561095,0.7760363299949539,-21.974062173562693,-1.5258789289873675e-06,2.6184022426605225,-0.03303951770067215,3.98417329788208,2.9440380133048403,-0.8367044925689697,0.45331287384033203,9,0.3112271864917592,0.030116472601372644,74.77793178939613,-421.9684740864367,351.8046295314583,773.773103617895,4.03830604193899,-0.39622630425295174,913.2211538461538,537.9009136948234,773.5410678764291,76.92307692307693
53,AMUSEMENT,1,30,90,60,30,7.0,5.0,3.4935017841538257e-13,1.2658835443907075,3.4038634717937555,-0.573744498299078,6.314526016354449,1.757547158624834,0.5297074632484811,0.5694633137907008,-0.005723265000161208,0.8482939644622732,-21.97406159920735,-5.753835012001218e-06,2.3776161670684814,-0.06795312464237213,4.260589122772217,3.0487160595437395,-0.22931551933288574,0.2796628773212433,9,0.3174297171342547,-0.4069349075418359,56.48421171547071,-339.04346554046253,252.30897934581805,591.3524448862806,3.9405329032786893,-0.8305534484800846,918.9453125,211.6893933184929,258.4149256709523,64.0625
53,AMUSEMENT,2,60,120,60,30,7.0,5.0,4.855375361027351e-13,1.1112495043105532,3.476172770251651,-0.4120238244244234,5.936548020471832,1.2024116118576629,1.6596737650185656,1.134483974718804,0.0017083199703589347,0.7762167902303169,-21.97406146302005,1.62124638336536e-06,2.1027092933654785,0.10840754210948944,3.958305835723877,3.1298197690061587,-1.0305050611495972,-0.09842084348201752,6,1.034866498777803,0.1122330090292662,70.3338654067276,-670.3091869761386,524.662186740859,1194.9713737169977,21.327751623389652,-1.131456773475264,927.827380952381,185.9273041099517,242.865368979599,57.14285714285714
53,SADNESS,0,0,60,60,30,3.0,3.0,1.734908513147578e-12,1.4819304194770486,2.9410749707075468,0.282887687854938,6.491595477547918,2.260965578167275,-0.2984803430347873,0.06957762681919306,-0.004931622100882407,0.9418067021184331,-21.97406021365046,-2.9404957331280457e-06,4.187400817871094,-0.1634303778409958,6.0575151443481445,2.5004828065151754,3.4798741340637207,1.5957542657852173,7,1.3487254388230412,-0.13084554115515307,79.81324439550716,-372.7658315343175,477.8526597688664,850.6184913031839,5.579137471593729,0.26927150640032527,1271.3994565217392,1482.1103290624444,1694.106794113379,78.26086956521739
53,SADNESS,1,30,90,60,30,3.0,3.0,-1.7763568394002505e-13,1.222714728730357,2.9864619247717883,-0.18991635331531143,5.247477695498048,3.100444617523523,-0.1276716690170412,0.5846849462481439,0.009315479099545974,0.9591214520885636,-21.974062126193168,3.5603841297415784e-06,2.9250216484069824,-0.06856948882341385,4.904169082641602,3.0000417100829124,-0.04300403594970703,0.37299948930740356,9,0.9183829284188538,-0.06267861549647437,77.882558692299,-344.25113925246524,340.4994257410618,684.7505649935271,1.8176930852115358,-0.19253859067464077,908.447265625,214.11014610481112,274.69770542376097,65.625
53,SADNESS,2,60,120,60,30,3.0,3.0,3.4638958368304884e-13,1.2742496518307194,3.0891032086948655,0.21799242546158837,5.700133066918056,2.825049503475478,-0.32829687647113737,0.3988848985023468,0.0031051596998536127,0.9594134665426262,-21.974061602167943,-6.993611805228284e-07,1.3299307823181152,0.4823170304298401,4.075081825256348,2.3375350651716356,-0.5757291316986084,-0.9421883225440979,7,0.40994891994069294,-0.10235507511670372,57.31569027588327,-236.33330296484394,157.5931538632501,393.92645682809405,0.6161899696984969,-0.7257389233331436,870.6341911764706,178.16970480669042,219.66426744418638,48.529411764705884
53,NEUTRAL,0,0,60,60,30,4.0,3.0,5.358676465524089e-13,1.3407243694516582,4.190411134084826,0.3543496207928598,7.470239901116571,2.652711078947929,0.29214468967474794,0.2044322526703604,-0.011689706602787661,0.8961606636715685,-21.974061412689966,-2.6067098133353284e-06,2.142991065979004,-0.06332731992006302,5.186450004577637,2.8984568535308575,-0.1270153522491455,-0.47375407814979553,18,0.47991304327962087,-0.07995973672891475,123.71578718059108,-511.3979880074468,488.91322590668653,1000.3112139141333,1.5000731870893365,-0.32153211748443034,857.7898550724638,212.54231790220834,287.6181123270976,57.971014492753625
53,NEUTRAL,1,30,90,60,30,4.0,3.0,-2.901382837687076e-13,1.2676345338854849,2.784963074029889,0.7183638377448176,6.054366074219786,1.3822731036537208,-0.05245619335809426,-0.274315162818546,0.007820627267530238,0.9418067021184267,-21.974062238695794,2.8610230629055877e-07,2.072371006011963,0.13980010151863098,3.9476211071014404,3.1262120186420823,-1.0902585983276367,-0.16310815513134003,7,0.5132125273469795,-0.7567486815859664,81.57958183114567,-488.4557995726021,360.30913298781286,848.764932560415,2.351875676329695,-0.5749672882221154,858.2261029411765,153.26714808942867,166.7638087549207,41.17647058823529
53,NEUTRAL,2,60,120,60,30,4.0,3.0,2.0724163126336256e-13,1.2190768034904638,2.4933222850371806,0.42009257355211105,6.00485887330251,1.328175656514003,0.2106640824829098,-0.2801909224482765,-0.009042898684188823,1.0268259552114785,-21.974061741315857,8.265177484645392e-07,2.9736340045928955,0.012867207638919353,4.5847578048706055,2.8259332753336066,-0.6695799827575684,0.16087272763252258,10,0.3246114425682908,-0.2116998222343604,76.05586517804217,-330.8743706506244,210.284662443947,541.1590330945714,0.06037940956627308,-0.5225528843836805,870.8639705882352,180.15822199156858,215.4095966054008,51.470588235294116
53,AWE,0,0,60,60,30,7.0,5.0,1.2049620560598366e-12,1.0675673204232015,2.7125889226638833,0.014775478949502485,4.863994378973757,3.0193276531440967,-0.46275931164280637,0.09088558896841743,0.0072433470884879034,0.7316483103835055,-21.974060743596137,-2.8610230629055877e-07,2.0165088176727295,0.1408916413784027,3.674750328063965,2.9336097725092,-1.2178629636764526,-0.29395198822021484,11,0.20018968701802506,0.2660486034130223,94.68634814801399,-610.5666251246466,293.42265913269927,903.9892842573458,4.326631040275163,-1.1416547123387943,792.0833333333334,209.52075738671073,283.8770886066905,70.66666666666667
53,AWE,1,30,90,60,30,7.0,5.0,3.5231077314771636e-13,1.2174405200220253,2.865230482903769,0.08789994986742045,6.982454643553382,2.73112839274567,1.1292223048792858,-0.3444997934677128,-0.001118100557285742,0.659459053469299,-21.974061596246756,-1.430511474609375e-06,2.2302403450012207,0.023433588445186615,3.8199634552001953,3.078433645472768,-0.8241996765136719,0.3568309545516968,9,0.19933191122215507,0.6821645252312981,88.66473599564314,-344.9950564679167,257.3510094933721,602.3460659612888,0.49141752658698223,-0.4458419765332079,828.125,219.39604393471387,289.12828520912825,71.42857142857143
53,DISGUST,0,0,60,60,30,3.0,3.0,1.4802973661668752e-14,1.3424213295719065,3.190252460133536,0.36223263760035707,6.540808206374749,2.6783957240723035,0.2498539058074809,-0.3908982546226219,0.011270013409614421,0.9505000708907202,-21.974061933754495,7.5658163041225635e-06,2.112245798110962,0.06288863718509674,4.050627708435059,3.1879309601787003,-0.8377683162689209,-0.03889423608779907,10,0.2857650764555863,0.27138857808052197,74.28229476773019,-468.06863962911444,308.9904590025953,777.0590986317097,3.916466165636656,-0.9125905437136116,894.6496212121212,238.1240316149267,310.64352405685446,69.6969696969697
54,BASELINE,0,0,60,60,30,5.0,1.0,1.0598929141754827e-12,1.3569041268000581,3.304697872040663,-0.022210941819622576,6.806727932088563,2.9554573105951865,0.09976862037163281,0.10839353365349494,0.009521580141461525,1.0152159213134515,-22.003026600258742,1.3669331337951007e-06,1.3994640111923218,0.2764083743095398,4.701113700866699,2.8260754130722963,1.0615172386169434,-1.0602854490280151,7,0.8632133169665195,-0.03096851970258007,87.3537587481771,-455.1255833472037,445.455058031759,900.5806413789627,5.037585692261629,-0.5353435013683067,823.3506944444445,558.1714253434454,789.1458391005546,75.0
54,BASELINE,1,30,90,60,30,5.0,1.0,7.815970093361103e-13,1.6104693382052473,3.699024821299446,-0.08178161820069363,7.298861677301716,3.082197882766759,-0.40895752005751795,0.025369304531489053,-0.010319893578567309,1.018108896846404,-22.00302687855439,-1.5258789289873675e-06,1.8803391456604004,-0.2734823226928711,3.8017418384552,2.9955482564345353,-0.9966647624969482,0.5168811082839966,12,0.40047474205086636,0.1832401794986563,81.01400419229546,-454.6267516634874,392.82424891990047,847.4510005833879,4.8834864086429794,-0.47073774966102855,819.2274305555555,215.18131513468754,263.1408278669294,45.83333333333333
54,BASELINE,2,60,120,60,30,5.0,1.0,8.585724723767877e-13,1.2300405492374904,2.577978470089448,0.022853061003047515,5.671780363267942,3.0529784385713956,-0.24895849074018717,-0.3300936197429298,-0.007267653622343945,0.9055667799223109,-22.003026801578994,1.3987223610456567e-06,1.486628532409668,0.2915937304496765,4.600099563598633,2.688859892964805,0.9283990859985352,-1.3319101333618164,13,0.5645965718263278,0.13805012255365903,64.3569709933563,-268.4436407460234,325.42434065321527,593.8679813992387,2.6906407656201656,0.2434671234425665,781.0444078947369,229.87334348138629,292.31698334171415,60.526315789473685
54,BASELINE,3,90,150,60,30,5.0,1.0,8.348877145181177e-13,1.5426677554428896,4.008954756687189,-0.012168892554953459,7.107827745173267,2.8576822120161403,0.3094526358735892,0.25534293396097074,0.0027153870676841765,0.8579949089918552,-22.00302682526373,1.5576680425510858e-06,1.9069464206695557,-0.08110642433166504,3.8387789726257324,3.2488843205737585,-1.093617558479309,0.002371462993323803,14,0.576885950753348,-0.006145087530055419,66.26758716118523,-268.44364136298566,325.424340653507,593.8679820164926,1.9849133543932442,0.10643643965539015,729.7453703703703,252.08414040848763,312.1677921707331,82.71604938271605
54,BASELINE,4,120,180,60,30,5.0,1.0,1.4210854715202004e-13,1.6675656040200053,3.26687975048614,-0.7827658800529491,6.258376889491757,1.7637263502593947,-0.49128066916224666,0.13228906484988223,0.01813267425509661,0.9146465277583388,-22.003027518042558,-2.2411345526052173e-06,1.6302711963653564,0.18634916841983795,4.048131465911865,3.162391634966788,-0.5287187099456787,-0.49092739820480347,10,0.8285878431701112,-0.010972847686797516,50.88830796383317,-236.36367713166626,244.93154791539814,481.2952250470644,3.3642023546083006,-0.3544513811233414,712.842987804878,227.1273987240377,281.07847993525945,89.02439024390245
54,BASELINE,5,150,210,60,30,5.0,1.0,1.0510111299784817e-12,1.8194779466486122,4.236998643618506,0.25647571761879817,8.997912113446205,2.9865331924279412,-0.021306771081555098,-0.23598363392628774,-0.01781270831788555,0.9327147715269127,-22.00302660914052,1.0172526572205243e-06,1.9029481410980225,0.2679559290409088,5.623920917510986,2.69116456939623,0.7107899188995361,-0.9869608283042908,7,0.8309896075029096,0.10355834544894708,57.84212215050348,-274.3298144533063,332.5510224961799,606.8808369494861,4.2716872994499155,-0.2655837941702675,740.8203125,242.52947413514136,316.9871674368227,85.0
54,BASELINE,6,180,240,60,30,5.0,1.0,8.289665250534502e-14,1.6139787013461033,3.2838897770986364,-0.18363732675261701,7.497696190813485,3.007237158665609,-0.49836534333470306,-0.10990352000379768,0.0019585850126955136,0.9674914608215688,-22.003027577254446,4.450480162176973e-07,1.699121356010437,0.008997435681521893,4.613229274749756,3.01565025625731,-0.5389506816864014,-0.39384353160858154,8,0.32112447497015967,0.18170812158592156,76.55939125454307,-644.7053737610456,465.956378529124,1110.6617522901697,13.37392101830212,-0.9818974734959116,756.4935064935065,204.7372542946089,292.54766888334444,66.23376623376623
54,BASELINE,7,210,270,60,30,5.0,1.0,5.358676465524089e-13,1.499799130554875,2.596701671775037,-0.07485412762449073,7.412232491194004,2.833967181600385,-0.3870510232740956,-0.19520575070654358,0.02157936075660648,0.8473028167779242,-22.003027124283594,-1.7325083945252118e-06,1.86623215675354,0.3092990517616272,5.085630416870117,2.745076207786956,0.661576509475708,-1.0605868101119995,12,0.4393011383900423,-0.12780294710025045,98.32105593155273,-644.6972574482919,471.77213681868824,1116.46939426698,8.30478326320838,-0.7850537793201049,735.546875,233.41410355869837,365.4802672533529,66.25
54,BASELINE,8,240,300,60,30,5.0,1.0,-7.727152251391089e-13,1.2291181763008279,2.46941883453502,0.0068787490800303885,4.928649759025205,3.2163873999481516,-0.8381702738973131,-0.06499805846100601,-0.003597367010393856,0.7968010398344388,-22.00302843286662,-4.00543194700731e-06,2.3373465538024902,-0.032222047448158264,5.332329273223877,2.885306000291686,-0.15899181365966797,-0.07258433848619461,12,0.35952083862780104,-0.07735802134610086,100.00845562018411,-508.4788188567795,471.7721608170948,980.2509796738743,4.899211095354029,0.03348761225584198,775.6990131578947,285.7248634158623,382.4009267117432,78.94736842105263
54,ANGER,0,0,60,60,30,2.0,7.0,-8.881784197001252e-14,1.1218937814234833,2.565250689126941,0.21087012412408512,5.871613129519204,2.846915983699615,0.1580871371376098,-0.6131823496648983,-0.0048517658883574285,0.7652846825522527,-22.003027748968943,-1.1920928955078125e-06,3.4110796451568604,-0.43664753437042236,4.809016704559326,2.360853855801902,2.3079404830932617,1.7623502016067505,10,0.7395428664892316,-0.0491728304095347,50.63010305628378,-266.48597124866546,171.56041926288947,438.04639051155493,0.9205835499632502,-0.6964830893384076,817.7083333333334,125.43936866577258,130.67551166378323,23.61111111111111
54,ANGER,1,30,90,60,30,2.0,7.0,1.0746958878371515e-12,1.1381870908907799,2.5382228190636624,0.2507540160532784,4.60802227095769,2.540271021668285,-0.47713547157700864,-0.10384630031400055,0.004232809252571757,0.786895913783984,-22.003026585455785,2.400080347797484e-06,2.9096221923828125,-0.052597351372241974,5.655240535736084,2.672574885955708,1.0914826393127441,0.10101398825645447,8,0.9978082771984993,-0.022691361757959546,44.535037388574885,-236.59653766209038,243.95458815997927,480.55112582206965,2.706085784521793,-0.43558047224820107,860.5238970588235,156.93219026121847,207.91215978076292,48.529411764705884
54,ANGER,2,60,120,60,30,2.0,7.0,8.31927119785784e-13,1.3161889304934118,3.640714530524747,-0.14951614509577382,6.18481490096201,2.32241064124889,-0.05038937079795325,0.15484986962037292,0.005010618335911568,0.8678147968562117,-22.00302682822432,2.9246011763461865e-06,1.7736365795135498,-0.013204313814640045,4.199645519256592,3.0461218776525842,-0.4363851547241211,-0.17210796475410461,5,0.5466870130998547,0.06728384612061845,42.028919969003844,-236.59653770737188,243.95458816054588,480.5511258679178,3.8545429080108375,-0.41643795499855496,871.09375,148.90318741858476,202.03676631749443,38.23529411764706
54,ENTHUSIASM,0,0,60,60,30,9.0,7.0,-6.513308411134251e-14,1.1941535334496645,2.994607406360217,-0.36162536227095643,5.740840981372486,2.872020424763515,-0.2293863962275564,0.5031709992579587,0.004890760751800585,0.8960858896107251,-22.00302772528418,6.35782896551973e-07,1.4539753198623657,0.24149471521377563,5.93790864944458,2.4593370410165303,3.7177271842956543,-1.673458218574524,10,0.37842569333131093,-0.04250834578591509,54.05253552072278,-508.8644256247699,260.65983375518556,769.5242593799555,22.494459595833924,-2.0248934832553602,765.2191558441558,115.48861828006496,134.20803197662752,15.584415584415584
54,ENTHUSIASM,1,30,90,60,30,9.0,7.0,4.3816802038539515e-13,1.1164367295175432,2.1615614831695495,-0.06554807154834918,4.9156216618563064,3.082112594549812,-0.3896763480650822,-0.04588658432117632,-0.003374063769349462,0.7868715740863661,-22.00302722198317,1.3987223610456567e-06,2.448730230331421,0.08563728630542755,4.798159599304199,3.0001703231622177,0.04186582565307617,-0.27342674136161804,14,0.5849938588952786,-0.03644745046688813,30.5716315958743,-152.8735780996934,162.61028019732242,315.4838582970158,1.4574298836169435,0.024997032217311515,770.1480263157895,77.21620541949704,96.2851667357612,9.210526315789473
54,LIKING,0,0,60,60,30,5.0,5.0,-5.299464570877414e-13,1.2766721770886769,3.1822901190381003,-0.7991327135613346,6.007358973926813,1.3648897233132018,0.058524461187241084,0.5461128073858583,0.008522044387303803,0.9594134665425627,-22.003028190097695,-3.24249276673072e-06,1.7840689420700073,-0.09478873014450073,5.506463527679443,2.771442097445314,0.15351176261901855,-0.3154180943965912,8,0.4718894234306963,-0.030146066196387964,52.973634882142,-347.89052566243834,382.8025341124868,730.6930597749251,15.337535282344366,0.3548172100857211,746.8354430379746,137.18595188412144,214.15152907193112,59.49367088607595
54,LIKING,1,30,90,60,30,5.0,5.0,3.434289889507151e-13,1.1431895822440135,2.214465575396929,-0.16619664863490868,5.327638907966303,3.007100689913771,-0.1979788618264835,-0.24940933389168932,-0.0034298255449150225,0.8868916829414555,-22.003027316722164,-6.48498553346144e-06,1.157258152961731,0.487994909286499,3.3212499618530273,2.7868359491693364,-1.0323165655136108,-0.6205657124519348,15,0.1271056186497994,-0.11066025770217557,26.879060453174123,-80.29525217642136,71.95574783678603,152.25100001320737,-0.49475167948665,-0.3378696577743709,743.868670886076,123.97965271104705,150.81700245385687,45.56962025316456
54,FEAR,0,0,60,60,30,5.0,1.0,5.565918096787451e-13,1.4852620448205331,4.294237499563991,-0.11788132197594337,7.456655027626624,2.9448882285338738,0.007936279990754969,0.2549420798861913,-0.0038519597562273484,0.9928037530275644,-22.00302710355944,-6.35782896551973e-07,1.6162458658218384,0.18747389316558838,4.376800060272217,3.024635877016726,-0.7798314094543457,-0.44899269938468933,11,0.10248744430424866,-0.03904058195126945,58.03089811027491,-386.7884379536535,344.4271658415881,731.2156037952416,8.964873453378763,-0.46353368227352226,758.4134615384615,87.58447292529878,81.98654664741547,33.33333333333333
54,FEAR,1,30,90,60,30,5.0,1.0,-7.13503330492434e-13,1.6068124899030614,3.3243870826638044,-0.07924685902729323,7.794258138736154,2.8380563917927573,0.02503064084873463,-0.036315443655921514,0.00822173988022694,0.8383591924422997,-22.00302837365468,-8.583068620282575e-07,1.3268357515335083,0.29583194851875305,3.307009696960449,3.064751145447597,-1.4395074844360352,-0.28396719694137573,9,0.12168872857004802,0.044946005413831674,38.55350697342709,-210.42392363634553,142.5934187870473,353.01734242339285,0.5877843581155462,-0.5240478959871244,782.6891447368421,82.13372098145057,89.54092988684002,21.052631578947366
54,FEAR,2,60,120,60,30,5.0,1.0,2.4572936278370133e-13,1.0830563389970507,2.574264488539768,0.06716736668401779,4.759077229502395,3.1071682161919076,-0.4585325113275167,-0.07103408709614718,0.0005784408340743909,0.7759623230976134,-22.003027414421762,-4.164377969573252e-06,1.8454748392105103,-0.09926795959472656,4.819489479064941,2.679615088371096,-0.16796135902404785,0.0741475522518158,8,0.2610432448550897,0.11780862307855204,43.77582050304971,-181.27793318870073,117.88445929862795,299.1623924873287,-0.4945330082309414,-0.4614716008129557,806.640625,102.79294264198413,120.86014353696031,27.77777777777778
54,AMUSEMENT,0,0,60,60,30,5.0,5.0,-8.881784197001252e-15,1.4458865587835756,3.1885095552368625,-0.0629872161791667,6.232484582128706,3.18327556485656,-0.692110764728898,0.035603718089834056,0.007845525553325036,1.0429342316538264,-22.003027669032882,2.2252400810884865e-07,1.6757378578186035,-0.1796908974647522,5.369410514831543,2.6349259359916783,1.171053409576416,-0.817841649055481,10,-0.06419117012254874,0.2211745295241272,38.63520064848706,-195.38355350244643,250.97844530758914,446.3619988100356,4.346468981454401,0.29367479425574927,778.5416666666666,102.05259005722192,157.5850900296794,21.333333333333336
54,AMUSEMENT,1,30,90,60,30,5.0,5.0,9.473903143468003e-14,1.670410133500623,4.029899495992595,-0.12472142687407484,7.294651597680968,3.112001646024523,-0.6080840210465355,0.028322219481861192,-0.007944145633780385,1.0349406414230637,-22.00302756541207,-3.814697322468419e-07,2.1001017093658447,0.10246564447879791,4.468745231628418,2.980982827523007,-0.19792866706848145,-0.5043039917945862,8,0.7175546342229528,-0.06116802533727017,42.16585145466272,-98.89694616255362,220.9119805779727,319.8089267405263,0.057341066763223036,-0.3188198067449357,802.0119863013699,82.1883744260189,128.6890531313108,16.43835616438356
54,AMUSEMENT,2,60,120,60,30,5.0,5.0,1.5987211554602254e-13,1.5582458880088987,3.7633299694157074,0.015292525822019343,7.649410237173271,2.992690677657913,-0.06737890213614373,-0.2615223606975515,-0.009449801491944044,0.896103701835309,-22.003027500278993,-1.9073486612342094e-07,2.4788007736206055,0.03518923372030258,5.6651787757873535,2.7929419859992475,0.4956362247467041,-0.1954668015241623,9,1.423152855827086,-0.07560363927503537,46.51087272236028,-152.31369756079772,183.4367942968868,335.75049185768455,-0.5624630515655946,-0.4973197340666249,820.0954861111111,94.55322922647716,71.6747439901695,12.5
54,SADNESS,0,0,60,60,30,3.0,6.0,-6.187642990577539e-13,1.3351401467172088,2.903373976795365,0.08813130820826132,6.283302604494878,3.013388956876052,-0.25421288878037585,-0.18241944729555207,0.006444244207275565,0.9851656929636736,-22.003028278915586,1.2079874522896716e-06,1.4340940713882446,0.20080167055130005,4.608635902404785,2.9020080725904984,0.6027717590332031,-0.9963710904121399,11,0.07210436252214511,-0.1516942136364565,63.4889397717122,-552.9393733088674,332.57750966618687,885.5168829750543,16.96346742659104,-1.725739339662555,790.5405405405405,106.97648111633033,147.84771529451587,21.62162162162162
54,SADNESS,1,30,90,60,30,3.0,6.0,1.0036416142611415e-12,1.3586595311143304,3.424396541276309,0.0775966527445604,7.3700991208205835,2.85899886804225,0.3411368291675152,-0.3034715325936401,-0.009200110982134644,0.976624450098567,-22.003026656509984,-2.2252400810884865e-07,1.5318329334259033,0.2371942698955536,4.0625319480896,2.987752831954143,-0.06495141983032227,-0.8696210980415344,10,0.21294494182226123,-0.12404935614192449,44.659967318008626,-100.70394620448005,83.46694435062014,184.1708905551002,-0.8957097705274086,-0.38948669657664686,801.097972972973,53.147488271163915,30.65573660253225,4.054054054054054
54,NEUTRAL,0,0,60,60,30,5.0,1.0,-6.483702463810914e-13,1.5715146816779828,3.4040862923930604,-0.19142243030394468,7.4361413462170844,2.2339460578407673,-0.5653138774891522,-0.26378777305291257,0.014231627897139602,0.950530267526683,-22.003028308521554,1.8437702919982257e-06,1.532439947128296,0.1340455263853073,4.297426700592041,3.032440570403361,-0.32393717765808105,-0.7149000763893127,8,0.5299832411318326,-0.44645438570985163,58.750716341546706,-329.21587562739916,287.8724406659418,617.088316293341,7.409910264755915,-0.5999992450373905,742.6819620253165,130.9155978063184,130.50047355376304,18.9873417721519
54,NEUTRAL,1,30,90,60,30,5.0,1.0,4.677739677087326e-13,1.543824612983884,4.101753630579452,-0.25786411124961717,7.77500911202651,2.8873359772906473,0.39726838629653516,0.4736530691819705,-0.014449366285716,1.026553117168864,-22.00302719237724,-1.3589858554041712e-06,2.6591684818267822,0.19620385766029358,4.283203125,3.012011117350557,-0.41896510124206543,0.3450491726398468,10,0.6020034251465283,-0.16711098796731985,32.72247130643361,-75.41930321697615,65.32940559326363,140.74870881023978,-0.8475545336057877,-0.36063943382521674,776.110197368421,40.616037304171606,25.832493265910927,2.631578947368421
54,NEUTRAL,2,60,120,60,30,5.0,1.0,8.852178249677914e-13,1.426717958878421,3.588318613803665,-0.17485194491335676,7.430677544906672,2.910755363971528,0.011596398936570829,0.06059795808631761,-0.0017257639036421823,0.9675540903404931,-22.003026774933662,2.0479162685660413e-06,2.5820236206054688,-0.22148528695106506,3.9666080474853516,3.014224009813359,-0.6106243133544922,0.6147721409797668,12,0.777890340333868,0.1367712546383833,35.31559842806817,-110.39817926408926,72.11949495455454,182.5176742186438,-0.8336369174007698,-0.36114657313893167,788.4290540540541,51.41337591585998,26.9394337496805,4.054054054054054
54,AWE,0,0,60,60,30,6.0,7.0,1.2878587085651816e-12,1.3844709938012967,2.54223947378307,0.17346010648857657,5.324125745735131,3.2349065080690855,-0.9522645815487021,-0.11270844255233181,-0.0037484147564797194,0.9851272066352649,-22.003026372293217,5.388259978644783e-06,1.5683759450912476,0.13931283354759216,8.955174446105957,1.600586161377148,19.548847198486328,-3.5520761013031006,33,0.44563123200659943,0.059451145702665166,28.694534205624084,-359.0832480728203,120.90084950308284,479.98409757590315,36.80097151030782,-3.1626426576154523,739.3196202531645,165.02871587100663,210.42866572159744,51.89873417721519
54,AWE,1,30,90,60,30,6.0,7.0,1.5987211554602254e-13,1.2258204876041183,2.971921408984457,0.043632977221363944,5.787798053624016,2.9430067834131974,-0.563918101264592,-0.38054547006114564,0.013642042125561612,0.9764160463064103,-22.003027500278993,1.3987223610456567e-06,1.9415358304977417,0.16845467686653137,4.03065299987793,3.172263371337564,-0.8811285495758057,-0.3948698937892914,33,0.3464510823856676,-0.010657270017326088,25.83267262861668,-118.07051325803168,110.03287081246252,228.1033840704942,0.7268955057311519,-0.1877564148422663,711.972891566265,184.67112644413754,217.02828543033112,53.01204819277109
54,DISGUST,0,0,60,60,30,2.0,6.0,-5.536312149464114e-13,1.215551740640931,2.7460170620713598,-0.07757054106996009,5.309467169639248,3.0051538266612154,-0.278772251011036,-0.044079834931137,-0.003017482559876714,0.8283440410760878,-22.003028213782464,-1.9073486612342094e-07,1.6220543384552002,0.10601143538951874,4.125489711761475,3.1059139931046196,-0.6664998531341553,-0.43950510025024414,13,0.0946817796106524,0.20145881200735066,49.49863862041223,-252.99127386529602,254.23543163441173,507.22670549970775,3.4666722539926074,-0.40289359498665567,798.7753378378378,165.76250879953054,200.47334023642134,41.891891891891895
55,BASELINE,0,0,60,60,30,7.0,3.0,8.822572302354578e-13,1.2644818331752774,2.8530255797434734,0.16862150754946015,5.958534067469401,2.369614851860886,0.08169761242529328,0.24841200935913024,0.0037881932690450397,0.8078305131590309,-21.951844746262786,-1.2715658215256553e-07,1.8828415870666504,-0.18414074182510376,3.3298232555389404,3.237958355897832,-1.2208056449890137,0.34503793716430664,7,0.27576095144306245,-0.16556799402453326,62.221644512294446,-347.29987991164967,241.68494610820363,588.9848260198532,4.311281336357783,-0.7218623298091049,664.8525280898876,117.94290703056384,148.5495988202563,34.831460674157306
55,BASELINE,1,30,90,60,30,7.0,3.0,-1.509903313490213e-13,1.1247730012286306,2.820835860197235,0.43133668280326276,5.664136434223366,2.6433365044531403,-0.44277823884485823,-0.2787457453174317,-0.0032050165981760523,0.6721761175864056,-21.95184577950997,-6.039937261448358e-07,1.7929028272628784,0.19262054562568665,3.596001625061035,3.2322930843877473,-1.1926991939544678,-0.1970607042312622,7,0.1939360849449713,-0.16507362878021375,58.45407496422047,-318.0192306406534,290.60248839983745,608.6217190404909,3.633187312711848,-0.2134451641175585,660.2430555555555,145.57195091654356,199.830126681375,40.0
55,BASELINE,2,60,120,60,30,7.0,3.0,7.786364146037765e-13,1.177722686870333,2.185984683717379,-0.11632499439109267,4.9094232907464175,2.8644414078621665,-0.4408891265094481,-0.11210030748437493,-0.0032883267942496698,0.8283440410760843,-21.951844849883514,4.132588742322696e-07,2.1332406997680664,-0.16504405438899994,3.538565158843994,3.1924593595687836,-0.8610630035400391,0.5094022750854492,39,0.07229628193929247,0.14489958922522483,50.68641942603325,-258.2181792100398,290.6024883998017,548.8206676098415,4.481493138346105,0.1029858774485025,637.2282608695652,123.94009099896732,173.3747628091265,32.608695652173914
55,BASELINE,3,90,150,60,30,7.0,3.0,3.7007434154171886e-13,1.3406382924604225,2.9796473460628192,-0.17401783821036076,5.584714965656445,3.005751476638426,-0.23622569728253806,0.31089131759548283,0.001983147850985299,0.9238402669972792,-21.951845258445353,-1.4305115314527939e-07,2.692671060562134,-0.11011140793561935,4.725621223449707,3.0314967611526304,0.031246662139892578,0.40379586815834045,14,0.3761250700754747,0.0009417938336683474,38.29476788873725,-201.2456427356955,156.77998325774277,358.02562599343827,3.4453784687620637,-0.5078865828458424,653.8194444444445,68.56585684148482,99.01529752143568,18.88888888888889
55,BASELINE,4,120,180,60,30,7.0,3.0,-9.325873406851315e-13,1.3962392677491784,3.3200469778343233,-0.23093922636121533,7.053218407689599,2.8694590874299233,0.026845324021403716,0.2566561405342192,-0.005350205138267986,0.9936208633549591,-21.951846561107402,-7.629394644936838e-07,2.0213189125061035,0.03626760095357895,3.783712863922119,3.2516142626907643,-1.1803594827651978,-0.015716321766376495,23,0.08410351063096327,0.35121465744237407,37.10053611035442,-201.245854671919,156.7798293559713,358.0256840278903,3.564138930106287,-0.5066528028560182,664.1502808988764,69.36400962232582,96.60657459863597,16.853932584269664
55,BASELINE,5,150,210,60,30,7.0,3.0,1.045089940513814e-12,1.2561437410432599,3.4685916128864847,-0.1543119862855491,6.731526153564005,2.7970516011910145,0.355092696477906,0.5079743283519718,-0.0016456154577154309,0.9504597714523829,-21.951844583430233,6.35782896551973e-07,2.074030876159668,-0.12828108668327332,3.577359199523926,3.2176991809296887,-1.158033847808838,0.3501760959625244,42,0.064471721961183,-0.08673705597081752,36.288621156254884,-285.14778761812215,202.82952133772625,487.9773089558484,10.488467002040844,-1.3060372246102256,678.6997126436781,94.46496839716261,98.27384652024017,10.344827586206897
55,BASELINE,6,180,240,60,30,7.0,3.0,-5.181040781584063e-13,1.1718547175740064,2.906359205286435,0.11948251602476034,5.665563033246457,2.9604470707728883,-0.26212330149999996,0.09336404156839176,-0.003157094294059433,0.8482676392870827,-21.95184614662384,7.311502940865466e-07,2.2277638912200928,-0.1780349314212799,3.8246030807495117,3.2235494595590457,-0.9513504505157471,0.33955368399620056,50,0.08925416969669345,-0.13940752565360892,47.38391466537911,-299.58005499205245,224.19207966240356,523.7721346544561,7.862179420521441,-0.9304878675474462,647.8365384615385,118.15704693493578,125.4981393731043,18.681318681318682
55,BASELINE,7,210,270,60,30,7.0,3.0,2.1316282072803006e-13,1.291262792461716,2.9884334290400716,0.3006280279493012,6.230302374653718,2.9681767967192036,-0.1146374205945695,-0.3665675610583895,0.003382228919595398,0.8961535399565009,-21.95184541535683,2.5431316430513107e-07,1.689842700958252,0.18887241184711456,3.602329730987549,3.245755123778124,-1.1831207275390625,-0.2729971408843994,54,0.09217625551399962,0.07317457982054988,70.15175417263742,-567.3606504346852,408.86836008824514,976.2290105229304,12.190403738602411,-1.0333103413456044,632.2244623655914,122.26454823513883,149.79003364038988,26.881720430107524
55,BASELINE,8,240,300,60,30,7.0,3.0,-5.536312149464114e-13,1.4464147641883889,4.111505180469521,-0.19025476392648955,7.147850189343785,2.9555536080988576,-0.04182827228748964,0.20925243362420545,0.007160010400999738,1.050891505230461,-21.951846182150994,1.5894572413799324e-07,1.73789644241333,0.14377199113368988,3.599635124206543,3.262688988054689,-1.2078721523284912,-0.17487166821956635,46,0.1339663683774335,-0.030240456840870778,121.54155763007319,-567.3606676870605,476.1219156355593,1043.4825833226198,1.4283222850696848,0.1250047085666555,708.5843373493976,207.42450333556727,258.3921560111873,57.831325301204814
55,ANGER,0,0,60,60,30,2.0,8.0,-2.901382837687076e-13,1.3503044109433182,2.5899913957189824,0.27389123200940446,6.570576955036245,2.604145960228897,0.43524180633120135,-0.6262163549194772,-0.005139095729140451,0.9681329441705032,-21.951845918657952,1.271565793103946e-06,2.763796806335449,-0.15331615507602692,4.59722375869751,3.031027974475834,-0.03357076644897461,0.5239174962043762,6,1.0457663342827292,-0.20996078496255677,41.62971273750382,-277.1714436296777,205.60265467742937,482.77409830710707,8.748424605190081,-0.34450713604777466,682.4127906976744,77.60643561702346,47.514026566775364,2.3255813953488373
55,ANGER,1,30,90,60,30,2.0,8.0,-9.917992353318064e-13,1.2049418233364786,2.1925940353796136,0.05488994071107811,6.087001936371905,1.3704079755698144,1.0939431858625959,-0.41765794437281406,-0.0014722814791587545,0.8774449951122473,-21.951846620319355,6.357829107628277e-08,3.935835123062134,-0.46478259563446045,4.902139663696289,2.211080794120629,3.023555278778076,1.6979376077651978,4,0.8919081148404204,-0.03703460688510803,30.863241289592345,-88.4544833097147,60.48146992606238,148.93595323577708,-0.6594083076911343,-0.3993987036599246,705.3571428571429,58.36988394694087,29.45723556971425,7.142857142857142
55,ANGER,2,60,120,60,30,2.0,8.0,3.3158661002138007e-13,1.1415376800497523,2.1987262266364382,0.015117506603701258,4.840125362729708,2.9680870399579335,-0.17657628802352354,-0.35517175526496797,-0.006222472666629299,0.8182216769085567,-21.951845296933072,-1.2715658215256553e-07,4.201080322265625,-0.11942818760871887,5.907858848571777,2.228037252077172,4.456662178039551,1.4949344396591187,4,1.1104561145211818,-0.023849396462846915,30.468295899821452,-88.45448330971443,60.4814699260607,148.93595323577512,-0.6236612876057883,-0.4385037210803889,712.842987804878,51.538834584066805,30.020167475330872,7.317073170731707
55,ENTHUSIASM,0,0,60,60,30,8.0,3.0,-5.151434834260726e-13,1.577440010540562,2.9980084319305433,0.1792168699889629,7.412656196842704,2.9895823930339778,0.1707591602398013,-0.5882033369549504,-0.020556114690977987,1.0646920188445888,-21.951846143663243,3.496805902614142e-07,2.0166211128234863,-0.09457073360681534,3.582738161087036,3.282678693869038,-1.1047178506851196,0.2647513151168823,65,0.015639866320889456,0.3002349675419472,34.70909627213257,-210.47892320652247,345.99027307415486,556.4691962806774,16.84326255921432,0.9809364494470195,699.7767857142857,43.257190325367816,42.324284610269366,4.761904761904762
55,ENTHUSIASM,1,30,90,60,30,8.0,3.0,7.253457094217689e-13,1.261163036136913,3.7056116123793004,0.05031022921997419,7.016761822966089,2.8685782180223907,0.3695661416345035,-0.007996720829568931,5.5995562266763126e-05,0.8938098038175462,-21.95184490317418,-6.993611805228284e-07,2.0471417903900146,-0.20430061221122742,3.3793258666992188,3.1948828874306505,-1.1058822870254517,0.46116963028907776,14,0.1093729393070377,-0.010196076022750545,24.907653872403102,-58.844154851060715,54.37998503888608,113.2241398899468,-0.7607171465342333,-0.2760823311834031,681.6860465116279,28.058183666385727,17.032219683674267,0.0
55,ENTHUSIASM,2,60,120,60,30,8.0,3.0,-5.625129991434126e-14,1.4759344506188854,3.111086732384649,-0.04599866850156786,6.504688886481347,3.145879489562184,-0.6419164777031816,-0.022323362067066657,0.006239834476521801,0.9220434311712485,-21.951845684770927,1.9391377463762183e-06,2.0523486137390137,0.19019415974617004,4.082578182220459,3.130864759782904,-0.7841827869415283,-0.3483159840106964,9,0.37017370732060134,-0.00836881269545455,25.486954600303378,-81.35634412316872,66.97171536921729,148.32805949238602,-0.694362545043612,-0.25981004249772577,665.5547752808989,55.47920741711029,51.20290415070134,6.741573033707865
55,LIKING,0,0,60,60,30,9.0,5.0,6.513308411134251e-13,1.681597608042749,5.520068164683067,0.03161367375597024,9.193383736105432,2.856356358808165,-0.07385875488950244,0.16926298636252557,-0.018299222458156225,1.0965903858004298,-21.951844977188998,9.536743306171047e-08,1.8446584939956665,0.05726257711648941,3.6542305946350098,3.262543043961631,-1.1920912265777588,-0.11658188700675964,37,0.09808281814507638,-0.1432457469573784,51.192100277261254,-568.0849158116594,397.33449148351036,965.4194072951698,42.92307698569882,-1.6239126085981879,649.3818681318681,72.02613906943148,102.829965166342,5.4945054945054945
55,LIKING,1,30,90,60,30,9.0,5.0,8.289665250534502e-14,1.1621307189328653,2.6416055965910346,0.08358104771630792,5.578732364126182,3.0339417154633685,-0.40550271787520353,-0.24409119990786746,-0.014788585023013927,0.8262856097174651,-21.951845545622977,-9.5367431640625e-07,1.8609380722045898,-0.08809670060873032,3.6014771461486816,3.2706551897915106,-1.0575569868087769,0.0845617949962616,68,0.06904256559117485,0.09262829329255358,23.022182803107935,-54.53276985011686,55.61358530804752,110.14635515816437,-0.6263171950957704,-0.14463712450121455,644.2307692307693,32.86428808941297,20.036858397574317,2.197802197802198
55,FEAR,0,0,60,60,30,1.0,8.0,-1.2997010874945165e-12,1.333189159766515,2.3717265345226224,0.3428827240817611,6.011023183906161,1.4572806501374969,-0.14021174614528809,-0.12319569624524448,0.008566317002547964,0.9055667799223214,-21.95184692822156,6.357829107628277e-08,2.308140277862549,0.2613179087638855,4.114594459533691,3.035331486684405,-1.0663492679595947,-0.1556902974843979,9,0.4579219285631033,-0.09553465421454868,41.550139519653115,-286.0464708694097,396.9941983646164,683.0406692340262,18.753251164833134,0.6075047198468132,678.6997126436781,94.40484561912038,77.99771607978525,11.494252873563218
55,FEAR,1,30,90,60,30,1.0,8.0,1.3648341716058592e-12,1.3798651004970819,2.5188363327707464,0.40445262115405,5.955024402268805,1.7950697694223765,-0.5284255427913216,0.02374165863455357,-0.0015556181666588117,0.9852693708912538,-21.951844263686386,-1.2715658215256553e-07,3.139303684234619,-0.31370460987091064,4.684240341186523,2.7638826435820523,0.8139901161193848,1.2306238412857056,9,1.1499425753654426,-0.007510825717684311,26.945242671939777,-74.68832858886566,66.04569934034586,140.73402792921152,-0.48111062555491335,-0.3697169708142255,690.9926470588235,40.29863111810372,49.439990756592024,3.5294117647058822
55,FEAR,2,60,120,60,30,1.0,8.0,4.677739677087326e-13,1.4142271289918753,2.7223106681141473,0.15428890663748973,5.602902591049741,3.158196063342216,-0.8379203722900064,-0.043256655551169254,-0.0013993618775965761,1.0268259552114387,-21.95184516074577,5.086263286102621e-07,2.1000747680664062,0.025793686509132385,3.677295207977295,3.162609074883835,-1.2035362720489502,-0.008547746576368809,12,0.9379374955976286,0.20485921705345556,38.450507439017,-156.72892499293042,118.49021144346497,275.2191364363954,1.1171626954304372,-0.4834690571841563,674.9281609195402,84.0027006595031,114.88162591286616,21.839080459770116
55,AMUSEMENT,0,0,60,60,30,7.0,6.0,-8.43769498715119e-13,1.5624034331300498,3.0523681832129057,-0.038960823032141434,6.860485887872869,3.0848596103104398,-0.6285498892933612,-0.20038868728796577,0.006869033354914091,0.9505235790682396,-21.951846472289482,-1.748402951307071e-06,2.1470115184783936,-0.17217901349067688,3.4549813270568848,3.1513114752679083,-0.9832687377929688,0.47930824756622314,45,0.05122154255111643,0.01861508065175397,43.54723608700717,-246.94226937303947,399.33675651389996,646.2790258869394,17.07041806275311,0.6584438861931683,711.4081325301205,77.33354243269565,74.27639369315783,8.433734939759036
55,AMUSEMENT,1,30,90,60,30,7.0,6.0,-3.2566542055671256e-14,1.4116173895571147,2.2557073593233667,0.0538468026860528,6.429468189775633,2.9035899643300134,0.2329982045730028,-0.5868121270425827,0.0002182574546927506,0.9590715708653454,-21.951845661086168,-7.311502940865466e-07,2.071620225906372,0.12800270318984985,3.7658190727233887,3.2428674209898363,-0.9284982681274414,0.13079120218753815,29,0.09807457988922741,-0.009329050077502576,25.116757479529113,-95.45053577413232,85.86619006277228,181.3167258369046,-0.5652829132406656,-0.4258179943469155,736.328125,34.21234171397505,23.18895108735291,0.0
55,AMUSEMENT,2,60,120,60,30,7.0,6.0,9.473903143468003e-14,1.2356494869767805,2.102359801155984,0.1817335555085009,6.0524479000370945,2.892528918005249,0.2974443436291292,-0.5819891736545052,0.007527434380309838,0.8962813253547067,-21.9518455337806,-5.722046125811175e-07,2.1089913845062256,-0.10062066465616226,3.620912551879883,3.251010834261063,-1.1414761543273926,0.29144877195358276,31,0.08047188418828886,-0.1278815815805992,25.987941686396198,-114.32680664853675,118.55447770045484,232.88128434899158,-0.143797863994787,-0.33132557396615525,723.8948170731708,48.17856154193559,23.86758174456167,2.4390243902439024
55,SADNESS,0,0,60,60,30,5.0,2.0,7.105427357601002e-14,1.3718550666671354,3.1503954834249726,-0.17584770056444654,7.230580861263292,2.911725674038614,-0.1406346304512316,0.029099914828057002,-0.018958373852844285,0.9322436846504616,-21.951845557465354,1.1761983387259534e-06,2.5241408348083496,0.07772639393806458,4.587027549743652,3.0247242198542166,-0.7621159553527832,0.06599577516317368,43,0.21500108026460898,-0.030886077431888617,79.28467703746722,-588.619979661162,477.3177301695649,1065.9377098307268,11.549601405163676,-0.6908670510081184,684.9563953488372,156.98101909363805,209.69302011231449,47.674418604651166
55,SADNESS,1,30,90,60,30,5.0,2.0,-8.141635513917814e-13,1.5461967733036213,3.1461077541052873,0.8360173231093171,8.164907398585797,1.9982309866927936,0.7168538354771878,-0.41152607802461155,-0.009731306698821607,1.1203250439859207,-21.951846442683507,3.6875405839964515e-06,1.8876487016677856,-0.03507956117391586,3.845459461212158,3.180234039895846,-1.165285587310791,0.1361023634672165,73,0.11849554309416972,0.06429303667226567,55.51707089895389,-471.25448357628255,280.3858948826618,751.6403784589443,10.23332690501836,-0.9421552959014879,702.5669642857143,96.60701945117484,115.50944649211883,27.380952380952383
55,SADNESS,2,60,120,60,30,5.0,2.0,7.608728462097739e-13,1.4260225880945538,2.9541285527805883,0.35828525952759094,7.954076993701165,2.0521647276438264,0.23785856033406416,-0.1997556319631176,0.021587896952209567,1.1349026252310799,-21.95184486764707,-1.5258789289873675e-06,1.975942611694336,-0.0120821762830019,3.8103792667388916,3.1912150819947613,-1.1866563558578491,0.11959145963191986,48,0.2647081125546999,0.25568001039728794,31.818495123269212,-80.97470517594425,81.1217392297943,162.09644440573857,-0.7137868858857828,-0.2995875596860595,698.6607142857143,30.25247408126922,18.709167385993116,0.0
55,NEUTRAL,0,0,60,60,30,7.0,1.0,5.684341886080801e-13,1.1846002288903388,3.311509401588353,-0.2454658289678946,6.459044310100381,2.7569098137844206,0.38086401899895295,0.2510687565967951,-0.0018995409510782595,0.8868664887608825,-21.9518450600856,9.536743306171047e-08,1.8171391487121582,-0.21182599663734436,3.556386709213257,3.243528131576802,-1.3579652309417725,0.16618482768535614,74,0.09173871480899443,-0.03788158292312612,40.792680642066074,-407.36787141686744,365.9422317086335,773.310103125501,30.094973240254255,-1.1839214851071125,724.0853658536586,65.24727383634028,85.35242050890177,4.878048780487805
55,NEUTRAL,1,30,90,60,30,7.0,1.0,-3.552713678800501e-14,1.2920423453275387,3.1235766588679326,-0.22013215321052826,6.8069754777866365,2.8383678451116916,0.3716195041817767,0.21006283685354377,0.0018511735912233982,0.9054857189001912,-21.951845664046765,3.496805902614142e-07,2.0427370071411133,-0.10196182131767273,3.8674874305725098,3.2422006052288554,-1.0672979354858398,0.158621147274971,43,0.2199802904060113,-0.05604911779845244,24.952666674837143,-63.85130065795853,52.30927235131457,116.1605730092731,-0.7055151091904905,-0.36176103394313464,711.2198795180723,33.31241614619844,20.56161731740276,2.4096385542168677
55,NEUTRAL,2,60,120,60,30,7.0,1.0,1.6579330501069003e-13,1.1717182756879048,3.1446622938041457,0.2193983117596332,5.817474063629646,2.6949651099289733,-0.12162318589205956,0.27736425285886235,0.0028447015895723387,0.8282284287161535,-21.951845462726336,2.225239995823358e-06,3.9596118927001953,-0.11094953119754791,5.766627311706543,2.7046562679342534,-0.3007946014404297,0.3610222339630127,41,0.26824318408172715,-0.08401592116830255,25.67792087421935,-73.31340604349778,94.33274289591111,167.64614893940887,-0.46730617428004795,-0.2517492122713652,696.1397058823529,29.281953774923398,30.496877279641662,4.705882352941177
55,AWE,0,0,60,60,30,7.0,3.0,-2.3684757858670003e-13,1.4087283334055107,3.2680780047314784,-0.4049222581105738,6.3139937113106726,2.430935404003802,0.07923355282366984,0.4613018117753688,0.01214979456502663,0.867814796856204,-21.951845865367233,3.910064606316155e-06,3.255354642868042,-0.04436829686164856,5.399547576904297,2.82404979304451,-0.677419900894165,0.1872817575931549,27,0.45060484471228185,-0.014533668034847288,46.85515517746971,-379.0360610468276,268.89387407595063,647.9299351227783,14.069167698340806,-0.984705100614936,717.4161585365854,81.51226441197146,63.57581049861304,7.317073170731707
55,AWE,1,30,90,60,30,7.0,3.0,6.513308411134251e-14,1.1984659386342436,2.6184384318703735,-0.11433996079404096,5.147919000924617,3.075164191731073,-0.3740905200678202,0.35127124662848497,-0.0011493518150815403,0.8483090156390092,-21.951845563386545,3.4014383345493115e-06,5.182940483093262,-0.14531265199184418,6.781413555145264,2.3349245191904906,1.4546747207641602,0.6725791692733765,30,0.45865835709253705,-0.06443123055485965,25.534124692106477,-62.194098285056754,55.423676424519265,117.61777470957603,-0.7296770520773292,-0.2879611477966484,703.4970238095239,21.554803508466108,17.32132321596151,0.0
55,DISGUST,0,0,60,60,30,7.0,4.0,-7.105427357601002e-14,1.3796873746602718,4.048734135519538,0.040604064802707285,6.39300036342263,2.8559956897693386,0.7551023529635756,0.7288086039321819,-0.002743165963517529,0.9146465277583232,-21.9518456995739,-1.112619997911679e-06,2.4048285484313965,0.0049965535290539265,4.799656867980957,2.9820599737295357,-0.6277217864990234,-0.011227515526115894,77,0.4413523828709324,0.15163378435748714,39.61789902730232,-260.2751490679475,227.9891900059939,488.2643390739414,5.79982009066358,-0.23431262420325277,713.795731707317,53.72853257849354,37.55782578608322,12.195121951219512
56,BASELINE,0,0,60,60,30,4.0,2.0,-4.884981308350689e-13,1.9138006470261826,4.160418503840901,-0.10066773346935065,8.852666915357332,3.050892045781457,-0.16897542567500823,-0.12650499244537008,-0.014173768332818875,0.8772089449585365,-21.912844413755547,1.7801920648707892e-06,1.677659273147583,0.021360184997320175,3.949021816253662,3.0667344370347793,-1.1675891876220703,0.10066473484039307,12,0.2194255705951298,-0.24341573398716262,72.76016550139451,-533.4221321942032,730.2459221992272,1263.6680543934303,24.57392316765645,0.8275213362387265,1527.9605263157894,1537.9668504321198,2115.667229308267,86.8421052631579
56,BASELINE,1,30,90,60,30,4.0,2.0,-1.983598470663613e-13,1.9543921397714392,3.9949345432354733,0.14705112108899243,8.85425848965724,3.0537932361274045,-0.4071591535861603,-0.40688981519281536,-0.00871885191034922,0.9763898920546901,-21.912844123617162,3.719329924933845e-06,1.507025122642517,0.11078199744224548,3.3855791091918945,2.8975931441269154,-1.0950754880905151,-0.46892568469047546,19,0.09149489931781822,-0.01322836618426145,69.75465290249885,-262.26782863298695,275.3371255471661,537.6049541801531,3.344173400908409,0.23269219829969298,878.125,963.1310710183415,1038.3996211446533,76.92307692307693
56,BASELINE,2,60,120,60,30,4.0,2.0,-4.115226677943914e-13,1.2771179870285128,3.097274255158311,0.048413696256943695,6.29409707716988,2.9414196200589404,0.11575609556350352,-0.06749359779256074,0.017406950601446196,0.848309015639014,-21.91284433678005,3.7829081520612817e-06,2.413975715637207,-0.15376944839954376,5.642099380493164,2.6818160738651247,1.3920412063598633,-0.5162269473075867,33,0.23580123785183751,-0.000930828964829522,68.49352367532383,-262.26782863298007,275.3371255472554,537.6049541802355,3.661017487079981,0.26404526711315696,1079.861111111111,1983.6486717333532,2714.896083807379,74.07407407407408
56,BASELINE,3,90,150,60,30,4.0,2.0,2.9605947323337504e-14,1.1771988623989809,2.511871642730057,0.18739093338417945,5.336336306635303,3.009128957266408,-0.2960650228595063,-0.5617290297073423,-0.001531311632805743,0.78653985226633,-21.91284389565135,4.943211934005376e-06,1.9826939105987549,0.19245615601539612,4.186929702758789,3.0101481826906693,-0.4075655937194824,-0.6542169451713562,34,0.10399155369549737,-0.021125047010846602,20.406398533920612,-222.21146555222134,162.06236371129694,384.2738292635183,36.76989410827862,-1.4923313393204756,853.2608695652174,174.5739255637357,253.4303373543588,60.86956521739131
56,BASELINE,4,120,180,60,30,4.0,2.0,-1.3026616822268503e-13,1.1079124558802693,2.2736903037802847,0.05941264031115168,4.754748008559773,3.11801436054584,-0.4380577373123229,-0.28021678449867643,-0.004698379281620527,0.8075034979858499,-21.912844055523475,1.5576680425510858e-06,2.4991016387939453,-0.4577972888946533,3.5555148124694824,2.6433007321440205,-0.36013197898864746,1.0232398509979248,36,0.09908883294896474,-0.03680307322408853,20.87742825648634,-222.21120744776783,162.06310959688494,384.2743170446528,33.36549257712493,-1.4138555807136037,880.5970149253732,127.39483523277002,175.0101458097891,41.7910447761194
56,BASELINE,5,150,210,60,30,4.0,2.0,0.0,1.332515853511366,3.6192947838976863,0.06247280649809284,7.223625709622183,2.8332337064673085,0.5741167401291523,-0.13707511746714537,-0.006836866818771084,0.9052151263030309,-21.9128439252573,-4.482269105210435e-06,1.2777403593063354,0.47607970237731934,3.4234485626220703,2.867728223639392,-0.6907367706298828,-0.8593423962593079,36,0.08873983341365574,-4.295057293868254e-06,14.277070531190493,-49.825371775847785,48.64844917711501,98.4738209529628,-0.4796861900128966,-0.544766321192279,887.1268656716418,120.53522819904907,144.4784531945854,38.80597014925373
56,BASELINE,6,180,240,60,30,4.0,2.0,3.375077994860476e-13,1.4136550454670116,3.9743188578562183,-0.11783600984891507,6.31326425965284,1.5170450449071498,0.40465162649783437,0.4264835175727146,-0.006760656983698063,0.9238437224456842,-21.912843587749556,-8.20159948489163e-06,2.386599063873291,-0.5493086576461792,3.3722472190856934,2.541462599283421,-0.40827226638793945,1.0490604639053345,37,0.08302527030264117,-0.00604847076897006,16.633249714437387,-128.48286626734304,97.02213941985583,225.5050056871989,4.471810152298519,-0.49305804153701066,889.2045454545455,160.83950229421797,196.19272804684056,39.39393939393939
56,BASELINE,7,210,270,60,30,4.0,2.0,-2.575717417130363e-13,1.3994453157759525,4.048019971007477,-0.028333027042748427,7.461080772848305,2.7205228682198115,0.8096053664960481,0.2146341274286069,-0.001850662969238536,0.9766702070288031,-21.912844182829073,-2.6067098133353284e-06,2.8349876403808594,0.07098880410194397,5.1762213706970215,2.8582336080792574,0.19520115852355957,-0.13912668824195862,45,0.3055669120262339,-0.011689385042682198,15.387614722147427,-128.4829045637942,97.02191848025936,225.50482304405355,6.373978431746233,-0.5621346096371351,899.2788461538462,175.91207738342177,235.44676821749434,46.15384615384615
56,BASELINE,8,240,300,60,30,4.0,2.0,2.871776890363738e-13,1.6408022815134256,4.468482686971953,0.24752478663359057,8.513561424218352,2.8409503307722237,0.17725264696117815,-0.32116782807878863,0.005847736394999248,1.1123351978914326,-21.91284363807965,-3.719329924933845e-06,2.337338924407959,0.0036365510895848274,4.908287048339844,2.947712356383457,-0.26555466651916504,-0.1784488707780838,32,0.16756595879808023,-0.04572761329073547,15.354763746058884,-110.00287660886508,86.96425709381722,196.9671337026823,4.062113146103771,-0.5605018042091203,871.5533088235294,188.17597342867285,241.3755497493295,61.76470588235294
56,ANGER,0,0,60,60,30,6.0,3.0,8.822572302354578e-13,1.4104051978932273,3.602682516472555,0.011040153765407013,7.2943032110941886,2.9526408206487047,0.05939173524225794,0.023325194756568288,0.005833984702433166,0.7733245108743434,-21.912843043000457,4.565715698845452e-06,4.59386682510376,-0.33851078152656555,5.464818477630615,1.9948203300676195,6.642439842224121,2.4686169624328613,5,1.3249170098560785,-0.03850578030142401,40.93879656505637,-339.3091836684007,295.4880946260505,634.7972782944512,13.292195530987328,-0.20044643148845748,868.7959558823529,136.4865687319522,158.05856297068567,23.52941176470588
56,ANGER,1,30,90,60,30,6.0,3.0,5.921189464667501e-14,1.5836694523939636,3.9944147765766047,-0.15916021562674132,8.11344773051701,2.9535829298345524,0.014395932923396249,0.21119325832157554,-0.0028162253072876566,0.9220296847061213,-21.912843866045403,-1.3833245020578033e-06,4.657964706420898,-0.2323579490184784,5.7612409591674805,2.243528100549619,4.976911544799805,1.9599437713623047,6,0.8513940920144191,-0.06626362429121056,33.956819155380536,-214.61552130679135,175.89231257440696,390.5078338811983,3.8381471792945803,-0.30782135714025466,911.7788461538462,106.88540649543657,159.97751077910334,29.230769230769234
56,ANGER,2,60,120,60,30,6.0,3.0,5.921189464667502e-15,1.2248913140547981,2.440282882783862,0.07215213555440414,6.9899704329706935,2.7046340776788034,1.39741131951702,-0.759645867259752,0.007172536203423841,0.7959177555351323,-21.912843919336108,1.23977656585339e-06,4.957502841949463,-0.358289510011673,5.765872955322266,1.7633512898440575,7.549749374389648,2.6390380859375,5,1.1522242421973734,-0.03455967085018137,35.30727005877737,-214.6079319288833,175.8920083021071,390.4999402309904,3.039500630189745,-0.3173281323468874,918.9453125,109.95364931424442,162.4274868735692,32.8125
56,ENTHUSIASM,0,0,60,60,30,7.0,5.0,-3.2566542055671255e-13,1.4522584185957659,2.9217480932935302,-0.1665428720617257,5.852759869620883,3.1946579318668165,-0.8654605639245676,0.19482034652509667,-0.004302256492159598,1.0265531171688447,-21.91284425092277,1.2715658215256553e-07,3.4596376419067383,-0.29629653692245483,4.5373101234436035,2.567534824748749,1.7932868003845215,1.5177497863769531,6,0.8044583387737724,0.05096942887827107,44.867150241974635,-298.6117833662857,336.72613718291666,635.3379205492024,8.439664410613945,-0.19966125769546428,854.8460144927536,85.96262372041029,46.875,14.492753623188406
56,ENTHUSIASM,1,30,90,60,30,7.0,5.0,-6.217248937900877e-14,1.3927390188521918,3.102585363606636,-0.15657753525140095,6.274063625477311,3.070513125512567,-0.6669445669128105,0.11625916724247662,0.005747167043247036,0.9928326220404938,-21.91284398742979,-1.351038605434951e-07,4.758641719818115,-0.09527953714132309,6.199608325958252,2.314100833918665,4.431163311004639,1.7350326776504517,10,0.8864094571377873,0.05767098067704738,36.47969824086701,-83.27460128837896,53.01148180336558,136.28608309174453,-0.9797183810672347,-0.591611370688986,896.6346153846154,36.71587294375056,29.231698334171416,6.153846153846154
56,ENTHUSIASM,2,60,120,60,30,7.0,5.0,-2.960594732333751e-13,1.149558538220588,2.524451109913173,-0.10483548041833046,4.79697963061767,3.196639258756345,-0.9088706865057512,0.15839139566846688,-0.006069039037636854,0.7535905021311893,-21.912844221316814,7.327397725021001e-06,4.875385761260986,-0.22508272528648376,6.223150253295898,2.3704777812882716,5.186380386352539,1.9334545135498047,5,1.457180572507358,0.10165410789869046,35.30538048136203,-82.36291089348884,55.3740144868489,137.73692538033774,-1.0063937031536023,-0.5605870155127038,916.3461538461538,40.63539992621534,30.13134496199514,6.153846153846154
56,LIKING,0,0,60,60,30,6.0,3.0,-2.2796579438969883e-13,1.2331268709942076,2.9380322035287065,0.09076572990096565,5.958040337068837,3.042355979400261,-0.24044059778260118,-0.10150551048895581,0.019330822590918364,0.9408360347292942,-21.912844153223116,1.627604251552839e-05,3.9255776405334473,0.06499072164297104,5.950954914093018,2.5012524761184904,2.5576624870300293,0.845384418964386,27,0.25864600743024935,-0.11822234832313881,42.257580809893305,-294.49770833921707,242.09169095016208,536.5893992893791,4.66254190192898,-0.41384790240006164,894.8863636363636,88.7507386948476,116.36328743835634,31.818181818181817
56,LIKING,1,30,90,60,30,6.0,3.0,-2.9605947323337504e-14,1.4239178427500632,4.123673938030237,0.14983499690401914,8.232946620885429,2.7943803160022247,0.6357827882702449,-0.16682791101365915,-0.004423534843864902,1.0508763178022122,-21.912843954863245,1.1666616046568379e-05,1.6195049285888672,0.12144120782613754,3.788348436355591,3.165033882804439,-0.8891830444335938,-0.4226568639278412,56,0.09128711011931445,0.17810146939703791,34.71034455891313,-85.14303967810903,64.0406035179166,149.18364319602563,-1.0226710549548825,-0.4973374959885864,902.8846153846154,115.39952108499686,145.36027020577828,33.84615384615385
56,FEAR,0,0,60,60,30,3.0,2.0,-1.9539925233402758e-13,1.2941220774161402,2.667424829706988,0.0550678749799971,5.942944498674763,3.067510964775455,-0.13610001642890923,-0.33024726500575297,-0.0016072532423157568,1.0265251317185493,-21.91284412065657,7.94728578057402e-07,3.283644199371338,-0.32307878136634827,4.454984188079834,2.5916285371345964,-0.3748946189880371,0.7106198072433472,8,0.713406879323556,0.21121996323598174,71.03625901955152,-383.1161386344524,342.67462900031467,725.790767634767,3.144516763671147,0.09632409273231578,776.4583333333334,194.73264148836486,233.7971480127996,53.333333333333336
56,FEAR,1,30,90,60,30,3.0,2.0,-1.6579330501069003e-13,1.2352481946966245,2.603557081754815,0.0022591356689360964,5.800539422472895,2.9821202814599688,0.2288173379226217,-0.22506412682822247,0.0003997348936461901,0.8677412293237099,-21.912844091050616,-2.0265579223632812e-06,3.069936752319336,0.07052549719810486,5.394131660461426,2.5457353775663103,1.5006399154663086,0.05050549656152725,6,1.245226594131589,-0.05495168794443183,56.81833280353067,-383.1161385706414,342.6746290419512,725.7907676125926,7.450772918258462,-0.07922370842416572,840.8482142857143,145.12703064535884,184.4943270209102,34.285714285714285
56,FEAR,2,60,120,60,30,3.0,2.0,1.2138438402568377e-12,1.1930593561869158,3.2069196964698676,0.015955147868496056,6.583661944831931,2.8608116617907515,0.38861498207410206,0.034965870822995335,0.008420549988514202,0.8074600137385035,-21.912842711414193,-7.0015589699323755e-06,4.101783275604248,-0.2052367925643921,5.167662143707275,2.410473854860225,4.341966152191162,2.0324885845184326,5,1.726015126296062,0.028761066579922848,21.98377612237641,-62.903872737969614,52.65898372063523,115.56285645860484,-1.0382558135534097,-0.4062673282626687,855.9782608695652,111.38739441440823,114.1770174524551,18.84057971014493
56,AMUSEMENT,0,0,60,60,30,7.0,3.0,5.210646728907401e-13,1.193245814168557,2.258946242986326,0.29789856400732617,4.671931093183446,3.189584447711923,-0.7675589128130618,-0.3595466254838832,-0.008146161203067393,0.8772853580700664,-21.91284340419276,-7.629394644936838e-07,3.102351188659668,-0.12083759158849716,4.564087867736816,2.9087829747578327,0.8398549556732178,0.974113404750824,2,1.424426195903976,0.056448128561270634,59.68342917541611,-295.11610922898944,327.6761836994332,622.7922929284226,2.1684912759023227,-0.36027882585285664,876.1660447761194,105.42493242550457,137.48600996321792,20.8955223880597
56,AMUSEMENT,1,30,90,60,30,7.0,3.0,1.3914795241968627e-12,1.3515099973247868,2.5750067069630234,0.19603074871632487,5.2854731483641615,3.1955813387354848,-0.9077404750333584,-0.23562089729543326,0.005920377174442708,0.9934095988628423,-21.91284253377874,-3.52859501617786e-06,1.8863037824630737,-0.1060197725892067,3.5826520919799805,3.2468963220390257,-1.2098088264465332,0.21806985139846802,15,0.144658154156971,-0.0935620126443081,53.645857757388214,-228.86174018408315,201.1045451679117,429.9662853519949,-0.5659796103858517,-0.3634949529553936,852.3550724637681,86.27258502037373,129.139300251648,13.043478260869565
56,SADNESS,0,0,60,60,30,3.0,3.0,-5.417888360170764e-13,1.1128017515656907,2.7597158194424765,-0.0921107674940913,5.544771779155866,2.9536466984346923,-0.26791149633645883,0.16114704752642878,-0.008826744150983041,0.8774449951122134,-21.91284446704628,-3.178914482759865e-07,2.6340954303741455,-0.2606150805950165,4.016197204589844,3.0733931090293214,-0.5032286643981934,0.60711270570755,4,0.3732099365644421,-0.11727183274519698,59.47952578994143,-295.9099502130456,439.34950977905436,735.2594599920999,6.560997323904239,0.22917056070505554,841.0714285714286,98.71268000404903,113.53377183029943,12.857142857142856
56,SADNESS,1,30,90,60,30,3.0,3.0,7.016609515630989e-13,1.2735391947963584,2.893229294996047,-0.5251626299955348,6.186757687490285,2.316097224985777,-0.3426528996957128,0.08660164145501756,0.012766138816315943,0.9505403421195401,-21.912843223596592,-1.4940898154236493e-06,2.3796937465667725,-0.28318530321121216,4.005922317504883,3.118370728689341,-0.9080021381378174,0.464691698551178,5,0.8791094248845426,-0.1495181794040444,49.6981506791938,-221.86583734229512,171.7257812235477,393.59161856584285,-0.4434670758412058,-0.32296478202544016,873.8339552238806,49.88100132905186,34.13526943380089,4.477611940298507
56,NEUTRAL,0,0,60,60,30,5.0,1.0,-1.1842378929335001e-13,1.165887717517252,2.6636005868674317,0.01802998597639771,5.99484692534844,2.6239627349741728,0.33066313471840214,-0.2027610534821805,0.003457862235297263,0.886880900042754,-21.912844043681094,4.450480162176973e-07,2.7130637168884277,-0.09164130687713623,4.20546817779541,3.055451890942795,-0.5862722396850586,0.45085954666137695,2,1.0728079199571245,0.30599091079922247,50.79303056070176,-250.1662494254553,341.92415007656547,592.0903995020208,4.940802259108789,0.0960446189993432,855.6985294117648,120.91378650287075,121.87081412635634,23.52941176470588
56,NEUTRAL,1,30,90,60,30,5.0,1.0,-5.625129991434126e-14,1.1484601402058565,2.4856266628013657,-0.10462255579533064,4.719511133203724,3.15002846199594,-0.5200527243181603,0.22625884433850843,-0.009752128618416539,0.8180504829163342,-21.912843981508598,-3.3060709938581567e-06,2.075146436691284,-0.11884330213069916,3.6444852352142334,3.2667204133489727,-1.0391883850097656,0.24070796370506287,62,0.02754566317620744,-0.17014411788457612,52.70590265715836,-226.18657723685808,235.08890857594884,461.2754858128069,1.6268030142828067,-0.12308703698119144,827.0246478873239,152.9409413030401,163.09771597222672,32.3943661971831
56,NEUTRAL,2,60,120,60,30,5.0,1.0,1.2138438402568377e-13,1.1908019064449673,2.804728337142137,-0.051637060946418956,5.221211013305549,3.082805227536575,-0.4722592176845519,0.2682747782114618,0.0006883957623668249,0.8483090156390094,-21.91284380387292,-3.3060709938581567e-06,2.0725038051605225,0.0125116016715765,3.8465752601623535,3.200851770307852,-1.0343965291976929,0.03563086315989494,7,0.4307267842771428,0.3076150677105656,56.61823036201123,-226.1816919771828,235.08579006622392,461.26748204340674,1.159853637001306,-0.03187840836641627,825.9242957746479,148.87261824722066,164.4818195826344,33.80281690140845
56,AWE,0,0,60,60,30,6.0,2.0,1.1694349192718314e-12,1.2525107645631375,2.9060298680690266,0.4364126748551911,5.9650656050216355,2.445695884620348,-0.15473360935137093,-0.06157935584213941,-0.012265250600830934,0.7653305452559935,-21.91284275582306,-6.675720101156912e-07,4.284722328186035,0.009728588163852692,7.786184310913086,2.029887112839425,4.603188991546631,0.2938666045665741,4,2.123175835541059,0.49325538129224333,60.15566457658043,-245.64231518942216,456.39409086281717,702.0364060522393,3.136745887327284,0.21482302766525596,872.6325757575758,122.3039303703386,145.76606736216343,31.818181818181817
56,AWE,1,30,90,60,30,6.0,2.0,-3.641531520770513e-13,1.3928039137583714,2.578532601187078,0.25567174870495535,6.385298664551442,1.947254645669113,-0.3245488949673807,-0.16566072274739507,-0.0027709448593508813,1.0349776519813867,-21.912844289410515,3.5405159906076733e-06,5.20630407333374,-0.13830269873142242,6.5732340812683105,2.242951484278557,8.801419258117676,2.416377544403076,2,2.2463042609213404,-0.08213962209423947,50.26508776423064,-118.06330630658485,134.320266361804,252.38357266838884,-1.0039015120876917,-0.3327471642234329,924.8046875,128.02863076335265,139.00354890125237,34.375
56,DISGUST,0,0,60,60,30,6.0,2.0,-2.575717417130363e-13,1.3390260864914614,3.0908220278739407,0.11636376910040269,5.219019952897952,2.94240437471762,-0.531518121921724,0.2052531286260032,-0.004436810518849517,0.807885830274401,-21.912844182829073,-8.742014756535355e-07,4.398410797119141,-0.34026405215263367,5.486645221710205,2.0113224340444837,5.3322343826293945,2.3949391841888428,7,1.5216505944374976,-0.02738266068676524,71.50515721668054,-407.4546206321005,485.061238123637,892.5158587557376,11.254753971603508,0.45823515278029775,881.9962686567164,124.65279615050298,119.75563522674248,29.850746268656714
57,BASELINE,0,0,60,60,30,4.0,5.0,3.7007434154171886e-13,1.5228257300797408,3.3882492187430557,-0.07812293598732367,7.507350769768806,2.9070169565504087,-0.20627201557670727,0.09830854416315084,-0.0022987036301957836,0.9591214520885913,-21.986940711707682,3.178914482759865e-07,5.276729106903076,-0.29312488436698914,6.263094902038574,2.0356763927877335,9.07282543182373,2.6842570304870605,7,1.466643195118626,-0.4762580122957297,83.10310392349615,-457.9719494668352,244.66359680621426,702.6355462730495,0.7672904864553209,-0.7041697055185983,887.0738636363636,86.61968980636186,77.7635871135664,33.33333333333333
57,BASELINE,1,30,90,60,30,4.0,5.0,2.4868995751603507e-13,1.4585072270586834,2.9404981464558944,-0.11963584688992057,5.646232597430867,3.2638843535587934,-0.9003670206327832,0.1760959658564766,0.00800001337497738,0.93153675965548,-21.986940833092028,9.854634299699683e-07,3.732679605484009,-0.2860569953918457,5.065567970275879,2.7096210243765126,1.3630356788635254,1.1896687746047974,10,1.1986882438433166,0.4512347558899753,72.23648517793086,-185.37097888732876,153.7580227563294,339.12900164365817,-0.7648578376406929,-0.5830449164325056,873.1343283582089,92.25939303372397,72.22002169821683,28.35820895522388
57,BASELINE,2,60,120,60,30,4.0,5.0,5.625129991434126e-13,1.2300797436697124,3.229630064289779,-0.007272547137304741,6.749214019110639,2.875305978564191,0.22240912013744918,-0.10128162723693743,-0.009520730429387694,0.8462953746153946,-21.986940519269115,4.3710073782676773e-07,3.862461566925049,-0.2974703311920166,5.340929985046387,2.7049541815902765,1.7003941535949707,1.1638249158859253,11,1.0523998326353683,-0.010092421265411537,71.57810183161004,-212.15245907879975,135.0166690256383,347.1691281044381,-0.7812467017875329,-0.5663858551215952,862.3188405797101,109.51525154041106,141.00744563413915,37.68115942028986
57,BASELINE,3,90,150,60,30,4.0,5.0,3.434289889507151e-13,1.2926664620967008,3.49705235116744,-0.1348529444285873,6.715576846610816,2.894215614756911,0.376510588445655,0.3220605228821348,0.014631530680124486,0.739356453314878,-21.986940738353024,-4.6094257299955643e-07,2.978137731552124,-0.31816643476486206,4.079700469970703,2.8302341627779573,0.5969643592834473,1.1754146814346313,10,1.2106561250998107,-0.23607513898326488,74.63930307178316,-212.1302362066001,150.6006938546355,362.7309300612356,-0.7829635137041633,-0.5925125617247656,916.50390625,104.06314610541116,171.46867555454136,43.75
57,BASELINE,4,120,180,60,30,4.0,5.0,2.0724163126336256e-13,1.2241152894649654,2.810585301546098,0.08186185578011873,5.556381177371605,3.118020224843133,-0.49518988373951967,-0.1648958227389648,-0.005068902756266237,0.7497030010343295,-21.986940874540345,-2.28881845032447e-06,3.800356149673462,-0.37328070402145386,4.908843994140625,2.5541345394460206,2.0837435722351074,1.5527925491333008,8,1.3619642391822642,0.034836487082915465,73.91337290270319,-191.0194753780603,152.81088837729402,343.8303637553543,-0.8639014838583985,-0.5853680841298388,909.375,75.24982804693809,109.87955608621253,27.692307692307693
57,BASELINE,5,150,210,60,30,4.0,5.0,-5.003405097644039e-13,1.3463538329226925,4.0683575633842395,0.03579454510180824,7.0946390176509055,2.83323276458111,0.6504477577562393,0.4966795317027049,-0.01074315549624233,0.9024400044877845,-21.98694158212259,-6.993611805228284e-07,4.297242164611816,-0.4211662709712982,5.253111839294434,2.248893447622502,3.9017910957336426,1.9394429922103882,9,1.1972046002093717,0.6592550760052048,75.27127096171891,-193.6786718603599,186.2502542844129,379.92892614477284,-0.8375715923008809,-0.5814775015858611,876.1660447761194,68.0704966434493,74.76189318328211,22.388059701492537
57,BASELINE,6,180,240,60,30,4.0,5.0,-4.204044519913926e-13,1.493838562041546,4.190114295813174,-0.14780705141141937,7.18868147729026,2.973888298420511,-0.4484323318532697,0.33386512672592106,0.005520911168629949,0.9388006353620705,-21.986941502186497,1.0172526572205243e-06,4.531619071960449,-0.2750513553619385,5.522887229919434,2.264713021899146,4.479496479034424,1.9476767778396606,7,0.9958052443730175,-0.0770441916987761,73.21264501330764,-203.70601224737646,174.20870550135837,377.9147177487348,-0.6081872771065595,-0.619486080648565,916.9921875,443.1578162871651,658.6931327296185,37.5
57,BASELINE,7,210,270,60,30,4.0,5.0,-7.579122514774402e-13,1.6457028969109266,3.6007186213090847,0.03168412165237555,8.83286301176014,2.8714060638168637,0.27863585769696675,-0.309445738823148,-0.009034928245826879,0.885896877890815,-21.986941839694495,-3.8743019104003906e-07,3.8011438846588135,-0.280894011259079,5.076648235321045,2.5714788607818737,2.640089988708496,1.5518221855163574,8,1.2556684086894492,-0.2693831336704823,73.42074052924417,-197.11039118828435,223.1109324960347,420.22132368431903,-0.5535720137742457,-0.4622039994804679,896.0700757575758,440.79709221389487,646.2696907802143,42.42424242424242
57,BASELINE,8,240,300,60,30,4.0,5.0,7.697546304067752e-14,1.5677476950288076,2.7067962673243073,0.5738680393204021,6.097409009879584,1.68035606870639,-0.40884923503488046,-0.15582894186823337,0.0012361158291770689,0.7974397985000891,-21.986941004806496,1.2079874522896716e-06,3.9842216968536377,-0.1761632263660431,5.179921627044678,2.504805676463079,3.622502326965332,1.7140997648239136,10,1.1220444035727095,-0.154157092571451,78.06185169034539,-212.66029231589138,223.11093249603385,435.7712248119252,-0.7699042334351454,-0.4243699643728212,869.2555147058823,105.97061915448477,93.2628824981604,35.294117647058826
57,ANGER,0,0,60,60,30,1.0,9.0,4.1448326252672513e-13,1.3101343443469224,4.505402399933445,-0.17141951509636044,7.685696489561167,2.638254323536999,1.6131003804293016,0.6338633699831271,-0.014409434122960571,0.807885830274383,-21.98694066729878,-2.2252400810884865e-07,4.266066551208496,-0.23401348292827606,5.350605010986328,2.4139988140313684,4.448854923248291,1.8817214965820312,1,3.0150722115349584,-0.05088376912333992,49.744048995376644,-141.59850988885694,127.08389349965566,268.6824033885126,-0.9402932036133733,-0.40901123577333726,895.8333333333334,117.00172240130398,139.7676858562643,43.93939393939394
57,ANGER,1,30,90,60,30,1.0,9.0,4.618527782440651e-13,1.2659782477888157,4.387363505541941,-0.1111300515070468,7.3380166974033045,2.758631377779241,1.350374106370242,0.557851279069771,0.007266785531847387,0.7865398522663121,-21.986940619929285,-5.53131121705519e-06,2.8087239265441895,-0.2022964507341385,4.268996238708496,3.0638393113309133,-0.38266968727111816,0.667574405670166,6,0.6804291827647152,0.025635945647663656,51.85836854320279,-165.6112934441877,160.27069267503236,325.8819861192201,-0.7389140508635483,-0.4174269893988311,901.6826923076923,94.75064436652976,109.23540198523096,46.15384615384615
57,ENTHUSIASM,0,0,60,60,30,8.0,6.0,1.0835776720341528e-12,1.5554391479458824,3.103114478644642,-0.0013646382573284654,6.520456882228132,3.0492306505600495,-0.44107332724723936,0.0907954457604982,-0.01307691521346216,0.7653305452559382,-21.98693999820487,2.1457671550706436e-07,5.0201287269592285,-0.27847975492477417,5.929985523223877,1.9495437001002691,10.186482429504395,2.9674718379974365,10,0.69415338612532,-0.10812145738479269,64.25383220695548,-306.3096251596075,315.2182647287454,621.5278898883529,1.9846126842973097,-0.3139750449182595,884.9431818181819,182.62155880743856,231.6021876349783,65.15151515151516
57,ENTHUSIASM,1,30,90,60,30,8.0,6.0,1.7763568394002505e-14,1.5696978490482567,2.6090928589660223,0.21795842524987563,8.029344001369054,2.7862870910675426,1.157048887221496,-0.9216491363206207,0.02384123734880146,0.672185614982384,-21.98694106401839,-3.2981236586238083e-07,3.788329601287842,-0.35977494716644287,4.865058422088623,2.504582436545739,2.2642812728881836,1.5565321445465088,9,1.1535444765106315,-0.12994876520216542,52.46715697814457,-168.98929991726,112.23761716163,281.22691707889,-0.5831864343893427,-0.5965728676297544,863.28125,196.46581129294805,250.12386157408363,61.76470588235294
57,LIKING,0,0,60,60,30,7.0,6.0,4.233650467237264e-13,1.2762080258096746,3.8071935098223264,-0.028970625409741046,6.401965813963528,2.9607411920459907,0.319144896450136,0.4493114138283682,0.011436894079919028,0.847306584358015,-21.986940658416998,3.5603841297415784e-06,2.191601037979126,-0.040401045233011246,3.7909932136535645,3.2330008117841516,-0.8258059024810791,0.3250821530818939,7,0.21995083912580546,-0.25212995556701545,60.97675167094476,-441.3743087303628,297.2055758418961,738.579884572259,4.785794501375604,-0.8527637251762097,949.0927419354839,104.6412488006296,101.26157341262281,48.38709677419355
57,LIKING,1,30,90,60,30,7.0,6.0,1.0954200509634879e-13,1.3562462396078159,3.8510265253314913,-0.028025433533684918,6.966176210595165,2.9269137293021936,0.157047404902952,0.14845238746706815,-0.00015972865104251914,0.9585371562974581,-21.986940972239957,1.0172526572205243e-06,2.134446620941162,-0.0062911249697208405,4.025267601013184,3.201643647759525,-1.000898838043213,0.01347872894257307,5,0.5364215033209621,0.3704308423304326,52.06441248420284,-127.06727034945989,115.1299924037866,242.1972627532465,-0.8540420361902803,-0.5821653930207458,974.21875,65.9046829733502,69.90672697741552,53.333333333333336
57,FEAR,0,0,60,60,30,3.0,7.0,2.575717417130363e-13,1.2305042915403206,2.2639499165990173,-0.18889186184907203,4.927906673562887,2.95467783773729,-0.6537465565394154,0.10588956404551282,0.00555577916663479,0.7318397160925528,-21.986940824210247,-2.5431316430513107e-07,5.765605449676514,-0.25891751050949097,6.623593330383301,1.6528693842657662,14.349777221679688,3.5019750595092773,3,2.1856013106565073,-0.39638147904669563,57.18975811977682,-205.98568373609064,305.3412344829792,511.32691821906985,1.397900884523473,-0.1398553690467784,901.4423076923077,117.93133321541967,182.54144903345752,46.15384615384615
57,FEAR,1,30,90,60,30,3.0,7.0,2.161234154603638e-13,1.581191898970314,2.8890011155581874,0.21290729602405634,5.888153655273243,3.017849965524673,-0.820889172422806,-0.056115773099893275,-0.012181045822828375,0.8182216769085494,-21.986940865658564,2.4318694613612024e-06,4.277329444885254,-0.24534732103347778,5.488045692443848,2.398267049395659,5.135234832763672,2.1572794914245605,5,1.7849697224293866,0.21323246483682523,53.632387196828795,-180.63770412633357,149.22883095430015,329.86653508063375,-0.6415905362404564,-0.5635795719551202,896.1538461538462,88.70846786035824,138.61684647600782,43.07692307692308
57,FEAR,2,60,120,60,30,3.0,7.0,1.045089940513814e-12,1.230318372636193,3.0538694410566336,0.03088665980577332,6.325462922927727,2.928550436553497,0.15058602668077237,-0.20617559097993063,0.007930874760370063,0.9134206648817856,-21.986940036692562,-8.424123052463983e-07,4.192387104034424,-0.39701932668685913,5.085972309112549,2.209040364244089,3.47735595703125,1.8715957403182983,5,1.6085846795373566,-0.3027017002851642,54.773940038405584,-151.02358484128823,149.2285802242688,300.25216506555705,-0.8534493049734007,-0.4941225813419089,872.901119402985,59.522812572416136,68.7295510221922,25.37313432835821
57,AMUSEMENT,0,0,60,60,30,8.0,7.0,3.878379099357213e-13,1.3677583726210096,3.7929060350457178,0.045011593756427715,7.510649709685424,2.7645612367553865,0.1524581282355113,-0.00372069132434822,0.00524326393936619,0.9055526797540956,-21.98694069394412,2.0345053144410485e-06,1.9289952516555786,0.12275479733943939,4.069765567779541,3.1929184982904815,-0.6696960926055908,-0.32036980986595154,41,0.05179648530655397,-0.049664342086829016,53.31887351435963,-214.2119955664804,199.08738065086672,413.2993762173471,0.5374892752415503,-0.46621843048399364,845.0892857142857,91.05978820790168,100.64823298268198,38.57142857142858
57,AMUSEMENT,1,30,90,60,30,8.0,7.0,2.3684757858670007e-14,1.2725832926849723,3.5805289484301284,0.016791763804846482,6.544652300499365,2.9497804456169385,0.10857178339302109,0.059540154592761164,0.007104452609336007,0.9591214520885898,-21.986941058097198,-8.900960324353946e-07,2.02952241897583,-0.10942710191011429,3.8554508686065674,3.1707045709822252,-1.2624719142913818,0.14110659062862396,5,1.2173083052374642,-0.06738999494549078,71.34858533838027,-374.8370430794781,300.234730133463,675.0717732129411,3.9437037833203723,-0.48501830732647433,853.0344202898551,133.48173840326996,188.31204364365547,37.68115942028986
57,AMUSEMENT,2,60,120,60,30,8.0,7.0,4.825769413704014e-13,1.8994272464268873,4.163875343840573,-0.12401945917375201,8.815889547437905,2.8366884755485477,-0.5620308006047074,0.01987266046786539,-0.007555859666621292,0.9327661048561796,-21.98694059920513,7.947286206899662e-08,4.16101598739624,-0.2313629686832428,5.365561485290527,2.496013627697236,3.1822314262390137,1.6622756719589233,5,1.8172437068799083,0.04458184152365193,72.14132588748866,-374.83704307957635,300.23473013346944,675.0717732130458,3.681252711664632,-0.4642561000385146,896.3068181818181,142.38050519818194,195.4542754663528,51.515151515151516
57,SADNESS,0,0,60,60,30,1.0,8.0,3.9968028886505635e-13,1.1676066474217914,2.7161228786127367,0.2556014837090004,4.520705354266141,2.8837945539918137,-0.8168784123522088,0.3434588157304207,0.0031042177645353984,0.848192376343541,-21.986940682101746,8.900960324353946e-07,3.1997814178466797,-0.16900663077831268,4.5949859619140625,2.863625075923749,1.2487401962280273,1.1412324905395508,6,0.8709703099083481,-0.5454416069059705,65.62890543876584,-285.2793253298924,318.871592167974,604.1509174978664,1.2709252498237147,-0.21518911994018577,914.306640625,109.10866763924696,131.5849844584124,37.5
57,SADNESS,1,30,90,60,30,1.0,8.0,1.0510111299784817e-12,1.3858290251904009,3.2539321346725103,-0.025794443251569987,6.7624646612031825,3.0313181214866365,-0.1400701120835417,-0.06205632741294562,-0.00021422595832421194,0.9326942654566686,-21.98694003077138,2.6384989268990466e-06,2.7378087043762207,-0.1972966194152832,4.456851482391357,3.0329059944033094,-0.524338960647583,0.42150092124938965,5,1.0933919872919151,-0.09708634498619476,59.899793385584275,-134.7620130667622,89.10344164502033,223.86545471178252,-0.9642523296409471,-0.5027794330526895,908.8942307692307,57.84477237231804,60.57836882527665,43.07692307692308
57,SADNESS,2,60,120,60,30,1.0,8.0,1.6579330501069003e-13,1.3052258493120057,2.3550225725905705,0.1396443089571875,5.744424127295389,3.0806483773175164,-0.38399107772744356,-0.3019340865583827,0.0017172710877225732,0.9146255877219136,-21.986940915988665,1.6530354969290784e-06,2.593686580657959,-0.07151658087968826,4.280787467956543,3.095085335857931,-0.3626594543457031,0.4141780436038971,8,0.9335421116045834,-0.30673310530241055,59.204335843340345,-186.817876005985,100.24807721613134,287.0659532221163,-0.7320583185699077,-0.5125309437000518,948.3366935483871,447.3208747121381,641.2868931722433,51.61290322580645
57,NEUTRAL,0,0,60,60,30,5.0,1.0,-6.809367884367627e-14,1.2960858588654407,2.4674994099029846,0.26505824088012275,5.728588816370461,3.0518982643860126,-0.3833770268608854,-0.4487989407381404,-0.006665335746459346,0.8868088994727213,-21.986941149875637,3.24249276673072e-06,2.6152186393737793,-0.1403132677078247,4.277449131011963,3.1218755711838395,-0.4343845844268799,0.4141591191291809,7,0.47563082551482816,0.13393597426234807,59.35337729551703,-279.5959183818675,240.68637670663915,520.2822950885067,0.77662940122317,-0.30956777181665585,810.3595890410959,119.40367046852683,182.8303054007094,34.24657534246575
57,NEUTRAL,1,30,90,60,30,5.0,1.0,4.144832625267251e-14,1.4959977071090265,3.920742556395851,0.08603238416213799,7.217147423618542,2.8599852324633988,-0.16212323242257876,0.07416818469700384,-0.007046975845918482,1.0822584358632685,-21.98694104033363,7.629394644936838e-07,3.0578908920288086,-0.21984058618545532,4.505776882171631,2.9570136349473803,0.3136415481567383,0.961411714553833,6,0.7818141428043933,0.08907430306357175,48.37375237320771,-135.3343799029414,115.25985957669704,250.59423947963845,-0.7104322302706749,-0.4091861732450834,841.7410714285714,398.3602016217913,592.6733898667625,28.57142857142857
57,NEUTRAL,2,60,120,60,30,5.0,1.0,1.3796371452675278e-12,1.5345030528106998,4.109347686228659,0.13149574388009455,7.025666452203438,2.897485755339983,-0.25731689898789467,0.4800161857822169,0.005467233936161334,1.0348423165572083,-21.98693970214576,-1.9550323031580774e-06,4.2405619621276855,-0.24591007828712463,5.483466625213623,2.5249515277567105,4.117608547210693,1.817365288734436,6,1.3630998846819775,-0.05314721863742918,51.78284371845248,-185.8043956664764,124.59717953149462,310.40157519797106,-0.29885621426844766,-0.5414537680663948,880.1305970149253,406.1533617185068,607.2832202229812,34.32835820895522
57,AWE,0,0,60,60,30,8.0,7.0,4.944193202997363e-13,1.0705072615088291,3.194604038726112,-0.10490754274599112,5.065172467270429,2.8235259275678413,-0.30925842988305385,0.34424408289666963,-0.00995759237627969,0.7542700160874549,-21.986940587362756,-9.616215947971796e-07,3.0662410259246826,-0.15713536739349365,4.250093460083008,2.78078579436111,1.4082098007202148,1.3262135982513428,5,1.627548964520998,-0.3669494814260395,65.78598282246251,-469.79776049433195,226.18401858423422,695.9817790785662,3.8821162567466416,-0.9493143816950114,888.0208333333334,147.22960806844245,191.96408605918572,34.84848484848485
57,AWE,1,30,90,60,30,8.0,7.0,1.4802973661668752e-14,1.2350728130095867,2.9272640358321667,-0.05024330387932707,5.186468170352043,3.1660428813207395,-0.47307070651791383,0.26781863871083395,0.0031141187646377506,0.941495665607138,-21.986941066978982,-5.563099989558395e-07,3.194739818572998,-0.2536064386367798,4.328298091888428,2.689786455329266,2.023192882537842,1.5544790029525757,5,1.399748367635657,-0.04704182570483394,52.61648795078202,-120.96363430376041,84.68673149886688,205.65036580262728,-1.0003937871698088,-0.4951202912279351,825.5208333333334,54.6324546916373,42.60963489535545,16.666666666666664
57,DISGUST,0,0,60,60,30,2.0,8.0,7.283063041541026e-13,1.1783314002841418,2.971492861644265,0.08790197541230782,5.738614650461926,2.9214505554951926,-0.09732551602724238,-0.1096937637089081,-0.0033803443867004364,0.8180504829163318,-21.986940353475916,-8.583068620282575e-07,2.1430468559265137,-0.1174640953540802,3.6108431816101074,3.218547398041932,-1.0483888387680054,0.30136021971702576,17,0.059396679845901,-0.08958649116215558,74.32574166307963,-313.1128781612314,257.4750781934234,570.5879563546548,0.1379887408735061,-0.5727124459761904,904.5673076923077,133.87451869683824,188.79759333741518,52.307692307692314
58,BASELINE,0,0,60,60,30,4.0,2.0,-4.3816802038539515e-13,1.1736568601216109,1.9420059699839953,0.1578279440256125,5.288457780247313,3.030019281117692,-0.11089149244648588,-0.5461745664725869,0.0065098660867941565,0.7393478187718554,-21.987818423484008,-1.716613724056515e-06,2.632571220397949,-0.06732531636953354,4.505505561828613,3.0944511705630378,-0.7997081279754639,0.1610664427280426,5,0.7965699401972405,-0.1275974014886609,37.70160507771939,-135.74987467146502,167.84661108855903,303.59648576002405,0.1283702501052355,-0.22645996623028888,621.3815789473684,36.49847147967629,22.44693061754627,3.1578947368421053
58,BASELINE,1,30,90,60,30,4.0,2.0,1.5483910450105516e-12,1.2920132776957578,2.6530659017410585,0.03900657701478849,6.382249184339628,2.9679816079606076,0.26570241741653966,-0.41426017886856953,-0.015506860615845205,0.7270220778074056,-21.987816436926046,4.450480162176973e-07,2.1829886436462402,-0.15373551845550537,3.7941970825195312,3.2053212339006536,-0.9228966236114502,0.24932019412517548,7,0.40838491600203813,-0.14539825449885918,38.426110671478476,-99.32059010194753,167.74684111895112,267.06743122089864,-0.5218451395781827,-0.2866182945957825,625.6648936170212,66.08958112126494,83.10726223556112,5.319148936170213
58,BASELINE,2,60,120,60,30,4.0,2.0,-2.723747153747051e-13,1.2991878397233623,2.941591913877062,0.0995113131928349,6.4455277281624035,2.9977875279241744,0.17273059032110005,-0.4458532626392692,-0.0046535465385720695,0.7248868905578982,-21.987818257690645,-1.9073486612342094e-07,2.190260648727417,-0.009846342727541924,3.9495768547058105,3.22907011133432,-0.9393258094787598,0.13444383442401886,4,0.7232439695485502,0.15803201397901442,39.76210482171102,-102.06075733450729,102.70337640775715,204.76413374226445,-0.8168710336748175,-0.3786193937755629,623.0053191489362,67.74970468454667,82.79078255503609,5.319148936170213
58,BASELINE,3,90,150,60,30,4.0,2.0,2.871776890363738e-13,1.2227208215343823,2.301574368150483,0.1420283314946147,6.660664995734322,2.7610374552629233,1.6551531008850002,-0.9567392978841106,0.004909584059856488,0.6794253564150826,-21.987817698138244,-6.357829107628277e-08,2.709678888320923,-0.07897358387708664,4.416665077209473,3.079138485019914,-0.5269498825073242,0.4265685975551605,5,1.133116926870276,-0.051063638755090617,40.995425745448856,-112.95960255534769,104.96902299107795,217.92862554642562,-0.7483981583439387,-0.38232642675139916,615.3971354166666,58.52357822974471,79.7044293162656,9.375
58,BASELINE,4,120,180,60,30,4.0,2.0,2.102022259956963e-13,1.1372020411744141,2.429623777202039,-0.1331038611269264,5.716580733148646,2.864407966776735,0.30436176407201465,-0.10986698307422486,-0.008676740497703438,0.7847409700545845,-21.987817775113687,-6.516774533338321e-07,2.6876301765441895,-0.07774923741817474,4.272171497344971,3.0847249636564205,-0.6066887378692627,0.36846110224723816,5,1.1860458572113224,-0.14771676922503033,39.47589213409374,-112.95960918993006,104.96908203596922,217.92869122589929,-0.7367681340113501,-0.3748805038208999,622.203947368421,49.82823239450734,79.16528145951249,7.368421052631578
58,BASELINE,5,150,210,60,30,4.0,2.0,-6.572520305780927e-13,1.5374179871458111,3.743885909884881,-0.01249955914808254,6.722838524432717,3.0825836404226834,-0.18423330683218175,0.24970186496092014,0.008155760366625332,0.9919859283235207,-21.987818642568136,3.1789145538141383e-08,2.5982625484466553,-0.17390461266040802,4.212253570556641,3.101498251850811,-0.1983814239501953,0.7274411916732788,5,1.273457217790426,-0.10562703795050662,37.673682738620634,-106.00948675156353,68.61372988685301,174.62321663841652,-0.8815720919562553,-0.4025912260611448,629.3682795698925,25.484186043746725,18.285691350128765,1.0752688172043012
58,BASELINE,6,180,240,60,30,4.0,2.0,-2.1316282072803006e-13,1.5103483703477159,3.1951448030845597,0.11432983307102518,7.9889118184830465,2.8533242458333357,0.52139697846596,-0.4750854291775844,0.018792423031121636,1.0663052712537442,-21.987818198478735,1.0490417707842425e-06,2.7885992527008057,-0.3062251806259155,4.127665042877197,2.9761728607786124,0.3227977752685547,1.033829927444458,6,0.6355267249384576,-0.18955649311257322,37.715272650933755,-88.36554590898571,60.87383138616384,149.23937729514955,-0.9479088143963037,-0.3867021128500262,621.875,28.52114627034594,18.30420851067119,0.0
58,BASELINE,7,210,270,60,30,4.0,2.0,7.253457094217689e-13,1.3937783608078083,3.048618361653155,-0.17832575370917425,6.133076707472895,3.1235609692090027,-0.6656942346626522,-0.0758153826310934,-0.0013715829817602509,1.0103945796904266,-21.987817259970445,-3.1789145538141383e-08,2.6693036556243896,-0.23653468489646912,4.102328777313232,2.9219534619876106,0.045441389083862305,0.690954864025116,6,0.5516691026064059,0.05899162085821645,38.879546400880024,-84.1905482548988,84.42141789951313,168.61196615441193,-0.9279327519205731,-0.3107120048138345,617.0247395833334,29.559087901406027,18.41811536732818,0.0
58,BASELINE,8,240,300,60,30,4.0,2.0,-1.4802973661668756e-13,1.4026805437283643,2.6484396393691156,-0.032586670356948844,6.093422333671583,2.997794328316295,-0.6834763452458628,-0.1381125272256989,-0.0021493920650911434,1.0103945796904672,-21.987818133345638,-1.3113022134803032e-07,2.8457722663879395,-0.1319240778684616,4.357095718383789,2.9463560964098314,0.5396530628204346,0.7721434235572815,5,0.9140917164456599,0.13599555721805448,42.718785364854746,-143.08172336422717,128.7288922165382,271.8106155807654,-0.7438650963190372,-0.22289476348229723,625.498670212766,75.49164460700746,69.27342292435038,7.446808510638298
58,ANGER,0,0,60,60,30,2.0,4.0,6.898185726337639e-13,1.036938418807362,2.8118984752666165,0.3676507927174555,5.24372494028853,2.5902843590237734,-0.7937989551364453,0.22376390045565472,-0.01166019152596714,0.6843687447792576,-21.987817295497557,7.629394644936838e-07,2.173123598098755,-0.043591685593128204,6.325522422790527,2.5450294136218963,2.8601059913635254,-0.7685779333114624,1,3.009309291193128,-0.09506883759815711,50.673570481074776,-136.86198217195806,87.98776397809965,224.8497461500577,-0.8565163617646774,-0.4969841005928643,656.25,25.008776549331277,24.51021270175747,3.3333333333333335
58,ANGER,1,30,90,60,30,2.0,4.0,-1.7763568394002505e-14,1.071050305253571,1.58831566323272,-0.46267660809178324,4.089539597316616,1.699003543096047,-0.40145944960283364,0.15057125775878039,0.0007778090833279193,0.6845733699130514,-21.98781800307946,8.900960324353946e-07,1.8403338193893433,-0.023543551564216614,3.5502448081970215,3.3074389014759524,-1.1607545614242554,0.15626166760921478,74,0.04809927425449942,0.1267873058671621,49.37927661732567,-116.14976365495865,87.25115826635087,203.40092192130953,-0.8800655202942118,-0.5389755608609069,681.8677325581396,26.787304627565394,22.09708691207961,2.3255813953488373
58,ANGER,2,60,120,60,30,2.0,4.0,-9.473903143468003e-14,1.1732510500363946,2.484680733525124,-0.025043542684244358,5.182045374453992,2.8867666858913283,-0.4431439996915296,0.08309239773957036,0.014622116294180122,0.8483090156390168,-21.987818080054925,-3.1789145538141383e-08,1.9415802955627441,-0.12637528777122498,3.5997729301452637,3.291908111806771,-1.1657264232635498,0.22968408465385437,74,0.0706843125089737,-0.1461742739994828,49.497799619488,-114.03621747004692,79.15602624419756,193.19224371424448,-0.8916521894292129,-0.544289104260185,687.6816860465116,24.733667048240434,21.437323142813604,0.0
58,LIKING,0,0,60,60,30,6.0,3.0,8.585724723767877e-13,1.3467792064163093,3.02657465035594,-0.016770061541038217,5.774333101959428,3.1073341692270877,-0.4706856419788683,0.1345215858456512,-0.005580085700481912,0.8674919490783167,-21.98781712674379,6.039937261448358e-07,2.068369150161743,-0.12269029021263123,3.5596704483032227,3.2544250285405267,-1.053958535194397,0.3578368127346039,56,0.04053492077996398,0.11725976977236853,45.589659967698715,-111.98668702281243,90.93864988410216,202.9253369069146,-0.8318812318000193,-0.41772475784373936,652.9513888888889,32.49743774712039,22.03492901985646,1.1111111111111112
58,FEAR,0,0,60,60,30,3.0,6.0,6.868579779014302e-13,1.3666655169147108,2.984172191411716,0.06299906338824712,5.705340741797471,3.1490863671626155,-0.8745780460123922,-0.083866975133384,0.011417126187418618,0.9681329441705032,-21.98781729845815,-3.496805902614142e-07,2.4624898433685303,-0.1510770171880722,4.037375450134277,3.17130647264059,-0.7468979358673096,0.4098868668079376,7,0.3902293775484625,-0.061707568949736134,46.55574855354739,-120.50185266811887,106.25394150495896,226.75579417307785,-0.764941415727193,-0.35582929968336574,667.4360795454545,102.88222641606728,135.84426301137435,6.8181818181818175
58,FEAR,1,30,90,60,30,3.0,6.0,2.5165055224836885e-13,1.1882634182740062,2.7974360876221738,0.7471556505041832,6.0250619433873,1.2935128591006544,-0.3081799924729358,-0.09484415218263305,-0.01699373952592322,0.8579949089918449,-21.98781773366537,1.2715658215256553e-07,2.482506513595581,-0.07109382003545761,4.2946929931640625,3.1351321740425737,-0.6982517242431641,0.2386174499988556,18,0.22859084758920833,-0.20859283753261135,40.04581161046716,-122.8048221384852,106.27413092100451,229.07895305948972,-0.7743189670035946,-0.34678217560413743,654.8611111111111,73.1995249369745,94.76857715663,4.444444444444445
58,FEAR,2,60,120,60,30,3.0,6.0,-1.3618735768735254e-13,1.3999820729540866,2.5343741800597286,-0.020599162023060558,5.972616082129889,3.134490382938485,-0.46349287509773074,-0.2203282097096994,-0.010784462232193145,0.9505201934676223,-21.987818121503256,1.3669331337951007e-06,2.626767635345459,-0.06415721029043198,4.425076484680176,3.1056699959917307,-0.26341748237609863,0.44163721799850464,7,0.7346195802615855,-0.10846293715584136,38.29334864005739,-84.64548178230204,61.765714765838304,146.41119654814034,-0.9923966107890299,-0.3552551834282308,655.9027777777778,22.094328052350765,16.22783709029683,0.0
58,AMUSEMENT,0,0,60,60,30,6.0,3.0,1.0066022089934752e-13,1.065180473826574,2.4761413822425027,0.04259223934468537,5.434244282016465,2.9362945175695607,0.37244807961853965,-0.2266496073399971,-0.0019850552327346353,0.753582029874,-21.987817884655676,-1.2715658215256553e-07,2.1853435039520264,-0.063167504966259,3.694058656692505,3.210081722652498,-1.0448031425476074,0.25398072600364685,6,0.17801732904533465,-0.07190722378426599,44.3245639778137,-218.29260144833026,146.50257467344989,364.7951761217802,0.2718092790976634,-0.6255563899332877,645.9478021978022,45.05854242112139,53.03812340875403,3.296703296703297
58,AMUSEMENT,1,30,90,60,30,6.0,3.0,-4.026408835973901e-13,1.339445691993003,2.4693988684546753,-0.017932145351196027,5.263423649797261,2.87801902291079,-0.6235947917121751,-0.10797781472296462,-0.0011493518150964054,0.8078858302743918,-21.987818387956857,0.0,1.9580459594726562,-0.046840518712997437,3.5265865325927734,3.290799601920326,-1.0779980421066284,0.20816248655319214,60,0.025744853320854917,0.01771357005319197,41.777714600273825,-91.49945384414879,61.68986463429654,153.18931847844533,-0.8608400585183649,-0.5582257189414265,656.7708333333334,18.509992461558873,18.591322957924287,0.0
58,AMUSEMENT,2,60,120,60,30,6.0,3.0,2.102022259956963e-13,1.2842147851585672,2.5321129087977567,-0.05939764528868352,5.319068250513226,3.1510668177288035,-1.0540221332410413,0.05242490741882729,-0.0018403518489588486,0.8579949089918387,-21.987817775113687,-1.5576680425510858e-06,2.1249260902404785,-0.14035636186599731,3.7834181785583496,3.2489793508585105,-0.9645001888275146,0.3274519145488739,6,0.36004325374345036,0.07826770225851068,43.11104562018521,-94.41038555325409,79.35892483025762,173.7693103835117,-0.8670768160091025,-0.5542356193445024,658.3567415730337,21.86878605379246,20.602712648239045,0.0
58,SADNESS,0,0,60,60,30,4.0,4.0,4.322468309207276e-13,1.2267073739896626,2.3795563857163415,0.13440610918280527,5.277811695248857,3.1723639031518442,-0.5813409412259194,-0.32224822492527816,0.0005444985454011476,0.8677301934102732,-21.987817553069153,-6.993611805228284e-07,2.6250550746917725,-0.18056336045265198,4.091165542602539,3.093740410396422,-0.5564877986907959,0.5352700352668762,3,0.6951030036538478,0.16839031026613221,41.49922926735982,-131.80960420676786,117.58894019604831,249.39854440281619,-0.7248413320365805,-0.36046374262484443,644.9175824175824,25.09378395099557,18.633899812498246,1.098901098901099
58,SADNESS,1,30,90,60,30,4.0,4.0,6.513308411134251e-13,1.3419657679721166,2.8941586321487023,0.2735683329767369,6.689249773602057,2.602955622921807,0.9009861343715406,-0.7860831078017634,0.003261030042127791,0.9237677055269674,-21.987817333985262,-4.76837158203125e-07,1.891855001449585,-0.03969784080982208,3.6146743297576904,3.3100147303022798,-1.1319741010665894,0.1044454574584961,77,0.02996929795345388,0.15825401768034603,40.3959276974276,-84.92354646281986,76.09250051196912,161.016046974789,-0.9126263094394917,-0.404512794615577,648.8667582417582,24.79742791740065,18.117215761381342,0.0
58,SADNESS,2,60,120,60,30,4.0,4.0,4.796163466380676e-13,1.3772945264323389,3.5024424945945043,0.1407868769835119,6.914562376407929,2.912927601878593,-0.1668523564127118,-0.22475104441038812,-0.010794868721575313,1.026788650232593,-21.98781750569966,4.76837158203125e-07,1.8602256774902344,-0.0831776037812233,3.5009841918945312,3.3099336450532193,-1.2166497707366943,0.12640003859996796,77,0.034142333545535156,0.1401860522773535,40.239739664292394,-85.78463827608914,79.3465056729143,165.13114394900344,-0.9069739843105844,-0.36802085835031,641.6552197802198,24.40727450659022,17.508058660387096,0.0
58,NEUTRAL,0,0,60,60,30,7.0,3.0,4.588921835117314e-13,1.1313520365589902,3.061397521826592,-0.22764110662834014,5.4094538328286035,2.924508661518821,-0.16687530864999722,0.42160428830276425,0.010139296979096303,0.7975038413292501,-21.98781752642381,1.9073486612342094e-07,3.1850788593292236,-0.2746925950050354,4.356184482574463,2.802402122803466,0.7921946048736572,1.1409575939178467,1,2.580524089584615,0.5750559509657286,50.631619472580695,-139.00639919832702,202.85054015867576,341.8569393570028,-0.47712982482456034,-0.2848974939743343,632.8965053763441,31.890818877656166,18.0666931344731,2.1505376344086025
58,NEUTRAL,1,30,90,60,30,7.0,3.0,1.4210854715202004e-13,1.2270011722771017,3.177503468050702,-0.8241853711940195,6.01333230462302,1.2850447714112858,0.09390112999402112,0.7523902833362084,-0.00013889447917270762,0.9147996451157208,-21.987817843207353,1.9073486612342094e-07,2.0847227573394775,-0.07351978868246078,3.693397045135498,3.2692859375276755,-1.0460420846939087,0.24002501368522644,60,0.03778213797900365,-0.051381269706677286,49.461916216659375,-124.16069169220299,101.24668365301764,225.40737534522063,-0.880049925301615,-0.4241593597245096,638.7567934782609,14.98382099226725,13.40715811558377,0.0
58,NEUTRAL,2,60,120,60,30,7.0,3.0,3.8191672047105385e-13,1.3286378666478753,3.365836858348814,0.262663349550607,6.614995409473323,2.5439403315907825,-0.08995937606522553,0.21900902948652126,-0.005166874624967857,0.9852693708912718,-21.987817603399243,-4.76837158203125e-07,1.898329496383667,-0.11468453705310822,3.5090675354003906,3.3046524921041733,-1.1858991384506226,0.1760137975215912,60,0.054112429774005676,0.20853763530545114,49.36393606278002,-107.14673898263351,112.29725439051438,219.4439933731479,-0.8785102210278013,-0.41244897131036706,633.9045698924731,15.692424069676486,13.62934962482261,0.0
58,DISGUST,0,0,60,60,30,3.0,4.0,5.625129991434126e-13,1.3670595954581117,2.809499764344281,0.5484184688739902,6.14015884570307,1.4765190323841464,0.15172715797814673,-0.32476463275306605,-0.009703967560456075,0.9766571473801228,-21.98781742280305,3.178914482759865e-07,1.729128122329712,-0.07088848948478699,3.6000304222106934,3.2629179972490125,-1.2778065204620361,0.08473530411720276,58,0.18639869171975218,-0.1177933993235713,49.10166563484425,-262.4986417544688,175.02753777484588,437.5261795293147,0.312284437200411,-0.4182686946872456,655.9027777777778,74.25372578368746,97.77468239916931,5.555555555555555
59,BASELINE,0,0,60,60,30,6.0,2.0,-3.1678363635971135e-13,1.7047494073426765,4.38041152023203,0.09096908339714105,8.72419090713592,2.9908411419127474,-0.3755942165308501,-0.10452882498905017,-0.0006721121529967728,0.9310176320770152,-21.985767425482145,4.76837158203125e-07,3.3178963661193848,-0.449966162443161,4.1340765953063965,2.126137567122338,1.71014404296875,1.6643670797348022,3,0.8248216956628038,0.22929516868478536,63.47494931652327,-187.7566629840901,120.41808479401064,308.1747477781007,-0.4422340844591828,-0.6734762675259154,819.0104166666666,489.2716627939986,676.9507138086615,44.44444444444444
59,BASELINE,1,30,90,60,30,6.0,2.0,-6.809367884367627e-14,1.5709342067333436,3.0316738013375755,0.004860265216777293,6.866435859432585,3.150396376994609,-0.4925042153503054,-0.1781715498891734,-0.00479749210237279,0.9644929993516167,-21.98576717679214,-5.165736070011917e-07,3.0561251640319824,0.02924988977611065,4.664918899536133,2.660033110266688,0.5271778106689453,0.48807522654533386,2,1.1631115524920501,-0.20949334177728254,69.78771056271309,-187.75465645757893,120.41808479411657,308.17274125169547,-0.7797901511693595,-0.6360969624151745,777.34375,84.20604225400534,111.36581050753414,55.26315789473685
59,BASELINE,2,60,120,60,30,6.0,2.0,3.7007434154171886e-13,1.3002320148973816,3.2027722395703506,0.07394376974971806,5.952155637535128,3.080933102190643,-0.7235161063583866,-0.008998950544462004,-0.006141325825563415,0.9046207419937032,-21.985766738624186,1.5894572413799324e-07,2.237201452255249,0.08744815737009048,3.877326011657715,3.14024524509719,-0.8600378036499023,0.1903713345527649,10,0.24149880746630462,-0.0041044089024823375,70.33693066353642,-173.53146206708203,95.34277517849311,268.87423724557516,-0.8982628762437295,-0.6260377235695794,782.9166666666666,68.95380826719833,104.43728923022063,56.00000000000001
59,BASELINE,3,90,150,60,30,6.0,2.0,1.0658141036401503e-12,1.272316489340286,2.7647632034472736,0.004498378991257823,5.385173542362054,3.1869441097095397,-0.9427652205373009,0.0906255618489981,-0.008683929273802059,0.827309702791288,-21.985766042884922,1.033147185580674e-07,3.389719009399414,-0.3883211016654968,4.926063537597656,2.7981483335686925,1.0433263778686523,1.1122421026229858,6,0.8533901336684068,0.1738219335022611,66.0362523960101,-171.1178873329373,97.66630007636384,268.7841874093011,-0.648536276851241,-0.675728901302258,816.8402777777778,461.90142423898874,658.0447874890807,61.111111111111114
59,BASELINE,4,120,180,60,30,6.0,2.0,1.0658141036401503e-13,1.7829078932717437,3.1567506073180596,0.13624752656511419,7.200000725817546,3.006917252324194,-0.5577423900772835,-0.3948949016418464,0.016114363854709157,0.9591214520885587,-21.985767002117054,-3.178914482759865e-07,2.593606472015381,-0.029705464839935303,4.121551513671875,2.8855273930190846,-0.4717130661010742,0.4879753291606903,5,0.4086579235372209,-0.13366947033133844,65.07896551845572,-203.76345740377565,101.37207352982199,305.13553093359764,-0.5421550912148199,-0.7016476300390894,798.3530405405405,457.50034590810907,647.2210956220067,50.0
59,BASELINE,5,150,210,60,30,6.0,2.0,8.852178249677914e-13,1.5292988518139603,2.839647277296109,-0.2636052277363632,6.209508603176772,3.1310603495842804,-0.6932869148012628,0.03752615306932746,0.0022969674492026686,1.0666992506764954,-21.985766223481026,-3.655751470432733e-07,3.507235527038574,-0.3736332952976227,4.510200023651123,2.504106212528916,2.569941520690918,1.7405214309692383,4,0.8263056846313577,-0.047491991864292676,67.06443305170515,-206.44064562533003,137.65340755333636,344.0940531786664,-0.5819855883224694,-0.6669927046750568,752.8044871794872,81.89923823278347,89.049504918886,37.17948717948718
59,BASELINE,6,180,240,60,30,6.0,2.0,1.7467508920769129e-13,1.5066937544333043,2.4418494378757316,0.03864941437186076,6.08460774278754,3.1377012796895296,-0.7200631026246893,-0.32762500687532303,-0.009057656222591649,0.9851272066352716,-21.985766934023385,8.583068620282575e-07,2.273483991622925,0.27919575572013855,3.975369453430176,2.7299507094422863,-0.7913999557495117,-0.3115898072719574,4,0.7424587823956615,-0.14032351186483408,67.84792087314848,-191.96810366773997,100.61538876873145,292.58349243647143,-0.6756542643746903,-0.6777937732110564,759.6153846153846,89.07552056617948,103.64452469860625,41.02564102564102
59,BASELINE,7,210,270,60,30,6.0,2.0,-2.6053233644537005e-13,1.343027008658412,2.7227484750866893,0.7262731549243284,5.883502426403453,2.1538260376811977,-0.20793028183840034,-0.7196010722024615,0.014356480602771646,0.9327661048561783,-21.985767369230828,-1.3351440202313825e-06,3.3382797241210938,0.09448118507862091,5.042491436004639,2.7912705485873457,0.8391983509063721,0.5464950799942017,4,0.9318154631526155,0.01631656661874669,67.10339586141279,-176.31874992254566,90.74783163573471,267.0665815582804,-0.668645054970729,-0.7020339516325277,804.7945205479452,410.33704090624997,605.1480445444505,57.534246575342465
59,BASELINE,8,240,300,60,30,6.0,2.0,3.227048258243788e-13,1.2430836007739123,2.443741296427504,0.1630679058109763,5.30948800381168,3.137555349619097,-0.5522507186145469,-0.24446678021099882,-0.00010069849739255758,0.8575050460293057,-21.985766785993686,6.357829107628277e-08,2.702263116836548,-0.16345995664596558,4.476914405822754,2.90110730556603,0.45919084548950195,0.639489471912384,5,1.0767524656006955,-0.2886648442624695,65.00528204259425,-164.07989711174298,88.4378959907029,252.51779310244586,-0.7319781456074641,-0.6738390617288034,771.1759868421053,405.38934432305916,591.2832531170376,59.210526315789465
59,ANGER,0,0,60,60,30,5.0,1.0,-7.638334409421077e-13,1.2016709609489047,2.4825672225325945,-0.16116331526561112,5.105452882007455,3.108642581959774,-0.5209019105053478,0.23977940911812592,0.007539365947213458,0.8859436423894566,-21.985767872532193,-8.265177484645392e-07,4.130053997039795,-0.25987473130226135,5.30104923248291,2.4440261907211887,4.141897201538086,1.9693387746810913,22,0.4633809332073742,0.45406512104241264,59.96824286534367,-198.69941956597864,122.72297337587337,321.422392941852,-0.6901949445470881,-0.6878487993466234,781.875,114.19865300419691,115.59303794907935,34.66666666666667
59,ANGER,1,30,90,60,30,5.0,1.0,-4.440892098500626e-14,1.2882314442299265,2.5797981743089338,-0.1548334339364743,5.671794041612088,3.0810529604013857,-0.42186918408012186,0.13290416736560565,-0.01046296095202081,0.9235542867988447,-21.985767153107382,-4.5299530029296875e-06,7.033966541290283,-0.14966382086277008,9.142800331115723,2.1252194003730898,8.984268188476562,1.6384750604629517,26,0.7015273064422641,0.09753824776473191,63.25104715667536,-156.755299254198,81.18575011249014,237.94104936668816,-0.844089423228715,-0.6792948494475075,836.8303571428571,39.87033464890317,39.546369087073145,17.142857142857142
59,ANGER,2,60,120,60,30,5.0,1.0,-3.789561257387201e-13,1.2724770493863566,2.8130798821869973,-0.06465315943700034,5.777124139065393,3.127282552623618,-0.5112059369106037,0.06934745678013464,-0.0014265660753373737,0.8767553644375117,-21.985767487654655,-9.854634299699683e-07,3.152233123779297,-0.09906654059886932,5.283349990844727,2.7573137019445917,0.7264986038208008,0.8355062007904053,63,0.31697744806572936,0.13832064117088283,69.37782227172112,-195.84591112749283,115.10639235679034,310.95230348428316,-0.7794414370436495,-0.6765746096014689,812.9340277777778,87.48790402364159,118.93864741366261,38.88888888888889
59,ENTHUSIASM,0,0,60,60,30,5.0,1.0,-2.0132044179869504e-13,1.3540904193555385,3.0998500807697837,0.019632500484689785,6.251396996690062,3.068511819350001,-0.4455869657378102,-0.006196139948660299,-0.01073151434144999,0.9323121630456084,-21.98576731001892,-1.8437702919982257e-06,2.157647132873535,-0.05874636769294739,3.7247729301452637,3.2027031907811714,-1.0620249509811401,0.23076975345611572,17,0.1564275011319347,-0.16494060261638174,54.067739112452614,-246.95207922991003,193.03553743336727,439.9876166632773,0.556332142988107,-0.7251972960652542,737.5,131.5623167787894,169.96747873965163,42.5
59,ENTHUSIASM,1,30,90,60,30,5.0,1.0,-6.77976193704429e-13,1.2844891037891095,3.3162294623799937,-0.07991706070811233,6.186112956861933,3.036481355230195,-0.2653441078253951,0.13920482505011286,0.015186006057281726,0.9054962795752384,-21.985767786674884,6.993611805228284e-07,2.1411855220794678,-0.228183776140213,3.566265106201172,3.1786797395459456,-1.059348464012146,0.388393759727478,67,0.06890381185474194,-0.23707663682513186,51.17491406364316,-146.10009912735683,81.686121457799,227.78622058515583,-0.6994288187298174,-0.7192960064375538,786.0416666666666,99.35302394551017,150.56157195982485,40.0
59,ENTHUSIASM,2,60,120,60,30,5.0,1.0,-2.5165055224836885e-13,1.45419252581029,3.683632696316863,-0.4567796295422255,6.500030500622955,2.5131854483387204,-0.2616430116873971,0.23152953045176408,0.021201926500115334,0.9850203003422128,-21.985767360349044,7.152557373046875e-07,3.4038212299346924,-0.24438035488128662,5.144904136657715,2.7512467065431534,1.0240602493286133,1.0188366174697876,23,0.43081611728147784,0.28059678512286046,49.21943515394726,-133.26150321387243,81.649946711384,214.91144992525642,-0.6932772317651583,-0.7179404544074552,768.0921052631579,91.64485884930356,130.70322617798433,31.57894736842105
59,LIKING,0,0,60,60,30,8.0,3.0,-4.766557519057338e-13,1.3825046769935796,2.810912605438176,0.053216229537866866,6.1331262455880164,3.1277770264165934,-0.5034872367890975,-0.17115811620769888,0.011511086428313354,0.9141312118019684,-21.985767585354324,-3.655751470432733e-07,3.957754135131836,-0.24517183005809784,5.0804595947265625,2.530860443592851,2.558587074279785,1.6076029539108276,3,1.7430342590234051,0.007127937351897865,76.14687449527854,-497.67181802657757,332.0450222268232,829.7168402534007,2.863980439703412,-0.5277021114870271,775.6990131578947,161.771281672654,172.9041160103869,40.78947368421053
59,LIKING,1,30,90,60,30,8.0,3.0,6.246854885224214e-13,1.085008737453209,2.228326410268977,-0.1146186324930909,4.917309990908336,3.075701495708099,-0.4404587432083713,0.04488023371030726,-0.002790843387651376,0.8283324802722076,-21.985766484013165,1.3033549066676642e-06,4.376768589019775,-0.3092423975467682,5.444040775299072,2.2634710854986295,6.153550148010254,2.4273111820220947,6,0.687409508814005,0.4208218001353926,66.8373334585557,-156.1339599016812,132.37640775429185,288.510367655973,-0.8166217475372988,-0.6548955788242034,838.3928571428571,68.33525851956527,61.35730765685984,24.285714285714285
59,FEAR,0,0,60,60,30,7.0,3.0,-4.618527782440651e-13,1.2804483100464938,3.15294032181086,0.0631411347388422,6.1370323655488335,2.9952315611208955,-0.2808969047180727,-0.18741199753050386,0.0012217078118357066,0.9036877978126424,-21.985767570551346,-8.583068620282575e-07,2.060891628265381,-0.021955136209726334,4.09813928604126,3.212705343649514,-0.745309591293335,0.10829953104257584,6,0.6780190775418983,-0.012650115032164008,62.89396828203854,-278.14885845330616,255.77965212652308,533.9285105798292,0.7073456259947224,-0.5724730813247737,731.8672839506173,57.2745660505679,57.489596545266345,16.049382716049383
59,FEAR,1,30,90,60,30,7.0,3.0,-2.871776890363738e-13,1.285947765169494,2.574242710665686,0.04626364670876626,5.603500945974815,3.1292905181617625,-0.36742138702132365,-0.2703428344732669,0.001138013490264524,0.9220227608598576,-21.985767395876188,-9.218851459991129e-07,2.3897817134857178,-0.20906445384025574,3.9344377517700195,3.0492964251544237,-0.9049887657165527,0.30535760521888733,8,0.27310362814114897,-0.013738748067341744,54.98198960242045,-129.22216525436377,72.52779543713447,201.74996069149825,-0.8911302798411609,-0.6684093653187368,728.0092592592592,43.83207826546038,52.378719662067915,11.11111111111111
59,FEAR,2,60,120,60,30,7.0,3.0,1.1546319456101628e-13,1.3584823428283588,2.593191299641262,-0.03586659354937183,5.441892605492882,3.218534837890544,-0.7805446663848095,-0.04832622059810864,-0.009697157777147,0.9493306520168044,-21.98576699323527,1.5576680425510858e-06,1.662097692489624,0.12222645431756973,3.453892230987549,3.2525527422929303,-1.2856686115264893,-0.15176019072532654,6,0.43191917893362713,-0.1007889780792771,56.09849783818632,-136.37322903093252,75.14218746146193,211.51541649239445,-0.8910403427782136,-0.6613278968769305,730.324074074074,53.14669695822539,70.02981368451226,14.814814814814813
59,AMUSEMENT,0,0,60,60,30,2.0,4.0,-5.240252676230739e-13,1.118039222460217,2.401828528439154,0.01753929838947954,5.174864094759357,3.111852361579011,-0.5483964846304556,-0.0982348219279001,0.014869975253923657,0.7847124969798129,-21.985767632723864,6.357829107628277e-08,3.5178537368774414,-0.27644115686416626,4.794062614440918,2.7363029721766114,1.7624669075012207,1.3779150247573853,8,0.6037713427520479,-0.03322704196120612,71.144292672031,-213.17125024127796,216.76007746523322,429.9313277065112,-0.6483845844309073,-0.5787460657876329,748.2199367088608,116.73892087522195,163.93367194715344,49.36708860759494
59,AMUSEMENT,1,30,90,60,30,2.0,4.0,7.105427357601002e-14,1.6574332987328084,3.8348580134140775,0.2252672949300205,8.20869514115401,3.0018741883717794,-0.24060546371267177,-0.04526563831469309,-0.0025040567864037175,0.8272595433973056,-21.985767037644187,9.854634299699683e-07,3.219956398010254,-0.26416072249412537,4.672341823577881,2.874162650809795,0.8747408390045166,1.1118290424346924,4,0.903983610901663,0.5548298279549742,71.03146118541866,-386.8595932735566,245.05822384046513,631.9178171140218,1.2844313243927994,-0.6853200454776902,720.1003086419753,95.27399103160867,90.97454142506024,29.629629629629626
59,AMUSEMENT,2,60,120,60,30,2.0,4.0,9.947598300641403e-13,1.4214724626116648,3.3374747124419457,-0.11470490942535605,6.580685691520216,3.041646955384328,-0.22916233924962226,0.20686546510149942,-0.006363908996879373,0.9414346792253112,-21.985766113939125,-6.35782896551973e-07,1.8439134359359741,0.11090126633644104,3.8257088661193848,3.2547112850253788,-1.0037270784378052,-0.2257356196641922,12,0.29562097219501343,-0.23169127944081072,57.62827092129286,-386.8601845976949,195.9333004788728,582.7934850765678,3.614884804386567,-0.9166511976120123,730.7098765432099,85.48430234908376,76.74563556401758,18.51851851851852
59,SADNESS,0,0,60,60,30,4.0,3.0,1.175356108736499e-12,1.2629626046121758,2.3269581262574945,0.15486792862731136,5.466112663920342,3.1260117673286265,-0.24287707406142944,-0.4630171464216335,0.003229445654801709,0.8462991466804506,-21.985765933343043,-1.2079874522896716e-06,3.7630724906921387,-0.2408013641834259,5.1212358474731445,2.6734959300543113,2.364485263824463,1.455984354019165,6,0.5170820187463465,0.7100493129917221,55.76623074668826,-215.0371776103563,251.65277409075122,466.68995170110753,0.6257068604135707,-0.24545210500839243,754.2613636363636,140.84495689931993,200.20195652485913,49.35064935064935
59,SADNESS,1,30,90,60,30,4.0,3.0,-1.5395092608135505e-13,1.4289435430448416,2.9052931045043806,0.01632030556173447,6.721840857647976,2.958969311967815,-0.3867272392783949,-0.070571722931452,-0.0013727451269461002,0.992832622040484,-21.985767262649397,-8.265177484645392e-07,3.584350109100342,-0.1793430596590042,5.084989547729492,2.7488915117668107,1.331634521484375,0.9856664538383484,24,0.25984734594997777,-0.009922145242693976,51.79032128629413,-127.49185403634252,73.80878182260864,201.30063585895115,-0.7765149646542677,-0.7237713673058761,781.6666666666666,92.11601576468861,150.40810544688614,48.0
59,SADNESS,2,60,120,60,30,4.0,3.0,-3.552713678800501e-13,1.5022176178600488,5.048386638424063,-0.2593478225875856,7.853684153567997,2.768742626705128,-0.36528608247043026,0.5038260721468257,0.01853546824466684,0.9147996451156947,-21.98576746396989,6.357829107628277e-08,2.7793283462524414,-0.020693760365247726,4.233367443084717,3.010323737701243,-0.45269107818603516,0.5966731309890747,4,1.0522749082173632,-0.13619586286547297,54.836348534346094,-182.52076659276617,132.12780420202418,314.6485707947903,-0.6661839782201109,-0.7080459728840129,768.4659090909091,107.32115561520818,171.13514504643922,57.14285714285714
59,NEUTRAL,0,0,60,60,30,8.0,4.0,-2.161234154603638e-13,1.3163249704805742,2.619120266977859,-0.15871438978614094,5.786752432580045,3.067408664116482,-0.6717978371186253,0.04244602779527371,-0.0008350174556111146,0.8859076117712149,-21.985767324821897,-3.1153360851021716e-06,2.8373496532440186,-0.007976154796779156,4.655994892120361,3.045884202888291,-0.15505242347717285,0.406156063079834,20,0.5415693364169243,-0.1298433193550375,47.49757621283437,-178.10969694243798,214.85813067738098,392.967827619819,0.8897686112057341,-0.45215183894691263,701.078869047619,134.88711782684533,206.05794955984402,40.476190476190474
59,NEUTRAL,1,30,90,60,30,8.0,4.0,9.207449617557966e-13,1.2502922321247893,2.819745723976297,-0.043771871699149756,5.755392235453627,3.0565690735331237,-0.7068787935301879,0.029410379172324388,-0.007107056880819733,0.827328913193415,-21.98576618795392,1.2715658215256553e-07,3.2256760597229004,-0.22452224791049957,4.8302812576293945,2.859764239576187,-0.6537461280822754,0.5700863003730774,53,0.18558316582984316,-0.053111497568356265,43.72398037871475,-129.3332468251761,68.89402572904159,198.22727255421768,-0.834065136644337,-0.65877479401509,712.914156626506,82.27219779717574,124.94043931619734,33.734939759036145
59,NEUTRAL,2,60,120,60,30,8.0,4.0,-3.9079850466805515e-13,1.3373874841414917,2.575839953023973,0.10538877129739888,5.7421189706872156,3.1335898589735782,-0.6637049262844084,-0.2284603258976707,-0.012698991362538147,0.8074758268058242,-21.98576749949704,1.6848246104927966e-06,3.0779311656951904,-0.0211287010461092,5.07118558883667,2.9304465650512417,0.317274808883667,0.4432336986064911,56,0.18553165388179835,-0.1468992936822044,52.21816750378707,-200.80967651524992,244.37787394619932,445.18755046144923,1.1416536039607816,-0.20551035315868674,687.8633720930233,94.96688011661458,127.53630898804512,30.23255813953488
59,AWE,0,0,60,60,30,7.0,3.0,-1.3914795241968628e-13,2.2183198602722687,4.2081410143481435,0.16697793008084716,9.448717969139864,2.9891216788889783,-0.7578516773605712,-0.40646155352566976,0.006263272919869392,0.9418067021184156,-21.98576724784642,5.453824769574567e-07,4.4787774085998535,-0.29067566990852356,5.362588405609131,2.0257292178606647,7.585945129394531,2.676476240158081,6,0.5767796132556204,-0.06756561434012992,74.79893455155889,-389.15408081199325,474.2410312607401,863.3951120727334,5.235945404907449,-0.24416852003633052,747.4287974683544,108.46780303985044,143.2382718551102,36.708860759493675
59,AWE,1,30,90,60,30,7.0,3.0,-1.687538997430238e-13,1.3696599748520966,3.498079160051759,0.18682392560869232,6.820235440883238,2.939275130947726,-0.3740482444118918,-0.21073376220001006,-0.007678260426383192,0.9052573959775443,-21.985767277452375,3.814697322468419e-07,2.631834030151367,0.13807697594165802,3.814561367034912,2.57524127006864,-0.5227298736572266,0.5556974411010742,4,0.8542602067241799,-0.22632326989262672,80.21470364787356,-389.153893359175,474.4087358566627,863.5626292158377,3.385169539943308,-0.2849003428283453,780.2220394736842,101.27235884543434,141.22556942116867,50.0
59,DISGUST,0,0,60,60,30,2.0,4.0,8.141635513917814e-13,1.2443442789851915,2.6248180289165646,0.07289240139378705,5.195139651476666,3.122336054084364,-0.500723671808093,-0.08969113256482583,0.008298945130152318,0.7762332389860467,-21.98576629453524,2.8292338356550317e-06,3.2205164432525635,-0.2356104552745819,4.705327987670898,2.9197214708484043,0.5510363578796387,0.990121066570282,33,0.17648772244187505,0.07859000599822487,60.35516205752838,-272.534705872374,222.952231247775,495.486937120149,0.03944582783682016,-0.6405955532367482,798.7753378378378,130.4964686509323,182.77618258274393,47.2972972972973
60,BASELINE,0,0,60,60,30,5.0,1.0,3.9079850466805515e-13,1.2724628537940605,2.7037370038868858,0.019937579076056977,6.782478712901963,2.7594511612498094,0.6186601323061192,-0.22225266747905875,0.0020078933144466013,0.9767028900394801,-21.89519841383814,-1.3033549066676642e-06,2.6322546005249023,0.03224749490618706,4.4441447257995605,3.0711202557494888,-0.3070244789123535,0.364867240190506,7,0.7755464539051191,0.026197379797192683,51.082761490319044,-195.90778050072493,265.1248769939323,461.0326574946572,2.5911395427702786,-0.22154793002537468,672.7627840909091,133.4970726461475,182.6709928553166,22.727272727272727
60,BASELINE,1,30,90,60,30,5.0,1.0,5.565918096787451e-13,1.263195276569522,2.6384320027823094,0.19391955263223792,6.635102121512659,2.844146865961535,0.7685652358726753,-0.6067365790219209,0.006154761608028628,0.8579949089918869,-21.895198248044913,-3.7511190384975635e-06,1.946413278579712,-0.02960820123553276,3.8569045066833496,3.127421955179433,-0.7705070972442627,0.005130567122250795,9,0.1746981030468669,0.19091084361142682,38.38434887028648,-91.06514805215473,109.56765598383065,200.63280403598537,-0.8531636466235826,-0.557992486200177,631.2163978494624,26.781365828379133,19.48023228116803,2.1505376344086025
60,BASELINE,2,60,120,60,30,5.0,1.0,1.509903313490213e-13,1.2605215360174356,2.4313137129041706,0.17208823414236463,5.692126668284203,2.971576229566788,-0.3301779973785064,-0.37383188610750406,0.009224329597591764,0.8579949089918539,-21.89519865364625,-2.28881845032447e-06,1.9242885112762451,-0.009051350876688957,3.713867425918579,3.2397365393279096,-1.0417295694351196,-0.013559953309595585,8,0.195321992294412,-0.1411833648761479,39.84073401330784,-98.67580893085062,57.21606931257586,155.89187824342648,-0.9019489701009475,-0.5883967686524766,633.9045698924731,36.16259326214633,20.149850475494418,1.0752688172043012
60,BASELINE,3,90,150,60,30,5.0,1.0,-1.1842378929335004e-14,1.3514083078992711,2.200386015661593,-0.18396776319917763,4.926595856915128,3.2186845690990777,-0.9883056942925879,-0.09045499257169747,0.005008882154909534,0.9505403421195529,-21.89519881647895,9.536743306171047e-08,2.05145001411438,-0.07617022097110748,3.7713093757629395,3.2515933741107084,-0.8871622085571289,0.21956142783164978,15,0.08752177037102013,0.122499185764033,40.45970516560692,-98.6758089308504,60.38185986247415,159.05766879332455,-0.8923655577162362,-0.5893688287734651,632.8965053763441,37.334301600138176,20.41154780920328,1.0752688172043012
60,BASELINE,4,120,180,60,30,5.0,1.0,-5.033011044967376e-14,1.266319181437661,1.8961830891193188,-0.2571956815685894,4.440575427327786,2.9448317119772236,-1.1147949946683609,-0.13216513244389233,0.002792647121720223,0.8483090156390243,-21.895198854966683,-1.716613724056515e-06,1.7299435138702393,-0.02093830704689026,3.4602932929992676,3.313048609904653,-1.1784125566482544,0.01171879842877388,9,0.15930716631963937,0.1212965954169363,42.91456923757943,-125.14287941510163,85.53984905851969,210.68272847362132,-0.8264915538613264,-0.5435848549347712,631.0483870967741,30.304327295042352,20.79792053646961,2.1505376344086025
60,BASELINE,5,150,210,60,30,5.0,1.0,1.4802973661668756e-13,1.1721449812348945,2.258555023536246,0.07305039386302781,4.598101732782567,3.1572787337076957,-1.0255922907783004,-0.09702743499657134,-0.007569749114539456,0.776233238986016,-21.895198656606844,3.814697322468419e-07,2.078803539276123,0.06850074976682663,3.9082963466644287,3.2305598327893246,-0.8951671123504639,-0.08355017751455307,4,0.3886472347410842,0.28292415957977735,42.58092181674431,-125.05922919118771,85.74050767633892,210.79973686752663,-0.6535437428650224,-0.5364556734001993,670.8096590909091,403.95569160746624,574.2946463936755,5.681818181818182
60,BASELINE,6,180,240,60,30,5.0,1.0,3.4935017841538257e-13,1.3165042685699035,2.6132429102588617,-0.0566952795775677,5.398566241844094,3.130427092719421,-0.41196434064815657,0.01818104927480019,0.002064319196600944,0.8961606636715546,-21.89519845528645,-1.4623005881730933e-06,2.379025936126709,-0.08739020675420761,4.14676570892334,3.180885205039488,-0.5363035202026367,0.3541758954524994,11,0.1251366277620528,-0.09347482435543605,43.87373108115338,-109.73538574261497,77.85982989546102,187.59521563807598,-0.6920417135340924,-0.5278873076373656,662.0435393258427,403.5117371055433,571.0514359868239,4.49438202247191
60,BASELINE,7,210,270,60,30,5.0,1.0,-3.5231077314771636e-13,1.360175682592238,2.9333334979597225,-0.10567960098555318,5.672039991700473,3.0859022646334684,-0.6981917778582556,0.23494423587387459,0.01199494629456987,0.9235266792214961,-21.895199156947406,7.629394644936838e-07,2.1206047534942627,0.029015211388468742,3.7917075157165527,3.2231169372231006,-0.9241127967834473,0.05502897500991821,12,0.13203453557018782,-0.20653421659951304,48.58490277504089,-109.73538574262722,77.85989353668089,187.5952792793081,-0.9324585282847924,-0.5180157973896425,624.5065789473684,36.28436269529627,19.605907842801503,0.0
60,BASELINE,8,240,300,60,30,5.0,1.0,9.473903143468003e-14,1.1536928946521625,2.8081145953507303,0.0725028187268606,5.295885239014098,3.0515879298191213,-0.45783531370220487,0.07259657505207082,-0.005277152748499343,0.8078028693371653,-21.895198709897542,2.225239995823358e-06,1.9873790740966797,0.020802052691578865,3.5996694564819336,3.2533423329945275,-1.1554210186004639,0.18761007487773895,16,0.0671911577800182,0.21881477290353818,49.92340574893073,-118.7260857000692,118.09499867031127,236.82108437038048,-0.8989754565532784,-0.48240934751974784,624.1688829787234,23.63181337326316,17.14697691152295,0.0
60,ANGER,0,0,60,60,30,2.0,7.0,3.789561257387201e-13,1.2016134108420828,3.839862013479234,-0.24392431408415405,5.823033846808556,2.869973318931083,1.0516859400605032,0.9477643843752585,-0.005985483961553707,0.8678147968562079,-21.895198425680515,1.430511474609375e-06,2.6497669219970703,-0.056730352342128754,4.050428867340088,3.039827692258534,-0.5351202487945557,0.4482043981552124,2,0.8172302985457879,-0.5554132381360333,99.26826132871093,-449.62546514980556,416.1070703008652,865.7325354506708,0.9535203218502031,-0.25182440325388467,721.4506172839506,446.2626248559969,627.3782874988582,8.641975308641975
60,ANGER,1,30,90,60,30,2.0,7.0,6.898185726337639e-13,1.0839057132875822,2.9219277880265793,0.0159505841153873,5.215774162537201,2.958277429792144,-0.3086005171094386,-0.027913208156180553,-0.005366535438765804,0.7084030734397416,-21.895198114818236,1.4623005881730933e-06,2.023770809173584,-0.054684050381183624,3.9227163791656494,3.154010336147672,-0.7007045745849609,0.0314774289727211,28,0.033261788367278,-0.15475464739756242,95.25224808948276,-251.37971637733983,198.4617104890431,449.8414268663829,-0.6957192951042401,-0.48692374360332713,729.7453703703703,433.1779005593269,633.7040401850654,8.641975308641975
60,ENTHUSIASM,0,0,60,60,30,7.0,6.0,8.556118776444539e-13,1.1381770632861639,2.4484654449004495,0.06494590100487585,5.984084599671746,2.9247838029073057,0.22777403411632235,-0.4229871417194023,0.017420840049364356,0.8956916741948288,-21.895197949025057,9.536743306171047e-08,2.771428346633911,-0.024541089311242104,5.176077365875244,2.9251101347010877,0.2389516830444336,0.0006685672560706735,8,0.828000238983704,0.42617788130342527,127.83237151212971,-1275.5686142055497,1419.031642603908,2694.6002568094577,36.851303322915584,0.10259831264489142,716.2728658536586,149.17366413347386,173.98397460171404,23.170731707317074
60,ENTHUSIASM,1,30,90,60,30,7.0,6.0,6.927791673660977e-13,1.288473239998919,2.8954235384034632,0.013303631514816061,5.992755955624318,2.9864583188226823,-0.5143987766460376,0.07595808933960226,0.0009870188925701598,0.9418067021184263,-21.895198111857642,-7.629394644936838e-07,3.4853601455688477,-0.24091878533363342,5.208512306213379,2.771575825476385,1.0103864669799805,1.0230164527893066,7,0.9664915468801087,-0.17551440675068555,145.84473394175504,-1275.5686142101167,1419.031642599337,2694.6002568094536,23.89405264491181,-0.2779927554194029,680.1364942528736,99.87384963133795,136.55903253806596,17.24137931034483
60,LIKING,0,0,60,60,30,8.0,6.0,-3.730349362740526e-13,1.565719715174841,4.380676505116554,-0.33806992902292166,9.526764794636478,2.559198172339432,1.0988050092776476,-0.0780609363673748,0.01059125853477579,0.797268179260357,-21.895199177671575,1.144409225162235e-06,2.3712525367736816,0.038143642246723175,4.027854919433594,3.1720329512179597,-0.870518684387207,0.1869489997625351,5,0.45715043884349066,-0.05387633589602235,70.49115327688314,-346.981449010314,399.17977454997845,746.1612235602925,3.729137042918767,-0.09644746953984312,669.2116477272727,134.03964415859153,135.05699361006265,7.954545454545454
60,LIKING,1,30,90,60,30,8.0,6.0,-2.338869838543663e-13,1.587850763909253,4.616627891337544,-0.3069782598437598,9.105374153236312,2.7390802699796915,0.6212488048030624,0.21494858288106428,-0.0032481434597804106,0.9936176511793394,-21.895199038523582,1.0172526572205243e-06,2.0861380100250244,-0.1514986753463745,3.8107876777648926,3.2358730862220617,-0.8372492790222168,0.24232691526412964,8,0.13754092303989607,-0.09311413939433946,52.047055480765586,-126.71195602221104,99.85846239431812,226.57041841652915,-0.925678947528799,-0.5017595495665196,665.0280898876405,37.83255832001429,23.78996338699464,2.247191011235955
60,FEAR,0,0,60,60,30,3.0,7.0,1.3026616822268503e-13,1.4886537347623652,3.819382890615941,-0.12155263535120753,7.83454623052009,2.3276342897529334,-0.02922058418088369,-0.166212560498857,0.013356440352770962,1.082276132519758,-21.89519867437041,-5.404154421739804e-07,2.886644124984741,-0.02067944034934044,4.562685966491699,3.01993926962347,0.02341008186340332,0.47766438126564026,4,0.9908490685165381,0.25912415755138973,69.46820760627024,-343.06551413118814,250.8371808727777,593.9026950039658,0.6557774708778559,-0.4389978460796581,676.1853448275862,94.64476280917657,123.51497973129922,12.643678160919542
60,FEAR,1,30,90,60,30,3.0,7.0,-1.0658141036401503e-13,1.436562927606252,1.9596923003526001,-0.1913270003694123,4.337478395893157,1.9813514152309377,-1.0592382391478137,-0.1460171745071297,0.009785984147713901,0.9936915371681756,-21.895198911217985,4.450480162176973e-07,2.6851303577423096,-0.12567374110221863,4.142495632171631,3.0985578313146696,-0.5720646381378174,0.5334916114807129,23,0.02115985279468779,0.2802474689903826,71.48717871363563,-343.0668440624918,260.569299361018,603.6361434235098,0.34167751488777753,-0.507556973390761,668.1034482758621,71.9967654284356,97.46165204420683,5.747126436781609
60,FEAR,2,60,120,60,30,3.0,7.0,1.273055734903513e-13,1.305965945592046,2.279028648494119,-0.1778584316607379,4.738496272325676,2.5289080802929407,-0.7632171207751703,0.022939187469027775,-0.0037293167656119418,0.8384277238922951,-21.895198677331003,-3.814697322468419e-07,2.282546043395996,-0.16476769745349884,3.9059903621673584,3.216352864373125,-1.0008571147918701,0.3449273407459259,3,0.7198918226185002,-0.2261573941278606,61.55354159500542,-142.79400390061224,96.98097226248213,239.77497616309438,-1.0223936475622544,-0.48280020790053524,671.5198863636364,28.524980773838532,19.319070182106316,0.0
60,AMUSEMENT,0,0,60,60,30,7.0,5.0,2.901382837687076e-13,1.3419143735755275,2.887721885617367,-0.08522069377505659,5.959578382154973,3.099307128609078,-0.428867390017984,-0.048334108743917116,-0.01507389621810711,0.9235197665985242,-21.89519851449833,2.3047128649977822e-07,3.794956922531128,-0.011192410252988338,5.391960620880127,2.68331703821577,2.040790557861328,0.9329098463058472,7,0.9492573410484587,-0.06993992949385011,58.398260914761686,-203.42312188729406,193.35027760253325,396.7733994898273,-0.2866195980561028,-0.4547626793231443,649.2101648351648,81.46551732839876,95.31392303127132,14.285714285714285
60,AMUSEMENT,1,30,90,60,30,7.0,5.0,8.585724723767878e-14,1.344110376241668,3.2037516594556337,-0.15821833274891617,6.681339148877186,2.877518065809301,0.04184473781574827,0.04089165545133975,-0.012003808334556141,0.876798991592814,-21.895198718779326,-2.384185791015625e-06,2.078766107559204,0.0926748663187027,4.084519386291504,3.1772348078014856,-0.7809865474700928,-0.16260427236557007,7,0.37528982719563775,0.46401608452376103,50.14094660671583,-124.68694894558685,153.6405088050879,278.32745775067474,-0.8057499830609469,-0.48039680597289697,647.4931318681319,28.830728221892695,22.280468371049412,3.296703296703297
60,AMUSEMENT,2,60,120,60,30,7.0,5.0,-5.832371622697489e-13,1.3389934655649274,3.2819617644996413,-0.11112096738195021,6.7338044440703015,2.8966660769716794,0.245227935056902,0.07286556387317383,0.02327731314685589,0.8938098038175027,-21.8951993878739,8.583068620282575e-07,2.0956437587738037,-0.14219863712787628,3.9408907890319824,3.225615601050631,-0.9782648086547852,0.2381518930196762,7,0.48182314449012253,0.09942938141176198,48.657750022540725,-111.34661354218716,84.58278333189271,195.92939687407988,-0.9604808390202133,-0.545728827597974,669.7443181818181,31.623292904558213,22.28676495683883,2.272727272727273
60,SADNESS,0,0,60,60,30,3.0,6.0,-2.4868995751603507e-13,1.6532672570055271,3.3586066342778054,-0.10284013716308493,7.8153296165510255,3.024544851578073,-0.2880840866040959,-0.18578502095342514,0.004668412029485984,1.0389408926062038,-21.895199053326557,9.854634299699683e-07,3.3342201709747314,-0.2808399796485901,4.671608924865723,2.7574715835144246,1.645291805267334,1.450804591178894,9,1.048424320274396,-0.04977794812793148,63.65379314854886,-270.33674179458023,237.7222935455435,508.0590353401237,0.6144373454186995,-0.5141811514937566,697.358630952381,122.81073629862969,138.67668067143876,10.714285714285714
60,SADNESS,1,30,90,60,30,3.0,6.0,4.322468309207276e-13,1.3665286997261976,3.0011578561328633,-0.061010008668915816,6.699663453736804,2.9977871536423164,-0.023235222952691537,-0.025447197037342047,-0.006228060699082428,0.8837132803930562,-21.89519837238983,1.3669331337951007e-06,2.7504303455352783,-0.03685769811272621,4.44419527053833,3.043193283281198,0.07751917839050293,0.6456937193870544,5,1.0152917825413676,-0.3934622153911411,58.67988699675478,-144.25570231551566,126.37294457724163,270.6286468927573,-0.9010604241471336,-0.57505852987253,701.6369047619048,84.53100285645812,114.47346640397576,4.761904761904762
60,NEUTRAL,0,0,60,60,30,5.0,2.0,4.233650467237264e-13,1.5802394205983898,3.4401615998412183,-0.057103088750309894,7.184941465774841,3.0898630297644023,-0.4390269656815837,-0.07191194191347454,-0.011271471265193867,0.8937848046462945,-21.895198381271612,-1.9073486328125e-06,2.206064224243164,-0.1378815621137619,3.7744405269622803,3.1981639782261446,-0.8567967414855957,0.3981364369392395,3,1.0812320235122237,-0.32633636003761685,63.28142805188982,-337.47309755694323,352.9195886514037,690.392686208347,4.46521075741857,-0.42050225132084246,645.7760989010989,113.91983432026565,149.48914746005255,18.681318681318682
60,NEUTRAL,1,30,90,60,30,5.0,2.0,3.9968028886505635e-13,1.390643087058875,2.9666181889069776,0.06330935286698036,6.686739903108929,2.936175770521969,0.008629891680405954,-0.41125442298118114,-0.0029837482287991984,0.9109396081851023,-21.89519840495636,-2.702077154026483e-06,1.8035722970962524,-0.004939811769872904,3.4676566123962402,3.3143881641696407,-1.182950735092163,0.06166357919573784,32,0.03109889508463708,-0.15707223530765643,48.889975520267065,-125.64604880812846,115.56075638647002,241.20680519459847,-0.684943374837653,-0.5415244086582076,683.3212209302326,317.86230575419626,422.5348869602715,11.627906976744185
60,NEUTRAL,2,60,120,60,30,5.0,2.0,3.878379099357213e-13,1.2559665977170316,2.7116061435002337,0.10941668304695895,6.695020384717054,2.8708768855580016,0.30960061344175527,-0.5022034594216456,0.01247328303233459,0.8232174671854267,-21.895198416798735,-2.225239995823358e-06,1.740257740020752,0.03511708229780197,3.552382230758667,3.308549489110968,-1.1167727708816528,-0.04035356268286705,41,0.028695576073433093,0.32387184492610915,50.857515878590014,-134.85712195511482,154.31098362930646,289.16810558442126,-0.5809015101779926,-0.49023531614729804,680.9593023255813,314.1543079548112,413.14149094967166,4.651162790697675
60,AWE,0,0,60,60,30,7.0,4.0,5.654735938757464e-13,1.1282456042650397,2.850429845061342,-0.0981194285156306,5.51092585432329,2.954043914275105,0.26982616990970865,0.047312120219785904,0.004572118557380036,0.742706776114147,-21.895198239163136,9.5367431640625e-07,2.4313178062438965,-0.20945826172828674,3.8570613861083984,3.0636559777892174,-0.6441137790679932,0.5398241281509399,6,0.5024991392031039,0.018741501636820868,61.62743170485102,-330.38262663643627,438.1832804283256,768.5659070647619,9.715449634198166,0.809218725698721,647.3958333333334,81.64641035425842,46.90425117289357,2.2222222222222223
60,AWE,1,30,90,60,30,7.0,4.0,1.0362081563168128e-13,1.4051983552867453,3.4706428706009262,0.06689953866256815,6.316150916190111,3.028278543876482,-0.39572987009047766,0.13983925863407293,-0.0018255943105352094,1.0268259552114891,-21.895198701015758,-3.1789145538141383e-08,1.713188648223877,0.0996495932340622,3.4715170860290527,3.2990717177366373,-1.2021740674972534,-0.12855777144432068,9,0.1820612253648181,0.3375151026312851,69.46083723286071,-343.0072800587467,432.5287198689758,775.5359999277225,6.51347197925474,0.05640088284774195,667.0809659090909,165.65376625029347,116.69857296673025,7.954545454545454
60,DISGUST,0,0,60,60,30,2.0,7.0,-7.401486830834378e-14,1.3152561171085382,2.325372817010418,0.13462275052233963,4.800301711281207,3.2646501511628903,-1.0377177300041516,-0.12733432089602278,0.0008897927571459942,0.8483090156389878,-21.895198878651442,1.112619997911679e-06,1.9226418733596802,0.10471538454294205,3.7484612464904785,3.2674335734311617,-0.9434654712677002,-0.09862066805362701,5,0.4048391776607313,0.1285988184517004,74.71604351390074,-340.2896028085439,525.3737299754948,865.6633327840387,4.817958373605488,0.1193515282815338,658.5069444444445,67.46277677645752,83.09341927762506,5.555555555555555
61,BASELINE,0,0,60,60,30,5.0,1.0,-1.0066022089934752e-13,1.478853689581548,3.4906746374950615,-0.051672797338753185,6.962051044563822,3.0517882646133323,-0.2608163182443417,0.08260616565415298,-0.0021528644270714273,1.0663052712537489,-21.913926684685222,3.814697322468419e-07,1.7691181898117065,-0.10209670662879944,3.3404226303100586,3.2840633825183625,-1.2775330543518066,0.16197974979877472,45,0.012968856266862377,0.0740290286519305,35.32010727303105,-116.93527165660106,85.7700294350823,202.70530109168334,-0.5475636804168098,-0.6218923846348969,718.9405487804878,104.61402498156387,159.41055038023947,47.5609756097561
61,BASELINE,1,30,90,60,30,5.0,1.0,1.1842378929335001e-13,1.4535147358253175,3.591910193543413,0.19828402227624053,7.122314439349964,2.8853951898567303,0.19310227933141677,-0.23202911483390526,-0.0011319900052039046,1.0101173034559228,-21.913926465601214,3.496805902614142e-07,2.024890184402466,-0.1750260889530182,3.433465003967285,3.222200892255559,-1.2150681018829346,0.3478204011917114,41,0.013060488296999859,-0.118470406465309,33.09762728578212,-106.91493328144887,85.77002943544996,192.68496271689884,-0.7376930232139216,-0.6536030257272369,707.6430722891566,94.90303767347622,150.67216332257553,36.144578313253014
61,BASELINE,2,60,120,60,30,5.0,1.0,-1.450691418843538e-13,1.4282876615010311,3.606812884698485,-0.06954781423296197,7.438961365427588,2.8521213195907302,0.664718367927406,0.03708737364665554,-0.021534823392808974,0.9593768677170508,-21.91392672909415,-7.311502940865466e-07,2.3322510719299316,-0.18248611688613892,3.8916430473327637,3.1716512809274398,-0.5873148441314697,0.5291541218757629,36,0.04286942254955638,0.07683924022949316,33.52082328848127,-77.20323621945627,64.3165434901822,141.51977970963847,-0.852147511150112,-0.6834507979795588,700.7068452380952,68.02110734504136,109.44221256702674,13.095238095238097
61,BASELINE,3,90,150,60,30,5.0,1.0,-2.9902006796570885e-13,1.4439460397613297,3.631741394657695,-0.09022053474261327,7.168257783239085,2.973092889564888,-0.24395675455444987,0.2665166630748774,0.00354883474149005,0.9763376240487925,-21.91392688304511,6.357829107628277e-08,1.8198260068893433,-0.003526793560013175,3.475094795227051,3.2966509298120497,-1.3117120265960693,0.007137739565223455,36,0.06736905823546253,0.020034851701258086,34.89544257671525,-79.00571561188647,64.317924190107,143.32363980199347,-0.865964139374853,-0.6919719194265511,718.75,51.96746370519363,72.08520656953714,8.536585365853659
61,BASELINE,4,120,180,60,30,5.0,1.0,-3.552713678800501e-14,1.549034774546938,3.2012936788532897,0.16384965968576637,7.399338050158377,2.9198134262401085,0.08001716017130045,-0.3148268312749886,-0.003508088298923773,1.0426901381132332,-21.913926619552136,-5.960464477539062e-07,2.6027162075042725,-0.35887598991394043,3.670051097869873,2.784776522574444,-0.1906263828277588,0.9721537828445435,11,0.24161010662109775,0.04061338018258575,35.0670367656508,-91.34844532360303,52.97153211734883,144.31997744095185,-0.8754492536170724,-0.6832344328824379,714.7966867469879,64.27747677764486,94.79222504972678,14.457831325301203
61,BASELINE,5,150,210,60,30,5.0,1.0,3.6119255734471756e-13,1.5027252241152957,3.129858031880417,0.08710014915820352,7.402534051066567,2.996352302032511,-0.07496611119247465,-0.20685581261586924,-0.00335430167185128,1.0586595173262354,-21.913926222832504,-2.8610230629055877e-07,1.4735573530197144,0.36426499485969543,3.021864414215088,2.6047581507767883,-1.3801268339157104,-0.516089141368866,8,0.2047090921547277,-0.19997135774740865,34.832439088753695,-103.18908484545759,51.589563001331314,154.77864784678889,-0.7893664947100905,-0.6858041276877395,707.4548192771084,74.18868746946902,108.65124212892616,25.301204819277107
61,BASELINE,6,180,240,60,30,5.0,1.0,4.0856207306205756e-13,1.3223396304715094,2.946009197079036,-0.004543585648519866,5.8037058119417395,3.1227863558480586,-0.4458983368224656,-0.12767288157354784,0.0006805829479037536,0.9500981960336752,-21.913926175463008,-3.496805902614142e-07,1.91762375831604,-0.018847089260816574,3.6185142993927,3.2604123548509456,-1.2505676746368408,0.07603868097066879,79,0.05054837703844982,-0.044149533692363366,33.99718170485704,-103.18908526070173,50.23908459765821,153.42816985835995,-0.7426175372878339,-0.7060264664148734,696.3235294117648,59.61764421944152,80.6691405102023,15.294117647058824
61,BASELINE,7,210,270,60,30,5.0,1.0,-6.454096516487576e-13,1.227360273247884,2.4173203814484623,0.04597890110424885,5.298719560274634,3.112145519300157,-0.3548540309435473,-0.20449728430444936,-0.008083135482040708,0.8377288361028843,-21.913927229434858,1.2715658215256553e-07,1.9789073467254639,-0.19146719574928284,3.517503261566162,3.261580762581294,-1.1111384630203247,0.2585119307041168,67,0.0990584507043154,0.17537271916601935,34.39762396753,-83.10701244272197,86.34697677224358,169.45398921496553,-0.81331283251569,-0.6581923118352816,676.0057471264367,55.803082156941656,85.56506241173004,5.747126436781609
61,BASELINE,8,240,300,60,30,5.0,1.0,1.1842378929335001e-13,1.3919002089077825,3.1340997735959775,-0.10730933914580021,6.679201382568323,2.9913857597996163,-0.35894323327447664,-0.04071146561243143,-0.01488313287655247,0.886547023643421,-21.913926465601214,-3.496805902614142e-07,3.2275469303131104,-0.1332695037126541,4.286258697509766,2.5904170826955615,1.9430608749389648,1.4514861106872559,5,0.565776414900086,-0.263622743678583,40.11131226893262,-148.07768177436816,149.62668811268324,297.70436988705137,0.04454742173983117,-0.37336115552028515,688.7867647058823,111.43395175614835,135.68111769662264,10.588235294117647
61,ANGER,0,0,60,60,30,2.0,7.0,7.697546304067752e-14,1.5949956819311457,3.2647919757913257,0.14633524887450733,7.173685951944009,2.991660190771981,-0.5980880380993829,-0.11917801530552291,0.01324570127865132,1.0100130549008588,-21.91392650704954,-9.663899618317373e-06,2.2978060245513916,0.21937976777553558,5.5424699783325195,2.5338974861857744,-0.07652688026428223,-0.1803387552499771,86,0.7909269948125532,0.07046079085349882,43.44998315770183,-107.75437077873035,117.06522098733788,224.81959176606824,-0.7403683302843294,-0.6709628742514252,734.5703125,79.5360604163085,113.9010420902307,11.25
61,ANGER,1,30,90,60,30,2.0,7.0,1.1842378929335004e-14,1.4958925224963378,2.6786235569872474,0.11452126465876233,6.514424938455221,2.5368885996388943,-0.049639673287121155,-0.5037578544596197,0.019904903435108794,0.9590382876330378,-21.913926572182618,-2.47955313170678e-06,2.714932918548584,-0.31129398941993713,5.2958984375,2.7849683699875722,0.2254776954650879,0.623282253742218,60,0.277949378208773,-0.011408090549325204,45.54376081033799,-161.21920825036003,214.11151515034317,375.33072340070316,0.3200122785541839,-0.3548251601941597,752.8044871794872,101.53497971747032,149.89088969959136,29.48717948717949
61,ANGER,2,60,120,60,30,2.0,7.0,7.934393882654452e-13,1.257846199620234,2.0814421403237304,-0.1851451800444437,4.389843516126746,2.3064625335561093,-0.5961656640053987,-0.05624700592332326,-0.005390274559667473,0.8482450452167072,-21.913925790585925,-2.4636585749249207e-06,2.690164566040039,-0.30410823225975037,5.239978790283203,2.8324283437336337,0.12346243858337402,0.5940133929252625,59,0.24232966329853356,-0.1241016131816495,44.44340886795799,-161.21920831279587,214.11151534082975,375.3307236536256,0.48711007026179365,-0.33412009651717794,777.9605263157895,134.63675546095365,214.5959745467437,67.10526315789474
61,ENTHUSIASM,0,0,60,60,30,8.0,5.0,-1.7467508920769129e-13,1.385674364750127,2.823428163853947,0.10334646276746184,5.830145244141249,3.110771745469481,-0.4411654304717043,-0.16002902584096454,0.0016311420397017433,0.9767028900394906,-21.9139267587001,-1.38521190820029e-05,1.791342854499817,0.3037109971046448,4.462895393371582,2.4047504674116547,-0.49683165550231934,-0.27345147728919983,86,0.9041422142351512,-0.04997279114590258,39.43322815166833,-178.61595090611985,205.62883141028396,384.2447823164038,1.3441606003167097,-0.4649180924942923,712.1611445783133,87.44419503152027,76.70197909807136,10.843373493975903
61,ENTHUSIASM,1,30,90,60,30,8.0,5.0,-5.033011044967377e-13,1.2873752989125373,2.0861513831810896,-0.05821313580867127,4.38551765578552,1.9741775797142584,-0.5860535409902345,-0.09034849111191234,-0.006640024194620196,0.9767028900395097,-21.91392708732623,-1.2699762919510249e-05,1.4571417570114136,-0.10758790373802185,4.694189071655273,2.3190682343041598,-0.5161113739013672,-0.3186289370059967,90,0.9200412605718273,-0.11304982407054205,34.861552279413075,-90.70173317755876,52.4435869485197,143.14532012607847,-0.8461724738137635,-0.6268755796723798,715.7379518072289,34.80689660457467,22.695311680082686,2.4096385542168677
61,LIKING,0,0,60,60,30,9.0,7.0,-3.848773152033876e-13,1.1916122782477683,3.3143643005494994,-0.21991336504356696,6.543110571781341,2.5756557179752377,0.14829492872700456,-0.02184742456170537,-0.005715507817680283,0.8182216769085567,-21.913926968902388,-2.0003319150418974e-05,1.9440007209777832,-0.20277060568332672,5.009133338928223,2.4723339582378596,-0.4475390911102295,-0.218447744846344,89,0.7798629995932865,-0.11112175887375966,27.629102566061533,-198.13225230893224,155.56779028659793,353.70004259553014,9.256259987213175,-0.15111278389011928,760.7548701298701,51.6521188550843,87.62180197257446,9.090909090909092
61,LIKING,1,30,90,60,30,9.0,7.0,9.769962616701379e-14,1.2342819332596218,3.54570086841548,-0.3308479515084173,6.518532325601711,2.641520078879799,-0.03909447053318882,0.026371241645616425,-0.020260364057809493,0.8674919490783328,-21.913926486325376,-1.583099401614163e-05,2.045668601989746,-1.5863921362324618e-05,4.773263931274414,2.566431214984992,-0.5381908416748047,-0.05583561211824417,90,0.76075202257226,-0.03277181062720524,16.858947125930882,-43.639940265703785,31.924781264163357,75.56472152986714,-0.9000097891546308,-0.24036731417897747,753.4054487179487,19.284757223249496,22.311280160551018,0.0
61,FEAR,0,0,60,60,30,6.0,5.0,1.6579330501069003e-13,1.4776099194370191,3.9006830378149004,-0.10356493220875507,6.1129543698037025,1.5883398337553554,-0.5684873213090431,0.19102534893896328,0.0011875477968616903,1.1571401925117837,-21.913926418231707,-7.947286206899662e-08,6.717724800109863,-0.03838701918721199,8.291592597961426,1.7871892035070558,15.444116592407227,3.092517137527466,35,0.8900113427344849,-0.15784055384250684,38.96502103748466,-96.90980863371365,53.50069954138823,150.41050817510188,-0.8149689679670806,-0.7228145429587841,746.6376582278481,99.22169596360726,159.99126703931734,54.43037974683544
61,FEAR,1,30,90,60,30,6.0,5.0,3.8191672047105385e-13,1.4353662337464288,3.812604550669363,0.14717881143972988,7.402467208098074,2.2674942129879074,-0.4317021462051889,-0.08446289235913482,-0.02235072596925662,1.1050714820815468,-21.91392620210835,-4.466374775802251e-06,9.173144340515137,-4.446011644176906e-06,10.702007293701172,1.35882942193521,52.126609802246094,5.976973533630371,32,1.115273965351392,-0.03817601405566681,39.89729138716472,-94.7192409999706,53.14096668115636,147.86020768112695,-0.8131702548003319,-0.7261594902111291,747.7964743589744,105.00380348123255,169.72160467227638,62.82051282051282
61,FEAR,2,60,120,60,30,6.0,5.0,7.697546304067752e-13,1.4328390976040621,3.833310823878122,-0.016004261043178758,7.661015808702842,2.8447161650993706,0.6318163618433665,0.12448392853227182,-0.008954353453715366,1.058659517326246,-21.913925814270662,-8.138021257764194e-06,1.65825617313385,0.2618230879306793,4.887516021728516,2.4259954179660825,-0.18016767501831055,-0.4621393382549286,94,0.7719519751344792,0.2611291080562456,40.84244021911799,-96.2218843525155,83.43204197188045,179.65392632439597,-0.7916997567537316,-0.7150345797766795,743.2753164556962,103.36278991029411,165.7753611142624,62.0253164556962
61,AMUSEMENT,0,0,60,60,30,8.0,6.0,-1.7467508920769129e-13,1.262922948047893,2.0915837149573235,0.06737768038469483,4.056216042089034,1.958802649956399,-0.4982540482614142,0.019459883357150935,-0.0002640465377614931,0.7974277896584278,-21.9139267587001,-7.073084361763904e-06,8.503890037536621,-0.07661885023117065,11.951420783996582,1.3855171619394064,32.638633728027344,3.590388536453247,34,0.8907325759159124,-0.17449197332639735,58.84387439822662,-371.97472027006506,321.9155472066882,693.8902674767533,7.683753467972251,-0.3768747981381311,776.110197368421,159.98429606150054,222.38790481573707,36.84210526315789
61,AMUSEMENT,1,30,90,60,30,8.0,6.0,-4.263256414560601e-13,1.3130327046289068,2.921710802931443,0.15516784205331646,4.980629309488194,2.7727143556543052,-0.7396022770210533,0.3677301273260237,-0.0034375539179709964,0.9592970259347235,-21.91392701035073,-8.034706297621597e-06,11.077312469482422,0.2200167179107666,13.818376541137695,1.19433183396401,61.17778778076172,5.407989978790283,26,1.191714346944082,0.2506534330853582,38.26139396466517,-89.77005674962534,77.35833343919771,167.12839018882306,-0.8384100989033922,-0.6217816489041975,788.2179054054054,133.99121613769847,208.3832702708332,45.94594594594595
61,AMUSEMENT,2,60,120,60,30,8.0,6.0,2.4868995751603507e-13,1.5633580287694564,5.254285452338081,-0.3501889347706566,7.888730808824818,2.776569890871114,0.8731814795226449,0.8623463199837451,-0.0018348143157441705,1.1202566488080494,-21.91392633533507,-1.8946329873870127e-05,2.5254855155944824,0.3106704354286194,5.9061737060546875,2.4523565616841454,-0.011694192886352539,-0.1577698141336441,83,0.72244351975181,-0.1576151582414266,39.09919975750478,-98.00122058917266,71.20735750575528,169.20857809492793,-0.7413165934215313,-0.6113027355898626,830.7658450704225,469.82010231575873,668.4297046730387,36.61971830985916
61,SADNESS,0,0,60,60,30,5.0,7.0,-7.105427357601002e-13,1.4684713611329476,3.243053258035644,0.15763859687041304,7.262120019806417,2.986305696564292,-0.014259807278748315,-0.4878571603074998,-0.013280658685167252,0.8956489073138736,-21.913927294567987,3.178914482759865e-07,2.196012258529663,-0.1047644093632698,3.718132495880127,3.2261986589607443,-0.9692091941833496,0.34621483087539673,3,0.44906899915131143,-0.019686040158194005,32.310656814705,-125.47220494350324,137.1263127980397,262.59851774154293,0.41596317915448155,-0.49158133169308765,666.9592696629213,85.34127839469066,86.67683006039262,7.865168539325842
61,SADNESS,1,30,90,60,30,5.0,7.0,1.924386576016938e-13,1.6269118859846672,3.8017687300310854,0.12097886012476522,7.906842175042783,2.9476004617419624,-0.10012491392794587,-0.1961462816901948,-0.011936115985523814,1.1127099877280773,-21.913926391586358,3.1789145538141383e-08,2.2409489154815674,-0.3930414021015167,3.762842893600464,3.0885609534043286,-0.7334868907928467,0.6584282517433167,42,0.06379754784570657,0.002785820163371581,29.092372247985878,-74.35733652128752,43.135176396493435,117.49251291778096,-0.7413677555424028,-0.7245905645442833,671.5198863636364,35.848549394154,47.23282962056706,4.545454545454546
61,NEUTRAL,0,0,60,60,30,5.0,1.0,4.322468309207276e-13,1.4427287045441346,2.5653768097789964,0.2724913515631755,6.37803520832918,2.9494336555677325,-0.2218488780879846,-0.4534937303147607,0.010385141763590563,0.9846649863538238,-21.91392615177826,-6.35782896551973e-07,1.7946889400482178,0.009600783698260784,3.5052640438079834,3.3119555188845164,-1.2090215682983398,0.0311246607452631,33,0.12473368639477217,0.025888334502578228,34.36262198499928,-194.48942640808224,172.53908322337105,367.0285096314533,2.1365911012162293,-0.6839647853017883,666.5482954545455,65.00400471697907,84.27649635363159,12.5
61,NEUTRAL,1,30,90,60,30,5.0,1.0,3.789561257387201e-13,1.370637270980731,2.3384176128772083,-0.02019250831644115,5.996422769874954,3.010485684490974,-0.4052398062990199,-0.2202699809373718,-0.011013464107354803,0.9055667799223054,-21.913926205068943,-8.583068620282575e-07,2.128692865371704,-0.2139803022146225,3.7207162380218506,3.228364711720123,-0.8363335132598877,0.45859551429748535,56,0.1225351216660348,0.08572229523796056,30.285342545677874,-73.3350448360413,53.099619297341555,126.43466413338285,-0.8482999289835114,-0.7051683670944349,684.2296511627907,72.74159002447394,122.55185352115483,16.27906976744186
61,NEUTRAL,2,60,120,60,30,5.0,1.0,1.2434497875801753e-13,1.4180875746953026,3.28217376882165,-0.2392396637290517,5.955101662321738,3.0867349045396653,-0.9624521563096917,0.2045784270282131,-0.01271492147713797,1.0103945796904474,-21.913926459680027,-7.311502940865466e-07,2.9138221740722656,-0.2970016896724701,4.5754241943359375,2.8790373811502104,-0.9347195625305176,0.49092546105384827,68,0.20288452176170874,0.012045256113755747,40.73839095456758,-244.8675226946074,296.2488320184701,541.1163547130775,8.325748401154966,-0.11491061537672123,690.8088235294117,89.43745858754843,147.41581346996634,28.235294117647058
61,AWE,0,0,60,60,30,5.0,2.0,2.5165055224836885e-13,1.233244441544174,2.44388424199542,0.1497016270988638,6.1178026552170195,2.911497283719052,0.7922241763573847,-0.7248196964066679,0.015275788436750053,0.885943642389432,-21.913926332374476,1.5894572413799324e-07,1.8854453563690186,-0.05864659324288368,3.577129364013672,3.240196861899933,-1.3417290449142456,0.0860968604683876,75,0.14047873731190091,0.27141417338918916,56.999110274479776,-152.38984776392155,137.29114708149314,289.6809948454147,-0.7843392251061663,-0.591333015900456,711.972891566265,108.03823716211707,140.31766891179979,12.048192771084338
61,AWE,1,30,90,60,30,5.0,2.0,-1.1398289719484942e-12,1.2351949102623243,2.0678242535090874,0.1517472881712223,5.7455442188484085,3.0109052840521207,0.011703045989815752,-0.5885231407553618,0.004919602946734402,0.8377326460138328,-21.91392772385462,-1.748402951307071e-06,2.2162153720855713,-0.12331463396549225,3.977198362350464,3.193464019332017,-0.9997732639312744,0.31695157289505005,79,0.17035239762656446,0.4447434400251247,56.53779055173647,-128.7121458880649,149.5225289825141,278.234674870579,-0.7950948908015949,-0.5796664380833698,717.9878048780488,87.18329060761205,107.16180112507614,7.317073170731707
61,DISGUST,0,0,60,60,30,6.0,4.0,-2.901382837687076e-13,1.5158133374596494,3.603338369961051,-0.041204133392724884,7.594752656508774,2.957080026834421,0.16893713916131015,0.12221477283298546,0.008677182076452829,1.1565925021344774,-21.913926874163323,-5.118052285979502e-06,3.892446994781494,0.23013943433761597,5.763629913330078,2.4845586769915475,-0.08519959449768066,-0.1342911720275879,29,0.46600137224498905,-0.1770173767680045,44.24447421166811,-116.19300584840586,120.14287511193297,236.33588096033884,-0.7652605643412573,-0.5701462819714165,730.7098765432099,108.42983371164306,155.18189616845612,37.03703703703704
62,BASELINE,0,0,60,60,30,5.0,2.0,8.585724723767878e-14,2.8626549648341126,6.233334870172769,-0.08342842806321471,13.03369934615688,3.1036866069654865,-0.4806066681083503,-0.08461220869133525,0.016879708728153805,0.8760036621434137,-21.925604478590728,-1.2079874522896716e-06,2.4454023838043213,-0.18112686276435852,4.1988420486450195,3.092953582244626,-0.2415456771850586,0.7020994424819946,6,0.4539471714586214,0.2672493817384881,44.10885782566964,-306.80604202602484,344.2154412701435,651.0214832961683,11.78311210540201,0.5138119871010263,644.0217391304348,138.49745307579,131.984226418734,11.956521739130435
62,BASELINE,1,30,90,60,30,5.0,2.0,1.045089940513814e-12,2.8635945420076263,4.787602959886783,0.036302917364139375,18.8121559158823,2.3863938006687366,2.2205631457384083,-0.994836277138818,-0.07084644035956941,1.233391629313309,-21.925603519358578,-9.854634299699683e-07,2.0111608505249023,-0.3113662600517273,3.4861361980438232,3.1028194481534537,-1.1993523836135864,0.44825324416160583,8,0.3162495847918272,0.27323787071355876,53.7219454095277,-294.2543785850411,348.8475936569282,643.1019722419693,5.942124911456727,0.3703260343443137,686.5915697674419,162.19135442480862,176.5816133590091,22.093023255813954
62,BASELINE,2,60,120,60,30,5.0,2.0,6.394884621840902e-13,8.746507768560475,14.345171454868222,2.3870321880835377,28.34551371245695,3.099940635481416,-1.195474202129747,-0.32512159848238004,0.07276338848709141,1.3803581153371998,-21.925603924959713,-1.519918441772461e-06,1.7315173149108887,0.1666906625032425,4.505779266357422,2.9345355861933973,0.40808939933776855,-0.7933631539344788,8,0.5246917009671923,-0.587105759720048,46.140991179890975,-225.16076835361312,193.1490082143977,418.3097765680108,2.3433513666782835,-0.24291105755813647,665.2036516853933,117.13748081305816,148.25048027095286,24.719101123595504
62,BASELINE,3,90,150,60,30,5.0,2.0,7.401486830834377e-13,5.469131697178906,13.719330230308202,0.3907448165509919,27.816589113039214,2.925628422081717,-0.0719473823034158,0.0487260086954136,-0.025019319267034566,1.7980473636918737,-21.92560382429956,6.475796112681564e-07,2.911255121231079,-0.16291426122188568,4.446568012237549,2.9622995158989247,0.5903503894805908,0.9604154825210571,5,1.1593904311090877,-0.1543252424411706,34.310831397064426,-138.36133963614498,174.6875379516052,313.0488775877502,1.0155842165782234,-0.2520576577585892,656.4236111111111,120.01777533149506,149.37472086382644,24.444444444444443
62,BASELINE,4,120,180,60,30,5.0,2.0,3.967196941327226e-13,4.919975724233958,10.298378554747245,0.05898473864363041,27.142515907863185,2.7928377983324464,0.5937902225545124,-0.4229001008534237,-0.03297079921412672,1.7603802063159608,-21.925604167728356,-2.5431316430513107e-07,1.9879175424575806,-0.06911563873291016,3.23120379447937,3.0618100113555116,-1.1583977937698364,0.43247389793395996,8,0.37747222109093975,-0.020979452937984252,36.18388832963788,-138.36133883075343,171.69910374003666,310.0604425707901,0.45151815849881505,-0.384138601286579,655.7291666666666,123.84140910960602,161.84674496367566,22.22222222222222
62,BASELINE,5,150,210,60,30,5.0,2.0,4.411286151177289e-13,2.2116130581757854,6.074242831411425,-0.32011138172194364,11.532245475481062,2.917870800981575,-0.17386547181796308,0.2730934665531218,0.0354359677650159,1.0290450108642224,-21.925604123319452,-9.71307372310548e-07,2.34525990486145,-0.14409881830215454,3.984208106994629,3.198454817677449,-0.8302590847015381,0.41243693232536316,7,1.062344781002881,-0.21538472287409918,38.11954548831703,-107.32156169613506,70.64506657151355,177.96662826764862,-0.7356689845523396,-0.5229133833966096,629.872311827957,53.23570300293707,82.4708395022539,7.526881720430108
62,BASELINE,6,180,240,60,30,5.0,2.0,-1.924386576016938e-13,1.8452922688044677,4.316166416006695,-0.033516151390244886,10.319266735935173,2.8578014195743173,0.4970194608394709,-0.3450202283193515,-0.023384199044936025,0.8704576578899121,-21.925604756886646,-7.351239332820114e-07,2.6484200954437256,-0.3355104625225067,4.366880893707275,2.967276039253538,-0.10066032409667969,0.8284174203872681,8,0.9299855096908785,-0.1333515664269776,46.492722153426605,-224.0751210088946,235.74829601454334,459.82341702343797,1.972370342757026,-0.38741731071534546,642.3233695652174,42.36275169094843,62.79976191160159,6.521739130434782
62,BASELINE,7,210,270,60,30,5.0,2.0,2.9309887850104133e-13,4.078122906329554,7.303099734338048,0.6826701543655389,19.35628040517514,2.914716728568532,-0.07626233361499235,-0.7364630548778591,-0.014252371170362366,1.0018912693008335,-21.925604271349137,3.655751470432733e-07,3.0265426635742188,-0.18717478215694427,4.494598865509033,2.9567215055982645,0.4450838565826416,0.9354934096336365,9,0.7721020847002649,-0.12590417203654394,50.73552532528488,-224.07512100734613,235.74829601290367,459.8234170202498,2.2007551122631055,-0.13955792381229037,649.3818681318681,88.1796764240439,99.99457450559783,12.087912087912088
62,BASELINE,8,240,300,60,30,5.0,2.0,3.5823196261238383e-13,4.833510739557076,8.803230511859539,-0.7121976897408899,19.8037863073246,3.1818080916489713,-0.8055610411558436,-0.17011234878378134,0.00916330546839088,1.0265437885724749,-21.92560420621607,-1.6729037497498211e-06,2.957017183303833,-0.11042249202728271,4.860313415527344,2.9218379212237253,0.24214649200439453,0.7446103692054749,7,0.8944447757113261,-0.1377786444528096,44.188051240650374,-179.29677162302377,212.02607130174823,391.322842924772,1.2992192184753577,-0.1544227524203816,649.6527777777778,81.1046188058082,80.57942270681794,6.666666666666667
62,ANGER,0,0,60,60,30,1.0,8.0,1.0066022089934752e-13,1.4804341253545688,3.330523938062413,0.39162148742022396,6.627536987531357,3.058541501107871,-0.8435570593693971,-0.2090919247958316,0.02229193738416893,0.8566694481370531,-21.925604463787757,-4.450480162176973e-07,2.7253191471099854,-0.10617959499359131,4.185330390930176,3.0056283967834,-0.10389137268066406,0.6125707030296326,10,0.16088793521596936,-0.010603605939287213,46.8043702801472,-172.49690235996403,103.54554477992488,276.0424471398889,-0.7063034565266566,-0.6130648686842978,728.9737654320987,55.69170058529179,33.69352914507473,9.876543209876543
62,ANGER,1,30,90,60,30,1.0,8.0,5.921189464667501e-14,1.1361788643353208,2.466232363693166,-0.1786900623550025,4.5484816801007355,3.2044485201430493,-0.8313653979119473,0.36967421951891066,0.004493236401021699,0.7858272452323832,-21.925604505236077,5.404154421739804e-07,3.4040722846984863,-0.4660602807998657,4.348114967346191,2.4067729967190115,1.5632166862487793,1.426249384880066,2,1.146448152581305,0.04707586302108728,43.96336067899925,-109.02251641975818,63.965283543332134,172.9877999630903,-0.9379418277629532,-0.6337445487595165,775.0822368421053,48.48478521072177,62.57807623281496,10.526315789473683
62,ANGER,2,60,120,60,30,1.0,8.0,2.3092638912203256e-13,1.483735534079632,3.320079065284176,0.21911884385303892,6.7202352993597,3.06802189747758,-0.5216378948155418,-0.11616947418432413,0.0011317197927850301,0.786507384735023,-21.92560433352161,-8.265177484645392e-07,3.7002599239349365,-0.2973082959651947,5.084836483001709,2.636986226888585,2.908292293548584,1.6054620742797852,1,2.4492294945461106,0.03135414942522911,44.698378614858356,-109.02251641993735,76.41084205301607,185.43335847295342,-0.9502441536592716,-0.6129322226047169,793.5416666666666,45.32147899543144,65.76661842958146,13.333333333333334
62,ENTHUSIASM,0,0,60,60,30,9.0,7.0,1.1309471877514927e-12,1.1241627912476662,3.4930121552413596,-0.06039560088346718,5.398176834296464,2.961301568159972,-0.06574613773314919,0.49988263784596726,0.011368393908357421,0.7649561004654658,-21.925603433501422,-1.8914540760306409e-06,7.942821979522705,-0.09520796686410904,9.388418197631836,1.7441059716974552,21.797744750976562,3.3193869590759277,8,0.39397682655341904,0.4025326340148158,46.81951384155561,-175.6557495399453,141.66915920604737,317.3249087459927,-0.44749497880736966,-0.5314722290418925,690.0735294117648,59.14778043889167,85.19020320275209,15.294117647058824
62,ENTHUSIASM,1,30,90,60,30,9.0,7.0,2.0724163126336254e-14,1.2443529017214818,2.63906271454033,-0.21580959745151063,5.647891397001814,2.9553272884472572,-0.5543111053054339,0.19803313294107952,-0.0017294402494915928,0.7431181517266556,-21.925604543723807,5.722046125811175e-07,2.6424098014831543,-0.19382020831108093,3.729836940765381,2.8123980963417115,0.14144635200500488,1.0228731632232666,4,0.5338950664177098,0.2759304136728865,44.57591200486766,-180.19674837571483,104.75460133643449,284.9513497121493,-0.3998484162195677,-0.6623142587578867,684.9563953488372,25.46223246590414,27.432236028610788,5.813953488372093
62,ENTHUSIASM,2,60,120,60,30,9.0,7.0,-1.4802973661668752e-14,1.4142545469458976,2.7964183506668405,-0.5569644810901053,5.968878519912124,2.3775206351737013,-0.4309827651161786,-0.05168713222627303,0.0049375768738323614,0.8677853701706463,-21.925604579250944,-7.947286206899662e-08,2.888714075088501,-0.0980810672044754,4.453937530517578,2.9859945827578906,0.08374786376953125,0.6897175312042236,6,0.8136320985684825,-0.03403145838615297,49.11477482736655,-182.77916848838638,173.55784062142365,356.33700910981,0.14556845692450526,-0.42050096678676646,673.6505681818181,66.43637620315238,79.95345943289357,11.363636363636363
62,LIKING,0,0,60,60,30,8.0,7.0,-4.618527782440651e-13,1.1888258489125014,2.897833068251998,-0.014232054299156971,5.623267994057812,3.091716546202656,-0.4301429456029777,-0.08385218006214547,-0.011187950296809069,0.7868959137840076,-21.925605026300858,0.0,3.11334228515625,-0.35058799386024475,4.104616165161133,2.6200500342565904,1.4974312782287598,1.5281184911727905,38,0.022945099615804425,-0.3497664929369309,76.94946316136078,-341.10345807421476,308.2741614482884,649.3776195225032,0.26973207229321483,-0.579886390305648,677.801724137931,55.3321319178484,60.9128043280282,8.045977011494253
62,LIKING,1,30,90,60,30,8.0,7.0,3.1382304162737757e-13,1.2188587108083706,2.8554679371993075,-0.021661751479484792,5.8809658659768616,2.9630791068026574,0.25050356331811763,0.15680734840578667,0.00756974911453351,0.8579949089918496,-21.92560425062498,2.8928120627824683e-06,2.101001501083374,-0.1399567425251007,3.7190380096435547,3.229971071981271,-1.0953282117843628,0.22646701335906982,41,0.08552079033665975,0.03531636111165124,72.36561604350645,-200.6633348590433,115.54840226157009,316.2117371206134,-0.8414332258645718,-0.6135949635500361,689.1351744186046,51.46236208570112,59.1714778146085,11.627906976744185
62,AMUSEMENT,0,0,60,60,30,6.0,7.0,-2.6645352591003757e-14,2.630391753457181,6.175289283528684,-0.06371539848437635,11.231754382253456,3.1790165103472865,-0.6009773638329046,0.15332618870309891,0.017159800949283252,0.9310176314230004,-21.925604591093325,-7.94728578057402e-07,1.9770145416259766,-0.019562678411602974,3.620169162750244,3.2034909078875065,-1.0483572483062744,0.13606657087802887,65,0.07591607962712404,0.3803312300769269,59.05934355120951,-155.21779511113937,184.43555495498447,339.65335006612383,-0.8413355902072528,-0.367620807672803,705.3571428571429,67.44128733588583,60.951255398380056,5.952380952380952
62,AMUSEMENT,1,30,90,60,30,6.0,7.0,2.1316282072803006e-13,2.83350586705045,7.771442631796077,-0.8383412258130107,11.628659598253677,2.804328035127773,-0.35748199128260927,0.686314341906616,-0.00848555329355171,1.0348238348368466,-21.925604351285173,0.0,2.0997824668884277,-0.24439522624015808,3.676791191101074,3.2296199212913352,-0.8944172859191895,0.4141581356525421,71,0.08724933410334394,0.4145710277578933,63.01012146425924,-155.53834165252337,134.5305497326859,290.06889138520927,-0.958436013456808,-0.426379339974083,722.800925925926,30.235260986874987,25.911131174651562,2.4691358024691357
62,AMUSEMENT,2,60,120,60,30,6.0,7.0,1.5987211554602254e-13,1.4218680189497002,3.8295827149546824,0.019325877085307752,6.819108657599315,3.023487885836228,-0.36327863914795167,0.15860290331128774,0.00693160408591725,0.9483175651379256,-21.925604404575868,6.357829107628277e-08,1.4933488368988037,0.21079373359680176,4.210123062133789,2.9734222558986367,-0.9595792293548584,-0.48446106910705566,54,0.09300172391895645,-0.0887901655555336,72.98232690760734,-219.29592634957072,136.89173458109178,356.1876609306625,-0.7753858862618497,-0.49423215827472916,727.2376543209876,46.090398627903106,29.17945218278609,6.172839506172839
62,SADNESS,0,0,60,60,30,4.0,9.0,2.960594732333751e-15,1.5229510435029667,3.6875639188792775,0.11720129606551666,7.827073666810946,2.9369680166156114,0.12459892833064812,-0.18201063961175257,0.013452450863472163,0.922019298587025,-21.925604561487376,-4.450480162176973e-07,2.17134952545166,-0.06025343015789986,4.016887187957764,3.233599844096405,-0.8971531391143799,0.2305820733308792,83,0.18579528680523477,-0.1526300636510296,63.457900195061356,-167.72574276633162,163.6870400307327,331.4127827970643,-0.9251347561276568,-0.34578427314793553,716.2728658536586,40.75015682034877,22.70259866427434,1.2195121951219512
62,SADNESS,1,30,90,60,30,4.0,9.0,5.625129991434126e-13,2.4160240106662267,6.239866971661456,-0.5380537686011877,11.977076060149727,2.8955962121159957,0.4339888259317437,0.6687013995975294,0.0052556963595525984,0.8279711063330338,-21.92560400193513,2.2252400810884865e-07,2.1210808753967285,-0.07065117359161377,4.268116474151611,3.140783261772637,-0.9975321292877197,0.1277318000793457,81,0.24272788040487492,-0.18578319052002248,63.485842995044,-131.67583865448535,103.90200242443828,235.57784107892363,-1.0412780473326253,-0.3769614080705236,728.0092592592592,44.59136415209165,24.269100885951666,0.0
62,NEUTRAL,0,0,60,60,30,6.0,6.0,-5.3290705182007514e-14,1.3660426605435367,4.169626732731047,0.1841164960374897,7.5733482177248845,2.220872898535957,0.6953497655855903,0.3289701305175365,0.014085636368395719,1.001973028020795,-21.925604617738678,2.5431316430513107e-07,1.813932180404663,-0.09551304578781128,3.4599356651306152,3.3080651090398763,-1.1693094968795776,0.1807105988264084,72,0.03070083272454169,-0.15902057128609398,43.405523118137076,-172.99890369877383,182.6305491019093,355.6294528006831,0.5575874997656731,-0.4076592826939209,667.7911931818181,40.44738458926209,32.698127846333534,5.681818181818182
62,NEUTRAL,1,30,90,60,30,6.0,6.0,-2.3092638912203256e-13,1.2584917399538214,4.07127381585255,0.1322749997793693,6.9905452469647855,2.6280604231709432,0.7541539599783103,0.2846383978455598,0.006430814385377956,0.8774449951122134,-21.925604795374387,8.265177484645392e-07,1.785616159439087,0.0014839498326182365,3.50862455368042,3.316147191231851,-1.1948946714401245,0.016829025000333786,63,0.04181048804311823,0.05341812436281361,39.27353085200647,-90.92956538559963,61.17216091606251,152.10172630166215,-0.8574676310451763,-0.6222706093127385,674.2097701149426,38.607725940180934,24.705294220065465,3.4482758620689653
62,NEUTRAL,2,60,120,60,30,6.0,6.0,4.3816802038539515e-13,1.2272050467000581,3.6549885425294804,0.0843856301809609,6.608177426726769,2.8203297911583274,0.12976445679503712,0.22942199167415164,-0.007085354618441472,0.8382606564952029,-21.925604126280046,-5.086263286102621e-07,1.9886488914489746,-0.10705487430095673,3.6217026710510254,3.2906217231826234,-1.1108609437942505,0.1692962944507599,57,0.048261464326182966,0.23937451008863958,38.911051634346016,-114.09625692842805,102.93139036176558,217.0276472901936,-0.8006608479702426,-0.5816648403573932,665.6605113636364,37.796642556298636,21.90576654122427,2.272727272727273
62,AWE,0,0,60,60,30,8.0,7.0,2.220446049250313e-13,2.316831514345862,5.255867822637583,0.06210773012753634,10.705690242844668,3.1021500029634987,-0.29906075535794896,0.014664813372029887,0.0020853402985085458,0.9372907017226537,-21.92560434240339,9.854634299699683e-07,2.1496126651763916,-0.4103452265262604,3.3630824089050293,2.7867756314962078,-1.2514629364013672,0.43173903226852417,4,0.5863885605938338,0.19351190713233424,46.910095656733894,-230.40150935053052,175.9068649868965,406.30837433742704,0.3748863724195246,-0.4487382131609292,649.7252747252747,81.82442292753238,103.19862691539177,9.89010989010989
62,AWE,1,30,90,60,30,8.0,7.0,-5.210646728907401e-13,1.697084369541884,4.271507569545463,0.2482748820280989,8.543206161110817,2.970503528860789,-0.34659678698860263,-0.2366637752500376,0.009962919633885263,1.1126822441804514,-21.925605085512778,-7.94728578057402e-07,2.2866764068603516,-0.32443076372146606,4.164337158203125,2.9293852609421824,-0.7601592540740967,0.2493375688791275,6,0.6467024990419553,-0.14145514439821028,48.289591278578456,-230.4015460917949,175.90645304078555,406.30799913258045,0.20193775809941172,-0.49286694670869907,630.4853723404256,61.76939602323246,70.6059066397377,6.382978723404255
62,DISGUST,0,0,60,60,30,2.0,7.0,2.2500519965736504e-13,1.686886201723751,3.752347785155763,0.12170165755378548,9.12726319083177,2.864372424170711,0.6980108485346883,-0.5715532253070915,-0.01116017140097869,1.0581301875344649,-21.925604339442796,-1.589457156114804e-06,2.302628517150879,-0.21195483207702637,3.6260039806365967,3.1037312275550155,-0.9783737659454346,0.5023927688598633,53,0.07809218385510161,-0.04637264887514795,45.18450054497358,-133.7693758581959,168.2565470082813,302.02592286647723,-0.4281168696806006,-0.3404012292311557,672.2301136363636,91.50746013799355,91.04700101419135,9.090909090909092
63,BASELINE,0,0,60,60,30,7.0,1.0,-4.559315887793977e-13,1.3995115167900771,3.548723676465926,-0.08110526720237488,6.7462284553919005,3.0051403681962627,-0.3901305493400056,0.2309583621033823,0.014845944230768805,0.9453458069905387,-21.903209171151758,6.357829107628277e-08,2.296804428100586,-0.4263867437839508,3.510620355606079,2.919324890616333,-0.7691981792449951,0.7748845815658569,58,0.11437983524083081,-0.10894231427652731,25.808798619676978,-104.12889426497534,80.09959080857156,184.2284850735469,0.1486612872124038,-0.5350694849474507,840.8482142857143,146.51012864535355,242.44850650428725,58.57142857142858
63,BASELINE,1,30,90,60,30,7.0,1.0,6.690944095074277e-13,1.4411701842018378,3.906526257203069,-0.18985891863358972,6.489049444289918,3.052125729361551,-0.058701501857175487,0.6711131752515401,0.0015424612063063695,1.0152064885410705,-21.90320804612588,1.271565793103946e-06,2.2057089805603027,-0.16863083839416504,3.6694343090057373,3.1259325599307224,-0.9562070369720459,0.5662449598312378,66,0.23688092334392774,0.17390810383037128,23.452552134289032,-67.03359104778724,60.14530411267967,127.17889516046691,-0.6148463144814738,-0.6718053643824018,847.1467391304348,109.50194724573355,162.40187223864646,49.275362318840585
63,BASELINE,2,60,120,60,30,7.0,1.0,6.010007306637514e-13,1.3252439211633633,2.719828026931026,0.0020896410145354594,6.209038592856331,3.0534207366638335,-0.42555374090539067,-0.19216554122099777,-0.006548723691605145,0.9585238353393977,-21.903208114219517,-5.841255301675119e-07,3.0226218700408936,-0.05018983036279678,4.793586254119873,2.9404954691882486,0.335935115814209,0.6538428068161011,62,0.29717036075203374,0.05919971208645463,23.345663111631332,-60.62405513996445,32.24276590231632,92.86682104228078,-0.683467857141884,-0.7207646038315415,835.4910714285714,120.43643709891862,180.71588594022225,60.0
63,BASELINE,3,90,150,60,30,7.0,1.0,-5.921189464667501e-14,1.2751667181744875,3.3328187305684764,-0.08124247307428334,6.379038660176661,2.9420015299733873,-0.3409753170252241,0.23589003265916278,0.0030758517527692346,0.9229233360180025,-21.903208774431963,-7.629394644936838e-07,2.363895893096924,0.03738950937986374,4.254182815551758,3.0799201531093394,-0.5181360244750977,0.2047019898891449,61,0.16594858804917575,-0.008335977806109581,25.004730373246527,-69.19371674212336,35.43795014341729,104.63166688554065,-0.6349970978925783,-0.7251774366997344,857.3369565217391,110.45010748209756,163.12978920172733,46.3768115942029
63,BASELINE,4,120,180,60,30,7.0,1.0,5.684341886080801e-13,1.5468059842360036,3.4935365511081784,0.0593642752701129,7.709092843031584,2.928944812849697,-0.1816742181568456,0.05292327098207203,-0.009749810950921518,1.001515394382368,-21.90320814678604,3.337860050578456e-07,9.62692928314209,-0.22046679258346558,10.601263999938965,1.1675952519924555,47.76885223388672,5.697441577911377,2,5.1813033344045,0.23305889627046544,29.00091990186285,-99.03600199520987,160.3754602036543,259.41146219886417,1.1551113364121406,-0.17465188640997334,842.6177536231884,127.37063954476065,177.29383934234716,44.927536231884055
63,BASELINE,5,150,210,60,30,7.0,1.0,3.848773152033876e-14,1.528476730168942,3.6745404041731433,-0.037048850156296,7.837808939787294,2.8895575013407893,-0.1414613691404938,0.07351809413730322,0.009417175495363696,0.9493507411789529,-21.903208676732334,1.2715658215256553e-07,10.84774398803711,-0.13772886991500854,11.773667335510254,0.8957073406198355,80.2701187133789,8.202899932861328,1,9.99249625253784,-0.015988782018053004,28.963597709025603,-99.03600246068052,160.37545934918245,259.411461809863,1.1550195709022022,-0.19275153684180327,830.9859154929577,138.40786574032836,205.49781672458573,59.154929577464785
63,BASELINE,6,180,240,60,30,7.0,1.0,3.1086244689504383e-13,1.501864707754922,3.4916301468939537,0.028974638749090786,7.637940409465216,2.947699851995703,-0.1329115532418066,-0.14133228735943323,0.006090328199530193,0.9749642874418638,-21.903208404357667,4.7683716530855236e-08,3.6444828510284424,-0.35452187061309814,4.55205774307251,2.0972735976112125,3.549858570098877,2.181436061859131,25,0.20210848916112586,-0.10835749203781449,31.551016951648222,-134.19254004493428,90.20160478612402,224.3941448310583,-0.09000039514797953,-0.46044452031117256,832.3660714285714,166.87009413272466,245.95487584328748,71.42857142857143
63,BASELINE,7,210,270,60,30,7.0,1.0,-5.921189464667501e-14,1.736821072257933,5.729736839917621,-0.09214948314877347,9.383313455801812,2.781709693476775,1.3667241848235383,0.7104058005811799,-0.022562826653965345,0.9738045507157888,-21.903208774431963,2.2252400810884865e-07,1.8533815145492554,0.056268248707056046,3.1504955291748047,2.5275528929886493,-1.631255030632019,-0.06960591673851013,15,0.16755468973581275,0.12881159976589648,34.63437465921629,-134.1925853055793,90.20151570208995,224.39410100766926,-0.36305139505796324,-0.48703684937836467,837.0535714285714,168.40350036841693,242.44850650428725,77.14285714285715
63,BASELINE,8,240,300,60,30,7.0,1.0,-2.753353101070388e-13,2.0847666994924348,5.207474623447439,0.24287598034717917,9.646978252295924,3.073049153042068,-0.6650231330566121,0.015054129043373988,-0.01288194768463789,0.8057711770962274,-21.903208990555413,-1.2715658215256553e-07,2.6444308757781982,-0.39016884565353394,3.863391399383545,2.7283823265162384,-1.0197769403457642,0.7490334510803223,8,0.5517541281535268,0.031876179439578385,38.14937845668676,-164.29575250839676,188.0245537619204,352.32030627031713,2.131824607231551,0.00983968749112493,839.0625,146.72869872005174,191.8465110087538,61.42857142857143
63,ANGER,0,0,60,60,30,4.0,4.0,2.0132044179869504e-13,1.3936377138775138,3.1219708289881964,-0.06684500175602182,6.276436212997538,3.0826130623618013,-0.5426052389363121,0.03642422042542123,0.008458792992543951,0.9500914767383384,-21.903208513899646,-9.536743306171047e-08,1.8470538854599,-0.37100738286972046,3.2552826404571533,2.9358878582450836,-1.583708643913269,0.2726236581802368,28,0.14040668442562362,-0.07132846970025128,29.224891501115188,-109.36464094889975,84.69152660471786,194.05616755361763,-0.2577602687710794,-0.6538326186895064,835.2678571428571,178.14616806043563,195.907156336836,54.285714285714285
63,ANGER,1,30,90,60,30,4.0,4.0,-7.13503330492434e-13,1.3655774535108987,3.0472343360401055,0.02209521799976244,5.981837981471472,3.160843298939908,-0.6865734042130365,-0.0265694869571815,-0.005694673645798579,0.9315640861804402,-21.90320942872365,2.1298726551322034e-06,1.9427721500396729,0.006249182857573032,3.810580253601074,3.231589049706014,-1.1456786394119263,-0.05146382376551628,79,0.116988603901441,-0.08554956345340253,31.173413478927596,-79.74531741728893,42.655148848011265,122.4004662653002,-0.7815330351715164,-0.6719091767914448,880.830223880597,79.66455686203793,119.58562649580401,29.850746268656714
63,ANGER,2,60,120,60,30,4.0,4.0,-3.552713678800501e-14,1.2742303884218582,3.1202943395527427,0.04184078827904614,5.478809908836979,3.1316784392060626,-0.8595080918242766,0.1313372420878718,-0.004673106473482698,0.8463217765596368,-21.903208750747204,1.0172526572205243e-06,2.1901137828826904,-0.2546631991863251,3.621891975402832,3.0752942433461214,-0.9942331314086914,0.5886641144752502,74,0.17175354061609446,-0.04045715132618637,32.25845544545513,-76.85473223427871,42.65504535972498,119.5097775940037,-0.821589398863988,-0.6659291666669185,895.6730769230769,44.80348634673551,49.333323985605816,26.153846153846157
63,ENTHUSIASM,0,0,60,60,30,5.0,2.0,7.105427357601002e-14,1.7046964921527086,4.050801703777296,-0.10217051605749816,7.4925861978876185,3.1111931588635655,-0.5151758430525231,0.19107869338408698,-9.033571886029924e-05,1.0421282189500214,-21.903208644165794,1.5258789289873675e-06,2.908125400543213,0.07773015648126602,5.274827480316162,2.947242635707952,-0.5797772407531738,-0.0906132161617279,71,0.29890497460673604,0.2099951286374663,29.345511679536425,-342.329151948485,200.9149665716164,543.2441185201014,27.589940505971782,-2.155212834702281,830.9859154929577,127.68625497486815,181.8436245641921,46.478873239436616
63,ENTHUSIASM,1,30,90,60,30,5.0,2.0,-5.3290705182007514e-14,1.4722287594924444,4.678630838350273,-0.05473689705901563,7.91896930073932,2.839754370264844,0.6622529796395495,0.31085824135644285,-0.007798074630792857,0.9593469226464505,-21.903208768510773,3.1789145538141383e-08,3.507437229156494,-0.21849608421325684,5.243906021118164,2.771211793452271,-0.581749439239502,0.5041548609733582,75,0.30531583400970247,-0.08454924534667381,21.48871846630762,-55.2450213446856,30.704704664081085,85.94972600876667,-0.8573139365955549,-0.6407704760118175,875.2332089552239,136.55442064985039,216.83926054746803,62.68656716417911
63,ENTHUSIASM,2,60,120,60,30,5.0,2.0,-6.128431095930864e-13,1.4543003834590205,4.7474452875910345,-0.11468079837761991,7.873131062856231,2.8197597802326153,0.7980396945196273,0.5668290260958684,-0.00022893746790537479,1.0265344598913346,-21.90320932806336,-2.543131586207892e-06,3.9810092449188232,-0.13255058228969574,6.033221244812012,2.703611730997533,0.19355154037475586,0.47309359908103943,69,0.6714699920227674,-0.12009481006851835,20.72129265214512,-55.24502220356281,29.262536684157098,84.50755888771991,-0.8560760216463725,-0.6219141022983434,839.5089285714286,115.89096872095678,175.9139243670946,41.42857142857143
63,LIKING,0,0,60,60,30,5.0,2.0,2.3684757858670007e-14,1.6068327519634575,3.0376638009812496,0.09998731863092303,6.508430387309971,3.1972974150216453,-0.740534116716848,-0.3157772480618196,0.008124703158413373,0.8759817983633653,-21.90320869153531,-9.536743306171047e-08,1.7632006406784058,0.45964059233665466,3.9106802940368652,2.922668410810977,-1.047192931175232,-0.6162773370742798,37,0.2320151110857944,0.015436294255609832,42.48693604722854,-393.9894550196333,218.5269908612177,612.516445880851,15.940295432659148,-1.7093165692872119,841.9642857142857,221.203612330762,291.64442526481366,54.285714285714285
63,LIKING,1,30,90,60,30,5.0,2.0,1.3322676295501878e-13,1.9342880288349038,5.1668657737444335,-0.03389633048840324,8.986151065136738,3.0246402446705534,-0.40750553421588176,0.33047167695385243,-0.014721633274551036,0.9147507926854697,-21.90320858199331,2.543131586207892e-06,2.5316293239593506,-0.46197310090065,3.6588473320007324,2.7634110299443475,-0.5997459888458252,0.951968789100647,63,0.14832045263862478,0.029596215171585706,32.89634510650343,-112.39167755001378,93.21174662802987,205.60342417804367,-0.48481163327692034,-0.593500390713786,883.5227272727273,155.48325860456396,229.86036469912636,68.18181818181817
63,FEAR,0,0,60,60,30,6.0,3.0,-2.6349293117770384e-13,2.2842503458277985,5.399846964686361,-0.23178594937824926,10.869104130429008,2.931115268451319,-0.37667723584066426,0.3413433279834403,0.012271327234291972,0.9055667799223566,-21.90320897871303,-5.245208853921213e-07,1.264007568359375,0.11866924911737442,5.57397985458374,2.233701530643313,7.8361616134643555,-2.5100221633911133,29,0.3273828116358134,0.17683628656920242,22.960594063822022,-106.06030489218341,68.76850687456076,174.82881176674417,1.1064175418366107,-0.7824865311546044,878.7313432835821,463.47321553856057,702.8171674629767,64.17910447761194
63,FEAR,1,30,90,60,30,6.0,3.0,-5.802765675374152e-13,1.3005743413910307,3.0641817774061053,-0.07381604968017541,5.5286947431930855,3.1424852825452803,-0.7082491633019434,0.09845470055525463,-0.0026876081718567703,0.9052573959775265,-21.9032092954968,3.973642833443591e-06,2.1915509700775146,0.020875761285424232,4.341350555419922,3.137716624783615,-0.7930750846862793,0.1003495529294014,80,0.38328132381096847,-0.053945631848156796,20.400311830354184,-49.757673784037294,26.883639752706316,76.64131353674361,-0.856975489955794,-0.6403887769237127,882.695895522388,144.42398851394736,226.35423421396587,82.08955223880598
63,FEAR,2,60,120,60,30,6.0,3.0,-9.296267459527978e-13,1.3215335023621764,3.069777245676164,-0.0019191679985652854,5.907111484066263,3.1462563332258635,-0.5611290518598544,-0.013421329734265533,0.015902362181666057,0.8948881669062169,-21.903209644847244,-3.814697322468419e-07,2.309631586074829,0.16054177284240723,4.451685905456543,3.076300147923956,-0.9769532680511475,-0.12779967486858368,62,0.4799421018989377,-0.0773478478337852,20.45507980083684,-49.823599941673834,28.265108103703867,78.0887080453777,-0.8853291490414401,-0.626556380304625,867.1875,142.37612038137135,226.01701896938198,77.94117647058823
63,AMUSEMENT,0,0,60,60,30,7.0,5.0,7.401486830834378e-14,2.1081920022886296,4.747813298024539,0.34972974025890835,11.237010440220985,2.7422544110224907,0.41427202134532726,-0.2595339402857882,-0.0050001270740123605,0.9505269090918324,-21.9032086412052,1.6848246104927966e-06,5.244069576263428,-0.14264655113220215,7.0625834465026855,2.325702521219485,6.046483039855957,1.7071532011032104,34,0.5966440441071511,-0.00530857002911526,32.85226741008175,-120.50002115827874,122.79486690127787,243.29488805955663,0.21598970153848462,-0.4545542765150987,783.7171052631579,162.26049320000467,206.72294260676534,52.63157894736842
63,AMUSEMENT,1,30,90,60,30,7.0,5.0,5.181040781584063e-13,1.5904826750305392,3.62287205286691,0.15774822187140103,6.374826317527038,3.171862196951329,-0.49426501854950766,0.24176094795429692,0.009360797794461181,0.6843454627718355,-21.903208197116122,-2.1616617686959216e-06,1.5896512269973755,0.2635587155818939,3.9782776832580566,3.049873575383599,-0.9574229717254639,-0.4810818135738373,53,0.42301410625370434,0.23412325634385006,26.911846275746775,-120.50021773611095,82.83391410083826,203.3341318369492,0.14993021546380847,-0.7025480316918989,834.1517857142857,138.38782194640305,200.01804436263288,45.714285714285715
63,AMUSEMENT,2,60,120,60,30,7.0,5.0,8.467300934474528e-13,1.3937714959635779,3.101481529724026,0.18607403127468558,4.859203693010272,2.686250590892805,-0.630448621475256,0.600515476958999,-0.012235222087316044,0.8179919836339042,-21.90320786849033,1.2636184692382812e-05,2.2776360511779785,-0.05506500229239464,4.665402412414551,2.972686740987781,-0.44289374351501465,-0.09675570577383041,78,0.8233217585902954,-0.028522701695441317,21.470197694683325,-55.0230213801139,32.17786873287787,87.20089011299177,-0.8154236886367077,-0.6414472269857883,853.2608695652174,142.0530379718324,219.290954027708,63.76811594202898
63,SADNESS,0,0,60,60,30,3.0,7.0,3.079018521627101e-13,1.5114939412954262,3.41017486973314,-0.6829273709747952,6.413167841797218,2.4388868083720006,-0.17582969714021335,0.2283900085648739,-0.011521297046803351,0.886891682941459,-21.90320840731826,4.323323537391843e-06,4.274848937988281,-0.37755656242370605,5.5113115310668945,2.163185809198688,1.5102791786193848,1.4363036155700684,12,0.7518577944262977,0.0004654484384443158,30.23783812084734,-149.69530208630061,143.29478937147235,292.99009145777296,1.479650876172303,-0.41358389592425054,831.6964285714286,150.18037701122594,213.1048908869234,42.857142857142854
63,SADNESS,1,30,90,60,30,3.0,7.0,-2.398081733190338e-13,1.3982199788884655,2.6896591803328818,0.6435698841226412,6.0662233222878115,1.5145546510942292,0.018405340030809292,-0.3136502126272991,-0.017097910385299033,0.9327661048561723,-21.90320895502827,6.548563760588877e-06,3.047982692718506,-0.2662544846534729,4.246366500854492,2.360185897466408,1.8898401260375977,1.7189838886260986,73,0.2499875814331731,0.23045102418809668,27.25491026139527,-105.84384517377096,84.93443253275439,190.77827770652533,-0.17559070318525105,-0.6201109942210974,842.8442028985507,115.84352046740358,134.53147951234095,27.536231884057973
63,NEUTRAL,0,0,60,60,30,5.0,3.0,6.809367884367627e-13,1.5371253875670052,3.3175951620613375,0.07492013892900218,6.628246042789954,3.133564596600304,-0.5406778845119011,-0.08691557515974027,0.0031321864051160474,0.7179059825901676,-21.90320803428351,6.580352874152595e-06,1.9885952472686768,-0.3009590804576874,4.135969161987305,3.066806851204173,-1.102551817893982,0.2639576196670532,78,0.3087383240659186,0.04922509698434923,35.795869298245165,-213.37616724615202,122.09264073248076,335.46880797863275,3.8188783715393217,-0.5773780211059371,754.8701298701299,152.80452290765328,210.3121822942779,37.66233766233766
63,NEUTRAL,1,30,90,60,30,5.0,3.0,-5.269858623554077e-13,1.5366050334047743,3.520456561935248,0.2671301460026143,7.0505541932561755,3.0829835530718777,-0.500076663281769,-0.14659204456933753,0.0035788536518831095,0.7419907359407076,-21.903209242206067,5.594889444182627e-06,3.941793203353882,0.24420075118541718,7.58006477355957,2.238995476011488,2.0651121139526367,-1.008347511291504,59,0.5424671062799292,-0.05496941771990564,25.092739416895487,-162.41859468032695,100.90522940934021,263.32382408966714,4.249857313200548,-0.8055563335874022,789.1666666666666,137.0696710996286,177.948584995855,34.66666666666667
63,NEUTRAL,2,60,120,60,30,5.0,3.0,8.08242361927114e-13,1.746917752759879,4.105861434801028,0.28436648001139986,9.01910779608599,2.849541266853901,0.08808557503978731,-0.2507549906890441,0.003994952457002579,0.9505403421194843,-21.90320790697803,-1.748402951307071e-06,6.472896575927734,0.06595208495855331,8.668218612670898,2.116924243971582,6.185239791870117,0.9769478440284729,56,1.0153219613144608,0.04235694459714428,19.593520417091927,-51.02371660463585,44.19563629163749,95.21935289627334,-0.8660645089753212,-0.5658027177595623,847.5996376811594,145.15789226056071,201.42102022804343,52.17391304347826
63,AWE,0,0,60,60,30,3.0,1.0,-6.098825148607526e-13,1.3321482936439244,2.8990623984164188,-0.07706339845334753,5.928859358026983,3.0827036510549073,-0.5334439679059488,0.04052394556542337,-0.005493141544805513,0.9409072092607882,-21.903209325102768,9.218851459991129e-07,1.6926765441894531,0.045749127864837646,3.3893301486968994,3.298382668922989,-1.2880558967590332,-0.025811495259404182,40,0.09582382778357278,-0.03325197456200937,26.95788898589208,-75.58687763694016,93.16909332431523,168.7559709612554,-0.3590640910700058,-0.4210216555175583,824.3838028169014,118.89279445445437,146.39692330027196,40.845070422535215
63,AWE,1,30,90,60,30,3.0,1.0,9.888386405994727e-13,1.19885873625386,2.1822301923279497,-0.09966373352447988,5.163395318263042,3.0943126179468576,-0.7413660714984065,0.0097889375003066,-0.014868653994697036,0.8674919490783395,-21.903207726381915,1.1761983387259534e-06,2.1061408519744873,-0.19264404475688934,3.4319872856140137,3.197238794490453,-1.0516316890716553,0.44692814350128174,60,0.09706471916214697,-0.02517227477593612,28.09212125489756,-101.73666176219581,114.29866464274245,216.03532640493825,-0.38517586448202,-0.6078526470959303,856.1580882352941,107.29155123860465,140.74155617417466,35.294117647058826
63,DISGUST,0,0,60,60,30,8.0,6.0,-5.802765675374152e-13,1.6400125561270014,3.3887833837596304,-0.10840945589762896,6.91090315261107,3.1099604874280016,-0.49262031357121083,-0.08218545607434088,0.011201839744718313,0.9229543914768977,-21.9032092954968,1.2238820090715308e-06,3.8292620182037354,-0.12338607013225555,5.4189534187316895,2.3403950665188256,3.048201084136963,1.6154961585998535,7,0.7023914538840849,0.04917608867884027,29.926447098338617,-150.42577337329612,171.8002764873028,322.2260498605989,3.050870529334164,-0.1905832646657084,812.0659722222222,151.58013233753294,202.48069537177966,45.83333333333333
64,BASELINE,0,0,60,60,30,5.0,1.0,-3.2862601528904634e-13,2.9897583687914433,8.319084914350583,-0.12511740349179234,14.189977058095948,3.0234045088191506,0.05013231819254038,0.45834096808693586,-0.022799013993791743,1.1551895903862552,-21.845648599967962,1.5894572413799324e-07,2.51580810546875,0.22634460031986237,5.411458969116211,2.8692253397427994,-0.46167945861816406,-0.3615747094154358,54,0.4396756945970645,0.1639862758762335,39.543762413371,-301.54304590095103,286.888710407875,588.431756308826,17.81384910791173,-0.6741570993413656,833.1866197183099,208.9109771457256,252.95408691951533,60.56338028169014
64,BASELINE,1,30,90,60,30,5.0,1.0,4.440892098500626e-14,1.87987009350091,2.8416122847644942,0.7910371050925846,7.893751061093468,2.212269054161414,0.1249020333760611,-0.786832750061941,-0.010959643821253279,0.8868826847096889,-21.845648226932973,5.086263286102621e-07,1.9126157760620117,-0.35673436522483826,3.5071773529052734,3.009630383426127,-1.292332649230957,0.4052054286003113,66,0.3083360435695936,0.1565358636471407,23.15845100059646,-294.79291455245175,149.5110107341904,444.30392528664214,40.743392136497654,-3.2135828254348726,854.0900735294117,150.68471032008603,223.40626738709867,70.58823529411765
64,BASELINE,2,60,120,60,30,5.0,1.0,-2.0724163126336254e-14,2.2927690355330017,4.3158716187885915,0.2117610736315001,10.860612583867635,2.9161770032693233,0.38119043377056805,-0.6726048741058872,0.006331007903533575,0.8865632027446767,-21.845648292066056,-1.2715658215256553e-07,2.3668627738952637,-0.37318944931030273,3.5963187217712402,2.671498988806789,0.07742476463317871,1.2085286378860474,66,0.26128544175669,-0.14379808534132205,19.167658462859375,-147.60057835830384,80.15297005863977,227.7535484169436,7.666187528069553,-0.9994684273213957,865.1194852941177,176.8983607981977,251.0980433590261,77.94117647058823
64,BASELINE,3,90,150,60,30,5.0,1.0,4.1004237042822445e-13,1.9896780744007798,3.952475051755755,0.00978212869533479,8.914775633311933,3.100824640000054,-0.7274257390552856,-0.18372166400929577,0.0149562611807843,1.1014794894594213,-21.845647861299604,-4.450480162176973e-07,3.3729634284973145,0.2474372684955597,5.593047142028809,2.5039248823523303,-0.70916748046875,-0.3763488531112671,47,0.3584285109856308,0.0964154055336093,22.357694410451945,-147.60057835553295,132.21072566246121,279.8113040179942,5.573763374405052,-0.6224454322009185,854.3198529411765,171.78892808520757,233.43249547573674,76.47058823529412
64,BASELINE,4,120,180,60,30,5.0,1.0,3.9968028886505635e-14,2.8506985036025387,6.137275061110969,-0.18854474564928836,12.305008105291293,3.130774924681462,-0.6748532933672178,-0.01066226888820245,-0.008692964749770783,1.1414289199983814,-21.845648231373865,3.814697322468419e-07,6.239928245544434,-0.1207343190908432,9.187623977661133,2.010902045948344,9.863670349121094,1.5974982976913452,46,0.8194593817629882,0.09155210071774492,16.43078942845028,-96.2962466471992,132.21072566246022,228.50697230965943,6.278102068958624,-0.1980305606332206,813.7842465753424,164.65570305031622,211.41118368021463,69.86301369863014
64,BASELINE,5,150,210,60,30,5.0,1.0,3.1678363635971135e-13,1.3707385912389187,3.499317152853365,0.10133746553417922,7.1693933621670425,2.8410262185862747,-0.16043317364123721,0.013372326070881525,0.011465164391460878,0.8962795431425384,-21.845647954558306,6.357829107628277e-08,6.566664695739746,-0.0068475850857794285,9.449423789978027,1.9595473890025794,6.736153602600098,0.8964857459068298,45,0.7327046807428143,0.008412514947656142,12.240808766383834,-42.30592399055232,30.303593390748592,72.60951738130092,-0.28137607128287323,-0.7364773751921114,830.5457746478874,167.55212840155554,228.47484182774758,67.6056338028169
64,BASELINE,6,180,240,60,30,5.0,1.0,-4.796163466380676e-13,2.5752627689796306,4.964191717664335,0.2623854646570223,10.311092219399143,3.071996688340823,-0.9560759961692424,-0.06833250599826399,-0.007027758229753961,0.9388074984370073,-21.845648750958354,3.516674098591466e-07,4.561328887939453,-0.09374804049730301,7.7584614753723145,2.0857966992740224,5.173948287963867,0.8767534494400024,47,0.5144918754911076,-0.022206441075227453,40.01658031698357,-397.40566240327456,451.42692532930243,848.8325877325769,47.97788751319258,1.06327383310455,882.8125,217.32451060258677,326.46673467009447,69.6969696969697
64,BASELINE,7,210,270,60,30,5.0,1.0,5.181040781584064e-14,2.4064387983531788,4.69015087876592,0.2066238311009272,9.85989719102065,3.2049938639357807,-0.8114303278217885,-0.16513236507131665,0.006853999643515866,0.9483040996607847,-21.845648219531487,1.8278757352163666e-07,3.727895498275757,0.09830183535814285,8.26740837097168,2.1992099637424536,3.942481517791748,-0.4445153474807739,34,0.5690147459424996,-0.025197930376293677,39.65571729709723,-397.4056624032747,451.4269253293021,848.8325877325767,49.854230199981416,1.100791746157898,866.1380597014926,225.3506297164542,350.57996118661157,80.59701492537313
64,BASELINE,8,240,300,60,30,5.0,1.0,-4.958996176659032e-13,3.9201575948761715,8.62892061950511,-0.7162175081015576,15.896867372899948,2.86651499361961,-0.22217331151035413,0.6584851547534942,-0.018895625049845297,0.9399967167094847,-21.84564876724163,-2.5431316430513107e-07,3.191795825958252,0.20566242933273315,7.377506256103516,2.2444975588985625,3.654562473297119,-1.4658504724502563,39,0.545689294262103,-0.030863009723608552,36.13566382431227,-305.2428652871934,255.99346992191025,561.2363352091037,21.98554919019266,-1.275636471407598,824.1637323943662,199.3068049420977,274.7766950504666,77.46478873239437
64,ANGER,0,0,60,60,30,1.0,9.0,-8.43769498715119e-14,1.3584738357604635,3.252939025623647,-0.16054512372072338,5.605666141244825,3.1243779763425454,-0.3279170845974537,0.477358108771397,-0.008884527304139992,0.9414872096421192,-21.845648355718843,-3.7829081520612817e-06,3.3635756969451904,-0.25178810954093933,6.19776725769043,2.6124891162791726,0.03986310958862305,-0.005286415573209524,80,0.6862939542977665,-0.01708149130381549,13.87203567661931,-76.80545786717124,96.30598748179366,173.1114453489649,7.600725119217747,-0.07116938647371818,857.5634057971015,148.96954359446994,189.8973576272812,55.072463768115945
64,ANGER,1,30,90,60,30,1.0,9.0,-6.454096516487576e-13,1.408982335630359,3.3479625374045696,-0.04905553355527559,5.7731322346946,3.129194626796608,-0.7951575702551894,0.0972107437831648,0.0013589147052088123,0.9764029895534255,-21.845648916751752,-2.8610230629055877e-07,9.026426315307617,-0.08350857347249985,10.931921005249023,1.6602225015556173,25.957275390625,2.958749294281006,49,0.9972156618350215,0.04095716194265988,10.186963669582696,-29.1649706562647,15.89368448522345,45.058655141488146,-0.5062429923229419,-0.7681146634912951,897.9640151515151,51.5839623870987,54.437960896220766,36.36363636363637
64,ANGER,2,60,120,60,30,1.0,9.0,-2.531308496145357e-13,3.2708872437186147,5.2294525323929975,0.7276568288071772,12.655127459151316,3.114706879661263,-0.9208450999438766,-0.49112382826135376,-0.0034790838440940594,0.9761164751159889,-21.845648524472775,4.6094257299955643e-07,8.01789665222168,-0.26708051562309265,10.465234756469727,1.3818339089621008,28.927165985107422,3.7656362056732178,43,0.9840095183998102,-0.019826064030938735,10.731217901917557,-27.280213258429608,16.77025304037297,44.050466298802576,-0.5642493652288394,-0.7343753169501542,902.1634615384615,62.39474309864697,61.453643447469815,32.30769230769231
64,ENTHUSIASM,0,0,60,60,30,7.0,6.0,-1.2138438402568377e-13,4.6712676761712935,9.297578199606704,-0.9617499594268608,17.35246864892126,3.2095215841316986,-1.152122169019932,0.33891295926218207,-0.011276253296421585,1.1324047575632057,-21.845648392726282,1.589457156114804e-06,2.608635663986206,0.12225019931793213,4.972773551940918,2.7539330114791247,-0.3542184829711914,-0.14676018059253693,80,0.5301153075835725,0.09636979445783114,15.195401632098077,-96.84523714928528,100.90774867932475,197.75298582861004,9.96039768403682,-1.0557860888317638,839.9553571428571,131.01027630708595,125.74787595088603,41.42857142857143
64,ENTHUSIASM,1,30,90,60,30,7.0,6.0,-6.987003568307651e-13,2.3213653953270037,5.842909965831566,0.16100664979337154,12.269908102537741,2.9380096340561814,-0.012310088480544934,-0.2832386650312932,-0.015186090001951074,1.1965118032789754,-21.845648970042493,1.5894572413799324e-07,2.3522298336029053,0.10308679193258286,6.185145378112793,2.807142476013732,0.25622010231018066,-0.30319198966026306,81,0.7103127765574953,0.008077950347342489,9.615581759241335,-24.063261900782273,18.934535513424713,42.997797414206985,-0.7822099745484632,-0.6112257272672945,853.713768115942,107.41986176230947,137.42268882688828,42.028985507246375
64,ENTHUSIASM,2,60,120,60,30,7.0,6.0,1.5987211554602254e-13,2.198325888999608,4.744311916799759,-0.15211834677337777,9.871663052819457,3.1372726151996644,-0.7184696644079298,0.06548085074885719,0.00815258255604682,1.1226520648458675,-21.84564811146979,4.863738922722405e-06,1.9647825956344604,0.21399103105068207,5.252374649047852,2.776695108913551,-0.07337641716003418,-0.3152390122413635,81,0.7265749132284618,0.03763175266454856,9.300285513182205,-24.887002950647663,19.620211606251615,44.50721455689928,-0.7482519239432857,-0.6022049838698792,880.2083333333334,78.83491555304927,102.5149496602625,42.42424242424242
64,LIKING,0,0,60,60,30,8.0,7.0,-4.1448326252672513e-13,1.535384496696223,3.7223134008016245,0.050732377420992236,7.028342808974841,2.995078008220241,-0.14670768647757182,0.1573275649738334,0.005534831247250177,0.6562559629549479,-21.84564868582524,-2.2252400810884865e-07,5.261658668518066,0.18814371526241302,9.639680862426758,1.9292256230699933,4.099548816680908,-0.44848889112472534,43,0.5272635718189261,-0.05578589567455922,23.798041140224793,-186.89864191271607,206.04058914078763,392.9392310535037,26.50214628466769,-0.24870776473122597,856.6176470588235,187.2265803489375,263.6629135776753,66.17647058823529
64,LIKING,1,30,90,60,30,8.0,7.0,-1.4802973661668756e-13,1.2514239651128944,3.4127605659350024,-0.1513730134725222,6.525310747644042,2.9625240620651163,-0.10181681534862586,0.2859871873430219,0.005919213787477887,0.7190866140931883,-21.84564841937164,5.102157501823967e-06,8.589576721191406,-0.23700623214244843,10.788044929504395,1.8729963111395942,21.00495719909668,2.5410122871398926,40,1.0711939011867269,-0.021030461880497724,9.37136179815147,-50.60765008560179,94.11260465658087,144.72025474218265,25.08355243316597,1.8391232299158096,832.1428571428571,167.85874313694694,257.15805440555846,67.14285714285714
64,FEAR,0,0,60,60,30,4.0,5.0,8.733754460384564e-14,1.4553446249378237,4.234756104652959,-0.1333300272623461,6.5587526737097335,2.7730764641644425,0.3253001866604155,0.545581486304776,0.005222486724031264,1.142570421122181,-21.84564818400435,2.0345053144410485e-06,1.7152390480041504,-0.2575574219226837,3.9455928802490234,2.992295761649458,-1.1918413639068604,-0.034663453698158264,79,0.4048001567767705,-0.021267977830684157,24.66191866032452,-129.88315732072056,191.37397192948202,321.2571292502026,13.058568564583059,0.2644511330918652,785.0506756756756,186.0462120828025,217.51578188294909,67.56756756756756
64,FEAR,1,30,90,60,30,4.0,5.0,-2.3240668648819945e-13,1.6094729208883212,4.176551396508543,-0.30821929087849753,7.027010849862947,2.924213903590498,0.08861751498019377,0.6685851696845,0.003591349320319114,1.2340766607293476,-21.845648503748606,2.8610230629055877e-07,5.814496994018555,-0.19226139783859253,8.191033363342285,2.220963511047116,4.157063007354736,1.2127513885498047,47,0.6059130568037894,-0.04981127299404653,19.55661506621531,-111.17688147573712,114.37038063586233,225.54726211159945,7.486746984422421,-0.5126750163442827,756.4102564102565,189.7262968972646,248.83046241562553,60.256410256410255
64,FEAR,2,60,120,60,30,4.0,5.0,-5.773159728050814e-13,1.4548836882876837,3.2121585055463697,-0.17347019957849596,6.847207176141268,2.933988728228452,-0.10336817832804046,0.11009245621546015,-0.005991956476077683,0.9936529871434668,-21.84564884865803,1.76429750808893e-06,5.384230613708496,0.061320118606090546,8.140922546386719,2.0783058651944772,3.3806967735290527,0.06577081978321075,40,0.7190311289137635,0.06122833371546195,15.189067174839074,-47.164101016932456,48.96071032685826,96.12481134379073,-0.3589385621109318,-0.6460035059406403,734.375,147.26961867759093,204.2174856563091,48.75
64,AMUSEMENT,0,0,60,60,30,8.0,7.0,-6.468899490149246e-13,1.614329140880381,3.906817475789026,-0.0489097979860631,7.092426828270959,3.0581324074312546,-0.4255889609249679,0.3079464160621938,0.02544121795314086,1.0181245472050058,-21.84564891823205,5.404154421739804e-07,3.740436553955078,0.19219866394996643,7.983537673950195,2.373057392231027,2.350594997406006,-0.3442654311656952,77,0.4887537742749147,0.026903924240950398,15.009016364763438,-156.4368680268565,171.16971498511555,327.606583011972,45.63532175641561,0.9148840154626787,865.5790441176471,155.5989164804612,231.29978790376865,55.88235294117647
64,AMUSEMENT,1,30,90,60,30,8.0,7.0,5.4771002548174394e-14,1.3828828529520678,3.616307430822374,-0.1674403139798386,6.1757401038843085,3.0244410214770405,-0.012182016539143081,0.6034269969959075,0.008960553686175965,0.9414872094804411,-21.84564821657089,-5.404154421739804e-07,9.40626049041748,-0.11198215186595917,11.757826805114746,1.5840836789741009,31.043941497802734,3.291517496109009,62,0.8914246503112108,-0.006898768569665125,5.365255891082985,-18.20394811263392,12.910534689889023,31.114482802522943,-0.039828115007328524,-0.628192715078566,896.3068181818181,152.44492729062307,227.60247058277864,62.121212121212125
64,AMUSEMENT,2,60,120,60,30,8.0,7.0,-3.227048258243788e-13,1.3193627632813263,2.704461903656963,-0.017025145579374623,5.109032971234484,2.823685945570076,-0.6838157246472747,0.22852316604430695,-0.021376706992612904,0.9850883349392412,-21.845648594046768,-2.1616617686959216e-06,8.313007354736328,0.0061049736104905605,10.261466026306152,1.590596281452023,33.28410339355469,4.29340934753418,62,0.8562678710251218,0.0014779028129168759,5.770591904215799,-18.216464888766893,12.910518655581864,31.126983544348757,-0.2608491033598046,-0.6084639809331325,910.8173076923077,131.41855448657677,192.49927074740114,60.0
64,SADNESS,0,0,60,60,30,3.0,7.0,2.9309887850104133e-13,1.586461450225605,5.006592283825739,-0.06396853609196285,9.003906813191165,2.725012674855476,0.817617620932368,0.2812442879255479,-0.00900540927808177,1.0822495989944059,-21.845647978243058,-3.532568598529906e-06,6.387183666229248,-0.18420004844665527,7.766183853149414,1.5665695044289059,18.205810546875,3.8512632846832275,65,0.3889233164363161,0.04997583820758133,13.575919255585301,-75.82804806684284,122.17429240536171,198.00234047220454,18.60521329248404,0.8282093240782198,832.7464788732394,177.70930437775212,282.07344732799646,67.6056338028169
64,SADNESS,1,30,90,60,30,3.0,7.0,9.177843670234628e-14,1.7250758370575603,5.202364842951468,0.1501955146270717,8.837129525376142,2.8773367847219085,0.22080506955112478,0.2162980779113005,-0.007541776169102938,1.082381943769563,-21.845648179563458,-3.2901764370762976e-06,9.851780891418457,-0.10580458492040634,11.451221466064453,1.544798652146788,37.483375549316406,3.938964605331421,40,1.0305614310650795,0.0419993188123026,8.121426808875716,-32.480577051280136,32.654131653175135,65.13470870445528,0.8324036596048097,-0.2868685810435997,819.1021126760563,128.62115312493168,185.89341464167808,56.33802816901409
64,SADNESS,2,60,120,60,30,3.0,7.0,1.450691418843538e-13,1.6371997871698876,2.860641229313643,0.25614163360572206,6.652923858931459,3.0943567706915744,-0.5215031361075879,-0.2071839122784231,-0.0031450137129448935,0.9766930850017678,-21.84564812627276,-3.814697265625e-06,6.9267964363098145,-0.1877480447292328,9.09080696105957,2.0292701498813814,8.085044860839844,1.344273567199707,38,0.9089183564378691,-0.046509054244347696,12.942834582645862,-68.78948925385106,92.96737269089145,161.75686194474252,9.50806278545237,0.6118256617661298,803.5102739726027,194.68506525299466,277.5790033154475,63.013698630136986
64,NEUTRAL,0,0,60,60,30,5.0,2.0,-3.434289889507151e-13,2.7835633925256067,8.316053445428295,0.04090320717828888,12.266476731633347,2.481697054415922,0.5435948198843628,0.922062952938823,-0.031913803336491665,1.127304282907349,-21.84564861477094,4.385908596304944e-06,5.057094573974609,0.10321220755577087,7.656002998352051,2.3153137222269837,4.155301570892334,1.181868314743042,60,0.8133807407408964,-0.07261331234829836,70.65362649675683,-612.3240086126366,393.93462898750164,1006.2586376001382,16.404726964302583,-1.4880712221608683,1561.0795454545455,3656.7327481542875,5288.333994787932,87.87878787878788
64,NEUTRAL,1,30,90,60,30,5.0,2.0,8.289665250534502e-14,2.4082349081968997,7.810707884681989,0.16252011831454638,12.593132325035228,2.6526140913998217,0.9189967234434531,0.6246427619596363,0.011308120065654275,1.042702363503484,-21.845648188445242,-2.066294371161348e-07,7.895035266876221,-0.13948631286621094,9.819975852966309,1.669892054983693,27.01116943359375,3.563667058944702,46,1.0467189514283777,0.021410491079610742,16.275433730953925,-227.38060338964561,121.61404861675359,348.9946520063992,58.99623869360643,-2.932817466221677,841.0714285714286,173.58486257748845,242.6673163077086,64.28571428571429
64,NEUTRAL,2,60,120,60,30,5.0,2.0,-6.52811138479592e-13,1.9466544382955797,3.4134613128486535,0.2949658548651257,8.844187418911886,2.858794407412265,-0.42359047895380986,-0.46177794471256967,0.006049973415949215,1.1713819809871961,-21.84564892415324,-3.830592049780535e-06,6.65792179107666,-0.24534191191196442,8.933634757995605,1.7901000562496963,20.69365692138672,3.2553486824035645,40,1.0691540046609183,-0.010254544726878685,6.10233183801449,-28.022703298512997,22.615195422161907,50.637898720674904,0.8224024509428403,-0.635108445371043,805.4366438356165,117.01495097391162,176.9109148362374,61.64383561643836
64,AWE,0,0,60,60,30,9.0,8.0,2.945791758672082e-13,1.5252279171519123,2.979135144468259,0.10257164649694062,6.6644608973419395,3.0254957953955386,-0.4471732075350756,-0.26969887040779267,0.0022501362601716405,1.0666633516598205,-21.84564797676276,9.854634299699683e-07,2.822514772415161,0.30194681882858276,5.6712799072265625,2.6572503952295077,-0.17473864555358887,-0.2049681842327118,75,0.770920582982397,-0.012567957988297344,14.568311155533106,-95.30092971505903,113.34744327982324,208.64837299488227,11.405557107607297,0.16277720258281492,814.453125,138.3679765535341,227.9488756734164,61.111111111111114
64,AWE,1,30,90,60,30,9.0,8.0,2.960594732333751e-15,1.4337084383343368,3.6255542216334646,0.03178456699188814,7.087147253958648,3.0133641805107896,-0.31825587388072973,-0.034020907933660256,-6.36522430115138e-06,1.042723793423009,-21.845648268381296,1.0204315003647935e-05,2.192660331726074,0.24363480508327484,5.197386264801025,2.621506817744486,-0.24922752380371094,-0.2532981038093567,76,0.8574619065949721,-0.019575766296228713,8.193705705107858,-25.525496352257672,14.691361855939583,40.21685820819725,-0.35492233240607396,-0.7603838673802816,857.7898550724638,115.5412842659784,179.85725676908342,47.82608695652174
64,DISGUST,0,0,60,60,30,1.0,7.0,3.745152336402195e-13,2.1089139968979835,6.516948689730384,-0.46732340119621796,10.855118693857335,2.7486111216836235,1.207193127834623,1.0854695569296469,-0.0269320848971257,0.8044032492264803,-21.84564789682673,-1.3351440202313825e-06,6.127805709838867,0.08748701959848404,10.642465591430664,1.8098341559280338,8.153853416442871,-0.12614017724990845,39,0.6116349374110138,-0.7086155291856302,18.7238789735593,-246.95867008597023,98.04680584075972,345.00547592672996,56.13511003875885,-4.143833136896244,909.1796875,183.67618357910888,236.53927972574576,76.5625
