subject_id,emotion,window_id,window_start_sec,window_end_sec,window_size_sec,overlap_sec,label_valence,label_arousal,TEMP_vg_edges,TEMP_vg_density,TEMP_vg_degree_mean,TEMP_vg_degree_std,TEMP_vg_degree_min,TEMP_vg_degree_max,TEMP_vg_degree_median,TEMP_vg_degree_entropy,TEMP_vg_clustering_mean,TEMP_vg_transitivity,TEMP_vg_avg_path_length,TEMP_vg_diameter,TEMP_vg_betweenness_mean,TEMP_vg_betweenness_std,TEMP_vg_closeness_mean,TEMP_vg_closeness_std,EDA_vg_edges,EDA_vg_density,EDA_vg_degree_mean,EDA_vg_degree_std,EDA_vg_degree_min,EDA_vg_degree_max,EDA_vg_degree_median,EDA_vg_degree_entropy,EDA_vg_clustering_mean,EDA_vg_transitivity,EDA_vg_avg_path_length,EDA_vg_diameter,EDA_vg_betweenness_mean,EDA_vg_betweenness_std,EDA_vg_closeness_mean,EDA_vg_closeness_std,BVP_vg_edges,BVP_vg_density,BVP_vg_degree_mean,BVP_vg_degree_std,BVP_vg_degree_min,BVP_vg_degree_max,BVP_vg_degree_median,BVP_vg_degree_entropy,BVP_vg_clustering_mean,BVP_vg_transitivity,BVP_vg_avg_path_length,BVP_vg_diameter,BVP_vg_betweenness_mean,BVP_vg_betweenness_std,BVP_vg_closeness_mean,BVP_vg_closeness_std
22,BASELINE,0,0,60,60,30,5.0,2.0,612.0,0.021338912133891212,5.1,5.445028313363791,2.0,44.0,4.0,7.4623743661304,0.7289046704388856,0.26652381737267183,5.130718270571827,11.0,0.017355959120049703,0.08318450692432287,0.19821442835488948,0.025849317208681413,2431.0,0.08476290097629009,20.258333333333333,21.414362716540403,2.0,148.0,11.0,7.232264560385786,0.6932107440561549,0.38502248492822494,2.7410041841004182,8.0,0.007315143630674031,0.035892986626009295,0.38454580565532187,0.07684723831365704,890.0,0.019843924191750278,5.933333333333334,5.257587110283787,1.0,47.0,4.0,7.82847182078483,0.7246373033050851,0.3949865292257233,4.039487179487179,9.0,0.010199621407675098,0.03653574244951804,0.2545951961349381,0.043441181538447254
22,BASELINE,1,30,90,60,30,5.0,2.0,737.0,0.025697350069735007,6.141666666666667,8.089907120741389,2.0,62.0,4.0,7.310195092546315,0.7662435915041612,0.2264880185519196,3.2053347280334727,7.0,0.009266112302661647,0.03773982706270119,0.3198774047882251,0.05091704502877059,1213.0,0.042294281729428174,10.108333333333333,11.21813697644231,1.0,102.0,7.0,7.379485248600732,0.7628897015975488,0.34703632887189295,3.081659693165969,7.0,0.00874646929901667,0.04670985794689869,0.335338151651883,0.058338876800563266,879.0,0.01959866220735786,5.86,5.798310098640811,1.0,53.0,4.0,7.769346395048323,0.707461460457747,0.36135265700483093,3.924704570791527,9.0,0.00981444486842795,0.040091447289583734,0.2625095200936483,0.04597711672390172
22,BASELINE,2,60,120,60,30,5.0,2.0,784.0,0.027336122733612273,6.533333333333333,11.200396818367146,1.0,121.0,5.0,7.176342403346381,0.7937406133953023,0.14913366336633663,2.857984658298466,5.0,0.007806658228144823,0.044109826709531945,0.3608693156415454,0.061937615741069256,1037.0,0.036157601115760114,8.641666666666667,9.317810752651194,1.0,80.0,5.0,7.367857576086581,0.7584214645693557,0.3516327754456741,2.9957112970711295,6.0,0.008385341584332478,0.037438545746317185,0.34199218422947647,0.05416519405796752,897.0,0.02,5.98,6.787213468476342,2.0,78.0,4.0,7.727070964617105,0.7229292222984699,0.2971785180627582,3.4712820512820515,6.0,0.008292892789537083,0.038185707428031734,0.2961994120980293,0.05094192104191699
22,BASELINE,3,90,150,60,30,5.0,2.0,660.0,0.02301255230125523,5.5,6.437520226505441,1.0,53.0,4.0,7.403833555797662,0.7313607477488426,0.24776532796172732,3.5260460251046024,8.0,0.010613638760943704,0.044140513347263,0.2935084566452184,0.05186329204619845,2019.0,0.07039748953974895,16.825,17.947916545753532,1.0,152.0,12.0,7.394465899106873,0.7022194916905364,0.31556808203268844,2.6721408647140863,6.0,0.007025801952580194,0.04157632137396021,0.38617122027601913,0.0636300246402909,844.0,0.018818283166109253,5.626666666666667,5.25870283963218,1.0,47.0,4.0,7.811944429141372,0.708242157258662,0.356885632683472,3.896142697881828,7.0,0.009718599657321575,0.03631239618979064,0.26379858325224625,0.045443307244371386
22,BASELINE,4,120,180,60,30,5.0,2.0,692.0,0.02412831241283124,5.766666666666667,6.441057539117488,1.0,46.0,4.0,7.395154348645578,0.7236530745471652,0.26785067053280176,3.6937935843793586,9.0,0.011318460438568738,0.04068403651341508,0.2812329310419396,0.05171792446113039,2082.0,0.07259414225941423,17.35,15.036427988942942,2.0,83.0,13.0,7.438309535823021,0.699784737509764,0.44436997319034854,3.0025801952580196,7.0,0.008414202501084123,0.03446165916074337,0.34318335429596175,0.05882396170189681,849.0,0.018929765886287624,5.66,5.213866127932324,1.0,56.0,4.0,7.842561095725545,0.7329660850800237,0.34428678117998507,3.7715496098104793,8.0,0.009300502046343903,0.042959375056093874,0.27180579403602545,0.044219138290567186
22,BASELINE,5,150,210,60,30,5.0,2.0,640.0,0.022315202231520222,5.333333333333333,6.363742784102939,1.0,51.0,4.0,7.385646078163476,0.6984982098867227,0.26057906458797325,15.156624825662483,37.0,0.05948161691454825,0.15375110523536958,0.06682564327768829,0.007357488026290678,888.0,0.03096234309623431,7.4,6.166981973921009,1.0,61.0,6.0,7.537177568251629,0.7379836563826526,0.42861325265931494,3.7064853556485358,8.0,0.011371787208607289,0.04777137348401,0.2788255704518342,0.05113197250942071,827.0,0.018439241917502788,5.513333333333334,5.024256716724929,1.0,50.0,4.0,7.850989573614241,0.7177168685654203,0.3455246708338875,4.04263099219621,9.0,0.010210171114752378,0.047011167740914114,0.2546536489048753,0.04394822138025056
22,BASELINE,6,180,240,60,30,5.0,2.0,756.0,0.026359832635983262,6.3,9.232280325033464,2.0,69.0,4.0,7.213985920747524,0.7549877754196148,0.18967334035827185,3.4610529986053,8.0,0.010340558817669333,0.04535234236541459,0.30154721406267654,0.05473030570660992,981.0,0.034205020920502094,8.175,8.765141660768144,1.0,68.0,5.0,7.345215639579335,0.7484099332270541,0.3703407553204576,3.2838563458856345,8.0,0.00959603506674637,0.0395521206516406,0.31382437317192446,0.054123325704952645,916.0,0.020423634336677814,6.1066666666666665,6.49886827754563,1.0,74.0,4.0,7.751011005236874,0.7277732847927548,0.33315172977390356,3.501248606465998,7.0,0.008393451699550332,0.040130953048188575,0.2930006016038869,0.04802908146118449
22,BASELINE,7,210,270,60,30,5.0,2.0,624.0,0.021757322175732216,5.2,6.475723897758457,1.0,45.0,4.0,7.351301720153504,0.7054468496113654,0.23676989415915328,4.320885634588564,17.0,0.013953300985666224,0.05368161762727981,0.2484954746366194,0.0509657536111587,869.0,0.030299860529986053,7.241666666666666,7.316073438365389,1.0,69.0,5.0,7.426122295298999,0.7429967693535156,0.35452013167890606,3.262900976290098,7.0,0.00950798729533654,0.04357581679251826,0.3143464149437006,0.05092707954646304,885.0,0.019732441471571906,5.9,5.76743732808024,1.0,65.0,4.0,7.789166946523652,0.7256688214941782,0.36929015655157627,3.7330657748049054,7.0,0.009171361660419151,0.04354492032839456,0.27544938815986236,0.047591313838678345
22,BASELINE,8,240,300,60,30,5.0,2.0,569.0,0.01983960948396095,4.741666666666666,5.080183450318393,1.0,35.0,3.0,7.456057096329496,0.7017152518077516,0.24741676234213547,3.8768479776847977,7.0,0.01208759654489411,0.05287751806965547,0.2628689072943605,0.037949211438765944,869.0,0.030299860529986053,7.241666666666666,7.229564110112187,2.0,66.0,5.0,7.438723150634578,0.7500699938710212,0.3734610123119015,3.3114016736401672,6.0,0.009711771737983897,0.04362486334289011,0.31035544477718074,0.05236285845015298,874.0,0.019487179487179488,5.826666666666667,5.581811732961102,1.0,43.0,4.0,7.7815430005001565,0.7090912227840372,0.36403508771929827,4.075919732441472,12.0,0.010321878296783472,0.04281683887859221,0.2534789173309588,0.04513889179006466
22,ANGER,0,0,60,60,30,2.0,8.0,644.0,0.022454672245467225,5.366666666666666,5.815830885513168,2.0,43.0,4.0,7.472688429803605,0.7487982552674358,0.2602241304031436,4.521548117154811,8.0,0.014796420660314339,0.07427864379385267,0.22680905205657947,0.03631700470217513,753.0,0.026255230125523013,6.275,7.67567858020818,2.0,82.0,4.0,7.367403968420199,0.7583755866463141,0.2627241441767796,3.2239888423988843,7.0,0.009344490934449086,0.05060024718216565,0.3187450391850588,0.05287729169785094,1010.0,0.022519509476031215,6.733333333333333,7.628601153262343,1.0,76.0,4.0,7.668756218927141,0.7229530065221053,0.34607438016528924,3.516789297658863,7.0,0.008445601669996186,0.030297184250762672,0.2931428665535623,0.0526071542511775
22,ANGER,1,30,90,60,30,2.0,8.0,613.0,0.021373779637377965,5.108333333333333,5.136950835747689,2.0,59.0,4.0,7.538329216386971,0.7367965577988325,0.2812664907651715,4.421757322175732,9.0,0.01437713160578039,0.07278834614677798,0.23433926640596497,0.044120797896473905,692.0,0.02412831241283124,5.766666666666667,6.404729155519034,2.0,79.0,4.0,7.4586510672699315,0.7547416035121631,0.27368933219802943,3.2676429567642957,6.0,0.009527911583043256,0.05017563046600039,0.3143436219367912,0.053140002560675366,799.0,0.0178149386845039,5.326666666666667,4.287962479106157,1.0,38.0,4.0,7.880518122687453,0.6995574017281447,0.3827835880933226,4.386042363433668,9.0,0.011362558266555939,0.04548381681504177,0.23384630432511955,0.03847076491965004
22,ANGER,2,60,120,60,30,2.0,8.0,623.0,0.021722454672245466,5.191666666666666,5.366246101533382,2.0,42.0,4.0,7.483362020943246,0.7127971831403747,0.2882808636888083,6.744665271966527,25.0,0.024137249041876155,0.08360801138811358,0.16493207423449854,0.03878710264075242,616.0,0.021478382147838215,5.133333333333334,3.8077406541003933,2.0,28.0,4.0,7.607383080381345,0.7423672737937445,0.39827344843677087,4.567189679218968,11.0,0.014988191929491464,0.05473987956417647,0.22726762717403384,0.04249115700833987,826.0,0.018416945373467112,5.506666666666667,4.539818890171232,1.0,37.0,4.0,7.872246231217675,0.715866646094907,0.39844437921925446,4.326800445930881,10.0,0.011163759885674111,0.04526921147156148,0.23747968927341978,0.04045097533920387
22,ENTHUSIASM,0,0,60,60,30,8.0,6.0,621.0,0.021652719665271967,5.175,5.58444640646382,1.0,46.0,4.0,7.47337090134354,0.7324647082743835,0.25382794001578535,4.336994421199442,13.0,0.014020984963022865,0.06687462685584307,0.240215062262992,0.04592004397763967,1059.0,0.03692468619246862,8.825,12.962871659731366,2.0,109.0,5.0,7.14456592640664,0.7598597342014294,0.2496924536923131,2.8647838214783823,5.0,0.007835226140665471,0.02795324067721017,0.35965681804408856,0.0642151265436613,909.0,0.020267558528428094,6.06,6.11253357182328,1.0,62.0,4.0,7.784903836824664,0.7250477265727626,0.34104272834182675,3.666934225195095,7.0,0.008949443708708371,0.03200908017968949,0.28045740396034763,0.04881808847317767
22,ENTHUSIASM,1,30,90,60,30,8.0,6.0,568.0,0.0198047419804742,4.733333333333333,4.487451640098445,2.0,45.0,4.0,7.5539752371566,0.7080146686418,0.2876350011020498,6.60010460251046,16.0,0.02352985127105235,0.08761092144004412,0.1647472922101472,0.039541592922356546,621.0,0.021652719665271967,5.175,4.681813217120051,1.0,53.0,4.0,7.545905059274437,0.7302887932323976,0.3210798391728891,3.662691771269177,7.0,0.011187780551551162,0.04966459499106149,0.2803838309279849,0.04745764591802356,806.0,0.017971014492753623,5.373333333333333,4.513751826978921,2.0,34.0,4.0,7.868413765604642,0.711112199420097,0.3797295243883908,4.091192865105908,8.0,0.01037313041981849,0.03284365948101269,0.2510371749969962,0.04260775350205957
22,LIKING,0,0,60,60,30,6.0,4.0,572.0,0.019944211994421198,4.766666666666667,5.440945587753005,2.0,57.0,3.0,7.461719138304899,0.7059010848532008,0.23970562467145612,6.506311018131102,13.0,0.023135760580382785,0.09899896245064128,0.15530672838648432,0.016104236646254752,905.0,0.031555090655509065,7.541666666666667,13.841902466384056,2.0,204.0,5.0,7.200932048293982,0.7723299529517452,0.15056032097399003,2.237308228730823,4.0,0.005198774070297575,0.056886514054882306,0.4554834502074865,0.05854789390079002,997.0,0.02222965440356745,6.6466666666666665,7.899060422325909,1.0,89.0,4.0,7.658666675341852,0.7209368702780864,0.32123557275335246,3.3717725752508363,8.0,0.007958968373324955,0.03437871149328852,0.3056798748556362,0.05399948110546103
22,LIKING,1,30,90,60,30,6.0,4.0,623.0,0.021722454672245466,5.191666666666666,6.15466737976599,2.0,57.0,4.0,7.431035259805835,0.7336748976164121,0.2393460947324298,4.060251046025105,12.0,0.012858197672374392,0.06814460527333778,0.25699411581048165,0.04772220452319788,824.0,0.028730822873082287,6.866666666666666,11.915279639558984,1.0,167.0,5.0,7.199801431485332,0.7566729710151806,0.16515019889351196,2.527649930264993,4.0,0.006418697185987367,0.052659292230903876,0.406715180366567,0.06507470929954581,764.0,0.017034559643255294,5.093333333333334,4.105032142247961,2.0,36.0,4.0,7.889284920743412,0.6904300660502707,0.3877984084880637,4.562051282051282,11.0,0.0119531922216486,0.04427907558263219,0.2261772935548268,0.04002845315703082
22,FEAR,0,0,60,60,30,3.0,6.0,597.0,0.02081589958158996,4.975,4.962295335829983,2.0,45.0,4.0,7.506317641092474,0.7028837541253998,0.2882882882882883,11.545955369595537,25.0,0.04431073684704008,0.13494178069842597,0.08740310723433992,0.00822244875351904,862.0,0.0300557880055788,7.183333333333334,10.204152204971377,2.0,112.0,4.0,7.27107927023704,0.7707668590100073,0.22754558204768582,2.9214783821478383,5.0,0.0080734385804531,0.03840041536027968,0.3524678224665143,0.062066720667657165,920.0,0.020512820512820513,6.133333333333334,7.066037707859255,2.0,66.0,4.0,7.6859587429351155,0.7203557474856522,0.32599082869308876,3.522742474916388,7.0,0.00846557877488721,0.030454251675229645,0.29207249175975947,0.051514707512621515
22,FEAR,1,30,90,60,30,3.0,6.0,587.0,0.020467224546722455,4.891666666666667,5.060131476113595,1.0,49.0,4.0,7.501948900302914,0.7093709138974137,0.26264700392010454,3.9830195258019527,13.0,0.01253369548656282,0.06770528701711256,0.26032411014140583,0.04414038347795423,689.0,0.02402370990237099,5.741666666666666,6.113503950727076,1.0,71.0,4.0,7.449832596543782,0.7468609849000225,0.2968266253869969,3.355195258019526,6.0,0.009895778395040022,0.04368239941434521,0.306320081365866,0.05257008281286483,774.0,0.01725752508361204,5.16,4.253751285630132,1.0,38.0,4.0,7.876343360512986,0.6784735013381534,0.38119312436804853,4.2153623188405795,9.0,0.010789806439062353,0.03932694851814731,0.2439981477970587,0.04273595674545295
22,FEAR,2,60,120,60,30,3.0,6.0,608.0,0.021199442119944213,5.066666666666666,5.834142800979612,2.0,52.0,4.0,7.4585725460925305,0.7422811763744456,0.23196583803568704,3.6799511854951183,8.0,0.011260299098718984,0.0566656157741454,0.27886039538375257,0.04448477204625466,673.0,0.023465829846582985,5.608333333333333,6.765470953468222,1.0,93.0,4.0,7.4414291784555795,0.7368588146024775,0.24400744705608565,3.2025801952580197,6.0,0.009254538635537901,0.05280060695444764,0.3220271618518448,0.0574684253439479,814.0,0.018149386845039018,5.426666666666667,4.444242217621458,1.0,31.0,4.0,7.866921676280188,0.7057820697765269,0.4212610417301249,4.461270903010034,10.0,0.011615003030235002,0.042197508708535704,0.23033690480048813,0.039236739898246865
22,AMUSEMENT,0,0,60,60,30,6.0,4.0,585.0,0.020397489539748955,4.875,4.899936224074758,2.0,38.0,4.0,7.507502388202777,0.7184657609642422,0.27505827505827507,6.950034867503486,17.0,0.025000146502115492,0.09359642564187935,0.1548855354068109,0.03549997474779918,740.0,0.02580195258019526,6.166666666666667,7.548546585638559,2.0,95.0,4.0,7.3822501419686475,0.7469842651789798,0.2692993152612325,3.1509065550906556,6.0,0.009037422500380905,0.04960301104038327,0.3273232683206933,0.05844625349938591,942.0,0.02100334448160535,6.28,6.488574573818197,1.0,58.0,4.0,7.7383087839236495,0.7209243492334673,0.367791655593941,3.7863099219620957,8.0,0.009350033295174824,0.032701244003430545,0.2724489066404773,0.049035193045185665
22,AMUSEMENT,1,30,90,60,30,6.0,4.0,609.0,0.021234309623430963,5.075,5.11722988214001,2.0,57.0,4.0,7.524064066182345,0.7327461970925931,0.27258179231863444,4.518654114365411,12.0,0.014784260984728632,0.06677240261561228,0.2363743998997153,0.050894325500750195,749.0,0.02611576011157601,6.241666666666666,7.552037068823808,1.0,77.0,4.0,7.405851279730923,0.7629762565493401,0.2607242339832869,3.1948744769874478,6.0,0.009222161668014494,0.046341279558379106,0.32183926425635695,0.05408763244586302,827.0,0.018439241917502788,5.513333333333334,4.397327471190756,2.0,36.0,4.0,7.893202803715233,0.7171590534911081,0.3939393939393939,4.242229654403568,9.0,0.010879965283233447,0.03860784511651918,0.24247653696119073,0.041848901291539654
22,AMUSEMENT,2,60,120,60,30,6.0,4.0,624.0,0.021757322175732216,5.2,4.991826652973171,2.0,41.0,4.0,7.5246994479913205,0.7287280180503362,0.29780787738371056,7.710774058577406,23.0,0.028196529657888263,0.09747530332788636,0.13760258045851395,0.026794515233148273,772.0,0.02691771269177127,6.433333333333334,8.052156370949476,1.0,89.0,4.5,7.38512292598252,0.7589286938498262,0.25277661795407097,3.0559274755927475,6.0,0.008638350737784652,0.03965099488593704,0.33662760528665125,0.05706645257932423,875.0,0.01950947603121516,5.833333333333333,5.870737224195574,2.0,75.0,4.0,7.8058310767690555,0.7074929632383797,0.3507819980849026,3.7642140468227425,8.0,0.009275886063163569,0.04043247791829397,0.27439271125124143,0.050250674559973896
22,SADNESS,0,0,60,60,30,3.0,5.0,678.0,0.023640167364016737,5.65,6.17002160990273,2.0,50.0,4.0,7.452744017986296,0.7555921019530587,0.2607175236368346,3.798744769874477,9.0,0.01175943180619527,0.05367001562360128,0.2728753775346027,0.048288240699550226,720.0,0.02510460251046025,6.0,7.3682879060651985,1.0,76.0,4.0,7.390996529880267,0.7398859104236692,0.25239742956005934,3.0759065550906555,7.0,0.008722296449960738,0.04291206103856212,0.33379655945648257,0.0543522991872724,924.0,0.020602006688963212,6.16,6.533074824817688,1.0,64.0,4.0,7.747193859596235,0.7081338248358185,0.3308863025962399,3.76082497212932,8.0,0.00926451332929302,0.02908884805261109,0.27456799407276256,0.050925111902246224
22,SADNESS,1,30,90,60,30,3.0,5.0,604.0,0.02105997210599721,5.033333333333333,5.0997276615739215,2.0,49.0,4.0,7.496046973232573,0.7197876541025815,0.2861256073420911,5.930822873082287,17.0,0.020717743164211287,0.08242432644632892,0.1824356547519806,0.04213273033633965,642.0,0.022384937238493725,5.35,6.2784684969080375,1.0,89.0,4.0,7.483137445743248,0.7405265327497648,0.24325402100225973,3.2333333333333334,6.0,0.00938375350140056,0.05612609855001664,0.31840315632474425,0.055709556217224176,799.0,0.0178149386845039,5.326666666666667,3.8910095805016405,1.0,25.0,4.0,7.927736668334891,0.7060580666973654,0.44256284916201116,4.83041248606466,12.0,0.012853733174713628,0.049560520054652536,0.21339407628948293,0.037157793160306714
22,SADNESS,2,60,120,60,30,3.0,5.0,607.0,0.02116457461645746,5.058333333333334,5.339781258524443,2.0,46.0,4.0,7.4787725749828935,0.7294735614317994,0.2635514018691589,4.291596931659694,8.0,0.013830239208654168,0.06508140274903668,0.24137886324307475,0.04402584449750244,615.0,0.021443514644351465,5.125,4.064198362941127,1.0,33.0,4.0,7.584287169543499,0.7306226491707657,0.3624695729143616,4.082112970711297,9.0,0.01295005449878697,0.046056595623359856,0.25202602852679834,0.04336185327574542,760.0,0.0169453734671126,5.066666666666666,3.636237371545238,1.0,23.0,4.0,7.942542406945336,0.6924317444245429,0.40323216397319667,4.626265328874024,9.0,0.012168675600248409,0.03912035974110565,0.22229555334929624,0.038415214289553336
22,NEUTRAL,0,0,60,60,30,4.0,2.0,594.0,0.020711297071129706,4.95,4.637438229597602,2.0,30.0,4.0,7.524204411870703,0.7168410675339252,0.29713821798254514,4.358507670850767,9.0,0.014111376768280537,0.05711223728043727,0.23793662735835602,0.04335138017180257,1129.0,0.039365411436541146,9.408333333333333,10.039086805526134,1.0,99.0,7.0,7.406776120945002,0.7645105219686382,0.36174549497382685,3.1869246861924685,8.0,0.009188759185682642,0.052497812273560526,0.3251539846919067,0.0572921500796016,966.0,0.021538461538461538,6.44,7.11990636642552,2.0,62.0,4.0,7.686451985968731,0.7248260670677599,0.3413173652694611,3.694247491638796,9.0,0.009041098965230867,0.03863164961091514,0.2790785942852907,0.04979440090717564
22,NEUTRAL,1,30,90,60,30,4.0,2.0,705.0,0.024581589958158997,5.875,8.751249910727038,2.0,71.0,4.0,7.260845416873057,0.7541959378267931,0.20218579234972678,4.6863668061366806,10.0,0.01548893616023815,0.0753779189132485,0.2200043537108444,0.037239098954172455,1149.0,0.04006276150627615,9.575,12.183433082127003,2.0,110.0,5.0,7.208456463475656,0.7666628344283377,0.3549249954816555,2.866910739191074,5.0,0.007844162769710396,0.05021158426045251,0.3574592807726394,0.056992765847964935,896.0,0.019977703455964325,5.973333333333334,6.5196591594619075,1.0,79.0,4.0,7.749857047210571,0.713575953002273,0.31268463810930575,3.540200668896321,7.0,0.008524163318444031,0.03786092793657275,0.29098161657522875,0.05139707032507217
22,NEUTRAL,2,60,120,60,30,4.0,2.0,1020.0,0.03556485355648536,8.5,13.819370463230227,1.0,84.0,5.0,7.030128245000747,0.6900859059733572,0.21493767788791834,5.985739191073919,29.0,0.0209484839961089,0.05466141516960543,0.20383736279504003,0.055748788817212146,754.0,0.026290097629009763,6.283333333333333,6.179513645011951,2.0,37.0,4.0,7.420904460683069,0.7481800855300861,0.37018445015176277,3.5161436541143654,7.0,0.010572032160144398,0.028558522780783406,0.2920820713382954,0.04965596999902899,813.0,0.018127090301003346,5.42,4.376863412688741,2.0,34.0,4.0,7.886392029756255,0.7102168078652557,0.38827895469305707,4.352017837235229,10.0,0.01124838200414508,0.04115176574992464,0.23694156134872008,0.04226363927241509
22,AWE,0,0,60,60,30,8.0,5.0,646.0,0.022524407252440724,5.383333333333334,5.9078808007233485,2.0,49.0,4.0,7.445008116236544,0.7211974342093617,0.27008547008547007,4.919735006973501,20.0,0.01646947481921639,0.06976085772623337,0.22002753687147647,0.04692857401068363,2397.0,0.08357740585774058,19.975,24.30207895770785,1.0,139.0,12.5,7.130304302574023,0.7345961946414289,0.372466782405418,2.6509414225941423,5.0,0.0069367286663619444,0.02209154645503134,0.39351318854141665,0.08161256509236813,865.0,0.019286510590858418,5.766666666666667,5.0324502536593005,1.0,36.0,4.0,7.84713754532178,0.7217389903199433,0.37036101994445847,3.813578595317726,7.0,0.009441538910462169,0.030561540357408965,0.26904187389063966,0.044635458812160224
22,AWE,1,30,90,60,30,8.0,5.0,608.0,0.021199442119944213,5.066666666666666,5.017026565163429,2.0,43.0,4.0,7.513903240755352,0.7273839581792642,0.2823593664664118,4.363179916317992,12.0,0.014131008051756266,0.06762640460510362,0.2383143114709138,0.044159475393084714,822.0,0.028661087866108787,6.85,6.589322170501808,1.0,37.0,4.0,7.418678867216276,0.7501624909922012,0.39974049306317994,3.588389121338912,8.0,0.010875584543440809,0.02871192736811551,0.2870110769465994,0.05108042555914285,817.0,0.01821627647714604,5.446666666666666,4.201645180428998,1.0,28.0,4.0,7.90482100910028,0.7125014379058239,0.40025473650692567,4.304816053511706,9.0,0.011089986756750696,0.04012053443343568,0.23836137937476437,0.039349338812039746
22,DISGUST,0,0,60,60,30,3.0,6.0,661.0,0.02304741980474198,5.508333333333334,6.423259599991963,2.0,58.0,4.0,7.439628820223453,0.7523530366475524,0.25003152187618205,4.618305439330544,14.0,0.015202964030800601,0.07184350168777184,0.22658917720449803,0.04487066450232766,1122.0,0.03912133891213389,9.35,12.49876660581622,1.0,91.0,4.0,7.154965943003647,0.7529059324205666,0.3127512004268184,2.9759065550906554,6.0,0.008302128382733849,0.027772096275213095,0.34672763805539664,0.06362775730137636,921.0,0.02053511705685619,6.14,7.461483319912558,1.0,89.0,4.0,7.6798670321580715,0.7144637322541372,0.29094382881161635,3.438840579710145,7.0,0.008184028790973638,0.03386164526604034,0.29966970970921913,0.05367415139682131
23,BASELINE,0,0,60,60,30,5.0,1.0,579.0,0.020188284518828453,4.825,5.925457085041344,2.0,57.0,3.0,7.427179269825414,0.7172395662325428,0.20861854387056628,4.466004184100418,8.0,0.014563042790337898,0.07601964477436457,0.22733062797115516,0.028782417524417896,755.0,0.026324965132496513,6.291666666666667,5.214396470882853,1.0,46.0,4.0,7.528432168610028,0.7438799038571046,0.4104436483879857,5.284065550906555,13.0,0.018000275423977138,0.07424357352339314,0.1943776398481644,0.029900125649296148,882.0,0.019665551839464883,5.88,5.708963712151853,2.0,48.0,3.0,7.759500052376566,0.7250573107472006,0.36321113891004025,3.762006688963211,7.0,0.00926847882202419,0.03608451065384248,0.272570863377863,0.04516906926953315
23,BASELINE,1,30,90,60,30,5.0,1.0,587.0,0.020467224546722455,4.891666666666667,6.9543701288390505,2.0,97.0,4.0,7.407849314172351,0.726813090889721,0.1717359050445104,3.4944909344490935,8.0,0.01048105434642477,0.06361870421496248,0.2995309154967844,0.05932143670429102,884.0,0.03082287308228731,7.366666666666666,8.581893083049268,2.0,76.0,4.0,7.316671264317852,0.7597808553820306,0.33513065118208213,3.237168758716876,8.0,0.00939986873410452,0.03865354358585879,0.32001231439568445,0.05818415030513285,779.0,0.01736900780379041,5.193333333333333,4.172443994697699,2.0,27.0,3.0,7.8708933959871485,0.7196086891646747,0.3899285471248724,4.383612040133779,10.0,0.011354402819240864,0.04785209372673425,0.23381261490839084,0.03734848377007967
23,BASELINE,2,60,120,60,30,5.0,1.0,526.0,0.018340306834030682,4.383333333333334,3.6278628542006506,1.0,26.0,4.0,7.582005473109997,0.5725933717698424,0.3768978862756773,33.39379358437936,87.0,0.13610837640495532,0.201513192275392,0.03063190982423307,0.004550655835407037,797.0,0.02778940027894003,6.641666666666667,6.746351894830931,2.0,69.0,4.0,7.433882881282681,0.7524074691439786,0.3398272745531231,3.448047419804742,8.0,0.010285913528591347,0.04717826331684979,0.29866295312723745,0.05195704212793299,943.0,0.021025641025641025,6.286666666666667,5.726938293907333,2.0,37.0,4.0,7.779476734090803,0.7225255800469546,0.4782433114588592,3.9094983277591973,8.0,0.009763417207245629,0.038637852975430396,0.26182455104820357,0.04146279312989184
23,BASELINE,3,90,150,60,30,5.0,1.0,617.0,0.021513249651324964,5.141666666666667,6.608448927110069,2.0,89.0,4.0,7.437937880965093,0.743973577299465,0.2008722421754746,3.548779637377964,8.0,0.010709158140243546,0.06402067524362799,0.2941621324736605,0.05726336853164502,682.0,0.02377963737796374,5.683333333333334,4.693050417609236,2.0,29.0,4.0,7.534490343877941,0.7515919956502055,0.386499914339558,3.886994421199442,8.0,0.012130228660501851,0.04202321078253785,0.26317555138345744,0.04139358046197481,916.0,0.020423634336677814,6.1066666666666665,5.516214482978541,1.0,37.0,4.0,7.78051915782453,0.7154451523415376,0.4807400995455529,4.730903010033445,11.0,0.012519808758501491,0.051786361681634786,0.21733552456486394,0.03611497430815519
23,BASELINE,4,120,180,60,30,5.0,1.0,649.0,0.022629009762900977,5.408333333333333,8.850137318457582,2.0,94.0,4.0,7.276084115690747,0.761269089600522,0.14486133768352366,4.434239888423988,12.0,0.014429579363126006,0.07371271771630694,0.23272752811490763,0.038608970996635766,650.0,0.022663877266387727,5.416666666666667,4.629764812841168,1.0,31.0,3.0,7.517133081061802,0.7412008430172752,0.39298181150101047,4.212203626220362,9.0,0.01349665389168219,0.044645463028076454,0.24461679464718103,0.04343315775120665,731.0,0.01629877369007804,4.873333333333333,3.841521689238379,1.0,29.0,3.0,7.8997740656923385,0.7005129222461346,0.3597621407333994,4.17850613154961,8.0,0.010666127958220167,0.03619713840342785,0.24518296578123436,0.03988650820969072
23,BASELINE,5,150,210,60,30,5.0,1.0,578.0,0.0201534170153417,4.816666666666666,6.6695618713342455,1.0,81.0,3.0,7.381666703225763,0.6743603999430614,0.19684517497348886,8.68099721059972,33.0,0.032273097523528235,0.10130997634316878,0.1291009950900056,0.03206032939999945,648.0,0.022594142259414227,5.4,4.779993026494216,2.0,42.0,3.0,7.506466447119765,0.730634970020282,0.3802967995708922,4.201150627615063,9.0,0.013450212721071693,0.05335529822737295,0.24556858493236333,0.04406937283867708,832.0,0.01855072463768116,5.546666666666667,5.420438686633727,1.0,62.0,3.0,7.7900379602213965,0.7099121084239689,0.3454212454212454,3.8074247491638795,9.0,0.009420888420013018,0.04041876114644802,0.27047165748753627,0.04730728103963999
23,BASELINE,6,180,240,60,30,5.0,1.0,533.0,0.018584379358437937,4.441666666666666,3.735629874004591,2.0,30.0,4.0,7.5978491107068695,0.6385812881243915,0.3513821601595896,23.91565550906555,62.0,0.09628426684481323,0.17623090589853507,0.04332049497807374,0.007618412286001925,640.0,0.022315202231520222,5.333333333333333,4.655343405402251,1.0,32.0,3.0,7.505931728748607,0.7250062903313349,0.3516933382954968,3.886994421199442,7.0,0.012130228660501851,0.03887837438993347,0.26355108992224546,0.043155805700221615,901.0,0.0200891861761427,6.006666666666667,6.61916073901283,1.0,75.0,3.0,7.710992758676532,0.7212369642156962,0.3213028963277091,3.5340022296544036,6.0,0.00850336318675974,0.042566862119929924,0.29076888732940903,0.04970988358792935
23,BASELINE,7,210,270,60,30,5.0,1.0,558.0,0.019456066945606695,4.65,4.216337273036872,2.0,34.0,4.0,7.56125578359143,0.6402244533038143,0.3338129496402878,20.811889818688982,65.0,0.08324323453230666,0.1580689828092208,0.05091549656344976,0.01156309090937832,652.0,0.022733612273361226,5.433333333333334,4.619223118904544,1.0,30.0,3.0,7.510746709596699,0.7387420424336956,0.37149146945514583,3.940481171548117,7.0,0.012354962905664362,0.040801853242831115,0.25935436366458126,0.04041516424484962,955.0,0.02129319955406912,6.366666666666666,7.127801593447699,1.0,84.0,4.0,7.698046586985998,0.7329506761280732,0.3379883885140436,3.440557413600892,7.0,0.00818978997852648,0.03668939306541524,0.29897568564909704,0.05162081909431243
23,BASELINE,8,240,300,60,30,5.0,1.0,572.0,0.019944211994421198,4.766666666666667,5.57932692077538,2.0,61.0,4.0,7.462408251533326,0.6981906467593483,0.22869269949066215,6.328765690376569,23.0,0.022389771808304912,0.08133117265345324,0.17905256606739517,0.042937004289300695,701.0,0.024442119944211995,5.841666666666667,5.653164059965789,1.0,37.0,4.0,7.440223586332898,0.7526373049915197,0.3432009959883801,3.7299511854951186,7.0,0.011470383132332434,0.03529800640671273,0.27524211637020496,0.046900285831491965,1141.0,0.02544035674470457,7.6066666666666665,8.522047224047101,1.0,71.0,4.0,7.626127528593491,0.7420807426490812,0.4593098958333333,3.4700334448160537,8.0,0.008288702834953204,0.03674887956210882,0.2971558830315053,0.052616023933492954
23,ANGER,0,0,60,60,30,1.0,7.0,650.0,0.022663877266387727,5.416666666666667,6.197557762717685,2.0,42.0,4.0,7.4248984342856446,0.7477560602423862,0.25227272727272726,3.9344142259414228,8.0,0.012329471537569001,0.0620851097071177,0.2614897789650666,0.042294386115499,595.0,0.020746164574616456,4.958333333333333,3.7391974034840985,1.0,27.0,4.0,7.596710428638281,0.732070245792124,0.36374907017108854,4.167503486750348,7.0,0.013308838179623328,0.04931987388512453,0.24550405234250536,0.03887766117394371,883.0,0.01968784838350056,5.886666666666667,5.682765367514501,1.0,42.0,4.0,7.771893810757522,0.7034275938059028,0.3504749426793318,3.841426978818283,8.0,0.009534989861806327,0.030543403167304372,0.26771908402384936,0.046228365976299195
23,ANGER,1,30,90,60,30,1.0,7.0,630.0,0.021966527196652718,5.25,5.327210026521074,2.0,37.0,4.0,7.478237743179677,0.7231771393887766,0.292454381061976,9.498430962343097,21.0,0.03570769311908864,0.1189239881904803,0.10881584021151527,0.01894340914994096,542.0,0.01889818688981869,4.516666666666667,2.8357342768476896,2.0,18.0,4.0,7.670179236622757,0.7314703243379713,0.4169278996865204,10.221199442119945,29.0,0.03874453547109222,0.11175730192631055,0.10423000896031548,0.022088356087723478,857.0,0.019108138238573023,5.713333333333333,5.524293821134266,2.0,66.0,4.0,7.809538079175545,0.7100232313209094,0.338748984565394,3.8973021181716834,7.0,0.009722490329435176,0.041025421014778705,0.26398537909042863,0.04564314243987062
23,ANGER,2,60,120,60,30,1.0,7.0,613.0,0.021373779637377965,5.108333333333333,5.941795230025648,2.0,69.0,4.0,7.452937783351686,0.7267625881785033,0.2371576609918579,6.017294281729428,16.0,0.021081068410627853,0.08276030252162196,0.18405804166870207,0.04637864345163601,536.0,0.018688981868898186,4.466666666666667,2.5769275417744204,1.0,18.0,4.0,7.700934041148123,0.7404794551853375,0.4497175141242938,14.732601115760112,38.0,0.05770000468806771,0.14267132392609716,0.07006115369486302,0.011603813502893552,816.0,0.01819397993311037,5.44,4.6903873329751065,1.0,49.0,4.0,7.847225704985694,0.6990123949755751,0.37483749819442436,4.033779264214047,8.0,0.010180467329577341,0.0462267368949295,0.2547105754078695,0.043463370713250744
23,ENTHUSIASM,0,0,60,60,30,9.0,6.0,604.0,0.02105997210599721,5.033333333333333,5.6648526508246935,2.0,45.0,4.0,7.454259470421418,0.7268981385208577,0.242404962621282,8.22649930264993,19.0,0.030363442448108936,0.10812529942420325,0.12517455039995604,0.020871626790476105,705.0,0.024581589958158997,5.875,7.325824754478729,2.0,96.0,4.0,7.410648780779171,0.7581782690635246,0.23934393034322163,3.22928870292887,8.0,0.009366759256003655,0.04535702836524855,0.32071606572507255,0.058433881834391785,869.0,0.019375696767001113,5.793333333333333,5.401600585834618,2.0,61.0,4.0,7.819713182368281,0.7165663884204688,0.37508780145165066,3.944303232998885,9.0,0.009880212191271425,0.036802843697778045,0.2619832268798537,0.04781610319361546
23,ENTHUSIASM,1,30,90,60,30,9.0,6.0,617.0,0.021513249651324964,5.141666666666667,5.632192931906916,2.0,57.0,4.0,7.473597344594733,0.7386539531582428,0.24850675888085508,4.358193863319387,11.0,0.014110058249241128,0.06750951400077697,0.24299469698055695,0.05013485718729109,711.0,0.0247907949790795,5.925,7.348653504781221,1.0,78.0,4.0,7.405902522090928,0.7660811448567476,0.2467441394510118,3.1920850767085076,7.0,0.00921044149877525,0.05493524827341967,0.32188598283469644,0.05384845345228293,799.0,0.0178149386845039,5.326666666666667,4.328196955879998,1.0,31.0,4.0,7.868276054791286,0.6914206686148267,0.38822403063666827,4.260691192865106,7.0,0.010941916754580889,0.03729188049736755,0.2407312433369122,0.040156411629769746
23,ENTHUSIASM,2,60,120,60,30,9.0,6.0,625.0,0.02179218967921897,5.208333333333333,6.188559112498554,2.0,57.0,4.0,7.429961065919583,0.7354755339297376,0.23083310268474952,6.350139470013947,16.0,0.022479577605100616,0.08893790118469952,0.1656302689310725,0.03242527991265088,681.0,0.023744769874476986,5.675,6.238539492541504,2.0,74.0,4.0,7.441371997215356,0.7540142170666816,0.2750190985485103,3.3242677824267783,6.0,0.009765831018599905,0.04216722063878136,0.3086092447730764,0.05126266134954801,764.0,0.017034559643255294,5.093333333333334,3.8172357654314317,1.0,25.0,4.0,7.9054429045135945,0.6965656218337333,0.4009034443817053,4.760200668896321,11.0,0.012618123049987637,0.048659709312766454,0.21554743267040094,0.03552794381435985
23,LIKING,0,0,60,60,30,7.0,3.0,549.0,0.01914225941422594,4.575,5.54476104083846,2.0,69.0,3.0,7.4617182591138445,0.6965870861752332,0.2085987261146497,5.972454672245467,12.0,0.02089266669010701,0.09198703734873859,0.17552898142015097,0.03590023257023296,710.0,0.024755927475592746,5.916666666666667,7.3110456768432845,1.0,83.0,5.0,7.4015196311493945,0.7464597462676363,0.23775870772337204,3.055857740585774,6.0,0.008638057733553684,0.04727527723231415,0.3351145566160506,0.05266139869295018,935.0,0.02084726867335563,6.233333333333333,7.032701393411275,1.0,65.0,4.0,7.679293796157921,0.6947748187205829,0.32407407407407407,3.6270234113712374,8.0,0.008815514803259188,0.02734722553069245,0.28429354480056523,0.05149495957166535
23,LIKING,1,30,90,60,30,7.0,3.0,580.0,0.020223152022315203,4.833333333333333,6.764901247534135,1.0,74.0,4.0,7.385001442491054,0.6644573376593925,0.18937135450421258,14.198535564853556,46.0,0.05545603178509898,0.13022905419737824,0.07866907538894637,0.021311390723458952,722.0,0.02517433751743375,6.016666666666667,7.942484218149605,2.0,91.0,4.0,7.361221527878918,0.7576201736489038,0.2275732666190136,3.018549511854951,5.0,0.008481300469978784,0.04769136855606165,0.34001157114295993,0.05569930121237455,770.0,0.01716833890746934,5.133333333333334,3.907542563925426,2.0,35.0,4.0,7.912145961879757,0.695496668719175,0.3908276996162982,4.39025641025641,8.0,0.011376699363276545,0.046984279850507155,0.23393420349341368,0.0396558449585356
23,FEAR,0,0,60,60,30,2.0,5.0,557.0,0.019421199442119945,4.641666666666667,5.092144003811711,1.0,37.0,4.0,7.4611213120911595,0.6561445331876367,0.2603112840466926,18.991980474198048,49.0,0.07559655661427753,0.1595406827973369,0.05546690522569399,0.011758078681131186,652.0,0.022733612273361226,5.433333333333334,7.009794734671068,1.0,94.0,4.0,7.412077926539309,0.7334008193040706,0.21509047456469785,3.186331938633194,6.0,0.009186268649719302,0.049515310665048,0.32361501431508854,0.05755373195235549,937.0,0.020891861761426978,6.246666666666667,6.869193709761155,2.0,72.0,4.0,7.730151058583479,0.7180270837178379,0.34067033516758377,3.6631215161649946,9.0,0.008936649383104006,0.03826802554270047,0.2825357593554626,0.052384266650224415
23,FEAR,1,30,90,60,30,2.0,5.0,589.0,0.020536959553695954,4.908333333333333,5.401382281930761,2.0,49.0,4.0,7.4631875595252035,0.7214937377347955,0.24711356195071515,6.154951185495118,15.0,0.021659458762584533,0.08705462707418622,0.174035944999464,0.03920696891823899,645.0,0.022489539748953975,5.375,6.986967033937782,1.0,97.0,4.0,7.407339106607649,0.7419583658459994,0.220852534562212,3.1637726638772663,6.0,0.009091481780996924,0.05320686755120186,0.3257993342695888,0.057613324079737294,854.0,0.019041248606466,5.693333333333333,5.639676901698851,1.0,68.0,4.0,7.795560451589672,0.6950698923527624,0.3372821505866272,3.7853957636566333,7.0,0.009346965649854478,0.03881219100748279,0.2726282765148468,0.049644346206848815
23,FEAR,2,60,120,60,30,2.0,5.0,606.0,0.02112970711297071,5.05,5.360115048516527,2.0,53.0,4.0,7.4911286386833105,0.7213378191969961,0.2643171806167401,6.84023709902371,18.0,0.02453881134043576,0.09133632522516888,0.15530981960540396,0.03204647154463731,667.0,0.023256624825662483,5.558333333333334,6.748821913654428,1.0,88.0,4.0,7.410660932949959,0.7395080607869595,0.23806724664942394,3.202405857740586,6.0,0.009253806124960445,0.04835911880150633,0.32108069534844447,0.05478085690935352,808.0,0.01801560758082497,5.386666666666667,4.184553606884358,1.0,25.0,4.0,7.882505396019583,0.7011814765338659,0.42537676227515797,4.680445930880714,10.0,0.012350489700942005,0.04678980555379741,0.21923965636104148,0.03615054963512192
23,AMUSEMENT,0,0,60,60,30,6.0,4.0,550.0,0.019177126917712693,4.583333333333333,7.129262857328863,2.0,104.0,3.0,7.38301305980448,0.6730230606903937,0.1516728624535316,7.676220362622036,26.0,0.02805134606143714,0.10039843536410141,0.14345733502117655,0.03463926362124948,649.0,0.022629009762900977,5.408333333333333,6.967180005010795,2.0,98.0,4.0,7.42244797428117,0.7485493301665062,0.21690075984342622,3.143165969316597,6.0,0.009004899030742003,0.05351030072380386,0.32778670057266623,0.05770243052420957,947.0,0.021114827201783724,6.3133333333333335,7.938628484960247,2.0,87.0,4.0,7.62722548620444,0.7117689286685687,0.2990680013807387,3.4300111482720177,7.0,0.008154399826416171,0.02926721528988482,0.3011328816293037,0.0554765343632088
23,AMUSEMENT,1,30,90,60,30,6.0,4.0,500.0,0.017433751743375175,4.166666666666667,4.14996653266291,1.0,39.0,4.0,7.5308758129876185,0.5337745355624612,0.31232876712328766,31.34142259414226,94.0,0.12748496888295066,0.189293704198471,0.03375699214609154,0.00674967717714931,675.0,0.023535564853556484,5.625,6.117001580295147,1.0,68.0,4.0,7.428482013836447,0.7317893312523778,0.2774566473988439,3.3930962343096236,7.0,0.01005502619457825,0.03925013640465191,0.3030912023766165,0.05223009848128363,752.0,0.016767001114827203,5.013333333333334,3.6514593733951846,1.0,27.0,4.0,7.933330710930796,0.695671081479389,0.3891988840175369,4.419531772575251,8.0,0.011474938834145148,0.04204395076579073,0.2320135962118122,0.038312948325895664
23,AMUSEMENT,2,60,120,60,30,6.0,4.0,585.0,0.020397489539748955,4.875,6.029182504010529,2.0,74.0,4.0,7.451952074421582,0.7002834848159075,0.21677477749283453,5.987412831241283,23.0,0.020955516097652453,0.08201718091544165,0.18491773490591445,0.04237966137187013,602.0,0.02099023709902371,5.016666666666667,4.479552308980094,2.0,44.0,4.0,7.540366872157881,0.7287952584681074,0.3188976377952756,3.860564853556485,8.0,0.012019180056960028,0.05025547020816517,0.26615840569992144,0.04535269413243716,839.0,0.01870680044593088,5.593333333333334,5.5618901663213585,1.0,69.0,4.0,7.811895494832204,0.7078782103477554,0.3316458676712974,3.7346934225195096,7.0,0.00917682356550172,0.039695274477742584,0.276002917376908,0.0497917957463666
23,SADNESS,0,0,60,60,30,3.0,3.0,595.0,0.020746164574616456,4.958333333333333,4.8979516693772664,1.0,53.0,4.0,7.537042136975394,0.7153725453550971,0.2791364157432174,4.2369595536959554,12.0,0.013600670393680481,0.06966413288367869,0.244521954568027,0.0435048893665621,579.0,0.020188284518828453,4.825,3.765329777500682,2.0,31.0,4.0,7.594715045102022,0.7273899984551837,0.3478038815117467,4.109379358437936,7.0,0.013064619153100568,0.056272132056516995,0.24944110022163948,0.0411203791551826,1033.0,0.023032329988851727,6.886666666666667,9.491776557748407,1.0,133.0,4.0,7.632141319666365,0.7285788342401345,0.25766777239091604,3.14742474916388,8.0,0.00720612331934188,0.04406465127762298,0.3297135754598483,0.06182838899051597
23,SADNESS,1,30,90,60,30,3.0,3.0,624.0,0.021757322175732216,5.2,6.075360071633614,2.0,59.0,4.0,7.453317431763313,0.7407861892321795,0.2302127659574468,3.9175383542538356,11.0,0.012258564513671593,0.05392227490452506,0.2690390140816169,0.05265487129570605,587.0,0.020467224546722455,4.891666666666667,4.296890025226255,2.0,44.0,4.0,7.556072661225459,0.7319604101733906,0.31866666666666665,3.853033472803347,7.0,0.011987535600014058,0.05545505398432392,0.26658186696920294,0.04565359162198986,860.0,0.019175027870680046,5.733333333333333,7.08958547605022,1.0,107.0,4.0,7.750966980488503,0.6948508881686661,0.25116279069767444,3.4215161649944257,6.0,0.008125893171122238,0.046815745048865806,0.30268446986785336,0.05708705419620641
23,NEUTRAL,0,0,60,60,30,5.0,3.0,614.0,0.021408647140864715,5.116666666666666,5.541785713007035,2.0,57.0,4.0,7.490676471312123,0.7303127534087286,0.2520521487204249,5.192538354253835,13.0,0.01761570737081444,0.07561486833490205,0.20479731190623543,0.04457610274681683,777.0,0.02709205020920502,6.475,8.44784242671859,2.0,95.0,4.0,7.359804911130928,0.7819661803075805,0.2359182399750351,2.9630753138075314,6.0,0.008248215604233331,0.04739702269354441,0.34569970713604525,0.0544421026316139,905.0,0.020178372352285395,6.033333333333333,6.720036375562925,1.0,75.0,4.0,7.70724177107304,0.7015655082552915,0.3450436931768029,3.6873132664437014,8.0,0.009017829753166779,0.033467995903458905,0.28013261395636296,0.051769715801797
23,NEUTRAL,1,30,90,60,30,5.0,3.0,593.0,0.020676429567642957,4.941666666666666,5.2643388843129095,2.0,52.0,4.0,7.489782155405856,0.6743944095956479,0.26752604626523047,9.243096234309624,34.0,0.03463485812735135,0.10120001624562458,0.11954034176984189,0.026270845885782212,651.0,0.022698744769874477,5.425,6.3490977049236434,1.0,83.0,4.0,7.440657719351957,0.7372930971859352,0.24838040943249545,3.3009414225941422,6.0,0.00966782110333673,0.05031056571263992,0.3120463736102953,0.054921517006477426,842.0,0.018773690078037905,5.613333333333333,4.420839538167182,1.0,26.0,4.0,7.872181260137254,0.7025200810618566,0.4102112676056338,4.295183946488295,8.0,0.011057664249960719,0.03705796431179378,0.23843051775463672,0.03838410425006697
23,NEUTRAL,2,60,120,60,30,5.0,3.0,612.0,0.021338912133891212,5.1,6.14193237778904,2.0,77.0,4.0,7.460585675598795,0.7388358671131149,0.22214326321773736,3.646269177126918,8.0,0.011118778055155125,0.06419504059628164,0.2856505817644711,0.054372072599233975,571.0,0.01990934449093445,4.758333333333334,3.6571752153206383,2.0,37.0,4.0,7.607002957412904,0.7330548010975643,0.3615035990402559,4.004811715481171,8.0,0.012625259308744412,0.05882116449430667,0.25610649538192864,0.04248730980515048,834.0,0.018595317725752507,5.56,4.5482304251214005,1.0,36.0,4.0,7.8572727550219135,0.6989270078562648,0.40877497827975673,4.217703455964325,8.0,0.01079766260390713,0.03948622922158863,0.24359831545104293,0.04176314651074194
23,AWE,0,0,60,60,30,8.0,4.0,606.0,0.02112970711297071,5.05,6.324357674894739,2.0,61.0,4.0,7.404462231331715,0.7388307032305711,0.20802315963606285,4.13915620641562,8.0,0.013189731959729506,0.07179980096495996,0.24911644895826293,0.04328493188115668,743.0,0.02590655509065551,6.191666666666666,5.7587554114486315,1.0,38.0,4.0,7.455271305261338,0.7329548098819838,0.37782314661222405,3.7283124128312415,7.0,0.011463497532904375,0.031054851664377228,0.2756481070023002,0.04753775264213177,984.0,0.02193979933110368,6.56,7.438171818397313,1.0,73.0,4.0,7.671280471838288,0.724161295377228,0.3437908496732026,3.5041471571906353,8.0,0.008403178379834349,0.0303948856781414,0.2942907789686933,0.05281513154193662
23,AWE,1,30,90,60,30,8.0,4.0,580.0,0.020223152022315203,4.833333333333333,5.781916252900551,2.0,45.0,4.0,7.41654709787074,0.6784244184932599,0.22758620689655173,8.57531380753138,31.0,0.03182904961147639,0.0911248066751714,0.13461130304843724,0.037091765042956595,697.0,0.024302649930264993,5.808333333333334,6.15399034953925,1.0,74.0,4.0,7.450646503024427,0.7465440097264063,0.31041033434650456,3.4299511854951183,7.0,0.01020987893065176,0.05265134465862462,0.29986486888849384,0.051773556238133275,895.0,0.019955406911928653,5.966666666666667,6.197221599681227,2.0,59.0,3.0,7.714043390814948,0.7027671285391923,0.34332745443856555,3.752396878483835,8.0,0.009236231135851801,0.036126446362010095,0.27424972910558587,0.04791412877998745
23,DISGUST,0,0,60,60,30,4.0,7.0,598.0,0.02085076708507671,4.983333333333333,6.945002199823666,2.0,73.0,4.0,7.335034685936269,0.7242893122082422,0.1821297429620563,4.87339609483961,19.0,0.01627477350772946,0.07353576281453802,0.22386557429597953,0.04808160254567122,577.0,0.02011854951185495,4.808333333333334,3.837959165436177,2.0,28.0,4.0,7.572258884711479,0.728892907078775,0.34653215636822193,4.170467224546722,9.0,0.013321290859440013,0.046267842384233725,0.24650861401908192,0.04162939698334493,931.0,0.02075808249721293,6.206666666666667,6.978821931784444,2.0,54.0,4.0,7.6661740138721886,0.7078920249080201,0.31868674401382374,3.675830546265329,8.0,0.008979297135118556,0.024541686840652645,0.28027665234476484,0.05038247035891128
24,BASELINE,0,0,60,60,30,5.0,1.0,656.0,0.02287308228730823,5.466666666666667,5.582611893688791,2.0,41.0,4.0,7.463239327314055,0.7164957827151712,0.28425787106446776,6.280648535564853,14.0,0.02218759888892796,0.08064934753772679,0.16901908532347215,0.03680820551949,1557.0,0.054288702928870294,12.975,11.185528224749454,1.0,87.0,10.0,7.488690489110714,0.7213535663481956,0.4594610653911287,3.724860529986053,9.0,0.011448993823470808,0.041805822141019654,0.28279916771966607,0.05995051776796595,810.0,0.018060200668896322,5.4,4.730750469005948,1.0,48.0,4.0,7.848276618134141,0.6994975416836142,0.34980494148244473,3.9988405797101447,8.0,0.010063223421846122,0.0372910593208161,0.2564313001890628,0.042459139216434454
24,BASELINE,1,30,90,60,30,5.0,1.0,1226.0,0.04274755927475593,10.216666666666667,15.636593476699314,2.0,93.0,4.0,7.032001138982806,0.7121091993022435,0.23319389763779527,5.094177126917713,12.0,0.017202424903015594,0.06556272698463216,0.21366023192587213,0.053216305284463555,1248.0,0.04351464435146443,10.4,8.234986338786483,2.0,52.0,8.0,7.510110976210471,0.7239279870126403,0.485882530575268,3.699198047419805,8.0,0.011341168266469755,0.046118008843713545,0.2767259884853146,0.04258557453163402,779.0,0.01736900780379041,5.193333333333333,4.897205552375989,1.0,61.0,4.0,7.851923851959573,0.7045017728165893,0.32124125874125875,3.8812486064659977,8.0,0.009668619484785222,0.0443054597132795,0.26518048036420944,0.0463555998375255
24,BASELINE,2,60,120,60,30,5.0,1.0,698.0,0.024337517433751742,5.816666666666666,8.268900907752023,2.0,74.0,4.0,7.30667296284376,0.7662254275167321,0.1921846632661883,6.28218270571827,18.0,0.022194044982009543,0.0846939162996994,0.16924689811731625,0.038422570588492896,1133.0,0.039504881450488145,9.441666666666666,9.385978756753193,2.0,62.0,6.0,7.380197201915976,0.7278444022730246,0.3870679380214541,3.8555090655509066,9.0,0.01199793725021389,0.037502890615058536,0.27229951427671417,0.05637264393581577,800.0,0.017837235228539576,5.333333333333333,4.100677450806825,2.0,25.0,4.0,7.889657962254306,0.716681410740389,0.4362998831190516,4.876989966555184,10.0,0.013010033444816058,0.05091393090646426,0.2095437170402411,0.03225733401325398
24,BASELINE,3,90,150,60,30,5.0,1.0,605.0,0.02109483960948396,5.041666666666667,5.376485582815435,2.0,46.0,4.0,7.464837291968361,0.7263708845057948,0.26378085897869463,4.749093444909344,8.0,0.015752493466005647,0.07979655637980797,0.21375711427250607,0.027328581995772445,1017.0,0.035460251046025106,8.475,8.52785875821123,1.0,61.0,5.0,7.373200951951704,0.7371653539736213,0.4128238103986772,4.06244769874477,9.0,0.012867427305650289,0.057480887205357906,0.2524798156094308,0.04127972246747927,840.0,0.018729096989966554,5.6,4.809712396114068,1.0,37.0,4.0,7.838927661061409,0.7145790964169155,0.4209162803381511,4.024570791527314,7.0,0.010149566414521177,0.03521996346152222,0.2547275639691588,0.041869915239464026
24,BASELINE,4,120,180,60,30,5.0,1.0,600.0,0.02092050209205021,5.0,4.79756882875761,2.0,38.0,4.0,7.522912357373087,0.728838695826373,0.29349089500193726,4.824163179916318,10.0,0.016067912520656803,0.07642551341880603,0.21488188504840597,0.03890208409482437,861.0,0.03002092050209205,7.175,7.443299559559143,1.0,66.0,5.0,7.410307244510559,0.7490681040451207,0.3452569995821145,3.190794979079498,6.0,0.009205020920502096,0.03940529651064921,0.32051526555345533,0.04890922106050019,774.0,0.01725752508361204,5.16,3.816770013156849,1.0,33.0,4.0,7.919831500281448,0.6977738753621107,0.4101757631822387,4.489676700111483,10.0,0.011710324497018388,0.04777722968297262,0.22881347924309434,0.0386135704387893
24,BASELINE,5,150,210,60,30,5.0,1.0,654.0,0.02280334728033473,5.45,6.203292136707196,2.0,47.0,4.0,7.429944320366083,0.7471602805586085,0.2518597236981934,3.9042189679218966,11.0,0.012202600705554201,0.05444005446960319,0.26871888528561433,0.0509481565056709,879.0,0.030648535564853557,7.325,8.542211364746251,1.0,92.0,4.0,7.325035263660998,0.7363658840850917,0.34786253143336127,3.3103905160390514,7.0,0.00970752317663467,0.04969365743213841,0.312520867758602,0.05796022530091924,766.0,0.017079152731326645,5.1066666666666665,3.8063922843320057,1.0,25.0,4.0,7.914853734145959,0.7133680872693661,0.3942470389170897,4.445150501672241,9.0,0.011560907723732345,0.0416654096630791,0.2300911907090433,0.03617485117867402
24,BASELINE,6,180,240,60,30,5.0,1.0,638.0,0.022245467224546723,5.316666666666666,6.465270467832126,1.0,50.0,4.0,7.396293312255302,0.7225230807772275,0.23127413127413127,5.168619246861924,19.0,0.017515206919587918,0.07074917722327373,0.2150457301107092,0.04969788433875321,710.0,0.024755927475592746,5.916666666666667,5.422304758023924,2.0,33.0,4.0,7.46577171747793,0.7316182880743264,0.3701381963242627,3.673152022315202,7.0,0.011231731186198331,0.030251602583138575,0.2796504584190981,0.047888722982814776,736.0,0.01641025641025641,4.906666666666666,3.5399560574799356,2.0,22.0,4.0,7.930109174461883,0.703395779601662,0.3911671924290221,4.65123745819398,9.0,0.012252474691926106,0.041066877698952425,0.2206651046931204,0.036584497562937274
24,BASELINE,7,210,270,60,30,5.0,1.0,613.0,0.021373779637377965,5.108333333333333,6.264710465953094,2.0,58.0,4.0,7.431716253954927,0.7341252605284717,0.21416712783619257,3.757008368200837,8.0,0.011584068773953082,0.05608024220249556,0.2753628670286056,0.04867520767504183,827.0,0.02883542538354254,6.891666666666667,6.764855053058335,2.0,36.0,4.0,7.3868569118315905,0.7245160269304638,0.3650135082979545,3.5953626220362622,7.0,0.010904884966538915,0.02586263535555091,0.286525125386062,0.051449987680216504,775.0,0.017279821627647716,5.166666666666667,4.175191279716682,2.0,37.0,4.0,7.884674942663402,0.7069496337505491,0.38193018480492813,4.325707915273132,10.0,0.011160093675413195,0.04198551284919681,0.23804269367959335,0.04152434088863365
24,BASELINE,8,240,300,60,30,5.0,1.0,613.0,0.021373779637377965,5.108333333333333,5.908039484935384,2.0,57.0,4.0,7.443245573210148,0.7345409175952191,0.23259281347845534,3.8184449093444908,11.0,0.011842205501447444,0.05109533197210584,0.274560606928677,0.05162610857043821,695.0,0.024232914923291493,5.791666666666667,4.369202507959038,2.0,21.0,4.0,7.561399944381669,0.7280273021826814,0.4200320227717488,5.057322175732217,10.0,0.01704757216694209,0.06040551362457728,0.2015348000448402,0.028874759293094132,787.0,0.01754738015607581,5.246666666666667,4.2855363984246155,1.0,33.0,3.0,7.871254152239154,0.7050790286291317,0.38822371658192556,4.246532887402453,9.0,0.010894405662424334,0.03618473680299515,0.2418923155260606,0.04089250446359307
24,ANGER,0,0,60,60,30,4.0,7.0,514.0,0.017921896792189678,4.283333333333333,4.440689385919963,2.0,42.0,4.0,7.5192522090865594,0.5642237509687293,0.30118401578687715,28.679218967921898,93.0,0.11629923936101637,0.17160509353599082,0.037566831208402554,0.009408145447688619,679.0,0.023675034867503487,5.658333333333333,6.747834014621944,1.0,93.0,4.0,7.4580658799290624,0.7373597390650012,0.24759476063521502,3.1865062761506278,6.0,0.009187001160296755,0.05113188204648756,0.32319473096203866,0.056518969980643576,861.0,0.01919732441471572,5.74,5.373924698641271,2.0,48.0,4.0,7.8074503420573755,0.7140326135622551,0.39046713419707596,4.40396878483835,10.0,0.011422714043081721,0.042523414950795285,0.23531906690197568,0.043632652673896925
24,ANGER,1,30,90,60,30,4.0,7.0,576.0,0.0200836820083682,4.8,5.503180898353243,2.0,42.0,4.0,7.44498338172181,0.6569429419928741,0.2514167954662545,21.075383542538354,51.0,0.0843503510190687,0.170983922140483,0.04934282033901097,0.009283756348313094,666.0,0.023221757322175733,5.55,6.34606177089382,1.0,88.0,4.0,7.4862826589027565,0.7486114159918835,0.25448302174742465,3.2974546722454674,6.0,0.00965317089178768,0.054709209394157396,0.3124185503622406,0.05501655346428538,881.0,0.019643255295429207,5.873333333333333,5.690690252997043,2.0,51.0,4.0,7.792487324807384,0.7049680164062835,0.3514370014206098,3.759933110367893,8.0,0.009261520504590247,0.03207893521339358,0.27400341817327617,0.04849676750115115
24,ANGER,2,60,120,60,30,4.0,7.0,666.0,0.023221757322175733,5.55,6.760608946931729,1.0,57.0,4.0,7.391847620325546,0.7523252832339468,0.22407516147974163,3.4516387726638773,6.0,0.01030100324648688,0.04840785679597363,0.2968086534894831,0.047957209712317615,601.0,0.020955369595536958,5.008333333333334,3.3874666870030703,1.0,23.0,4.0,7.642286920328054,0.7278630115858377,0.40729001584786056,4.768863319386332,12.0,0.015835560165488795,0.051367178009720994,0.21740488690995843,0.039479683427944515,776.0,0.017302118171683388,5.173333333333333,4.19483280027014,1.0,41.0,4.0,7.900135405518197,0.7027462136372693,0.37053419530452536,4.168851727982163,8.0,0.010633730630812617,0.04430040672973676,0.2462387114792296,0.04121596484583052
24,ENTHUSIASM,0,0,60,60,30,8.0,7.0,569.0,0.01983960948396095,4.741666666666666,4.044535064613594,1.0,30.0,4.0,7.570618952867529,0.6520946174170885,0.35117302052785926,14.654218967921897,46.0,0.05737066793244492,0.14058925158522406,0.07257061312547881,0.014977196243317245,628.0,0.02189679218967922,5.233333333333333,4.1557857927900415,1.0,30.0,4.0,7.571502598055455,0.7361829212052982,0.3703233988585923,3.964923291492329,8.0,0.012457660888623242,0.04108480916680771,0.2585745279868203,0.04299033276699015,877.0,0.01955406911928651,5.846666666666667,6.361065599060864,2.0,57.0,4.0,7.726143264363259,0.7202703715552333,0.33459302325581397,3.6218952062430323,7.0,0.008798306061218229,0.029617450221821093,0.2837185554198425,0.04872013738970944
24,ENTHUSIASM,1,30,90,60,30,8.0,7.0,581.0,0.020258019525801953,4.841666666666667,6.42325959999196,1.0,90.0,4.0,7.442609175954175,0.7070417372345627,0.190032020047334,4.484065550906555,12.0,0.014638930886161996,0.07245183733497776,0.24036600999047616,0.05519435622067047,702.0,0.024476987447698745,5.85,6.847931561184492,2.0,91.0,4.0,7.442109890730043,0.7439812651400264,0.2630646589902569,3.1612970711297073,5.0,0.009081080130797094,0.04868002483868599,0.3252530563122132,0.05574815191280981,834.0,0.018595317725752507,5.56,4.869606418045166,1.0,29.0,3.5,7.814884450588088,0.69683340413256,0.3827445652173913,4.240200668896321,8.0,0.01087315660703463,0.03465937361579563,0.24248592904120453,0.04186757015039327
24,LIKING,0,0,60,60,30,8.0,5.0,510.0,0.01778242677824268,4.25,4.209612016959916,2.0,36.0,3.0,7.531748155229684,0.6140498415246223,0.2806553911205074,21.83559972105997,53.0,0.08754453664310913,0.17005859062773368,0.04935050844500111,0.011596536925237213,608.0,0.021199442119944213,5.066666666666666,4.047083998249714,2.0,26.0,4.0,7.576131914464158,0.7256475941713945,0.3548895899053628,4.054044630404463,8.0,0.012832120295817076,0.04441131002906609,0.2530630057567745,0.041930283565422444,1050.0,0.023411371237458192,7.0,8.559205570612264,1.0,100.0,4.0,7.631237618816522,0.7355906630549481,0.3305570015616866,3.209030100334448,6.0,0.0074128526856860645,0.039974004061435565,0.32033007315573214,0.05513264869785685
24,LIKING,1,30,90,60,30,8.0,5.0,571.0,0.01990934449093445,4.758333333333334,6.020791522346173,1.0,54.0,4.0,7.4018009549886985,0.6427197011285213,0.21936576354679804,17.102545327754534,51.0,0.06765775347796023,0.14108114925602164,0.06690959794203964,0.019097215255053805,593.0,0.020676429567642957,4.941666666666666,3.6510177424323147,1.0,33.0,4.0,7.612489985531638,0.7254193251314961,0.3764287528575057,4.7173640167364015,11.0,0.01561917654090925,0.0591737522043361,0.2191547394759077,0.04012049723399116,814.0,0.018149386845039018,5.426666666666667,4.512717830999654,1.0,34.0,4.0,7.866009001586331,0.7005139668355368,0.3938119555422049,4.2899219620958755,10.0,0.011040006584214347,0.04260415416839055,0.24003112701714477,0.04145128658175895
24,FEAR,0,0,60,60,30,3.0,7.0,646.0,0.022524407252440724,5.383333333333334,6.267220720188141,1.0,45.0,4.0,7.401777293258138,0.7172918784609005,0.24174950298210734,4.506555090655509,15.0,0.014733424750653397,0.0578485786067148,0.23978930573413704,0.05060829594260261,591.0,0.020606694560669457,4.925,3.387876670325136,1.0,21.0,4.0,7.630616826362475,0.7204703711321357,0.3992426291587774,5.146931659693166,12.0,0.017424082603752784,0.06528046903683438,0.19965959338672837,0.033524756287733444,1068.0,0.023812709030100333,7.12,8.224289229674095,1.0,76.0,4.0,7.647666739836871,0.7217321024410666,0.3558925788274787,3.4605797101449274,7.0,0.008256978893103784,0.03229693233551202,0.29784528926014014,0.052720494690278355
24,FEAR,1,30,90,60,30,3.0,7.0,541.0,0.01886331938633194,4.508333333333334,4.005196277615146,1.0,30.0,3.0,7.5778421712135415,0.6805024983250936,0.30996599529165575,14.39839609483961,30.0,0.056295781911090796,0.1519890483491825,0.0700498618352992,0.006698501229164592,590.0,0.020571827057182707,4.916666666666667,3.454666730991894,1.0,22.0,4.0,7.627712555739268,0.7193532012649659,0.3887256211594977,4.56384239888424,8.0,0.014974127726404367,0.056098495946257786,0.22479546570696565,0.03731745430956091,855.0,0.01906354515050167,5.7,5.400308633155454,1.0,48.0,4.0,7.793436552785675,0.7060717121539365,0.36959370904325034,3.816588628762542,7.0,0.009451639693834035,0.035251039143749135,0.2688237143665661,0.0446863553750163
24,FEAR,2,60,120,60,30,3.0,7.0,610.0,0.021269177126917713,5.083333333333333,6.240437128563636,2.0,58.0,4.0,7.442434929034448,0.7172342259321278,0.21649916247906198,4.810251046025105,17.0,0.016009458176576064,0.057115121434575186,0.23031433952246333,0.0545542731105614,591.0,0.020606694560669457,4.925,3.739791660863833,1.0,33.0,4.0,7.609943319202105,0.7263249562937062,0.3676838419209605,5.197663877266388,12.0,0.017637243181791554,0.06609577048935686,0.20099622725748037,0.03950831695746837,887.0,0.019777034559643254,5.913333333333333,6.061283325794593,1.0,79.0,4.0,7.80652680282565,0.7176626386186549,0.3225250785287263,3.658840579710145,7.0,0.008922283824530688,0.0440422974568805,0.28194770621695037,0.05117871075724683
24,AMUSEMENT,0,0,60,60,30,8.0,6.0,639.0,0.022280334728033473,5.325,6.904904657801825,1.0,58.0,4.0,7.358881174148049,0.7161837825730094,0.217796110783736,8.927894002789401,24.0,0.03331047900331682,0.106700273759737,0.12232583856219985,0.030581769214767164,617.0,0.021513249651324964,5.141666666666667,4.146878009083728,1.0,27.0,4.0,7.568414434962777,0.7265793301987328,0.356570686295735,4.181694560669456,8.0,0.01336846454062795,0.04736226782045173,0.24598096643931122,0.042560530841828786,883.0,0.01968784838350056,5.886666666666667,5.7856565938726625,1.0,53.0,4.0,7.771666343241794,0.7115095153361072,0.35732647814910024,3.875473801560758,8.0,0.009649240944834757,0.029296295952866827,0.2657566257569277,0.04775177714502184
24,AMUSEMENT,1,30,90,60,30,8.0,6.0,777.0,0.02709205020920502,6.475,9.932239173519736,1.0,78.0,4.0,7.168423914614019,0.7341040618461562,0.18829231916480238,2.957845188284519,6.0,0.008226240286909743,0.034972051549089084,0.34547475054863636,0.053059397593911525,609.0,0.021234309623430963,5.075,4.020079808494685,1.0,40.0,4.0,7.5923258143308106,0.7350691028873236,0.3576114001357159,4.080404463040447,9.0,0.012942875895127917,0.05521295003135601,0.25198205467107515,0.04338898254612524,963.0,0.021471571906354514,6.42,7.712128975408369,1.0,85.0,4.0,7.672710918750319,0.7213964607259642,0.2987058906725126,3.4392196209587516,7.0,0.00818530074147232,0.03690868300751814,0.29959872292347856,0.05335096337573976
24,AMUSEMENT,2,60,120,60,30,8.0,6.0,643.0,0.022419804741980475,5.358333333333333,6.046067362803325,2.0,46.0,4.0,7.423705890119788,0.7028091038195761,0.2562247878703575,10.851429567642956,25.0,0.04139256120858386,0.12591962622017364,0.09439787867830657,0.01362899068600299,610.0,0.021269177126917713,5.083333333333333,4.013691844452215,1.0,36.0,4.0,7.588191196586882,0.7338096499017551,0.3587251356238698,4.371548117154812,10.0,0.014166168559474005,0.050952505371174774,0.23644541776551364,0.043680198540782915,960.0,0.02140468227424749,6.4,7.113836283375283,1.0,69.0,4.0,7.718553757874483,0.7262106345949326,0.33463796477495106,3.446978818283166,6.0,0.008211338316386464,0.03524947857170165,0.29831929888329406,0.05139528504952639
24,SADNESS,0,0,60,60,30,3.0,5.0,714.0,0.02489539748953975,5.95,6.774769368768209,2.0,44.0,4.0,7.390913368037128,0.7404786196373043,0.267750497677505,4.236122733612273,8.0,0.01359715434290872,0.054261198075140536,0.24654388650290812,0.04889394720983808,660.0,0.02301255230125523,5.5,6.834349517937558,1.0,95.0,4.0,7.43733515473084,0.7294509543598386,0.23580174927113703,3.239644351464435,8.0,0.009410270384304347,0.053897160946998174,0.31939321737142207,0.05869861031447937,857.0,0.019108138238573023,5.713333333333333,4.975053321880637,1.0,50.0,4.0,7.8552989901138925,0.7124640836627758,0.3668730650154799,3.924726867335563,8.0,0.009814519689045523,0.038650891109738975,0.26186510566688254,0.04494979772262499
24,SADNESS,1,30,90,60,30,3.0,5.0,734.0,0.025592747559274757,6.116666666666666,7.466796873864692,2.0,54.0,4.0,7.351908524626303,0.7445671396506816,0.2619184376794945,7.894944211994421,18.0,0.028970353831909348,0.10286025233860112,0.13049411376492356,0.0216705084687856,671.0,0.023396094839609485,5.591666666666667,6.006934649959904,1.0,73.0,4.0,7.464327832496449,0.7301679862737813,0.2793145324517609,3.3812064156206416,6.0,0.010005068973195974,0.04474609025862413,0.3043999331772889,0.05319869100679123,833.0,0.018573021181716835,5.553333333333334,4.299669237924651,2.0,35.0,4.0,7.9102812394141635,0.7329051953374629,0.4043557721596101,4.236276477146042,8.0,0.01085998817834243,0.047999199289643614,0.24179479881624127,0.03865387361012889
24,NEUTRAL,0,0,60,60,30,5.0,2.0,618.0,0.021548117154811714,5.15,6.6747659134983905,2.0,51.0,4.0,7.368186513395557,0.728075479813101,0.2142586272279105,7.492747559274756,16.0,0.02728045192972586,0.10279635920023782,0.13699292605527594,0.020848527412861643,665.0,0.023186889818688983,5.541666666666667,6.04620519187219,1.0,80.0,4.0,7.483505802881091,0.7413610614994806,0.2798703928716079,3.4076359832635985,8.0,0.010116117576737808,0.050655072813261086,0.30318676021434654,0.05485485504667155,996.0,0.022207357859531773,6.64,6.6305153143125555,2.0,58.0,4.0,7.762404895776044,0.7354136105632005,0.3687356698329512,3.724927536231884,7.0,0.009144052135006327,0.046681345393810865,0.27496227200690015,0.04361398482089202
24,NEUTRAL,1,30,90,60,30,5.0,2.0,583.0,0.020327754532775452,4.858333333333333,6.119362484950717,1.0,57.0,3.0,7.404258680736712,0.7126207338899921,0.20376686934598842,3.4516387726638773,8.0,0.010301003246486865,0.049168751653687844,0.29677899526819446,0.046076701771575794,589.0,0.020536959553695954,4.908333333333333,3.54493966411591,1.0,25.0,4.0,7.616209389075012,0.7209753864765053,0.37086614173228344,4.360076708507671,9.0,0.0141179693634776,0.05388518781343982,0.23425346086654306,0.03584092765244931,1056.0,0.02354515050167224,7.04,7.113255232311013,2.0,57.0,5.0,7.737169458678654,0.7218860221155748,0.3704896907216495,3.64329988851728,7.0,0.008870133854084836,0.04210369708647473,0.2815735127500306,0.04602868625945167
24,NEUTRAL,2,60,120,60,30,5.0,2.0,591.0,0.020606694560669457,4.925,5.386963430356661,1.0,45.0,4.0,7.481176847252204,0.7060232607737504,0.24974146845915202,4.1072175732217575,16.0,0.01305553602194017,0.055364659721800796,0.2575257398035399,0.04878064946416631,673.0,0.023465829846582985,5.608333333333333,7.082014583122204,1.0,97.0,4.0,7.417554490432264,0.7342486640054294,0.23157894736842105,3.2176080892608088,7.0,0.00931768104731433,0.050481731214663254,0.32152976196202077,0.05925791288672705,927.0,0.020668896321070235,6.18,5.844165181329723,2.0,43.0,4.0,7.787484565216548,0.7166752236867635,0.3811586901763224,3.8618060200668896,8.0,0.009603375906264734,0.03596668714672972,0.2657953179380282,0.04413757512990464
24,AWE,0,0,60,60,30,7.0,4.0,615.0,0.021443514644351465,5.125,5.969453492573671,1.0,55.0,4.0,7.418971493294336,0.7130501806350441,0.23601937472479084,4.312064156206415,12.0,0.01391623595044712,0.06333114434289168,0.24013562199139155,0.04324055296217691,605.0,0.02109483960948396,5.041666666666667,3.7658461495688087,2.0,24.0,4.0,7.597206199413625,0.7329351608688918,0.38557993730407525,6.1307880055788,14.0,0.021557932796549568,0.08072184945277491,0.16799923705240435,0.028907563473311318,945.0,0.021070234113712373,6.3,6.206179715949793,2.0,45.0,4.0,7.742391006747503,0.7058220795556089,0.37075839050621173,3.84958751393534,8.0,0.009562374207836713,0.02593684257574215,0.2674419234221668,0.047343900173640804
24,AWE,1,30,90,60,30,7.0,4.0,633.0,0.02207112970711297,5.275,6.256280178082394,1.0,48.0,4.0,7.395541556116267,0.6789312411442138,0.24922328785627448,5.550488145048814,27.0,0.019119698088440395,0.05575269343564116,0.20753000465800503,0.05001366222131613,641.0,0.022350069735006972,5.341666666666667,5.954684197242443,2.0,76.0,4.0,7.4646548178378165,0.7395847458930029,0.2625745950554135,3.393723849372385,7.0,0.010057663232657077,0.0515755840959754,0.30350096155846645,0.05336312453094391,801.0,0.01785953177257525,5.34,4.096876859267312,1.0,26.0,4.0,7.8952845331504005,0.7036513939082858,0.4199199199199199,5.1634782608695655,10.0,0.013971403559964972,0.05730345684100609,0.19742299549746353,0.028313525015492093
24,DISGUST,0,0,60,60,30,4.0,5.0,568.0,0.0198047419804742,4.733333333333333,4.4623113094249955,1.0,34.0,3.0,7.523144033502964,0.6816437046660833,0.29733924611973395,4.8336122733612275,19.0,0.016107614593954732,0.057709793127624816,0.22186782150998496,0.04479562534911715,3530.0,0.12308228730822873,29.416666666666668,32.774757393796556,2.0,143.0,15.0,7.118025504393721,0.7290689623462737,0.4669761313712573,2.7566596931659695,7.0,0.007380923080529281,0.0215624116591857,0.39033898237991166,0.09110654801622976,813.0,0.018127090301003346,5.42,4.986341344111933,1.0,38.0,3.0,7.8025817959562085,0.6956389521746812,0.3654240065546907,4.014180602006689,9.0,0.010114700006733859,0.03028166235337729,0.25611174945319565,0.044217442672438295
25,BASELINE,0,0,60,60,30,5.0,1.0,688.0,0.02398884239888424,5.733333333333333,6.629772913825095,2.0,44.0,4.0,7.38841208411414,0.737105956857313,0.2690188723479076,3.4761854951185494,8.0,0.01040414073579223,0.0369027194232887,0.29695678584450774,0.051965730756638254,2998.0,0.10453277545327755,24.983333333333334,17.721683203227496,2.0,106.0,20.0,7.610041089821311,0.6643629323405482,0.4770916789093796,2.9591701534170154,7.0,0.008231807367298385,0.042273941603446615,0.3476538041925152,0.05549285931060358,857.0,0.019108138238573023,5.713333333333333,5.085058723576575,1.0,52.0,4.0,7.873519185689148,0.7136360825015228,0.3629704470825966,3.9702341137123747,9.0,0.009967228569504627,0.04178520122193816,0.2597091915817308,0.04652267335861578
25,BASELINE,1,30,90,60,30,5.0,1.0,616.0,0.021478382147838215,5.133333333333334,5.178373833121317,2.0,35.0,4.0,7.495320115255806,0.7225625517061158,0.2820957668285913,7.096094839609484,24.0,0.025613843863905392,0.08819496999983045,0.15239163572067202,0.03298732157801939,3548.0,0.12370990237099024,29.566666666666666,17.20524790741347,1.0,85.0,26.0,7.6646074239444975,0.6681030738617952,0.5743916070632757,3.109623430962343,10.0,0.0088639639956401,0.04101464219488495,0.33158588679554446,0.054087497350166706,912.0,0.020334448160535118,6.08,6.290755121605037,1.0,70.0,4.0,7.773790712533275,0.7008692391477893,0.35254044848140786,3.760535117056856,7.0,0.009263540661264627,0.04113771005433406,0.2746898790011297,0.05035521470790236
25,BASELINE,2,60,120,60,30,5.0,1.0,604.0,0.02105997210599721,5.033333333333333,5.033940360746794,1.0,38.0,4.0,7.488094602343446,0.7013998357563994,0.2820887347087822,4.334344490934449,14.0,0.014009850802245583,0.06552371308897002,0.23941166046155965,0.04222240565847864,3568.0,0.12440725244072524,29.733333333333334,19.051567447908905,1.0,92.0,24.5,7.609071182700395,0.6885534908241945,0.5997289082395465,3.3946304044630407,8.0,0.010061472287659835,0.050797517958092765,0.30159338720321066,0.043715960962602045,1059.0,0.023612040133779263,7.06,8.057898816275452,2.0,92.0,4.0,7.692680553122462,0.7401286298672277,0.33514885189082133,3.325707915273133,7.0,0.007804388977426622,0.037683693716953556,0.3092710633992925,0.052591987109905376
25,BASELINE,3,90,150,60,30,5.0,1.0,678.0,0.023640167364016737,5.65,5.936679767906189,2.0,41.0,4.0,7.423102698846022,0.7111531795434131,0.29626117583310757,4.28336820083682,9.0,0.013795664709398404,0.05815579919688141,0.2434362392479489,0.04686555250414965,3360.0,0.11715481171548117,28.0,31.345653606201928,2.0,173.0,18.0,7.2548290192602565,0.694398536027458,0.35467774869862817,2.331589958158996,7.0,0.005594915790584017,0.01673665227256504,0.44672982889957247,0.08354397613609679,1006.0,0.02243032329988852,6.706666666666667,6.712720925393981,1.0,65.0,4.0,7.743508141099797,0.7115965180947981,0.40416,3.805217391304348,7.0,0.009413481178873652,0.03891035136791941,0.271120364366269,0.049105305648225156
25,BASELINE,4,120,180,60,30,5.0,1.0,639.0,0.022280334728033473,5.325,5.782390653239079,1.0,49.0,4.0,7.437633832676699,0.7145690145044782,0.2682998819362456,3.8426778242677826,12.0,0.011944024471713372,0.04714868568017143,0.2713354367303426,0.04991694347026106,2578.0,0.0898884239888424,21.483333333333334,25.122859223335936,2.0,150.0,16.0,7.341703660613171,0.6756956754045641,0.2794040997316115,2.9624476987447697,9.0,0.008245578566154491,0.04270993534091583,0.35416877384006884,0.06655892859402389,829.0,0.018483835005574135,5.526666666666666,4.242164017993123,1.0,38.0,4.0,7.91529139262154,0.6992642312185923,0.41057036577805334,4.3820289855072465,9.0,0.011349090555393454,0.04581183555313315,0.23481291827496373,0.04082541262566806
25,BASELINE,5,150,210,60,30,5.0,1.0,627.0,0.02186192468619247,5.225,5.640571040831474,1.0,44.0,3.5,7.432837431205392,0.7123217149627477,0.2741611257151693,3.629323570432357,8.0,0.011047578027026711,0.04667358298038781,0.28260786652135944,0.045236555453410966,2709.0,0.0944560669456067,22.575,13.938951718117112,2.0,85.0,18.5,7.66993593657182,0.6329531033109601,0.4427606956776987,3.0003138075313807,7.0,0.00840467986357723,0.031097107985737515,0.34383425035414067,0.05977299254653979,784.0,0.017480490523968786,5.226666666666667,3.9270797745341968,1.0,30.0,4.0,7.926112830909491,0.6878373246900198,0.3918606717611516,4.452173913043478,8.0,0.011584476218266703,0.03973559689371893,0.2307962440399474,0.039445635361185234
25,BASELINE,6,180,240,60,30,5.0,1.0,598.0,0.02085076708507671,4.983333333333333,5.515105519288719,1.0,44.0,4.0,7.44927060207891,0.6963555882930105,0.256631299734748,5.947175732217573,26.0,0.020786452656376346,0.07003823251155115,0.18665543037504886,0.04414282027508657,2632.0,0.09177126917712691,21.933333333333334,11.657067479525981,4.0,60.0,18.0,7.7201404508790645,0.6868406424338744,0.540229402125961,3.1927126917712694,6.0,0.009213078536854073,0.03662078244021207,0.31927632954124013,0.04500545620122035,937.0,0.020891861761426978,6.246666666666667,5.240784504463261,1.0,35.0,4.0,7.838644671594234,0.7071795075880282,0.5846613545816733,4.453377926421405,9.0,0.01158851653161545,0.04160116092864645,0.23105313073173092,0.039705245083777485
25,BASELINE,7,210,270,60,30,5.0,1.0,666.0,0.023221757322175733,5.55,7.054962792247738,1.0,62.0,4.0,7.354374907370029,0.7251238476728877,0.2222592469176941,3.811297071129707,16.0,0.011812172567771888,0.04544412627187857,0.27943677672761147,0.054720916903135616,2122.0,0.07398884239888424,17.683333333333334,9.760877123610472,2.0,53.0,16.0,7.697514516322111,0.7017229928567704,0.5954521191416675,3.9798117154811714,10.0,0.0125202172919377,0.04267059243509791,0.2628245804987506,0.049875586934731916,904.0,0.02015607580824972,6.026666666666666,4.981226979592701,2.0,31.0,4.0,7.855771999449011,0.7079547812290402,0.546576336801355,4.482118171683389,9.0,0.01168496030766238,0.042502909429212754,0.22959767001498127,0.03985547212870062
25,BASELINE,8,240,300,60,30,5.0,1.0,582.0,0.020292887029288702,4.85,5.366019629731769,1.0,53.0,4.0,7.485597333560879,0.6991585226481175,0.24912219101123595,6.257182705718271,21.0,0.02208900296520282,0.08452481358708776,0.1750874856191627,0.03931090315895523,2960.0,0.10320781032078104,24.666666666666668,22.06442586810019,1.0,130.0,18.0,7.475215385050065,0.706815238336858,0.41966467923470896,3.1757670850767084,7.0,0.009141878508725665,0.04516993585289957,0.323858814050272,0.05347157941355851,747.0,0.01665551839464883,4.98,3.3085142687718103,1.0,25.0,4.0,7.983626950782911,0.6940925037925038,0.42903575297941493,5.388651059085841,14.0,0.014727016976798124,0.0554344833050622,0.1920100388402956,0.03544550787236595
25,ANGER,0,0,60,60,30,1.0,6.0,506.0,0.017642956764295677,4.216666666666667,5.110745759888885,1.0,61.0,3.0,7.472177735583196,0.6314394146953959,0.2123057538849223,10.63347280334728,42.0,0.040476776484652435,0.10754033668889444,0.11046395652879785,0.030871120023809897,2539.0,0.08852859135285913,21.158333333333335,9.057681669291664,1.0,58.0,21.0,7.7691743148046335,0.6977091059229072,0.6334573221688761,3.4870641562064155,10.0,0.010449849395825276,0.032620081702287654,0.29920069577421227,0.05635336373505889,890.0,0.019843924191750278,5.933333333333334,4.994886273869395,1.0,39.0,4.0,7.858612423374156,0.6939896334104168,0.4112873478421247,4.110234113712375,7.0,0.010437027227222733,0.0342549438925552,0.25042186644012615,0.04400388539525786
25,ANGER,1,30,90,60,30,1.0,6.0,561.0,0.019560669456066944,4.675,5.680613963296573,1.0,50.0,3.0,7.429497067331818,0.6791132181256135,0.21739130434782608,6.021652719665272,25.0,0.021099381175064165,0.07529106253517286,0.18654075562969386,0.04250747634024729,2771.0,0.09661785216178521,23.091666666666665,11.711102875287004,1.0,58.0,22.0,7.719093698037166,0.6995650546876746,0.6493292478821742,3.793688981868898,11.0,0.011738188999449162,0.05168077633680586,0.27316056410481565,0.04787053025867268,858.0,0.019130434782608695,5.72,4.391840920009133,1.0,28.0,4.0,7.90805510622717,0.6957310607693791,0.41523836958087285,4.356432552954292,9.0,0.011263196486423804,0.040196581301924515,0.23555116027554315,0.03919591503785132
25,ANGER,2,60,120,60,30,1.0,6.0,594.0,0.020711297071129706,4.95,6.3131476565445,2.0,58.0,4.0,7.409038917513303,0.7169681581071289,0.20872492635713283,6.84881450488145,20.0,0.02457485086084643,0.08909438664502617,0.15862544261093556,0.03491123226744239,3526.0,0.12294281729428173,29.383333333333333,15.231646514922659,2.0,65.0,26.0,7.711529966159244,0.7054396202735554,0.6114446529080675,3.227266387726639,9.0,0.00935826213330521,0.03871908787686541,0.3202356043332652,0.05351361325778454,786.0,0.017525083612040134,5.24,3.6040347760068387,2.0,28.0,4.0,7.973227812446905,0.6923343687062469,0.4129899640219655,4.670680044593088,10.0,0.012317718270446608,0.04021886171025073,0.22093865000695426,0.03970903122171867
25,ENTHUSIASM,0,0,60,60,30,6.0,1.0,647.0,0.022559274755927474,5.391666666666667,7.114885608512776,1.0,65.0,4.0,7.375345620250959,0.7543662293681255,0.19885598923283984,4.406450488145049,8.0,0.01431281717708004,0.07900888473055646,0.22992839348872476,0.026685468293292238,2028.0,0.0707112970711297,16.9,15.633511015337108,1.0,89.0,11.5,7.402758578360952,0.6891135855224614,0.4517003930230292,4.259902370990237,13.0,0.013697068785673257,0.05904058426447876,0.24546033109360904,0.04950413535992334,973.0,0.02169453734671126,6.486666666666666,6.61335685479688,2.0,75.0,4.0,7.783070873348858,0.7085015833885482,0.34792839734431463,3.6099219620958753,7.0,0.008758127389583472,0.03660174213173593,0.2858350889660533,0.051582770673976756
25,ENTHUSIASM,1,30,90,60,30,6.0,1.0,626.0,0.02182705718270572,5.216666666666667,6.657931777628512,2.0,57.0,4.0,7.387008581843613,0.7429640385375612,0.21108179419525067,4.132914923291493,8.0,0.013163508081056697,0.06974463684181535,0.25003505654265956,0.04475996709244835,2403.0,0.08378661087866109,20.025,17.823889633485354,2.0,96.0,15.0,7.419264739496032,0.6372282592204229,0.3514909351145038,3.1331938633193865,7.0,0.008962999425711706,0.028209173144647288,0.33512631951299654,0.06914822487107133,921.0,0.02053511705685619,6.14,6.155788603691109,2.0,68.0,4.0,7.8044445937705405,0.7020668411056512,0.34757151084661164,3.780758082497213,7.0,0.009331402961400045,0.035923849190147905,0.2731639112084537,0.05042302227808049
25,ENTHUSIASM,2,60,120,60,30,6.0,1.0,655.0,0.02283821478382148,5.458333333333333,6.927476492602162,2.0,62.0,4.0,7.380831457139793,0.7456057396828893,0.21845834773591427,8.044246861924686,19.0,0.029597675890439865,0.1030555972808426,0.1301195743099369,0.026453607937269318,2638.0,0.09198047419804742,21.983333333333334,20.24453973023069,2.0,115.0,16.0,7.430458653959253,0.6576093384569978,0.39974171330176494,2.8259065550906555,6.0,0.0076718762818935105,0.03669361732663449,0.36335277151519313,0.058271610325199695,810.0,0.018060200668896322,5.4,4.03732584763727,1.0,32.0,4.0,7.934917999227027,0.6882766012866458,0.4033949076385422,4.425306577480491,9.0,0.011494317374095597,0.04095313581176951,0.23234889848052323,0.03988018555418716
25,LIKING,0,0,60,60,30,8.0,2.0,561.0,0.019560669456066944,4.675,5.941608227856608,1.0,57.0,4.0,7.412341814598044,0.6868328906882044,0.20673229596697365,9.903765690376568,30.0,0.03741078021166626,0.12019754656259055,0.10539349584110233,0.019218765607073574,2315.0,0.08071827057182705,19.291666666666668,25.638966383655607,1.0,164.0,13.0,7.170804461701572,0.6576855261720842,0.24172633385026562,2.468758716875872,9.0,0.00617125511292383,0.019518382373075453,0.4226131991066834,0.07914490092896286,886.0,0.019754738015607582,5.906666666666666,5.036992047729368,2.0,45.0,4.0,7.857243339633283,0.6971845949422231,0.400343431865571,3.9876923076923076,7.0,0.01002581311306144,0.036938366820884735,0.2578279894882364,0.04451444423085317
25,LIKING,1,30,90,60,30,8.0,2.0,656.0,0.02287308228730823,5.466666666666667,7.265137453773482,2.0,60.0,4.0,7.336896345597442,0.7462685715133283,0.20595854922279794,3.65557880055788,8.0,0.01115789411999109,0.04685009400484432,0.28495722337728774,0.053114673253361555,3897.0,0.13587866108786611,32.475,23.70248316808459,2.0,121.0,24.5,7.577871421399622,0.6025913629291675,0.39783243456530315,2.404707112970711,5.0,0.0059021307267676905,0.034141343469089716,0.42301377567959203,0.05463284528286033,759.0,0.016923076923076923,5.06,3.523691246406246,1.0,23.0,4.0,7.953180249915693,0.6693428260479344,0.41322815533980584,4.6464882943143815,10.0,0.012236537900383832,0.03845986829094808,0.22155719343168362,0.03885993346044162
25,FEAR,0,0,60,60,30,2.0,3.0,573.0,0.01997907949790795,4.775,4.55606281051231,1.0,44.0,4.0,7.534805115912302,0.6656025787073786,0.3081220455522132,16.73859832635983,46.0,0.06612856439646989,0.1483473924617122,0.06344421733385709,0.013647128682301406,5178.0,0.1805439330543933,43.15,38.6649388981801,2.0,191.0,33.0,7.444329504250072,0.6410788072634722,0.36564315352697097,2.231834030683403,6.0,0.005175773238165557,0.02078032459220429,0.4687589373707866,0.0856915431820277,1017.0,0.022675585284280937,6.78,7.770774307193159,2.0,102.0,4.0,7.754842331709271,0.7185282696327074,0.30048205677557577,3.325908584169454,6.0,0.00780506236298475,0.04044809071054562,0.3101685867480772,0.05594152384591688
25,FEAR,1,30,90,60,30,2.0,3.0,621.0,0.021652719665271967,5.175,5.603811946642511,1.0,50.0,4.0,7.471953512853041,0.7216519848266625,0.26363779279987426,7.2099372384937235,21.0,0.026092173270982028,0.09335402724598639,0.14733260102128776,0.030278862164003637,4247.0,0.14808228730822873,35.391666666666666,33.740009838304566,2.0,176.0,23.0,7.457238296038368,0.6376482830832814,0.3116023037627181,2.016073919107392,5.0,0.00426921814751005,0.022603286592993294,0.5034195861499533,0.059715944924557514,989.0,0.02205128205128205,6.593333333333334,8.964817653223937,2.0,125.0,4.0,7.702975360978698,0.7199996727041563,0.2321601182691761,3.2750278706800446,7.0,0.007634321713691425,0.040393178611913695,0.3171997673418994,0.06127235144915243
25,FEAR,2,60,120,60,30,2.0,3.0,866.0,0.0301952580195258,7.216666666666667,12.531083574677632,2.0,101.0,4.0,7.09981651647539,0.7613387659783832,0.15552895529780822,3.0145048814504882,8.0,0.008464306224581886,0.035723040629586596,0.34465523974863377,0.06275542863785853,3827.0,0.1334379358437936,31.891666666666666,16.2112593759879,2.0,96.0,30.0,7.713693709395136,0.6979778010714954,0.5997435880314371,2.8699093444909343,8.0,0.007856761951642584,0.039076171823465296,0.3604196318469624,0.05831508465431205,1046.0,0.023322185061315497,6.973333333333334,8.704747108458822,1.0,96.0,5.0,7.69759793796442,0.7067863908699149,0.2702963551720223,3.4070011148272017,7.0,0.008077184949084574,0.04081049839515776,0.30294461802625,0.05414557378919276
25,AMUSEMENT,0,0,60,60,30,7.0,4.0,500.0,0.017433751743375175,4.166666666666667,3.855371433323758,2.0,31.0,3.0,7.5574541832588675,0.6082123135784802,0.30026730026730025,23.693654114365412,52.0,0.09535148787548493,0.18451728320113486,0.04333888816332198,0.006494275336851332,2918.0,0.10174337517433751,24.316666666666666,16.071964894049376,2.0,93.0,21.0,7.651904048982841,0.6584503149252602,0.4568081991215227,3.0758019525801954,6.0,0.008721856943614263,0.04124739410004564,0.33217942090028185,0.04895295827384195,1105.0,0.02463768115942029,7.366666666666666,7.516574278811384,1.0,77.0,5.0,7.759154158223757,0.7240931806624515,0.3686653771760155,3.6938907469342253,8.0,0.009039901835349747,0.03775994046184704,0.28015432850822997,0.0514684078954106
25,AMUSEMENT,1,30,90,60,30,7.0,4.0,576.0,0.0200836820083682,4.8,6.09521670383151,1.0,53.0,3.0,7.393117483747021,0.7012982690719051,0.20851511960282834,3.676429567642957,12.0,0.01124550238505444,0.05041065575469049,0.2833404126480338,0.05109803900751084,2815.0,0.09815202231520223,23.458333333333332,14.72661753047484,2.0,86.0,21.0,7.659388966001261,0.6835522711862082,0.5034231609613984,3.545118549511855,8.0,0.01069377541811705,0.05674735009112587,0.28765131574281544,0.03747545564020372,1013.0,0.022586399108138238,6.753333333333333,6.400975620082371,1.0,47.0,5.0,7.797503757795199,0.717609126014116,0.3735593786537498,4.0432998885172795,9.0,0.010212415733279459,0.04595660467199615,0.254698018114663,0.04370667370774528
25,AMUSEMENT,2,60,120,60,30,7.0,4.0,635.0,0.02214086471408647,5.291666666666667,8.656303900754768,1.0,81.0,4.0,7.2198932609482265,0.7087502747052244,0.15439105573098916,4.7310669456066945,23.0,0.01567675187229703,0.05154945595548492,0.2423861427955768,0.05625444326661371,5118.0,0.1784518828451883,42.65,32.323275927211746,2.0,148.0,34.5,7.515748428738092,0.6408343820639885,0.45656643232705146,2.617991631799163,10.0,0.006798284167223375,0.022951667506131545,0.40834476519609225,0.08616567448024424,886.0,0.019754738015607582,5.906666666666666,5.347082278111015,1.0,48.0,4.0,7.844146386750288,0.6948017212382407,0.3880268642890227,4.0369676700111485,8.0,0.010191166677889765,0.032526664870608554,0.25648684901462765,0.04867093615781899
25,SADNESS,0,0,60,60,30,2.0,3.0,564.0,0.019665271966527197,4.7,4.489060777787116,1.0,37.0,4.0,7.538600883898875,0.6604276556772687,0.3076581576026637,15.882461645746165,47.0,0.06253135145271498,0.1407040969942842,0.06850541613107808,0.015356156810531036,3906.0,0.13619246861924686,32.55,27.700436217985207,2.0,148.0,24.0,7.478810593349549,0.6916140323770802,0.4835958980456268,2.674407252440725,7.0,0.007035324590087086,0.03775582651138186,0.3879229924676836,0.06883858532936435,849.0,0.018929765886287624,5.66,4.7192230999039095,1.0,33.0,4.0,7.8619091575184665,0.6907139389453495,0.39879402494175686,4.2558305462653285,10.0,0.010925605859950773,0.03396720139867143,0.24242576850152914,0.043460921609901566
25,SADNESS,1,30,90,60,30,2.0,3.0,593.0,0.020676429567642957,4.941666666666666,6.813951170617203,1.0,66.0,4.0,7.36598065570783,0.6840204725376293,0.19610570236439498,17.599407252440724,46.0,0.06974540862370053,0.1569442526128464,0.05943381144541496,0.012028919763477076,3047.0,0.10624128312412831,25.391666666666666,16.967515941416476,2.0,68.0,20.5,7.594193620320372,0.7069913060462558,0.5984348161551957,2.9461994421199442,7.0,0.00817730858033589,0.04461901567682606,0.34502458770062844,0.0431418474355975,821.0,0.01830546265328874,5.473333333333334,3.869016527347601,1.0,31.0,4.0,7.950640561937216,0.696685484402956,0.4202433254477864,4.35701226309922,8.0,0.011265141822480602,0.040844440975102064,0.2354714605885486,0.039272039350192314
25,NEUTRAL,0,0,60,60,30,5.0,1.0,557.0,0.019421199442119945,4.641666666666667,4.5475191649464834,2.0,40.0,4.0,7.535853302896482,0.6671870452703785,0.30199556541019956,20.16621338912134,44.0,0.0805303083576527,0.17403197927559866,0.05043926104006671,0.006410060219529611,4144.0,0.14449093444909344,34.53333333333333,36.06901563515269,2.0,166.0,21.0,7.235086498223147,0.6823219702990106,0.4134621575916958,2.2939330543933054,6.0,0.005436693505854223,0.016282010761360276,0.45797317200509885,0.08802451561486002,1051.0,0.023433667781493868,7.006666666666667,7.262228002173683,1.0,79.0,5.0,7.742710319734021,0.7316241376918504,0.3707817772778403,3.489654403567447,7.0,0.008354544978414249,0.034989750182667534,0.29481401053917994,0.05084920813359345
25,NEUTRAL,1,30,90,60,30,5.0,1.0,674.0,0.023500697350069735,5.616666666666666,7.086587487798497,2.0,59.0,4.0,7.376547641221583,0.7484492980686991,0.22816808929743926,4.8960251046025105,15.0,0.016369853380682805,0.0669237147395072,0.22473632290997986,0.052337345385077894,2933.0,0.10226638772663878,24.441666666666666,20.442315521703723,2.0,129.0,19.0,7.454799599430709,0.6594711497464307,0.4427044347818774,2.481136680613668,5.0,0.006223263363922974,0.03437270538507438,0.41215812211810277,0.06067541334338981,1143.0,0.02548494983277592,7.62,8.194445273069638,2.0,70.0,5.0,7.695897457370336,0.7316140661008063,0.3772322694030274,3.4928651059085842,7.0,0.00836531914734424,0.0407943719854774,0.2943246940455802,0.05024508574183121
25,NEUTRAL,2,60,120,60,30,5.0,1.0,715.0,0.0249302649930265,5.958333333333333,8.532678197507641,1.0,86.0,4.0,7.303880017879369,0.768357216265366,0.18514899853444064,3.2281380753138076,9.0,0.009361924686192477,0.046117107919468915,0.31935369576758166,0.054718744056809016,3705.0,0.12918410041841005,30.875,25.262971090775,2.0,135.0,22.5,7.522713537307595,0.6438598369541271,0.4027756270257859,3.0975592747559273,8.0,0.008813274263680372,0.044069051459356544,0.3372248953943088,0.06492284123984439,834.0,0.018595317725752507,5.56,4.50256223351401,1.0,43.0,4.0,7.908330507587892,0.694834277474201,0.38179427235534774,4.281248606465998,9.0,0.011010901363979838,0.05157567352670322,0.24021738462087594,0.04122101759380006
25,AWE,0,0,60,60,30,6.0,1.0,655.0,0.02283821478382148,5.458333333333333,7.1785511924219225,1.0,76.0,4.0,7.354526929407358,0.720636920069105,0.23626977152899825,3.7827405857740586,12.0,0.011692187335185115,0.050436324140921626,0.27703850906053434,0.055102081317265766,1776.0,0.06192468619246862,14.8,14.157506842661247,2.0,83.0,12.0,7.440234641005484,0.6802104446719954,0.3327979242602088,3.743270571827057,9.0,0.011526346940449817,0.044047122904191036,0.279052987274641,0.05679882636207257,866.0,0.01930880713489409,5.773333333333333,4.719670421638453,2.0,43.0,4.0,7.8872732165154105,0.7102963384442266,0.3929096989966555,4.073957636566332,8.0,0.01031529408243736,0.04152223056323616,0.2523694692705487,0.04350416246776736
25,AWE,1,30,90,60,30,6.0,1.0,693.0,0.02416317991631799,5.775,6.898626070940987,2.0,61.0,4.0,7.407713675935213,0.7478201399438714,0.24944567627494457,3.9834030683403068,11.0,0.012535307009833218,0.05408807736923321,0.26638963685356,0.055192129934003256,1565.0,0.05456764295676429,13.041666666666666,10.157834278143262,2.0,60.0,10.0,7.536302379188127,0.7157986831888301,0.49418772216351237,4.393863319386332,11.0,0.014259929913387944,0.04784739781730618,0.24182982606573258,0.05420688520028325,1006.0,0.02243032329988852,6.706666666666667,6.253582084604702,1.0,51.0,5.0,7.8060286314374325,0.7283660408604121,0.3791677436029982,3.75850613154961,7.0,0.009256731985065809,0.03879904835804796,0.27274783884092724,0.04442931638233974
25,DISGUST,0,0,60,60,30,2.0,3.0,576.0,0.0200836820083682,4.8,5.494846070030837,1.0,46.0,3.0,7.44614841490278,0.7101189686985983,0.23124569855471439,3.6409693165969315,8.0,0.011096509733600565,0.05721303640388347,0.28074134211786966,0.04220287779921613,3846.0,0.13410041841004183,32.05,29.923611078878835,2.0,159.0,23.5,7.300016049264277,0.7343774562702575,0.5558361874033032,2.3550906555090654,6.0,0.005693658216424646,0.02324557443858881,0.4375925555714795,0.07269952817061011,846.0,0.0188628762541806,5.64,4.49930364982553,2.0,42.0,4.0,7.911010218562126,0.6870417623389193,0.40074691180695204,4.257034559643255,8.0,0.010929646173299513,0.03424875986017142,0.24212042820232219,0.043665245169463664
26,BASELINE,0,0,60,60,30,5.0,1.0,537.0,0.018723849372384936,4.475,4.651097540724482,1.0,50.0,3.0,7.513519526687441,0.632655926763733,0.2702823845809054,12.506380753138075,45.0,0.04834613761822721,0.11936001507299986,0.09135028252626522,0.024749756447897692,2247.0,0.07834728033472803,18.725,13.623180306619547,2.0,60.0,13.0,7.566151840613797,0.6947666431848821,0.5985603632908743,4.530195258019526,11.0,0.014832753184955987,0.06453109423657898,0.22641060078936495,0.034761614857344705,947.0,0.021114827201783724,6.3133333333333335,6.262732807826167,1.0,52.0,5.0,7.796706122612672,0.7341744798624904,0.3289967934035731,3.5222742474916386,8.0,0.008464007541918245,0.0410941468866941,0.29063654926168697,0.04465982541942355
26,BASELINE,1,30,90,60,30,5.0,1.0,553.0,0.019281729428172942,4.608333333333333,5.970477135223132,2.0,66.0,3.0,7.43338452681998,0.7010447810532884,0.19320899091343854,4.136680613668061,15.0,0.013179330309529669,0.06012195174340907,0.2616231764194605,0.0550627927828636,2227.0,0.07764993026499303,18.558333333333334,14.472269940207108,2.0,60.0,13.0,7.5062478857731225,0.7087122023616167,0.5809359237810574,3.660599721059972,10.0,0.011178990424621726,0.041182038818955664,0.2848855754159779,0.0542370458538811,955.0,0.02129319955406912,6.366666666666666,5.699025257786536,2.0,57.0,5.0,7.8296464081526675,0.744009789073606,0.37721316394918475,3.717391304347826,7.0,0.009118762766267873,0.039753712215868375,0.2756404265823304,0.044801554935888666
26,BASELINE,2,60,120,60,30,5.0,1.0,537.0,0.018723849372384936,4.475,5.708126516934723,2.0,68.0,3.0,7.44787292140085,0.6929784358853049,0.19477146814404434,10.03594839609484,19.0,0.037966169731490924,0.13019452779627427,0.10039495149648131,0.00876134952665818,1811.0,0.06314504881450488,15.091666666666667,11.639727827096683,2.0,78.0,12.0,7.559069961361212,0.7097400081558931,0.44011202068074107,3.493165969316597,8.0,0.010475487266036114,0.04792511430501079,0.2950378140238585,0.04953222991332927,899.0,0.020044593088071348,5.993333333333333,4.929498509539846,2.0,43.0,5.0,7.878246708198441,0.737408572257922,0.3913203835751168,3.827603121516165,7.0,0.009488601078913316,0.04146292042682167,0.2674392000646174,0.04209274145146595
26,BASELINE,3,90,150,60,30,5.0,1.0,703.0,0.024511854951185495,5.858333333333333,8.74909122264834,1.0,77.0,4.0,7.264829638560359,0.7565009664891639,0.18284263153717958,5.458507670850767,15.0,0.01873322550777634,0.07712332262177785,0.19691797776814227,0.04286972889186942,2163.0,0.07541841004184101,18.025,12.950522833718592,2.0,80.0,14.0,7.589935978146352,0.6842009123347753,0.44938631455110534,2.9954672245467227,7.0,0.00838431606952404,0.027084540511825007,0.34517581359457844,0.060425915457924216,879.0,0.01959866220735786,5.86,5.1452631937864295,1.0,40.0,4.0,7.8442905245116545,0.7317234881285448,0.3715880140725464,3.8016722408026755,7.0,0.009401584700680117,0.03559275024602288,0.2695871792582296,0.043555510626734344
26,BASELINE,4,120,180,60,30,5.0,1.0,616.0,0.021478382147838215,5.133333333333334,6.072387412615313,1.0,45.0,4.0,7.401058525057905,0.6928709198507587,0.246593028259934,7.179253835425383,27.0,0.025963251409350352,0.08452845826716608,0.16180045704851004,0.04302714902346507,2054.0,0.07161785216178522,17.116666666666667,10.498954974451294,2.0,68.0,15.0,7.6588488436218505,0.694263535345941,0.5514882044419503,3.398779637377964,9.0,0.010078906039403205,0.04086894364750186,0.30395809956590736,0.05247892668021444,924.0,0.020602006688963212,6.16,5.164726517445042,1.0,51.0,5.0,7.866501062679828,0.7282896448989059,0.3876154635648307,3.9435451505016723,7.0,0.009877668290274078,0.044083196997089916,0.25971395040875733,0.04156244656556208
26,BASELINE,5,150,210,60,30,5.0,1.0,574.0,0.0200139470013947,4.783333333333333,5.3931798494848,1.0,42.0,3.0,7.4569015227099715,0.6864279039358164,0.24108089014482514,6.187377963737797,22.0,0.021795705729990743,0.06983990570747448,0.18393565331904604,0.04729000292197605,1893.0,0.0660041841004184,15.775,8.842098638520909,2.0,57.0,15.0,7.700092081004705,0.6894334194078734,0.524323311290193,3.435320781032078,9.0,0.010232440256437303,0.03489368869513203,0.30277576998038946,0.054246653347572504,922.0,0.02055741360089186,6.1466666666666665,5.854214056747688,2.0,59.0,4.0,7.80508791007609,0.7327615972129199,0.34776451547643134,3.6517279821627646,7.0,0.008898416047526054,0.036545058689029554,0.28067740098084787,0.04517299910282257
26,BASELINE,6,180,240,60,30,5.0,1.0,585.0,0.020397489539748955,4.875,5.499337081261098,1.0,58.0,4.0,7.474940878418686,0.6961820764796961,0.24016282225237448,5.866596931659693,19.0,0.0204478862674777,0.07249221709471317,0.18883472772751703,0.04713679062627476,2088.0,0.07280334728033473,17.4,9.686674696027872,2.0,48.0,16.0,7.698142311262069,0.7059161173618259,0.5586225084060391,3.4057880055788003,7.0,0.010108352964616811,0.0431812298436215,0.2994103427928329,0.04216966667551611,945.0,0.021070234113712373,6.3,5.759918980911682,1.0,57.0,4.0,7.824291564257274,0.7352800894543255,0.38457686529794693,3.827826086956522,8.0,0.009489349285088992,0.0455233569888705,0.2682153322260354,0.044489957238219385
26,BASELINE,7,210,270,60,30,5.0,1.0,609.0,0.021234309623430963,5.075,6.0603389619173385,1.0,49.0,4.0,7.427288307440373,0.6965558203663491,0.22862534475250398,5.290481171548117,22.0,0.018027231813227386,0.06128367078771162,0.21269368044447395,0.05098320254803353,2204.0,0.07684797768479777,18.366666666666667,11.43819138772482,1.0,62.0,16.0,7.645878620241226,0.7097023148913877,0.5747554468652735,3.577405857740586,8.0,0.010829436377061281,0.05251410604397336,0.28736751888827344,0.04673304049617793,906.0,0.02020066889632107,6.04,5.216486684861118,1.0,48.0,5.0,7.850160571223255,0.7337318668987133,0.3774283071230342,3.724593088071349,8.0,0.009142929825742774,0.03612218697024637,0.2749692893011591,0.04375933963252772
26,BASELINE,8,240,300,60,30,5.0,1.0,589.0,0.020536959553695954,4.908333333333333,5.793668718715476,2.0,51.0,3.0,7.422891874821124,0.7143273037054847,0.23033175355450236,3.7327057182705716,8.0,0.011481956799456182,0.05199211563519831,0.2773246191494066,0.04895032668452673,1919.0,0.06691073919107392,15.991666666666667,10.200486780323553,2.0,68.0,14.0,7.647524587912414,0.7160917066154123,0.5227002787540904,3.205020920502092,6.0,0.009264793783622237,0.03749707506662799,0.32055690509610835,0.05436211104184257,856.0,0.019085841694537347,5.706666666666667,4.401585572899333,2.0,34.0,4.0,7.9011883284218,0.7336299019362554,0.40490266762797406,4.326711259754738,9.0,0.011163460603203832,0.04849592292760363,0.23667484982863385,0.037367950412125206
26,ANGER,0,0,60,60,30,2.0,7.0,606.0,0.02112970711297071,5.05,5.066803726216361,2.0,47.0,4.0,7.527730443116637,0.7200080159288843,0.2764227642276423,5.553417015341702,17.0,0.019132004266141603,0.0712487645149858,0.19398047854031195,0.043682802309593295,2530.0,0.08821478382147838,21.083333333333332,13.198221681558298,1.0,52.0,16.0,7.642110986311767,0.7430010838608143,0.7263016984131411,3.623082287308229,8.0,0.011021354148353917,0.04757635692561163,0.2821836554857236,0.041476270444678186,998.0,0.02225195094760312,6.653333333333333,6.855641634611761,1.0,56.0,4.0,7.736076507305452,0.7239577598054248,0.3502994011976048,3.450278706800446,7.0,0.008222411767786734,0.02863704217155545,0.29701277065330456,0.047890828772424524
26,ANGER,1,30,90,60,30,2.0,7.0,628.0,0.02189679218967922,5.233333333333333,5.298165300890068,2.0,53.0,4.0,7.51351261527304,0.7397317236759904,0.2747635639621702,4.174581589958159,9.0,0.013338578109067892,0.0671300740961114,0.24875972028503035,0.04696653128888948,2195.0,0.07653417015341701,18.291666666666668,9.636645191951168,2.0,50.0,16.0,7.7189526902397745,0.7088972356809421,0.5760606122324283,3.263284518828452,6.0,0.009509598818606938,0.04232937605810317,0.3126612771697186,0.045166307097678195,919.0,0.020490523968784837,6.126666666666667,5.583662676853688,1.0,50.0,4.0,7.833868721783416,0.736250277378278,0.38570515551768214,4.154091415830546,10.0,0.010584199381981707,0.050479095668097294,0.2478598756921834,0.042369448448784645
26,ANGER,2,60,120,60,30,2.0,7.0,552.0,0.019246861924686193,4.6,5.48543526076099,1.0,42.0,3.0,7.39783307921464,0.5898373921859752,0.2491961414790997,17.07768479776848,61.0,0.06755329746961548,0.1373575441476789,0.06734375900435566,0.01885416691265469,2750.0,0.09588563458856346,22.916666666666668,16.268877923473667,2.0,104.0,19.0,7.598271797988914,0.7062547269690339,0.5400730180806675,2.931834030683403,8.0,0.008116949708753794,0.03978661252432021,0.352040201855951,0.058717027677083845,910.0,0.020289855072463767,6.066666666666666,5.860792513721067,1.0,62.0,4.0,7.8030536563499915,0.7161169764888026,0.380108573184472,4.232084726867336,13.0,0.010845921902239385,0.04919416303692366,0.24624628462209955,0.047520917942240344
26,ENTHUSIASM,0,0,60,60,30,5.0,5.0,572.0,0.019944211994421198,4.766666666666667,5.264239947249957,2.0,50.0,3.0,7.487218337947555,0.7070576130589411,0.24087591240875914,3.894700139470014,12.0,0.012162605628025269,0.05890988827463126,0.26789113592116853,0.048001090954806966,2681.0,0.09347977684797769,22.341666666666665,18.953889589093727,1.0,117.0,17.0,7.507035461050663,0.7071827351141787,0.41558104996660916,2.5771617852161786,5.0,0.006626730189983948,0.03773212966157911,0.3951158120184665,0.05288940827351914,948.0,0.021137123745819397,6.32,5.512192546225745,1.0,43.0,5.0,7.84027350050321,0.7297843451648707,0.39527132590355174,3.9307023411371236,8.0,0.009834571614554108,0.0455646380096917,0.2606579790515904,0.041192948111470284
26,ENTHUSIASM,1,30,90,60,30,5.0,5.0,518.0,0.01806136680613668,4.316666666666666,5.690611175924389,1.0,56.0,3.0,7.4171019215237415,0.6746759445387495,0.1766595289079229,5.886785216178522,12.0,0.020532710992346725,0.08996636899273575,0.17693856313978848,0.03377820444377025,1645.0,0.05735704323570432,13.708333333333334,10.755925369560517,1.0,60.0,10.0,7.541406207028735,0.710777121136634,0.45670921007243875,3.3325313807531383,6.0,0.00980055201997117,0.0408190380756671,0.30600575810000047,0.04357373614439892,961.0,0.021426978818283166,6.406666666666666,5.6498928210089865,1.0,52.0,5.0,7.833947495818719,0.7394695247419706,0.4032451923076923,3.932263099219621,8.0,0.009839809057783968,0.04329962404828354,0.2611890601311622,0.04386242922084642
26,ENTHUSIASM,2,60,120,60,30,5.0,5.0,667.0,0.023256624825662483,5.558333333333334,8.841941560288415,1.0,69.0,4.0,7.20077152800873,0.7520724429963861,0.16422476251811302,5.284623430962343,16.0,0.018002619457824977,0.08368221625405071,0.1974659332303411,0.03585576630618941,2230.0,0.07775453277545327,18.583333333333332,16.56506531495994,1.0,85.0,14.0,7.455924257583344,0.6866919120151748,0.3929081356825018,2.636994421199442,5.0,0.006878127820165722,0.017606461160388564,0.38926215072899656,0.06489414131050028,978.0,0.02180602006688963,6.52,5.990236500617762,1.0,51.0,5.0,7.817663888262731,0.7378250363223623,0.38094796401075964,4.069030100334448,9.0,0.010298758725954529,0.047009079794624875,0.2529573879299687,0.042984483722898544
26,LIKING,0,0,60,60,30,5.0,1.0,839.0,0.029253835425383543,6.991666666666666,7.853338815787559,1.0,51.0,5.0,7.373125911030298,0.7516080142834949,0.28846153846153844,4.082391910739191,9.0,0.012951226515710894,0.054068339987315264,0.25691842200416243,0.05096843294787684,1521.0,0.05303347280334728,12.675,9.967582873161042,2.0,57.0,10.0,7.529266231825658,0.714662831975012,0.49568733153638816,4.027475592747559,11.0,0.012720485683813275,0.05562260802452823,0.25836173240936655,0.048619559444841934,975.0,0.021739130434782608,6.5,5.876223276901585,1.0,46.0,5.0,7.833353501332896,0.7552577821867205,0.3787706317586796,3.588963210702341,8.0,0.008687796009068252,0.03401841419776359,0.2851022691923918,0.04463487317344564
26,LIKING,1,30,90,60,30,5.0,1.0,703.0,0.024511854951185495,5.858333333333333,6.629222972733849,1.0,54.0,4.0,7.414633086578892,0.7378559671714552,0.26896075497755784,4.105857740585774,9.0,0.013049822439436021,0.05668643493325943,0.2527757998648357,0.04603514877829531,2093.0,0.07297768479776848,17.441666666666666,17.153860514635053,2.0,91.0,11.0,7.339715470767398,0.6863389670975552,0.40037003571274904,2.9261854951185495,7.0,0.008093216366044324,0.023020070300306835,0.3558940010677916,0.0694775360612163,903.0,0.020133779264214047,6.02,4.9260802537785215,1.0,34.0,4.0,7.868482656275152,0.7411842798406533,0.4023002569435948,4.104905239687849,8.0,0.010419145099623656,0.04170308305981615,0.2491469712626616,0.03877425740775722
26,FEAR,0,0,60,60,30,5.0,1.0,743.0,0.02590655509065551,6.191666666666666,7.54243090050475,2.0,72.0,4.0,7.3638802639481185,0.725132637753762,0.24934481467615124,8.568967921896792,21.0,0.031802386226457105,0.11045924900211809,0.11906034898718003,0.01571845753830952,3136.0,0.10934449093444909,26.133333333333333,22.51793112659825,3.0,140.0,20.0,7.508947369101135,0.7182912165413188,0.4435398990441413,2.7058926080892607,7.0,0.007167616000375034,0.040852298517967664,0.38305256947362226,0.06306030638465723,1023.0,0.022809364548494984,6.82,7.250351715606629,2.0,74.0,4.0,7.720063414302749,0.7466756120168786,0.34944721439410364,3.437123745819398,6.0,0.008178267603420802,0.03683753686572681,0.2987096593842499,0.0502548278972541
26,FEAR,1,30,90,60,30,5.0,1.0,656.0,0.02287308228730823,5.466666666666667,7.506034609269768,1.0,72.0,4.0,7.3234788952131655,0.6584343008358995,0.221029821483851,11.696304044630404,52.0,0.04494245396903531,0.10336523419635504,0.09925221563400814,0.029343335386748923,2563.0,0.08936541143654114,21.358333333333334,19.966762311957897,2.0,137.0,17.0,7.478695137795654,0.6967619846122368,0.373818974394865,2.654463040446304,6.0,0.006951525380026485,0.033658053415083176,0.3893190223935863,0.06573308535841962,936.0,0.020869565217391306,6.24,6.800176468298451,1.0,67.0,4.0,7.746384389365508,0.7360067249803832,0.30909551558145426,3.3598885172798214,6.0,0.007919088984160477,0.03637224193268157,0.30465312702732694,0.048101138720990214
26,FEAR,2,60,120,60,30,5.0,1.0,518.0,0.01806136680613668,4.316666666666666,4.565237002488359,1.0,49.0,3.0,7.542552563999778,0.638115842626027,0.2609623133443944,18.314086471408647,49.0,0.07274826248491027,0.15787698596838337,0.05894483368171433,0.01386517031601218,2933.0,0.10226638772663878,24.441666666666666,13.095352759238251,3.0,78.0,22.0,7.713124353182644,0.7068418926033325,0.5486998085813753,2.812133891213389,7.0,0.0076140079462747425,0.0321205409124657,0.3627184731820427,0.048305363923687686,943.0,0.021025641025641025,6.286666666666667,6.7698711624044625,2.0,88.0,4.0,7.7736019942046095,0.7400044420680403,0.3075885328836425,3.417190635451505,7.0,0.008111377971313777,0.043310849030896575,0.30060617229363357,0.050651749198990584
26,AMUSEMENT,0,0,60,60,30,6.0,3.0,652.0,0.022733612273361226,5.433333333333334,6.220575178836404,1.0,54.0,4.0,7.4415037066980965,0.7424595673102153,0.23931510485797716,6.217119944211994,15.0,0.021920672034504173,0.0891706730054464,0.16594577264962793,0.027910896249442374,4242.0,0.14790794979079497,35.35,36.19913673003819,2.0,194.0,23.0,7.361435245426538,0.6243499372432988,0.3197373893410968,2.062866108786611,6.0,0.004465823986498363,0.016330128580985013,0.49988982165735024,0.07660371603005385,936.0,0.020869565217391306,6.24,7.391598834713187,2.0,97.0,4.0,7.729932296951475,0.7397101365672422,0.2766412213740458,3.37520624303233,7.0,0.007970490748430634,0.03910623193608099,0.3055871682184712,0.05470295861090226
26,AMUSEMENT,1,30,90,60,30,6.0,3.0,662.0,0.02308228730822873,5.516666666666667,6.750288059697075,2.0,65.0,4.0,7.423691939981298,0.7611510487933544,0.22061953180420904,3.601638772663877,7.0,0.010931255347327213,0.04821783283729892,0.2879774339032278,0.05370905910112492,1405.0,0.04898884239888424,11.708333333333334,8.772965892761441,1.0,42.0,9.0,7.532659157448965,0.6977379763547679,0.46876158313084304,3.7551255230125524,8.0,0.011576157659716613,0.04368840957691493,0.2729916987855309,0.04366618495626492,984.0,0.02193979933110368,6.56,7.206460064876976,2.0,95.0,4.0,7.754891220415117,0.7365657586848854,0.3110625141392052,3.3431884057971013,6.0,0.007863048341601014,0.042269069634577994,0.30753735166712987,0.052741780885879205
26,AMUSEMENT,2,60,120,60,30,6.0,3.0,596.0,0.02078103207810321,4.966666666666667,5.458835854730282,2.0,56.0,4.0,7.493841085420954,0.733340098556544,0.24141414141414141,3.6374825662482566,7.0,0.011081859522051495,0.06615248416587627,0.2815390975731597,0.044159389230553625,3308.0,0.11534170153417016,27.566666666666666,25.815606821369812,1.0,101.0,20.0,7.274868315405528,0.6185090867700295,0.3603088361452674,2.4511506276150627,5.0,0.006097271544601104,0.010708626551869185,0.4222690941032097,0.07719292690839138,962.0,0.021449275362318842,6.413333333333333,6.716831263491902,1.0,78.0,4.0,7.751219954474279,0.7337089039296605,0.3377035490605428,3.478617614269788,7.0,0.008317508772717407,0.03763654317090964,0.29542594702813896,0.05021732801847116
26,SADNESS,0,0,60,60,30,5.0,3.0,615.0,0.021443514644351465,5.125,5.823891167710239,2.0,49.0,4.0,7.456162910716152,0.7311658265385691,0.24701074617829574,4.152719665271967,9.0,0.013246721282655315,0.0640442866038227,0.24911180280486653,0.04354200945676006,2472.0,0.08619246861924686,20.6,24.147084019952946,1.0,172.0,14.0,7.303973350193937,0.7431505020042317,0.3404548179799191,2.468549511854951,6.0,0.006170376100230889,0.027600573652529665,0.4195839682769659,0.07203332961564161,891.0,0.019866220735785953,5.94,6.141367925796337,1.0,69.0,4.0,7.765300836690207,0.723229028828397,0.3280644199224575,3.6274470457079153,8.0,0.008816936394993003,0.039348259826660945,0.28385700481401444,0.04973090473833577
26,SADNESS,1,30,90,60,30,5.0,3.0,649.0,0.022629009762900977,5.408333333333333,5.838801008959136,1.0,49.0,4.0,7.456549849659668,0.7209700684636513,0.2809263521288838,8.653242677824268,19.0,0.03215648183959775,0.11423266668269329,0.11727108884145052,0.014195839976228095,2212.0,0.07712691771269177,18.433333333333334,14.985400302368376,2.0,83.0,15.0,7.489811149473347,0.7067073027424484,0.4605556403602503,3.2067642956764297,8.0,0.009272118889396759,0.03938485757261966,0.32381566803271616,0.05822310053823919,1101.0,0.024548494983277592,7.34,8.865536268795777,1.0,99.0,5.0,7.664695735644773,0.7582515940516791,0.2996803409696324,3.1294314381270905,5.0,0.007145743080963391,0.04248649062701125,0.32681592233974627,0.05074572127429318
26,SADNESS,2,60,120,60,30,5.0,3.0,859.0,0.02995118549511855,7.158333333333333,9.40256687766106,1.0,86.0,5.0,7.289747711488195,0.7254164979601282,0.26813007107365244,8.550453277545328,30.0,0.03172459360313162,0.08880390993671369,0.1324722225296346,0.03829885543524826,1940.0,0.06764295676429567,16.166666666666668,12.359768965837867,2.0,80.0,12.0,7.5354866452277935,0.7338913967542278,0.5415139775939692,3.422350069735007,8.0,0.010177941469474816,0.041813739808234315,0.3038275783393851,0.05746572279892513,1144.0,0.025507246376811593,7.626666666666667,9.137867487670317,1.0,98.0,5.0,7.680830315291484,0.7592271188167519,0.30558042375410327,3.3173690078037903,8.0,0.007776406066455675,0.04017191689582078,0.3108485856790001,0.05361355483526203
26,NEUTRAL,0,0,60,60,30,5.0,1.0,596.0,0.02078103207810321,4.966666666666667,6.706878724281678,2.0,61.0,3.0,7.352563216668119,0.6897608812617514,0.20136562741561453,5.360808926080892,20.0,0.018322726580171814,0.06398013684753397,0.2142968433605418,0.05215351138714252,2452.0,0.08549511854951186,20.433333333333334,20.36387051182123,2.0,166.0,15.0,7.409568515448302,0.7177360171781663,0.3853900403436913,2.345676429567643,6.0,0.0056541026452422,0.026215818136898886,0.4376331102934736,0.06677846692457791,1035.0,0.023076923076923078,6.9,7.677021992066107,2.0,63.0,4.0,7.69259951054617,0.7413271773546781,0.3273566601993711,3.3067335562987736,6.0,0.007740716631875077,0.030620574740014974,0.3095591557815769,0.0490998170586609
26,NEUTRAL,1,30,90,60,30,5.0,1.0,545.0,0.01900278940027894,4.541666666666667,3.8010871982748418,2.0,29.0,4.0,7.582396643272914,0.6565800057081751,0.34306768558951967,19.12287308228731,43.0,0.07614652555582903,0.16919025774192073,0.05314699636839064,0.0067493313943382755,3089.0,0.10770571827057182,25.741666666666667,18.560709322532787,2.0,105.0,23.0,7.57357277266645,0.6996115771931444,0.5049971554000696,2.656171548117155,6.0,0.00695870398368552,0.03891366406640902,0.3826210133090962,0.04725898675403772,1020.0,0.02274247491638796,6.8,7.43056749739435,2.0,72.0,4.0,7.693296580886527,0.7373130071100116,0.3387096774193548,3.430390189520624,7.0,0.008155671776914845,0.03521152061189134,0.2991346538752335,0.049619611936342053
26,NEUTRAL,2,60,120,60,30,5.0,1.0,723.0,0.025209205020920503,6.025,8.174108004343145,1.0,73.0,4.0,7.323132206315962,0.7338699297918612,0.21603295854433097,6.710774058577406,23.0,0.02399484898561936,0.07982616859816857,0.16748931967212763,0.04405452110229981,3338.0,0.11638772663877267,27.816666666666666,19.045552119997875,1.0,180.0,25.0,7.623707936139963,0.7107667178093314,0.49617414049698594,2.238005578800558,5.0,0.0052017041126073875,0.03675392844400607,0.45655715673650143,0.0633237080294208,980.0,0.02185061315496098,6.533333333333333,6.195338749594103,2.0,50.0,4.0,7.7885498390886765,0.7529696677510136,0.39311270125223613,3.7187959866220734,7.0,0.009123476465174746,0.046436200006689396,0.2748970555468489,0.0423747629452303
26,AWE,0,0,60,60,30,7.0,4.0,572.0,0.019944211994421198,4.766666666666667,6.012810398548161,1.0,42.0,3.0,7.377474299678378,0.6583900767862106,0.22316340674572616,6.414679218967922,32.0,0.022750753020873624,0.0797174253052921,0.17893201167136397,0.041472532117150226,1517.0,0.05289400278940028,12.641666666666667,10.888293280195732,2.0,79.0,9.0,7.52161968287492,0.7637981741485789,0.4329664126446514,2.935041841004184,6.0,0.00813042790337892,0.04156650956628723,0.34742284742392326,0.04702014409119213,1165.0,0.025975473801560758,7.766666666666667,8.799936868460415,1.0,85.0,5.0,7.662499440786793,0.7468452696410129,0.35155649007641415,3.469253065774805,8.0,0.008286084113338268,0.040239565629436175,0.29731315443136025,0.0525691571238678
26,AWE,1,30,90,60,30,7.0,4.0,571.0,0.01990934449093445,4.758333333333334,6.463997516157389,1.0,61.0,3.0,7.362390607683313,0.7103758622613865,0.1818435754189944,3.2398884239888424,5.0,0.00941129589911278,0.04966146681202762,0.31506391213079243,0.04630136429258388,1292.0,0.04504881450488145,10.766666666666667,11.221061546138236,1.0,109.0,8.0,7.436615605106756,0.7612853177942668,0.3582299480669359,2.843305439330544,7.0,0.007744980837523295,0.040027502498686175,0.3624058020695161,0.057506254810697266,1065.0,0.02374581939799331,7.1,7.894935085230277,1.0,85.0,4.0,7.694825791223427,0.7321099771855596,0.34627035213934115,3.347201783723523,7.0,0.007876516052763495,0.032430092806680084,0.3071951718644516,0.05255252680785683
26,DISGUST,0,0,60,60,30,1.0,7.0,625.0,0.02179218967921897,5.208333333333333,5.967126378938377,1.0,57.0,4.0,7.415567435290674,0.6560211731917265,0.2642329421990439,10.36234309623431,42.0,0.03933757603459794,0.10492972467151702,0.11084304177442927,0.03038649145811894,1736.0,0.060529986052998606,14.466666666666667,13.26834160281114,1.0,102.0,11.0,7.441604082060702,0.7109235151297807,0.4066151357181377,3.023152022315202,6.0,0.008500638749223544,0.03503683645223174,0.34309215901172146,0.0638518185100538,1068.0,0.023812709030100333,7.12,7.0194206788499764,1.0,52.0,5.0,7.761478447372516,0.73467597573256,0.36964170316651107,3.5258416945373465,7.0,0.008475978840729355,0.034915509692382295,0.28982709987229743,0.043767559582020735
27,BASELINE,0,0,60,60,30,5.0,6.0,601.0,0.020955369595536958,5.008333333333334,5.719842412359122,2.0,58.0,3.0,7.443509034522379,0.716099428360323,0.2462509865824783,5.284623430962343,13.0,0.018002619457824977,0.07688458235832529,0.2001191195428607,0.04204256271919957,640.0,0.022315202231520222,5.333333333333333,6.044740597320028,1.0,79.0,4.0,7.461395894267024,0.7299054014228321,0.25901089689857504,3.3827754532775454,6.0,0.010011661568393044,0.049706019033914965,0.3047054993433703,0.05440731813124676,805.0,0.017948717948717947,5.366666666666666,5.217172499437687,1.0,57.0,4.0,7.791000292195239,0.7533949208067641,0.3336404316925507,3.6373021181716836,7.0,0.00885000710795867,0.04264663218968029,0.2813194510443592,0.04503505131169285
27,BASELINE,1,30,90,60,30,5.0,6.0,564.0,0.019665271966527197,4.7,5.243408560596182,2.0,55.0,3.0,7.476025790322197,0.7029071770046517,0.23783884144077239,5.952370990237099,12.0,0.02080828147158447,0.08868813637704986,0.17446288410158986,0.03205402120274991,691.0,0.02409344490934449,5.758333333333334,7.103984601772601,1.0,75.0,4.0,7.395804731541276,0.7473734922392212,0.2481806506849315,3.2755927475592745,7.0,0.0095613140653751,0.05242089047990034,0.31456140698512997,0.055103403191497716,762.0,0.016989966555183946,5.08,3.8730177725730446,2.0,28.0,4.0,7.9123461234803845,0.7711196472372942,0.3711513342041426,4.176900780379041,8.0,0.010660740873755167,0.03877493107518627,0.24464428651600487,0.03770273820439797
27,BASELINE,2,60,120,60,30,5.0,6.0,546.0,0.01903765690376569,4.55,4.691925688527756,2.0,37.0,3.0,7.503354722707173,0.6878271918215613,0.2593886462882096,5.625801952580195,21.0,0.019436142657899978,0.07643918200444844,0.19510831352616917,0.04231278907338307,649.0,0.022629009762900977,5.408333333333333,6.5593391858902645,1.0,91.0,4.0,7.447743266454199,0.7412035200996114,0.23404785643070788,3.1904463040446305,6.0,0.009203555899347187,0.05274595957631936,0.3224593518047349,0.055776113880284243,710.0,0.015830546265328874,4.733333333333333,3.3349995835415367,2.0,19.0,3.0,7.948396308031518,0.7642759482805923,0.3771706413521648,4.703433667781494,9.0,0.01242762975765602,0.04968998918872822,0.21726756893096735,0.03305035648604346
27,BASELINE,3,90,150,60,30,5.0,6.0,651.0,0.022698744769874477,5.425,6.888592623557684,2.0,59.0,4.0,7.380155546747407,0.7461517063409597,0.2144606413994169,3.3527196652719664,7.0,0.009885376744840201,0.044398160540390356,0.30771910072990105,0.05214769936318802,581.0,0.020258019525801953,4.841666666666667,3.718189150050809,2.0,24.0,4.0,7.590827126635633,0.7377243443083815,0.36237471087124135,4.1035913528591355,7.0,0.013040299801929141,0.04651566585289491,0.24922168137163567,0.03935757431786027,732.0,0.01632107023411371,4.88,3.5691642345699552,2.0,21.0,3.0,7.931488024687573,0.7691156310150118,0.3738160387286887,4.52628762541806,8.0,0.011833179951067311,0.04497862897377876,0.22584763055496035,0.03458804082169963
27,BASELINE,4,120,180,60,30,5.0,6.0,610.0,0.021269177126917713,5.083333333333333,8.065960712910906,2.0,97.0,4.0,7.301448444165236,0.712348121525005,0.15702078073412312,9.042503486750348,30.0,0.03379203145693424,0.11170857162822494,0.11789898455864822,0.022586177158938955,666.0,0.023221757322175733,5.55,6.774154313762469,2.0,86.0,4.0,7.415695996081317,0.7480010352666097,0.2435281714888134,3.271617852161785,7.0,0.00954461282420918,0.0533759510981064,0.31498567859130583,0.055409350770890806,714.0,0.015919732441471574,4.76,3.3737812614335265,2.0,25.0,3.0,7.9479462017258875,0.7636713350002824,0.37158469945355194,4.555585284280936,9.0,0.011931494242553466,0.050118136265127886,0.22465891899872337,0.035405293408436615
27,BASELINE,5,150,210,60,30,5.0,6.0,532.0,0.018549511854951184,4.433333333333334,7.7413751290638855,2.0,101.0,3.0,7.281981974919095,0.6960199012949307,0.11743180306054557,3.0906903765690377,6.0,0.008784413346928732,0.06546404594160625,0.33314898172945534,0.05362229793688302,722.0,0.02517433751743375,6.016666666666667,7.039156357279062,1.0,77.0,4.0,7.418177306303378,0.7508979199466642,0.2677675585284281,3.2284518828451882,6.0,0.009363243205231893,0.05386315140026715,0.3177533168176821,0.05086245932991118,732.0,0.01632107023411371,4.88,3.692189955387814,2.0,24.0,3.0,7.918314315618421,0.7658562973348274,0.3592630501535312,4.1868004459308805,8.0,0.01069396122795597,0.03591338830776054,0.24408062726092586,0.03778192338833762
27,BASELINE,6,180,240,60,30,5.0,6.0,590.0,0.020571827057182707,4.916666666666667,6.959505889229653,2.0,71.0,3.0,7.352350670994568,0.7231562505845484,0.18170626615782345,3.460216178521618,7.0,0.010337042766897554,0.05170212052804866,0.3002444979010427,0.05565945653644636,724.0,0.025244072524407253,6.033333333333333,7.890324595491761,2.0,83.0,4.0,7.352703131669244,0.743992238845243,0.22968960863697707,3.005334728033473,6.0,0.008425776168207869,0.041092738746972425,0.3413424879937163,0.05581541559896657,718.0,0.01600891861761427,4.786666666666667,3.2590114383898,2.0,19.0,3.0,7.961121540649964,0.7668302355825576,0.38334879406307976,4.656767001114827,9.0,0.01227103020508331,0.047189421615237724,0.21913768214755047,0.03256182461461771
27,BASELINE,7,210,270,60,30,5.0,6.0,611.0,0.021304044630404462,5.091666666666667,6.066981447877427,2.0,50.0,4.0,7.423402293469817,0.7366140895457939,0.22509758565852248,3.749442119944212,8.0,0.011552277814891645,0.057127028144568846,0.2737209995857148,0.04332185094255557,630.0,0.021966527196652718,5.25,6.957909168708658,1.0,100.0,4.0,7.413433012852634,0.7193408567195332,0.20820077765995051,3.1443863319386334,6.0,0.009010026604784177,0.05506112153761979,0.3281081304880163,0.05891142620079741,722.0,0.01609810479375697,4.8133333333333335,3.422253968106725,1.0,22.0,3.0,7.943220977273112,0.7641393013877533,0.37250554323725055,4.350078037904125,8.0,0.01124187261041653,0.038886989801481905,0.23468579548681934,0.03579209748345627
27,BASELINE,8,240,300,60,30,5.0,6.0,637.0,0.022210599721059973,5.308333333333334,6.197843486962936,2.0,52.0,4.0,7.427052242177524,0.7477153290970115,0.2345662224639652,3.6194909344490935,8.0,0.011006264430458379,0.05536206568307633,0.2830467465023162,0.04375145565301709,659.0,0.02297768479776848,5.491666666666666,6.679565646224478,1.0,85.0,4.0,7.417055283760683,0.7315521943781493,0.23779167668992063,3.2274058577405857,6.0,0.009358848141767172,0.0507325648283168,0.3188051491823155,0.055324724389803806,723.0,0.01612040133779264,4.82,3.3046835451118963,1.0,19.0,3.0,7.957194809905496,0.7654997886244016,0.39,4.8015607580824975,10.0,0.012756915295578845,0.047751913363096546,0.21374535796813457,0.03475033749607873
27,ANGER,0,0,60,60,30,2.0,3.0,593.0,0.020676429567642957,4.941666666666666,4.92577546066494,2.0,45.0,4.0,7.525891475482404,0.7000693223806614,0.2943417793865498,13.839993026499302,32.0,0.05394955053150966,0.14137112514896044,0.07438308624017523,0.012178722765275318,1303.0,0.045432357043235706,10.858333333333333,16.13551767237592,2.0,172.0,6.0,7.120987117459414,0.7815184293294047,0.2768100163309744,2.3738145048814503,5.0,0.00577232985244307,0.03960180188559387,0.4309030312087739,0.062339249495941836,1026.0,0.022876254180602008,6.84,6.864478615792073,2.0,57.0,3.0,7.707572737657859,0.7811366889461641,0.44632465543644717,3.611282051282051,7.0,0.008762691447255208,0.03543783923431024,0.2841763039601841,0.04778438934006405
27,ANGER,1,30,90,60,30,2.0,3.0,623.0,0.021722454672245466,5.191666666666666,6.261384076668317,1.0,58.0,4.0,7.424694124110589,0.7120499045206183,0.23209404045926735,6.052370990237099,22.0,0.021228449538811343,0.07734362658085946,0.1799157711301906,0.04010755188121482,879.0,0.030648535564853557,7.325,9.094561103575405,1.0,84.0,5.0,7.273351647990665,0.7528997648644215,0.3303196641911527,3.0407252440725245,6.0,0.00857447581543077,0.04255222340256951,0.33842213781376623,0.058447206998199636,835.0,0.018617614269788182,5.566666666666666,4.384695605803846,2.0,36.0,3.0,7.875735677115616,0.771986391117196,0.38479916380468865,4.3706131549609815,8.0,0.011310782399197911,0.044590299244782916,0.2349809368569659,0.04011789180903874
27,ANGER,2,60,120,60,30,2.0,3.0,644.0,0.022454672245467225,5.366666666666666,8.950263807409378,2.0,98.0,4.0,7.273329687746207,0.7333884584792424,0.14390342052313884,5.430299860529986,22.0,0.01861470529634448,0.06319961554669558,0.20779752238016774,0.05632103173537779,647.0,0.022559274755927474,5.391666666666667,5.778257859328266,2.0,74.0,4.0,7.477497457165354,0.7487682673406384,0.2759929906542056,3.3138075313807533,6.0,0.00972188038395275,0.053430154331162105,0.309493007138321,0.051429340241272825,862.0,0.019219620958751394,5.746666666666667,4.838300895516479,1.0,24.0,3.0,7.82484630805523,0.77840303115818,0.3945810864132579,4.5146934225195094,10.0,0.011794273229931249,0.03878947177805822,0.2279031948923398,0.03918051888576096
27,ENTHUSIASM,0,0,60,60,30,7.0,7.0,629.0,0.021931659693165968,5.241666666666666,5.552020403020467,2.0,46.0,4.0,7.470344176114681,0.740593592884783,0.2638605308622585,3.931834030683403,8.0,0.012318630381022707,0.05871488679052682,0.26193817582585727,0.04435997178651,647.0,0.022559274755927474,5.391666666666667,7.092596883762361,1.0,101.0,4.0,7.416078151744282,0.7431217937970946,0.21220995719756702,3.117712691771269,6.0,0.0088979524864339,0.05465778280975479,0.3306448592939912,0.05840948028503672,768.0,0.017123745819397993,5.12,4.135085650060145,2.0,24.0,3.0,7.88106746988726,0.772157691874141,0.36760342119043465,4.130323299888517,8.0,0.010504440603652743,0.031832580023132065,0.24745797964599395,0.03889145027790333
27,ENTHUSIASM,1,30,90,60,30,7.0,7.0,613.0,0.021373779637377965,5.108333333333333,5.79266178501348,2.0,44.0,4.0,7.441680247929028,0.7297268880269651,0.24705882352941178,4.837587168758717,13.0,0.01612431583512065,0.07146443381701635,0.22033371424755396,0.045784654778991636,727.0,0.025348675034867502,6.058333333333334,8.304412314480109,1.0,91.0,4.0,7.337303195392691,0.7499897623623115,0.21308458127666693,2.920676429567643,6.0,0.008070069031796821,0.04381316122459886,0.3508022679976018,0.055219449061250515,785.0,0.01750278706800446,5.233333333333333,4.414244618907697,2.0,24.0,3.0,7.862289804589546,0.7762557606664485,0.37415946205571565,4.098127090301003,8.0,0.010396399631882563,0.0299522355950089,0.2503178089536525,0.04222872221352876
27,ENTHUSIASM,2,60,120,60,30,7.0,7.0,545.0,0.01900278940027894,4.541666666666667,5.19678720193758,1.0,49.0,3.0,7.465850360008894,0.6970000853143572,0.2210404177141752,3.7083333333333335,8.0,0.011379551820728294,0.06163111011254328,0.276262561249876,0.04279134981329105,718.0,0.02503486750348675,5.983333333333333,8.151158745165553,1.0,91.0,4.0,7.358321063740602,0.7525113266580126,0.21478659856289498,3.033542538354254,6.0,0.008544296379639715,0.051300489302227824,0.33907577074998396,0.05681360908010424,734.0,0.016365663322185062,4.8933333333333335,3.4188627088875947,1.0,26.0,3.0,7.947345754766319,0.7647050757521345,0.3845152895250488,4.50742474916388,9.0,0.011769881708603616,0.04856291604359327,0.2268653140007104,0.035525875246868524
27,LIKING,0,0,60,60,30,6.0,6.0,569.0,0.01983960948396095,4.741666666666666,4.61969665911326,2.0,34.0,4.0,7.513832625141134,0.6567602682598308,0.2974413646055437,10.466248256624826,41.0,0.03977415233875977,0.10272839027332722,0.1091344625358578,0.028070809685698393,731.0,0.025488145048814505,6.091666666666667,7.381277930608553,2.0,71.0,4.0,7.384489741810231,0.7589195517263251,0.25263157894736843,3.1900278940027893,6.0,0.009201797873961302,0.04942942406695914,0.32082280626763904,0.04981764886882647,799.0,0.0178149386845039,5.326666666666667,4.6317695202685645,1.0,36.0,3.0,7.84846936360216,0.770122492101439,0.3537078651685393,3.9135340022296545,7.0,0.009776959739025681,0.029222834999010665,0.2616820072329313,0.04291787013203305
27,LIKING,1,30,90,60,30,6.0,6.0,573.0,0.01997907949790795,4.775,5.329888210209792,2.0,53.0,3.0,7.483865396842891,0.7138312186923225,0.23743718592964824,3.8595885634588565,9.0,0.012015077997726283,0.06816071445118584,0.26672916157395127,0.044561758591748483,664.0,0.02315202231520223,5.533333333333333,6.461338010728807,2.0,81.0,4.0,7.447836528316744,0.7488075701229295,0.24725685785536158,3.21813110181311,6.0,0.00931987857904668,0.05617774917189445,0.3184731095582179,0.05145753856060659,747.0,0.01665551839464883,4.98,3.3565259818250572,1.0,19.0,3.0,7.954413031722184,0.7679515440699651,0.39566802487668884,4.955674470457079,9.0,0.013274075404218384,0.05224700550995573,0.20579724621701645,0.030418489986004632
27,FEAR,0,0,60,60,30,4.0,4.0,602.0,0.02099023709902371,5.016666666666667,6.088901561219579,2.0,62.0,4.0,7.436579317118344,0.7316998675112948,0.22018348623853212,3.784344490934449,8.0,0.01169892643249768,0.05845055020894645,0.27573565964068664,0.05239380887999545,581.0,0.020258019525801953,4.841666666666667,3.5753690563197655,2.0,23.0,4.0,7.598552887804783,0.7319167265828576,0.36563993627190655,4.313528591352859,8.0,0.01392238903929774,0.051960681095394326,0.23702648977627044,0.03678851010159672,793.0,0.017681159420289853,5.286666666666667,4.474128096313541,2.0,38.0,3.0,7.863473329483841,0.7722127643422034,0.3598875351452671,4.018283166109253,8.0,0.010128467000366622,0.030641352620312288,0.2552501914030223,0.04304685385622094
27,FEAR,1,30,90,60,30,4.0,4.0,621.0,0.021652719665271967,5.175,5.581461128892087,1.0,50.0,4.0,7.460363194678198,0.6904704204678965,0.27625967461696416,10.206624825662482,38.0,0.03868329758681715,0.10831383902179816,0.10820700959127393,0.0246725321297884,589.0,0.020536959553695954,4.908333333333333,3.6866783453702907,1.0,22.0,4.0,7.590041510545312,0.7301548912974997,0.37376048817696417,4.914993026499302,12.0,0.016449550531509666,0.056239145701528666,0.2117550748297848,0.04015435243554016,755.0,0.016833890746934223,5.033333333333333,3.549491356362047,2.0,27.0,3.0,7.940460884861928,0.7724376803298373,0.38662613981762917,4.425061315496098,9.0,0.01149349434730234,0.043612352060584864,0.23152267211008518,0.03768011168176349
27,FEAR,2,60,120,60,30,4.0,4.0,614.0,0.021408647140864715,5.116666666666666,7.036432966275519,2.0,81.0,4.0,7.367599363868045,0.7423360930425136,0.18703506907545164,3.299128312412831,7.0,0.009660202993331228,0.062436196918238124,0.31206240712915473,0.05200973549273712,596.0,0.02078103207810321,4.966666666666667,3.6513315683764223,1.0,26.0,4.0,7.602619872057368,0.7309037775448378,0.38597376387487387,4.304567642956764,9.0,0.013884737995616661,0.05069754252370498,0.23832474398337974,0.039342455131199286,756.0,0.0168561872909699,5.04,3.3692333450405796,1.0,18.0,3.0,7.95453648158415,0.7709037182860713,0.40235442505780955,4.8652396878483835,10.0,0.012970602979356989,0.04823412926091119,0.21031091331197946,0.03320670203187797
27,AMUSEMENT,0,0,60,60,30,7.0,7.0,692.0,0.02412831241283124,5.766666666666667,6.406680541087995,2.0,58.0,4.0,7.444884369970041,0.745981213788131,0.2772373540856031,8.310913528591353,23.0,0.030718124069711573,0.10493200828107233,0.1258593130992508,0.022889918592245574,693.0,0.02416317991631799,5.775,6.29942126971465,2.0,75.0,4.0,7.438650329855704,0.7499803587902479,0.2810060711188205,3.3052649930264995,6.0,0.009685987365657567,0.043664049871649714,0.3104759944663102,0.05169310658694627,764.0,0.017034559643255294,5.093333333333334,4.029634667752842,1.0,29.0,3.0,7.892845810840672,0.7664126262013349,0.3699442746719396,4.156521739130435,8.0,0.01059235482929677,0.03539596423458521,0.24631327872980796,0.0397465114351625
27,AMUSEMENT,1,30,90,60,30,7.0,7.0,652.0,0.022733612273361226,5.433333333333334,5.763004617577728,2.0,61.0,4.0,7.470284629848873,0.7486835610581719,0.27486910994764396,3.532949790794979,7.0,0.010642646179810842,0.06215342666024964,0.2905310815146726,0.04789752084624141,742.0,0.02587168758716876,6.183333333333334,6.0449473851216355,2.0,30.0,4.0,7.3963985966601875,0.7319584477131985,0.41805369942898796,4.216004184100418,8.0,0.01351262262227067,0.05492460566297934,0.2420350664835733,0.03581034094598543,721.0,0.016075808249721293,4.806666666666667,3.2745415285536117,1.0,23.0,3.0,7.956932909634741,0.7621955391392732,0.3859407305306685,4.622831661092531,8.0,0.012157153225142716,0.048867310293612874,0.2210379278449715,0.03418142792737841
27,AMUSEMENT,2,60,120,60,30,7.0,7.0,671.0,0.023396094839609485,5.591666666666667,7.4520644045048945,1.0,50.0,4.0,7.267577059235897,0.6834481767656506,0.2207285787583376,3.919804741980474,18.0,0.012268087151178464,0.038574062039123606,0.27753319355159173,0.055481156407473815,1077.0,0.037552301255230125,8.975,11.714280814458908,1.0,59.0,4.0,7.083387008492121,0.7436496148542265,0.3873323754789272,3.257426778242678,7.0,0.009484986463204528,0.029541960983851732,0.31696872712963364,0.05873000169168523,716.0,0.01596432552954292,4.773333333333333,3.187782231513871,1.0,19.0,3.0,7.965230195419093,0.7611675911807491,0.38689067676289635,4.763344481605351,10.0,0.01262867275706495,0.04583791905131353,0.21508633198156465,0.034604763214453146
27,SADNESS,0,0,60,60,30,4.0,4.0,611.0,0.021304044630404462,5.091666666666667,8.128136146880307,1.0,86.0,4.0,7.308289944377222,0.717395694562632,0.15362485615650173,7.973430962343096,29.0,0.02930013009387855,0.09256682866009266,0.13860800289406866,0.036268784920462094,1004.0,0.03500697350069735,8.366666666666667,11.188113732389786,1.0,122.0,5.0,7.197862277862587,0.7486467918598625,0.3242628362403533,2.850418410041841,6.0,0.007774867269083363,0.04317373423601373,0.36202232852540134,0.0647494726093784,772.0,0.017212931995540692,5.1466666666666665,4.127770450120608,1.0,27.0,3.0,7.883510080201592,0.7624755745343981,0.37154768108389785,4.21736900780379,8.0,0.010796540294643596,0.04156701284810694,0.2425477055164892,0.03825497449758525
27,SADNESS,1,30,90,60,30,4.0,4.0,536.0,0.018688981868898186,4.466666666666667,5.720479777858575,1.0,70.0,3.0,7.459209893981361,0.6657636605113313,0.20276577355229042,13.030299860529986,38.0,0.05054747840558818,0.13542889201878192,0.08258372081728105,0.018912080635400137,628.0,0.02189679218967922,5.233333333333333,4.395515391345542,1.0,33.0,4.0,7.546335360183304,0.7359137554657503,0.34960819770946355,3.986436541143654,9.0,0.012548052693880896,0.04060735736961996,0.25924328760844084,0.04646899913549327,725.0,0.016164994425863992,4.833333333333333,3.5551215012835904,2.0,27.0,3.0,7.930422496661354,0.7661555201726826,0.3644919786096257,4.225953177257525,8.0,0.010825346232407806,0.04035515163307693,0.24183581978010404,0.03742461336403457
27,SADNESS,2,60,120,60,30,4.0,4.0,640.0,0.022315202231520222,5.333333333333333,7.210332092829629,2.0,88.0,4.0,7.403280014563465,0.7478646625074651,0.2003994673768309,3.7396094839609484,11.0,0.011510964218323313,0.06343094344752319,0.2830982916291397,0.05929897058568242,583.0,0.020327754532775452,4.858333333333333,3.577233179738528,1.0,25.0,4.0,7.604661874487615,0.7291053578845762,0.3701453104359313,4.49431659693166,8.0,0.014682002508116224,0.056403531522869824,0.22753677392887853,0.035470983979368736,726.0,0.016187290969899664,4.84,3.3006665993402,2.0,20.0,3.0,7.958512106698487,0.7709696653249284,0.38738127544097695,4.644503901895206,9.0,0.012229878865420157,0.040890111222048976,0.22041182361463488,0.035081192276882736
27,NEUTRAL,0,0,60,60,30,5.0,5.0,574.0,0.0200139470013947,4.783333333333333,4.208490096090151,2.0,30.0,4.0,7.553114974188841,0.6561218933482998,0.3393064929020247,20.08382147838215,48.0,0.0801841238587485,0.16605516280575788,0.05155537293239663,0.009074656188305875,883.0,0.030788005578800556,7.358333333333333,10.52084900988931,1.0,122.0,5.0,7.294105399741497,0.7751313783573347,0.22543260835053183,2.7467573221757324,5.0,0.007339316479729961,0.04189608877015679,0.3731302357394016,0.058299907183758326,757.0,0.016878483835005575,5.046666666666667,4.447975819278797,2.0,47.0,3.0,7.85450262555379,0.7532053087521751,0.3288011938318687,3.884927536231884,8.0,0.009680964886684181,0.039334947631689286,0.26365896300173164,0.04252877566859738
27,NEUTRAL,1,30,90,60,30,5.0,5.0,723.0,0.025209205020920503,6.025,7.964988491307861,1.0,77.0,4.0,7.345422751776425,0.7746034646781905,0.20513960519295749,3.2061018131101813,6.0,0.009269335349202433,0.046465788764882505,0.3201968491755545,0.05252746212056561,1002.0,0.03493723849372385,8.35,12.902616013816733,1.0,162.0,5.5,7.223914533027521,0.7777943663731338,0.2130787798990564,2.5034170153417015,5.0,0.0063168782157214335,0.047745970797713096,0.4094720054561699,0.06260176768752075,792.0,0.01765886287625418,5.28,4.728805345962128,1.0,38.0,3.0,7.820783137534155,0.756743530503211,0.3572064056939502,3.907447045707915,7.0,0.009756533710429248,0.03759136650620365,0.2617699610412488,0.04158084609036939
27,NEUTRAL,2,60,120,60,30,5.0,5.0,684.0,0.02384937238493724,5.7,6.225083667443087,2.0,47.0,4.0,7.439855385154017,0.7580949373316221,0.2647171010807374,4.776813110181311,8.0,0.015868962647820648,0.0788871669736245,0.21203698949248448,0.024714741334133542,1733.0,0.060425383542538354,14.441666666666666,20.170232122831134,2.0,224.0,8.0,7.211773549580099,0.795144236013054,0.2849199195729044,2.0370990237099025,4.0,0.004357558923150854,0.04436325335310871,0.4953147579270342,0.047629492869328174,756.0,0.0168561872909699,5.04,4.352593096840855,2.0,52.0,3.0,7.8807641101865045,0.7629420426208352,0.3337856173677069,3.9013823857302117,7.0,0.00973618250245037,0.04574012713725151,0.26324114236232304,0.044556674901629255
27,AWE,0,0,60,60,30,7.0,7.0,578.0,0.0201534170153417,4.816666666666666,5.345532922190474,2.0,49.0,4.0,7.478761235354701,0.6974802005106627,0.2528837622005324,15.961820083682008,35.0,0.06286479026757145,0.15532880300831958,0.06506153165010459,0.01154145247943254,834.0,0.02907949790794979,6.95,7.797275165081709,1.0,80.0,5.0,7.356468692743251,0.7488287627086863,0.3201174743024963,3.22918410041841,5.0,0.009366319749657192,0.04903177180000337,0.31716537708993936,0.05024535784978043,761.0,0.01696767001114827,5.073333333333333,4.423568192709993,2.0,40.0,3.0,7.849356192849594,0.7531591913303988,0.34299917149958575,3.9324637681159422,8.0,0.009840482443342088,0.036582653083232095,0.2603768883998747,0.04199380135288152
27,AWE,1,30,90,60,30,7.0,7.0,689.0,0.02402370990237099,5.741666666666666,8.00103725914473,2.0,68.0,4.0,7.319306313085984,0.7692854903827421,0.19125034249703168,3.672629009762901,8.0,0.011229533654465978,0.05348742623593847,0.28437783691699925,0.055132496043336164,857.0,0.02988145048814505,7.141666666666667,8.341458538862108,1.0,80.0,4.0,7.286792507800599,0.7369312551065865,0.33585543230735326,3.2082635983263597,7.0,0.00927841848036286,0.039747081160761026,0.32022932169065155,0.053557794768763,761.0,0.01696767001114827,5.073333333333333,3.9464695896740696,1.0,29.0,3.0,7.8918656357301735,0.7569266313729496,0.37527593818984545,4.379241917502787,9.0,0.011339737978197274,0.03929066070426682,0.23411011226764125,0.03858412570442901
27,DISGUST,0,0,60,60,30,7.0,8.0,615.0,0.021443514644351465,5.125,6.479535091347218,2.0,49.0,3.5,7.391086619926314,0.7324524029871609,0.22217821782178218,4.548047419804742,9.0,0.014907762268087151,0.07933607195000394,0.22429605317973414,0.03242974367555649,990.0,0.034518828451882845,8.25,7.473006980682765,1.0,56.0,6.0,7.463472402385893,0.7463785696064071,0.46148857986886666,3.8826708507670853,9.0,0.012112062398181033,0.05760758832488054,0.26683191620433894,0.048168586830766205,769.0,0.01714604236343367,5.126666666666667,3.7873414891656596,1.0,23.0,3.0,7.921267442854429,0.767663581028435,0.3847887323943662,4.2902118171683385,8.0,0.01104097925224275,0.04033738334707216,0.2377811756711527,0.035332877841198713
28,BASELINE,0,0,60,60,30,5.0,2.0,654.0,0.02280334728033473,5.45,6.015743234768806,2.0,53.0,4.0,7.4530460385664625,0.7474669649173943,0.25644560871363575,3.821792189679219,8.0,0.011856269704534534,0.048638570900277685,0.2730820632893921,0.05239069477178262,649.0,0.022629009762900977,5.408333333333333,6.570129163283034,2.0,91.0,4.0,7.446346842175456,0.7481294410098758,0.23728391991045888,3.2364016736401675,6.0,0.009396645687563729,0.053392243998713375,0.3184773702308738,0.05657123180693903,882.0,0.019665551839464883,5.88,5.674410395215818,1.0,61.0,4.0,7.795400302186167,0.7087544108661756,0.3560324063936939,3.72494983277592,7.0,0.009144126955623888,0.04034721294946267,0.2760259498047038,0.047681757731152116
28,BASELINE,1,30,90,60,30,5.0,2.0,615.0,0.021443514644351465,5.125,5.046554104865352,2.0,42.0,4.0,7.51130976607144,0.7279353080333005,0.29662077596996245,4.6705718270571825,13.0,0.015422570701920935,0.07197134343622477,0.22503435960487833,0.04269395619800328,632.0,0.02203626220362622,5.266666666666667,6.5982741851352475,1.0,94.0,4.0,7.446816847672885,0.7357854905217861,0.2249715944956445,3.207566248256625,6.0,0.009275488438053044,0.05672126775094042,0.32146507209207476,0.057341858915228916,894.0,0.019933110367892977,5.96,5.970907245413659,1.0,58.0,4.0,7.7725226893392145,0.7068214287481237,0.34839501124514416,3.7382385730211816,8.0,0.009188720043695245,0.033952157216868034,0.27531026603653874,0.04825648952019238
28,BASELINE,2,60,120,60,30,5.0,2.0,611.0,0.021304044630404462,5.091666666666667,5.741654571830511,2.0,51.0,4.0,7.467876166813717,0.7277674209404099,0.24674721189591078,4.072977684797769,12.0,0.012911670944528443,0.05421228327396083,0.2605863140773743,0.053393143656317636,647.0,0.022559274755927474,5.391666666666667,6.347303670763586,2.0,77.0,4.0,7.43092304530497,0.7432189226516182,0.24426784783741531,3.319002789400279,6.0,0.009743709199160839,0.04306048696940565,0.3100518101953945,0.054408359618748646,878.0,0.019576365663322184,5.8533333333333335,4.983153842921391,1.0,50.0,4.0,7.847149164327785,0.7104818206692155,0.40308039068369644,4.057971014492754,9.0,0.010261647699640114,0.04034385217012669,0.25369457703098663,0.04443859209619796
28,BASELINE,3,90,150,60,30,5.0,2.0,611.0,0.021304044630404462,5.091666666666667,5.4405818214190615,2.0,39.0,4.0,7.473242293580661,0.7283131128990714,0.2627230667547918,4.138668061366806,8.0,0.01318768093011263,0.062037283451257474,0.2500337712854395,0.045079825719760123,657.0,0.02290794979079498,5.475,6.8992300295032924,1.0,95.0,4.0,7.423829416462987,0.7375681745455789,0.22572815533980584,3.1709902370990237,6.0,0.009121807718903465,0.052950499691362216,0.3250423805662551,0.05765280191508362,839.0,0.01870680044593088,5.593333333333334,4.375075872357974,2.0,25.0,4.0,7.868738558111579,0.6983323719394927,0.43315985130111523,4.488383500557414,9.0,0.011705984901199375,0.04235349326249611,0.22829750493080755,0.03679348223062225
28,BASELINE,4,120,180,60,30,5.0,2.0,607.0,0.02116457461645746,5.058333333333334,6.197171173652989,1.0,61.0,4.0,7.416926436368053,0.7306714510599019,0.22186085972850678,3.764783821478382,8.0,0.011616738745707489,0.0675062176362042,0.27291130598125213,0.04450867733588694,573.0,0.01997907949790795,4.775,3.818731246544241,1.0,35.0,3.0,7.582420196372665,0.7276434149141193,0.33810375670840787,4.052824267782427,8.0,0.012826992721774904,0.05308655163159905,0.2529377082218968,0.04168503247890581,769.0,0.01714604236343367,5.126666666666667,3.7934973602498028,2.0,27.0,4.0,7.925019209178093,0.7048428427529024,0.3977869467366842,4.447023411371237,8.0,0.011567192655608176,0.04250772889511278,0.23006051361668758,0.036454356759333464
28,BASELINE,5,150,210,60,30,5.0,2.0,487.0,0.01698047419804742,4.058333333333334,4.595823889382862,1.0,58.0,3.0,7.499718229242943,0.5480415999559001,0.24602385685884692,20.43936541143654,74.0,0.08167800593040563,0.14777466471377798,0.056969407534915195,0.01617674602542953,593.0,0.020676429567642957,4.941666666666666,4.612114181394713,1.0,40.0,3.0,7.519495113341646,0.73313136564069,0.298159509202454,3.744560669456067,7.0,0.011531767518722964,0.044582935420352514,0.27369024786856405,0.04471862358322322,751.0,0.016744704570791528,5.006666666666667,3.593506489334462,1.0,24.0,4.0,7.938695805668813,0.6986585302569285,0.4003234937323089,4.859620958751393,12.0,0.012951748183729496,0.046227370243358115,0.21271273524955825,0.03827021473253814
28,BASELINE,6,180,240,60,30,5.0,2.0,568.0,0.0198047419804742,4.733333333333333,7.290099831659067,2.0,85.0,3.0,7.323994794242715,0.7111978601247728,0.15427159331607437,5.8690027894002785,18.0,0.02045799491344655,0.08654526262800069,0.18442551109215904,0.039466213635103,569.0,0.01983960948396095,4.741666666666666,4.5018437580864825,1.0,39.0,3.0,7.527177692078805,0.7202616274191352,0.2940144705108529,4.251150627615063,9.0,0.013660296754685131,0.05781955028182395,0.24179870238448528,0.04085115654258608,774.0,0.01725752508361204,5.16,3.7221499163789735,2.0,23.0,4.0,7.931213640713389,0.7028720941106524,0.4060022650056625,4.5373021181716835,10.0,0.011870141336146596,0.042446203216780685,0.22568214268932293,0.03628771848473803
28,BASELINE,7,210,270,60,30,5.0,2.0,592.0,0.020641562064156207,4.933333333333334,5.709981513883288,1.0,55.0,4.0,7.450684736699558,0.6751945904136952,0.2475564813331197,12.038319386331938,42.0,0.0463794932198821,0.12258549359479301,0.09122752601238654,0.021626888648765427,579.0,0.020188284518828453,4.825,4.2927506721603725,2.0,44.0,4.0,7.561060273114561,0.7281212286892552,0.30637144148215095,3.952126917712692,8.0,0.012403894612238195,0.05271955522893395,0.26032871108696337,0.04556835108953219,831.0,0.018528428093645483,5.54,5.171885536243043,2.0,56.0,4.0,7.817769908816987,0.7076328155478951,0.35260115606936415,3.9404013377926423,8.0,0.009867118583196787,0.03980146549613266,0.26160227735645686,0.04691590935874245
28,BASELINE,8,240,300,60,30,5.0,2.0,608.0,0.021199442119944213,5.066666666666666,5.714358134461726,2.0,50.0,4.0,7.436630913838821,0.6972225617754759,0.2548896886246284,8.51223849372385,27.0,0.03156402728455399,0.09295611875151998,0.13352115351213964,0.03435637819764505,541.0,0.01886331938633194,4.508333333333334,3.0468449072588006,1.0,26.0,3.0,7.652615609401622,0.7191223280646656,0.37749003984063745,4.870048814504881,11.0,0.016260709304642358,0.06913401812257668,0.21183275498513515,0.036826565933125416,893.0,0.0199108138238573,5.953333333333333,5.587291134550107,1.0,59.0,4.0,7.794174354579274,0.7159203009002457,0.37261146496815284,3.7805574136008917,7.0,0.009330729575841917,0.038617474101194246,0.27177876117570104,0.04625582297593408
28,ANGER,0,0,60,60,30,2.0,7.0,593.0,0.020676429567642957,4.941666666666666,5.371678560334335,1.0,47.0,4.0,7.4792459840823255,0.6805628533038263,0.2643103448275862,12.81115760111576,43.0,0.049626712609730075,0.11669925222266572,0.08734461671999011,0.024196461078707106,684.0,0.02384937238493724,5.7,6.352952069707436,1.0,83.0,4.0,7.4659082626432145,0.749490810554344,0.2673119880863738,3.227231520223152,6.0,0.009358115631189708,0.048618144450187466,0.3183756431493991,0.05401362130001761,1168.0,0.02604236343366778,7.786666666666667,9.489353098194956,1.0,77.0,4.0,7.588636476979377,0.7239093331844434,0.3500513203321825,3.35123745819398,7.0,0.00789005858454355,0.027207068682971937,0.30771062840829444,0.05529911674366394
28,ANGER,1,30,90,60,30,2.0,7.0,569.0,0.01983960948396095,4.741666666666666,5.120214567986602,2.0,50.0,4.0,7.491624358220418,0.6810548168300793,0.25933649289099525,15.071861924686193,35.0,0.05912547027179072,0.14595735528073597,0.06998641606643274,0.014753063763734824,738.0,0.025732217573221756,6.15,6.915742910201334,2.0,73.0,5.0,7.442191255369941,0.7567493656393132,0.27641509433962264,3.2463389121338913,7.0,0.009438398790478537,0.05289174793153304,0.3157946990845594,0.04995620975781429,898.0,0.020022296544035676,5.986666666666666,5.355354537490699,1.0,64.0,4.0,7.864717365866202,0.728704248739508,0.36252847380410025,3.858483835005574,7.0,0.009592227634246893,0.04632961391221582,0.26572906600269985,0.04320405394122659
28,ANGER,2,60,120,60,30,2.0,7.0,610.0,0.021269177126917713,5.083333333333333,6.39411621901121,2.0,66.0,4.0,7.412736932238929,0.7303350518515359,0.21130187914019197,5.248779637377964,11.0,0.017852015283100688,0.08231253022742611,0.19550641207646097,0.031223025595187522,782.0,0.027266387726638773,6.516666666666667,7.923575932339864,1.0,81.0,5.0,7.39139679903093,0.7535648953875655,0.26206954760297096,3.073884239888424,7.0,0.00871379932726228,0.046660736599775786,0.33412613025699095,0.05460626630904999,913.0,0.02035674470457079,6.086666666666667,5.8217255937470025,1.0,70.0,4.5,7.83229716795916,0.7201049150246067,0.3432360197368421,3.8006465997770347,9.0,0.009398142952271926,0.04488712899549528,0.27152676185800545,0.04818812767018432
28,ENTHUSIASM,0,0,60,60,30,7.0,5.0,546.0,0.01903765690376569,4.55,6.192535829528967,2.0,61.0,3.0,7.392136635144141,0.7074487613691598,0.17477064220183486,3.963110181311018,8.0,0.012450042778617724,0.07305638030602672,0.2596932515593473,0.04385379693668196,762.0,0.026569037656903764,6.35,6.633438022624468,1.0,65.0,4.0,7.403407702803897,0.7375167023908438,0.3542802180185957,4.150941422594142,8.0,0.013239249674765308,0.05872170412689334,0.24660934189031233,0.03800711610759828,819.0,0.018260869565217393,5.46,4.596563934070753,1.0,30.0,4.0,7.85446101935443,0.705968090306364,0.3702726473175022,4.182876254180602,9.0,0.010680792799263766,0.03259770071004582,0.24595585350759805,0.042992070167888544
28,ENTHUSIASM,1,30,90,60,30,7.0,5.0,587.0,0.020467224546722455,4.891666666666667,6.745734248809062,1.0,85.0,4.0,7.393708118166941,0.7151277789404724,0.18244028405422855,4.834902370990237,15.0,0.016113035172227896,0.0756076327531802,0.22253526015223818,0.05081388229084908,677.0,0.023605299860529987,5.641666666666667,5.957202689928294,1.0,71.0,4.0,7.4418826284035156,0.7277380619877248,0.3023915687069315,3.4028591352859134,6.0,0.010096046786915594,0.04967730584262758,0.3022642847437279,0.05239480848247215,836.0,0.018639910813823858,5.573333333333333,5.253375634347457,1.0,58.0,4.0,7.807251710716401,0.7099280434331608,0.35225417556197414,3.76644370122631,7.0,0.009283368124920498,0.04107824326280024,0.2724786697614447,0.04579001569668963
28,ENTHUSIASM,2,60,120,60,30,7.0,5.0,610.0,0.021269177126917713,5.083333333333333,5.858872663652018,2.0,42.0,4.0,7.439945168779758,0.6888888617188474,0.2509833585476551,17.56757322175732,47.0,0.06961165219225765,0.15834048172376708,0.058698815992608865,0.009889839912601315,655.0,0.02283821478382148,5.458333333333333,5.52554044616653,1.0,61.0,4.0,7.462880634384386,0.7264339169661012,0.30756379100850545,3.600697350069735,7.0,0.010927299790208976,0.04507724475419063,0.28604995643344927,0.04997295566068818,885.0,0.019732441471571906,5.9,5.387330817142505,1.0,52.0,4.0,7.804065907075162,0.7096924102116972,0.3731875719217491,3.9546934225195094,8.0,0.00991507859905875,0.03816937725383981,0.26027059122965046,0.04541665900068497
28,LIKING,0,0,60,60,30,8.0,3.0,594.0,0.020711297071129706,4.95,5.644097211541747,2.0,64.0,4.0,7.46918683821338,0.7300989106828136,0.23391149294861405,4.706555090655509,9.0,0.01557376088510718,0.08056995432210746,0.21545850549323725,0.026008480186948516,582.0,0.020292887029288702,4.85,3.790668366748358,2.0,30.0,4.0,7.601163805878436,0.7380650187403061,0.3646910466582598,7.0944560669456065,21.0,0.025606958264477345,0.08240577698674831,0.15335216138976396,0.03566111101608229,951.0,0.02120401337792642,6.34,5.7414632281327025,2.0,47.0,4.0,7.788620920813351,0.6990386387754086,0.39658784794971563,3.9553400222965442,8.0,0.009917248396968266,0.03523376675500908,0.25999644386920634,0.044997773807956984
28,LIKING,1,30,90,60,30,8.0,3.0,654.0,0.02280334728033473,5.45,6.6625195434360025,2.0,66.0,4.0,7.425246758661199,0.7478271182709304,0.22143984460361782,5.59721059972106,14.0,0.01931601092319773,0.08017813761112393,0.1849712525683157,0.032531683960621664,586.0,0.020432357043235705,4.883333333333334,3.830107338211583,2.0,34.0,4.0,7.600952887715466,0.7440005432859669,0.34861248761149655,3.8836820083682007,8.0,0.012116310959530252,0.05339380137659506,0.2633962489846277,0.04147621925438629,897.0,0.02,5.98,4.7264786046273395,1.0,34.0,4.0,7.8689042317762645,0.7073592008752528,0.4493476592478895,4.369698996655519,8.0,0.01130771475387758,0.04228304630767998,0.23524959154281458,0.04006330011790133
28,FEAR,0,0,60,60,30,4.0,2.0,589.0,0.020536959553695954,4.908333333333333,5.617674241969616,1.0,56.0,4.0,7.478813516003003,0.7248170948992282,0.23008704220725898,4.462482566248257,7.0,0.014548246076673342,0.0800885519955606,0.22697485538829149,0.026654123721548916,683.0,0.02381450488145049,5.691666666666666,6.979488798535957,2.0,97.0,4.0,7.443079221481467,0.7530034087658036,0.24099447513812156,3.155160390516039,6.0,0.009055295758470751,0.053709848854031184,0.3267102638919061,0.057845288826612724,977.0,0.021783723522853956,6.513333333333334,7.23669967749265,1.0,76.0,4.0,7.695542209495498,0.7082207075757962,0.3661078386950612,3.637881828316611,8.0,0.008851952444015479,0.03491763262835214,0.2838061912735651,0.052425988402391814
28,FEAR,1,30,90,60,30,4.0,2.0,604.0,0.02105997210599721,5.033333333333333,6.83121918514957,2.0,92.0,4.0,7.422485238495278,0.740716084482155,0.18404678944748631,3.134205020920502,5.0,0.008967247987060946,0.06210642491752528,0.326946014668822,0.05333794102763598,679.0,0.023675034867503487,5.658333333333333,6.791533741030487,2.0,93.0,4.0,7.444038340279682,0.7584794622215304,0.24764313635318463,3.1490934449093446,6.0,0.009029804390375394,0.05376600372986913,0.326602994631152,0.05625194792051879,759.0,0.016923076923076923,5.06,3.8170320058041605,2.0,37.0,4.0,7.929166690720793,0.6996919570182728,0.3793430795519271,4.520958751393534,11.0,0.011815297823468244,0.04516586797934559,0.22856586167168738,0.040842753135668826
28,FEAR,2,60,120,60,30,4.0,2.0,617.0,0.021513249651324964,5.141666666666667,5.58016701263402,2.0,58.0,4.0,7.489407309537473,0.6982254880987856,0.269389701207883,14.494281729428172,42.0,0.0566986627286898,0.13766969975556345,0.0732307424103359,0.015024150623717793,586.0,0.020432357043235705,4.883333333333334,3.6723819094545287,1.0,28.0,4.0,7.6000016655369125,0.7295728615925985,0.37596302003081666,5.148430962343096,12.0,0.01743038219471889,0.06922560995398798,0.20198025745561435,0.038190327217408636,822.0,0.018327759197324416,5.48,4.190019888576504,2.0,32.0,4.0,7.898412127060403,0.7105424384755338,0.41466117796073465,4.3417614269788185,9.0,0.011213964520063149,0.041913710119791094,0.23637721706006332,0.03951434346407366
28,AMUSEMENT,0,0,60,60,30,7.0,2.0,600.0,0.02092050209205021,5.0,4.529532720564745,1.0,33.0,4.0,7.5353974841087155,0.6832182092447752,0.32455779514603045,10.977754532775453,33.0,0.041923338373006096,0.11573980216837135,0.09875336996075565,0.022036834220320007,646.0,0.022524407252440724,5.383333333333334,7.164360093934109,1.0,100.0,4.0,7.408006521426096,0.7390947244878895,0.21087754421087754,3.099546722454672,6.0,0.008821624884263326,0.053467104583038064,0.33227298394926735,0.0583017328054032,973.0,0.02169453734671126,6.486666666666666,5.899984934067393,1.0,48.0,4.0,7.798776287402419,0.7233379372934585,0.3866477272727273,3.934960981047938,8.0,0.009848862352509853,0.041532247834658885,0.26086281865331407,0.043300409902191264
28,AMUSEMENT,1,30,90,60,30,7.0,2.0,597.0,0.02081589958158996,4.975,5.2511308305925875,1.0,61.0,4.0,7.514019492646834,0.7184031445938511,0.26187961985216474,5.35557880055788,16.0,0.018300751262848237,0.0765938949497676,0.20052378225337897,0.04364908228516616,652.0,0.022733612273361226,5.433333333333334,7.098982712724094,2.0,98.0,4.0,7.406260382974282,0.7410524543715773,0.21246363839785187,3.13326359832636,6.0,0.008963292429942689,0.05262281012284253,0.3288777112929491,0.057906302141769755,867.0,0.019331103678929765,5.78,5.073946524484993,1.0,42.0,4.0,7.836528055297131,0.7183273852695459,0.37959030726954784,3.992263099219621,8.0,0.010041151339663148,0.0428065651405839,0.25643667179655766,0.04045074155045706
28,AMUSEMENT,2,60,120,60,30,7.0,2.0,575.0,0.02004881450488145,4.791666666666667,4.13903336809722,2.0,34.0,4.0,7.584004044162159,0.6823996077097101,0.3378186968838527,15.882322175732218,42.0,0.06253076544425301,0.14695798289912107,0.06564829724472988,0.012076385448590573,683.0,0.02381450488145049,5.691666666666666,6.633621224908424,1.0,77.0,4.0,7.413562530405306,0.7417857421688353,0.2626988803771361,3.279707112970711,6.0,0.009578601315002988,0.04789060396426884,0.3133970635449815,0.052959483136773386,1111.0,0.024771460423634338,7.406666666666666,8.523377004190039,2.0,78.0,4.0,7.6310829932323205,0.7297642374095294,0.4547876769358868,3.4562764771460426,7.0,0.008242538513912894,0.03366356861948665,0.29773657449861124,0.05144834644274055
28,SADNESS,0,0,60,60,30,2.0,3.0,598.0,0.02085076708507671,4.983333333333333,5.726376593351933,1.0,61.0,4.0,7.459961022526587,0.7077220337485625,0.23792939686560077,6.702440725244072,23.0,0.023959834980017115,0.09238175410299085,0.1587461539181664,0.03216787126925153,605.0,0.02109483960948396,5.041666666666667,3.974702993795749,1.0,27.0,4.0,7.5689667742345765,0.7230604905261768,0.3704215618521078,4.210006973500698,8.0,0.013487424258406298,0.050732630115547774,0.24362886819373622,0.040295116095272886,930.0,0.02073578595317726,6.2,6.795586803212803,1.0,55.0,4.0,7.6766605292738,0.7052052763498049,0.354501402703392,3.702408026755853,8.0,0.009068483311261252,0.02593669000583774,0.2780786828245578,0.04961646694291496
28,SADNESS,1,30,90,60,30,2.0,3.0,546.0,0.01903765690376569,4.55,4.8033842236489885,1.0,46.0,4.0,7.502190760622387,0.6503561802795211,0.2664117272147865,15.506171548117155,43.0,0.06095030062234098,0.1451709257717446,0.06954504445572507,0.01582197582949765,639.0,0.022280334728033473,5.325,6.65414970776382,1.0,89.0,4.0,7.420950137237817,0.7322344188352671,0.22211217036028227,3.230753138075314,6.0,0.009372912344854264,0.05264057395747434,0.31865767927529604,0.055499185487764814,818.0,0.018238573021181717,5.453333333333333,4.454341203315654,2.0,33.0,4.0,7.861171810885657,0.7042845822478174,0.4038374376794078,4.3014715719063545,8.0,0.011078763664115296,0.04119116394271781,0.2387515852395263,0.040327906996756945
28,NEUTRAL,0,0,60,60,30,5.0,3.0,632.0,0.02203626220362622,5.266666666666667,5.0385734312622885,2.0,38.0,4.0,7.513032598787058,0.7018300299245773,0.3165592895699112,14.338040446304044,38.0,0.05604218674917665,0.13814459953632688,0.07285345114360757,0.015019030404295154,555.0,0.019351464435146442,4.625,3.2584825200288146,1.0,27.0,4.0,7.6262116088470915,0.7184361169613364,0.3752282410225198,5.69870990237099,12.0,0.019742478581390714,0.0770541196095979,0.1820234431893097,0.03381624809694577,890.0,0.019843924191750278,5.933333333333334,5.683504396252564,1.0,55.0,4.0,7.790584010536092,0.7188666862334023,0.3517756604590732,3.847045707915273,8.0,0.00955384465743381,0.039404519033245926,0.2669576181865842,0.045332021105001626
28,NEUTRAL,1,30,90,60,30,5.0,3.0,588.0,0.020502092050209204,4.9,5.430469592954186,1.0,54.0,4.0,7.485657925126723,0.6775353661744457,0.26594650205761317,16.362726638772664,47.0,0.06454927159148179,0.13631528735589413,0.06728091863342482,0.018775591393034547,561.0,0.019560669456066944,4.675,3.6723346343527394,1.0,37.0,4.0,7.594040022555798,0.7118803644954961,0.3391304347826087,4.1190027894002785,8.0,0.013105053736975954,0.05795519111112885,0.24954171458999533,0.042712600041304706,848.0,0.018907469342251952,5.653333333333333,5.382671785977253,1.0,61.0,4.0,7.817396127239707,0.7047440835466776,0.3379160636758321,3.7550947603121516,7.0,0.009245284430577691,0.03662969802870101,0.27385855152615696,0.047372159264254594
28,NEUTRAL,2,60,120,60,30,5.0,3.0,536.0,0.018688981868898186,4.466666666666667,4.445847000916198,1.0,41.0,4.0,7.52620740904303,0.6254107072373472,0.2978723404255319,21.531729428172945,62.0,0.08626777070660901,0.1590159781012841,0.04977678036427847,0.012328814768408667,672.0,0.023430962343096235,5.6,6.472892192315066,1.0,78.0,4.0,7.416761150731892,0.7398526482602927,0.26567311245227243,3.328347280334728,7.0,0.009782971766112307,0.0457045592661945,0.30953205877637446,0.05432632807782339,856.0,0.019085841694537347,5.706666666666667,5.8315768784170965,1.0,78.0,4.0,7.811227245341359,0.7025428061823494,0.3085432639649507,3.592954292084727,8.0,0.008701188899613178,0.04353443828465476,0.2868559784451785,0.05077452255670939
28,AWE,0,0,60,60,30,8.0,5.0,541.0,0.01886331938633194,4.508333333333334,4.951423757084645,1.0,49.0,4.0,7.473372624743561,0.6076644010395849,0.2640495867768595,17.24354951185495,58.0,0.068250208033004,0.1457889992558251,0.0643819072358805,0.016445851072187455,668.0,0.023291492329149233,5.566666666666666,6.545015066615372,1.0,80.0,4.0,7.4238845656304715,0.7472330905236468,0.24832132828714443,3.2800209205020923,7.0,0.009579919834042402,0.045910195727232206,0.3137536177197043,0.054658561671332956,987.0,0.022006688963210702,6.58,6.885995449703212,1.0,54.0,4.0,7.70961507428045,0.7165698914882658,0.36632329635499206,3.6134448160535118,8.0,0.008769949047159435,0.03074752071571212,0.2846008764671955,0.048892555490955024
28,AWE,1,30,90,60,30,8.0,5.0,584.0,0.020362622036262202,4.866666666666666,5.902588885866569,2.0,61.0,3.5,7.4538326249511115,0.724166159448168,0.21618263705544338,3.569002789400279,7.0,0.010794129367228062,0.06649836598099214,0.28828199394579623,0.04712361486172078,598.0,0.02085076708507671,4.983333333333333,4.204131565760308,1.0,43.0,4.0,7.567774016726209,0.7341140196717805,0.335109926715523,4.111331938633194,8.0,0.013072823271568036,0.059330725203175165,0.24910685137474958,0.04003819164991096,829.0,0.018483835005574135,5.526666666666666,4.735253131800055,2.0,47.0,4.0,7.871636105003568,0.7060736745191029,0.37099494097807756,4.096655518394649,8.0,0.010391461471122975,0.047753449390741075,0.250693492750069,0.041888430413002546
28,DISGUST,0,0,60,60,30,2.0,6.0,563.0,0.019630404463040447,4.691666666666666,5.302980032229259,1.0,38.0,4.0,7.4486616573713,0.6204498014981762,0.26242435356684396,22.560983263598327,66.0,0.09059236665377449,0.17214495196618282,0.04574348022076024,0.007670460691726313,635.0,0.02214086471408647,5.291666666666667,6.276803636317523,2.0,84.0,4.0,7.461255215987127,0.738671689154596,0.23507312491614116,3.3060669456066947,6.0,0.009689356914313845,0.05025011674362807,0.31171958647446646,0.0551595880021634,989.0,0.02205128205128205,6.593333333333334,6.3855009374537115,1.0,53.0,4.0,7.759402342623407,0.7310595375904245,0.40513392857142855,3.80809364548495,8.0,0.009423133038540098,0.03256012031838724,0.27083044823404195,0.0481143738832994
29,BASELINE,0,0,60,60,30,4.0,2.0,624.0,0.021757322175732216,5.2,4.710980082035301,2.0,37.0,4.0,7.54675412890524,0.7358310394430198,0.3139666919000757,4.667050209205021,9.0,0.015407773988256391,0.06633625434763306,0.22111444297528637,0.03924022011795183,1245.0,0.043410041841004186,10.375,10.264877414432835,2.0,62.0,7.0,7.354397737595001,0.7184866917648723,0.39911992103964467,3.198849372384937,6.0,0.009238862909180405,0.028199188650139644,0.3210010153527022,0.05317741972719731,996.0,0.022207357859531773,6.64,8.356458580044539,1.0,89.0,4.0,7.681283677081595,0.6925453339003781,0.2785234899328859,3.4029208472686734,6.0,0.008063492776069374,0.0314226051165308,0.3039562795095009,0.05692213213762649
29,BASELINE,1,30,90,60,30,4.0,2.0,673.0,0.023465829846582985,5.608333333333333,6.290595935380226,1.0,47.0,4.0,7.427132023339621,0.738349454402677,0.26101910828025476,3.6404811715481173,6.0,0.011094458703983678,0.05722421227273437,0.28111928623224003,0.04372383209285566,950.0,0.033124128312412834,7.916666666666667,7.517294873970437,1.0,41.0,5.0,7.400646331342845,0.7462912700421088,0.41746554823247456,3.59173640167364,7.0,0.010889648746527904,0.0362458254659382,0.2868260026270903,0.050821165409346114,866.0,0.01930880713489409,5.773333333333333,4.359123255375507,2.0,25.0,4.0,7.908326974964719,0.6875210730742364,0.452319587628866,4.79536231884058,10.0,0.012736115163894574,0.046057975313176513,0.21491238896197137,0.038258391027973446
29,BASELINE,2,60,120,60,30,4.0,2.0,642.0,0.022384937238493725,5.35,6.030685422625413,2.0,47.0,4.0,7.414978470777426,0.7228707400471049,0.26365795724465557,3.5497907949790797,8.0,0.010713406701592766,0.04621616898369375,0.28940203657486446,0.04739213110153436,1751.0,0.06105299860529986,14.591666666666667,14.214719972229101,2.0,78.0,9.0,7.334008007708186,0.6903354737172075,0.3729550847104858,2.9299860529986055,7.0,0.008109185096632793,0.02319504012593625,0.35272430782605096,0.06355428763620101,896.0,0.019977703455964325,5.973333333333334,5.279452833601435,2.0,36.0,4.0,7.82971052325384,0.6975341913594871,0.40743313650573115,4.20051282051282,9.0,0.010739975907761146,0.032664136008524684,0.24572894664883382,0.04491272415697401
29,BASELINE,3,90,150,60,30,4.0,2.0,737.0,0.025697350069735007,6.141666666666667,7.3759698044091495,2.0,60.0,4.0,7.348588866193528,0.7377109851804161,0.2610971118433805,3.497907949790795,8.0,0.010495411553742843,0.04651888159302156,0.29432626610122126,0.05004489971103963,2331.0,0.08127615062761506,19.425,16.977515768411664,1.0,98.0,14.0,7.452230845018707,0.6537921356813126,0.40196293382514153,2.763284518828452,6.0,0.0074087584824724904,0.02043193065678541,0.3750308100289298,0.06824724143628323,775.0,0.017279821627647716,5.166666666666667,4.014833606625421,1.0,28.0,4.0,7.896258423235923,0.6761665741163542,0.39525411723038784,5.021694537346711,10.0,0.013495619252841318,0.054016885534434345,0.20367669196359023,0.03137983176980827
29,BASELINE,4,120,180,60,30,4.0,2.0,666.0,0.023221757322175733,5.55,5.98797405917338,1.0,35.0,4.0,7.411531166480896,0.7141031459419855,0.2810582299195418,3.57778940027894,10.0,0.010831047900331672,0.04289027371544649,0.2877278219017159,0.045902140345715145,2024.0,0.0705718270571827,16.866666666666667,13.478954789679436,2.0,78.0,13.0,7.506204943361168,0.6716156555368615,0.4367349209882039,3.2545676429567645,7.0,0.009472973289734305,0.037928987830570825,0.3158842742823777,0.05167266377066243,788.0,0.017569676700111482,5.253333333333333,3.72949802997073,1.0,22.0,4.0,7.946175141322283,0.6856486533762075,0.42589187201176903,5.140289855072464,11.0,0.013893590117692832,0.05270968848120959,0.19946168760810565,0.03217280608349327
29,BASELINE,5,150,210,60,30,4.0,2.0,540.0,0.01882845188284519,4.5,4.524010020619612,1.0,38.0,3.0,7.495126800403156,0.6618336553710511,0.2699033594109526,4.728695955369596,20.0,0.015666789728443688,0.05900950503968623,0.2266194524751792,0.04491787937079174,3129.0,0.10910041841004184,26.075,19.467991892676896,1.0,109.0,21.0,7.551350532290089,0.5942661726510136,0.35516378893012746,2.4281032078103206,5.0,0.0060004336462618525,0.014622620451540506,0.42211931161695493,0.06694875829392548,837.0,0.01866220735785953,5.58,4.497806872984507,1.0,28.0,4.0,7.883902894828787,0.6966927241323976,0.39880605707629585,4.486978818283166,10.0,0.011701271202292501,0.03561921585013118,0.22989629207273402,0.041508781015536615
29,BASELINE,6,180,240,60,30,4.0,2.0,640.0,0.022315202231520222,5.333333333333333,6.107827400602898,1.0,39.0,3.0,7.370107091258799,0.6958108811116104,0.26317241379310347,3.4128312412831243,6.0,0.010137946391945901,0.03489039299553283,0.2995093931449968,0.04681681294652475,2268.0,0.0790794979079498,18.9,12.592921292006341,2.0,63.0,15.0,7.6256494611564625,0.6455086097863884,0.45206030824961846,3.032810320781032,6.0,0.00854121983521442,0.037116564899249305,0.3368189248017836,0.04999089110877989,783.0,0.01745819397993311,5.22,3.998949862151312,1.0,25.0,4.0,7.909799099622414,0.6904058430103323,0.3945291951604419,4.398283166109253,9.0,0.011403634785601515,0.04204421188405296,0.23294386010181398,0.03743347626044273
29,BASELINE,7,210,270,60,30,4.0,2.0,632.0,0.02203626220362622,5.266666666666667,5.773839469730885,1.0,39.0,3.0,7.411609439947879,0.7072352315614215,0.2642974466178886,3.7545327754532773,8.0,0.011573667123753269,0.04882783937537077,0.27219690829872045,0.04089961902439613,2506.0,0.08737796373779637,20.883333333333333,14.917094965918205,2.0,94.0,17.5,7.564621196327242,0.652079023837656,0.49125833006664055,3.313110181311018,10.0,0.00971895034164293,0.04390549638307838,0.3156980849777116,0.061626128495226376,810.0,0.018060200668896322,5.4,4.226897995772629,2.0,24.0,4.0,7.898971832946212,0.6965651766260192,0.3901345291479821,4.401181716833891,9.0,0.011413361465885539,0.03276703234353913,0.23363279831415562,0.04036292177122942
29,BASELINE,8,240,300,60,30,4.0,2.0,662.0,0.02308228730822873,5.516666666666667,6.050459119402061,2.0,41.0,3.0,7.404695942760338,0.7134987940702379,0.28199918732222673,4.027057182705718,9.0,0.012718727658427383,0.05717822311587299,0.255901844957536,0.04187633859846356,1786.0,0.06227336122733612,14.883333333333333,10.288896388286204,1.0,64.0,12.5,7.5756586180217855,0.6793783496164987,0.5101736046294568,3.516457461645746,8.0,0.010573350679183803,0.04533929542639206,0.29260057154506314,0.048809738018556786,828.0,0.018461538461538463,5.52,4.10320200168925,1.0,31.0,4.0,7.926330866493796,0.7073003938261018,0.4192724952137843,4.6002452619843925,9.0,0.012081359939544931,0.049275185172186216,0.22226504937735334,0.034453671769117004
29,ANGER,0,0,60,60,30,3.0,5.0,608.0,0.021199442119944213,5.066666666666666,5.373908157839033,2.0,42.0,4.0,7.490398549592265,0.7280691234133146,0.2662512630515325,3.79721059972106,8.0,0.0117529857131137,0.06181847569661129,0.2708488292816742,0.04396317534476565,3369.0,0.11746861924686193,28.075,19.231338356963093,1.0,122.0,24.0,7.572125555664914,0.6090074027324184,0.44932410009071,2.5538005578800558,7.0,0.0065285737726052786,0.024785404254048286,0.4024677886848459,0.06342014801526541,863.0,0.01924191750278707,5.753333333333333,5.702556931373466,2.0,63.0,4.0,7.792984771755595,0.7231629765012408,0.33875278396436526,3.6709921962095877,8.0,0.008963061061106,0.0406076558637962,0.2794418124125773,0.04609702679790199
29,ANGER,1,30,90,60,30,3.0,5.0,616.0,0.021478382147838215,5.133333333333334,5.7517147201701695,1.0,58.0,4.0,7.472843926089217,0.6901525327942061,0.26427255985267034,8.915655509065552,35.0,0.03325905676077963,0.09775507504892454,0.12499673413478299,0.031536986325541,3081.0,0.10742677824267782,25.675,20.434718210274724,2.0,97.0,20.0,7.484033628533428,0.6487348854784627,0.4917904117082762,4.086924686192469,14.0,0.01297027179072466,0.05918414360295355,0.256213109572332,0.048911194158814016,1019.0,0.022720178372352285,6.793333333333333,7.744070132832103,2.0,64.0,4.0,7.652945315689909,0.7375586040270582,0.3471373917712598,3.3292753623188407,7.0,0.007816360276237718,0.03372135697119748,0.30712169233054765,0.047777451558804744
29,ANGER,2,60,120,60,30,3.0,5.0,630.0,0.021966527196652718,5.25,5.383230133169738,1.0,59.0,4.0,7.518361267637262,0.7349569615474791,0.27246141348497155,4.103835425383543,9.0,0.013041325316737571,0.06187857601272806,0.2540009140858002,0.05033651860969064,1856.0,0.06471408647140865,15.466666666666667,12.68754857680903,1.0,57.0,12.0,7.433388353278994,0.708259930406249,0.5149132497238287,3.6981171548117153,12.0,0.011336626700889564,0.043002428564020354,0.2839502202761238,0.05708622997551687,981.0,0.021872909698996655,6.54,7.34223399245761,1.0,68.0,4.0,7.679193701997951,0.7311415755792572,0.33680940758819616,3.4035897435897438,6.0,0.008065737394596454,0.036320886976321666,0.3010221872638263,0.04911331553305232
29,ENTHUSIASM,0,0,60,60,30,9.0,7.0,594.0,0.020711297071129706,4.95,4.365298767934829,1.0,34.0,4.0,7.564220939983771,0.7145927706166719,0.3166414849989208,7.474930264993026,17.0,0.02720558934871019,0.09644670909200201,0.14317253016157785,0.03265483724179429,1735.0,0.06049511854951185,14.458333333333334,17.564118648223968,1.0,113.0,8.0,7.184431844652811,0.7199757580908153,0.34079840980619514,3.2301255230125525,9.0,0.009370275306775432,0.03100221546736687,0.3307988245166432,0.07325768421051151,1000.0,0.022296544035674472,6.666666666666667,8.298728148872506,2.0,81.0,4.0,7.632649736002946,0.7226268213687189,0.3114959054822779,3.2946934225195097,6.0,0.007700313498387619,0.029965685894447695,0.31188945142774677,0.053727286767191074
29,ENTHUSIASM,1,30,90,60,30,9.0,7.0,616.0,0.021478382147838215,5.133333333333334,5.124180151226363,2.0,42.0,4.0,7.510253788341105,0.7386108172242094,0.27698788836229593,4.131415620641562,11.0,0.0131572084900906,0.0605375718428675,0.2535191046966919,0.047905670430448244,981.0,0.034205020920502094,8.175,6.548743518161836,2.0,36.0,6.0,7.5143729363503535,0.7460235055227759,0.4466146901928601,4.227510460251046,8.0,0.013560968320382545,0.05323362724531059,0.2418544867274086,0.03748366313003312,844.0,0.018818283166109253,5.626666666666667,5.30728639597383,2.0,59.0,4.0,7.839984800778872,0.7188062188811932,0.33173431734317343,3.672530657748049,8.0,0.00896822368371829,0.03986665347216336,0.2792048945293406,0.04587098021173001
29,LIKING,0,0,60,60,30,8.0,6.0,618.0,0.021548117154811714,5.15,5.12209267129494,2.0,38.0,4.0,7.508999301904854,0.7341684867729904,0.27936285664274463,5.5931311018131105,12.0,0.019298870175685323,0.0821610720943551,0.18374992465255885,0.029251930269040154,966.0,0.03368200836820084,8.05,8.109510877153237,1.0,46.0,5.0,7.359968200329371,0.736022304504377,0.3854577608488641,3.3118200836820084,7.0,0.009713529763369784,0.028864250510322823,0.30979495062229107,0.05172388145790839,891.0,0.019866220735785953,5.94,5.624624431906542,2.0,55.0,4.0,7.812084330554839,0.7394598213438445,0.3548704493276484,3.7117279821627647,8.0,0.009099758329405247,0.033306974969473546,0.2766273373656741,0.04668290244524492
29,LIKING,1,30,90,60,30,8.0,6.0,666.0,0.023221757322175733,5.55,6.410083202788141,1.0,58.0,4.0,7.427084962891248,0.7501721595868207,0.2366536867227735,4.380334728033473,11.0,0.014203087092577619,0.06539339118961403,0.23620802977952865,0.04307041340116027,815.0,0.028417015341701535,6.791666666666667,6.590897553107282,2.0,40.0,4.0,7.409386701139827,0.751082910136705,0.41226215644820297,3.6332287308228732,6.0,0.011063986263961656,0.04419745945362181,0.2818999877829266,0.04543061691006703,801.0,0.01785953177257525,5.34,4.043645220177787,1.0,31.0,4.0,7.915816173237099,0.7241073646014723,0.4007421150278293,4.472954292084727,9.0,0.011654209033841356,0.04934310505332836,0.22897644924312335,0.03665547895480236
29,FEAR,0,0,60,60,30,3.0,4.0,537.0,0.018723849372384936,4.475,4.261186258934633,2.0,49.0,3.0,7.5635455696705245,0.6528505529901903,0.29443757725587144,10.460425383542539,40.0,0.03974968648547284,0.10388706868454829,0.11173243289323558,0.03134480915217158,924.0,0.03221757322175732,7.7,6.285035136470334,1.0,31.0,5.0,7.490516478576513,0.7343799219184349,0.4874210959656024,4.472140864714087,9.0,0.014588827162664218,0.056381412262760555,0.22869676374177442,0.03562037430062234,1035.0,0.023076923076923078,6.9,7.587050371081856,2.0,55.0,4.0,7.661339701636204,0.7152972352340977,0.42412319381317415,3.7673578595317725,8.0,0.009286435770240842,0.032806842421635174,0.2739373325588954,0.04928646535728898
29,FEAR,1,30,90,60,30,3.0,4.0,596.0,0.02078103207810321,4.966666666666667,5.515785428104404,2.0,45.0,4.0,7.4694635188618,0.7286761522091882,0.24438902743142144,3.7859483960948395,8.0,0.011705665529810247,0.06910534382617392,0.27004180530575395,0.04020399705737628,1075.0,0.037482566248256625,8.958333333333334,9.279364052682824,1.0,53.0,5.0,7.327723645371696,0.7343832941246664,0.386277001270648,3.1627615062761505,6.0,0.009087233219647693,0.02504163544297717,0.3248525627482484,0.05547838918276653,878.0,0.019576365663322184,5.8533333333333335,5.1295050660099974,1.0,33.0,4.0,7.828119321703366,0.7090103546028566,0.5087719298245614,4.423589743589743,10.0,0.011488556186542766,0.03928231376305655,0.2322869800950598,0.03893308109835794
29,FEAR,2,60,120,60,30,3.0,4.0,645.0,0.022489539748953975,5.375,6.011187486678485,1.0,46.0,4.0,7.441635281961979,0.7425315607947955,0.2531433361274099,4.34410739191074,8.0,0.014050871394582939,0.07071495561737462,0.23618646850069488,0.03793495493365084,1602.0,0.05585774058577406,13.35,13.680369147066171,2.0,70.0,8.0,7.287910597018298,0.7086520475708548,0.36638022867694053,3.1665620641562064,8.0,0.009103201950236162,0.023481334417273556,0.3295217274296372,0.06464036133007554,722.0,0.01609810479375697,4.8133333333333335,3.5012124883943976,2.0,28.0,3.0,7.94737547203208,0.6938356468578907,0.37630662020905925,4.674938684503902,10.0,0.012332009008402369,0.052100703483661484,0.21957301113746724,0.03640842684175241
29,AMUSEMENT,0,0,60,60,30,7.0,3.0,647.0,0.022559274755927474,5.391666666666667,8.003953016409385,2.0,74.0,4.0,7.287770382937097,0.7479249670745455,0.17950422642226233,3.714923291492329,11.0,0.011407240720556005,0.059657133421280345,0.2816980688261854,0.05086210625944835,1496.0,0.05216178521617852,12.466666666666667,12.22424730698059,1.0,70.0,8.0,7.311232253692921,0.7276780602963977,0.4336772501852591,3.1576011157601114,7.0,0.009065550906555097,0.035348629486561096,0.325876455982986,0.056610613543914064,867.0,0.019331103678929765,5.78,5.927191577804786,1.0,56.0,4.0,7.755737864885695,0.6979770382591248,0.361376673040153,3.7680490523968784,10.0,0.009288755209385498,0.032160880606013145,0.27364615652093016,0.048743806794878566
29,AMUSEMENT,1,30,90,60,30,7.0,3.0,601.0,0.020955369595536958,5.008333333333334,5.180887686702176,1.0,40.0,4.0,7.486042673002499,0.7226066934144633,0.26216696269982237,3.731450488145049,7.0,0.01147668272329852,0.0630355453507157,0.2731508061288122,0.03920897435556382,1268.0,0.04421199442119944,10.566666666666666,11.94168702021992,2.0,89.0,6.0,7.226730695939528,0.7468670592903565,0.3672673802277468,2.9738145048814504,6.0,0.008293338255804417,0.030970942010377495,0.34623193892570436,0.06113890810147306,846.0,0.0188628762541806,5.64,6.005863801319507,1.0,77.0,4.0,7.796293210572675,0.7074556603450359,0.30077120822622105,3.5241694537346713,8.0,0.008470367294411644,0.040384474529388786,0.291973283008256,0.05071572392198689
29,AMUSEMENT,2,60,120,60,30,7.0,3.0,605.0,0.02109483960948396,5.041666666666667,5.676553874393239,1.0,42.0,4.0,7.438241885715862,0.7182142357862273,0.23859315589353614,3.454741980474198,6.0,0.010314041934765539,0.042577292394611124,0.29546114740921126,0.043480377864402724,1156.0,0.0403068340306834,9.633333333333333,13.231548998091228,2.0,133.0,6.0,7.203422466113453,0.7697113521444723,0.3039788311981671,2.937238493723849,7.0,0.008139657536654831,0.043068065664975404,0.3541362760258228,0.06655440290424643,831.0,0.018528428093645483,5.54,5.01282355564207,1.0,49.0,4.0,7.838313077374988,0.7035756395922925,0.3627684964200477,3.8469565217391306,7.0,0.009553545374963522,0.04010121956120827,0.2665790125144291,0.04430827590508911
29,SADNESS,0,0,60,60,30,4.0,4.0,561.0,0.019560669456066944,4.675,5.623110793857791,1.0,69.0,4.0,7.461627469970754,0.6731851519833706,0.22592213114754098,11.050139470013947,33.0,0.04222747676476448,0.11565597762174708,0.10304930888987232,0.02804332725106977,1953.0,0.06809623430962343,16.275,19.118909705664006,2.0,125.0,8.0,7.1400712544296985,0.734620398250713,0.3912831089882762,2.5982566248256624,5.0,0.006715363969855725,0.024234823974601378,0.3971856311867631,0.07009508619568994,895.0,0.019955406911928653,5.966666666666667,6.512978495963954,2.0,67.0,4.0,7.720628341604782,0.7208838424058203,0.32975573649148776,3.457190635451505,7.0,0.008245606159233235,0.032398016812360916,0.2963544436256086,0.048838573162348284
29,SADNESS,1,30,90,60,30,4.0,4.0,609.0,0.021234309623430963,5.075,7.232061140043917,2.0,62.0,4.0,7.3259594048056424,0.7291400961262298,0.177780315140443,4.5786610878661085,14.0,0.015036391125487854,0.07663485366718698,0.22641017725907647,0.035452665083932494,1418.0,0.04944211994421199,11.816666666666666,13.834126483286017,2.0,75.0,6.0,7.181259410443457,0.7263585459923073,0.34656954887218044,2.919804741980474,6.0,0.008066406478909558,0.020304858777599133,0.35364423283326424,0.06469307797699488,737.0,0.016432552954292086,4.913333333333333,3.6054341701874897,1.0,22.0,4.0,7.931846066270591,0.6916429599811952,0.39842780306164666,4.884258639910814,12.0,0.013034424966143687,0.04954232077431004,0.21005090463382156,0.0338275502343782
29,SADNESS,2,60,120,60,30,4.0,4.0,595.0,0.020746164574616456,4.958333333333333,6.246860322505129,2.0,63.0,4.0,7.427709897221881,0.689030767957573,0.21909633418584826,14.271722454672245,42.0,0.05576353972551363,0.14057322091246383,0.07293502650349512,0.01280038538074218,900.0,0.03138075313807531,7.5,7.271519786124493,2.0,48.0,5.0,7.41735862307134,0.7477569261400189,0.3685116851168512,3.5711645746164575,7.0,0.010803212498388476,0.04055539118814878,0.28675078309803737,0.04581549282397732,810.0,0.018060200668896322,5.4,4.5025918461851875,2.0,27.0,4.0,7.87282446415813,0.7148420716004621,0.4128690386071158,4.4457079152731325,9.0,0.011562778239171593,0.04000075702887665,0.23196743475112663,0.041778747905664985
29,NEUTRAL,0,0,60,60,30,6.0,2.0,532.0,0.018549511854951184,4.433333333333334,4.325762617414671,1.0,39.0,4.0,7.527142710823032,0.6009804420522623,0.3005893909626719,16.426673640167365,61.0,0.06481795647129145,0.1319451665784783,0.07072930644221563,0.01942190671669307,1323.0,0.04612970711297071,11.025,12.364911712853702,1.0,77.0,6.0,7.231085699816305,0.7428707531824479,0.4000316355583676,2.998326359832636,6.0,0.008396329242994268,0.02371779236281368,0.3443077771066024,0.06236083839764409,819.0,0.018260869565217393,5.46,4.538913232628857,1.0,38.0,4.0,7.886282647919148,0.7306741243295625,0.38261901230906126,3.9641248606465997,9.0,0.009946727720290606,0.03516803995586346,0.25905226410304355,0.04351504532073693
29,NEUTRAL,1,30,90,60,30,6.0,2.0,574.0,0.0200139470013947,4.783333333333333,5.648278990591343,1.0,62.0,4.0,7.443708436967084,0.7085489135329598,0.223,5.497594142259414,15.0,0.018897454379241233,0.07432644727802339,0.1997361140576123,0.04766555865186085,984.0,0.03430962343096234,8.2,8.95414243055507,1.0,73.0,5.0,7.34370278836883,0.7621812776645298,0.3620256195378906,3.1125871687587168,6.0,0.008876416675456794,0.03862488565868736,0.3299084097691355,0.0543897667639843,769.0,0.01714604236343367,5.126666666666667,3.6973804540812707,2.0,29.0,4.0,7.959318135950592,0.729437637165775,0.39682235834609497,4.278015607580825,10.0,0.01100005237443228,0.0407529348974965,0.24005264135382348,0.04015553270063818
29,NEUTRAL,2,60,120,60,30,6.0,2.0,644.0,0.022454672245467225,5.366666666666666,6.223521689704489,1.0,50.0,4.0,7.4178635968913085,0.7433660076959775,0.24450402144772118,3.8880404463040446,8.0,0.012134623723966577,0.05873713610998303,0.26605858304077457,0.04668577869664319,796.0,0.027754532775453276,6.633333333333334,6.811672987518477,2.0,62.0,4.0,7.430053606577639,0.7681914672030246,0.34948269001193794,3.3275801952580197,7.0,0.009779748719571515,0.04523718148385618,0.30837595642195076,0.0512075356905299,761.0,0.01696767001114827,5.073333333333333,3.4997079243210507,2.0,27.0,4.0,7.9715606703836075,0.7276438561438562,0.40409155357504556,4.2673355629877365,9.0,0.010964213298616575,0.04316796099319051,0.24008664905831334,0.03856718958628123
29,AWE,0,0,60,60,30,7.0,2.0,648.0,0.022594142259414227,5.4,6.35531273817426,2.0,46.0,4.0,7.390958403592853,0.743576953296012,0.24123148869836322,4.054253835425383,8.0,0.012832999308510026,0.05891668684722212,0.25501636608259487,0.04523181041608153,2689.0,0.09375871687587169,22.408333333333335,18.959824117210463,1.0,85.0,16.0,7.440566566681705,0.6691897421755485,0.5007447569113441,3.3583333333333334,7.0,0.009908963585434171,0.043699316496763146,0.3098624217169901,0.05986587168503189,795.0,0.017725752508361205,5.3,3.799561378194418,1.0,26.0,4.0,7.942232376419536,0.7322240902013887,0.4072349570200573,4.5147380156075805,10.0,0.011794422871166372,0.04183655046282523,0.22756767783950888,0.037868802073373564
29,AWE,1,30,90,60,30,7.0,2.0,617.0,0.021513249651324964,5.141666666666667,6.671201582590318,1.0,58.0,4.0,7.361717590100873,0.710725418620857,0.20250759878419453,4.084135285913528,18.0,0.01295855162148541,0.0545436959010761,0.26263676135195707,0.05101631070344156,3896.0,0.13584379358437937,32.46666666666667,28.588731268728164,4.0,122.0,24.5,7.425150487291941,0.5946663519177003,0.39638467952436196,3.038807531380753,8.0,0.008566418199078793,0.029638001512519094,0.3496762755264193,0.07831898338808435,830.0,0.01850613154960981,5.533333333333333,4.5951665427441855,2.0,29.0,4.0,7.878836812014371,0.7330343644388885,0.40216450216450217,4.1233890746934225,9.0,0.010481171391588657,0.039188518072905694,0.24905573792315674,0.041964025563715965
29,DISGUST,0,0,60,60,30,7.0,3.0,607.0,0.02116457461645746,5.058333333333334,6.724700530300381,2.0,72.0,4.0,7.39337736707226,0.7373040290967244,0.1908745247148289,4.185913528591353,8.0,0.013386191296602326,0.07570497585967358,0.24445923227110627,0.037726789253330104,1584.0,0.055230125523012555,13.2,14.644737393798952,1.0,124.0,10.0,7.397639808734597,0.7870249880674116,0.3569161802889417,2.639783821478382,5.0,0.006889847989404969,0.03312169521796978,0.38877965952400984,0.06160095550309398,832.0,0.01855072463768116,5.546666666666667,5.408125573821508,1.0,56.0,4.0,7.816384796413958,0.7159553000899905,0.3216646266829865,3.65603121516165,7.0,0.00891285642671695,0.03372948192818672,0.28037565506545997,0.04610223189337923
30,BASELINE,0,0,60,60,30,6.0,3.0,585.0,0.020397489539748955,4.875,5.687065001679982,2.0,54.0,4.0,7.453100963917193,0.7149811091718996,0.22885491216655823,7.464818688981869,16.0,0.027163103735217943,0.09991755569552178,0.14193304809237436,0.030784645179088004,2111.0,0.07360529986052998,17.591666666666665,16.34191738716387,2.0,106.0,13.0,7.4209850827043224,0.7183268636232755,0.46284589694656486,3.0330543933054392,6.0,0.008542245350022857,0.043137127732255594,0.3409945652745871,0.05998897513837444,883.0,0.01968784838350056,5.886666666666667,5.554021565996621,2.0,59.0,4.0,7.820582040024511,0.7222268576060662,0.374748378438828,3.830836120401338,8.0,0.00949945006846087,0.040244807895240785,0.2682813677140633,0.04538193475903049
30,BASELINE,1,30,90,60,30,6.0,3.0,559.0,0.019490934449093444,4.658333333333333,5.514368856803912,2.0,53.0,3.0,7.450838955278942,0.6555445793503085,0.2339304531085353,8.747803347280335,35.0,0.032553795576808126,0.08859307646467873,0.13830429756382515,0.038379556618600034,2695.0,0.09396792189679219,22.458333333333332,16.844086911699577,2.0,106.0,19.0,7.593758241679993,0.6813570459547885,0.4332966901400786,3.0857043235704325,8.0,0.008763463544413593,0.045867794084611876,0.3352086657288135,0.05951912625637044,845.0,0.01884057971014493,5.633333333333334,4.622288995244191,1.0,33.0,4.0,7.881401520501403,0.7182014580321788,0.3792134831460674,3.927513935340022,7.0,0.009823872266241684,0.031414316468230646,0.26121649085337906,0.0435781679906879
30,BASELINE,2,60,120,60,30,6.0,3.0,612.0,0.021338912133891212,5.1,6.349409421355659,2.0,55.0,4.0,7.4058671769474085,0.7300963582782704,0.21355655369538587,3.719142259414226,9.0,0.011424967476530363,0.05232719151446957,0.27969566009110786,0.05198300133656982,3166.0,0.1103905160390516,26.383333333333333,15.553500856363138,1.0,90.0,23.0,7.68133262454473,0.7096770564741366,0.5573939831616282,3.006276150627615,8.0,0.008429731725326116,0.03147505516745844,0.3453817312034501,0.06263184545569721,795.0,0.017725752508361205,5.3,4.41097117046424,1.0,29.0,4.0,7.865747509888466,0.6989278186645896,0.3905633580558624,4.2612263099219625,9.0,0.010943712449402565,0.03843544943199726,0.24100845208687555,0.04069627202783312
30,BASELINE,3,90,150,60,30,6.0,3.0,600.0,0.02092050209205021,5.0,5.152669211195301,1.0,37.0,4.0,7.46849892835594,0.7110489596500308,0.27336197636949516,3.9178172942817295,10.0,0.012259736530595497,0.05310554776375676,0.26352982262067853,0.044628649678065624,2992.0,0.10432357043235704,24.933333333333334,9.642988241319298,5.0,53.0,24.0,7.795941532612176,0.7387182662563861,0.657617166261916,3.1382147838214784,6.0,0.008984095730342352,0.044305614725653954,0.32316430740144636,0.04017334607044072,873.0,0.019464882943143812,5.82,5.463295708635951,1.0,52.0,4.0,7.811363384359306,0.6916331493716027,0.3561312607944732,3.8768784838350054,8.0,0.009653954643741622,0.038023314545237955,0.26536971049318075,0.04606902393743379
30,BASELINE,4,120,180,60,30,6.0,3.0,598.0,0.02085076708507671,4.983333333333333,4.78623605305417,2.0,31.0,4.0,7.50824234960973,0.7180001784448249,0.2894172675891639,4.391143654114366,9.0,0.014248502748379684,0.06080546238027456,0.23490822366919561,0.040478254745734306,3574.0,0.12461645746164575,29.783333333333335,22.051713211348353,6.0,139.0,25.0,7.603332691538982,0.7356350990439563,0.4785486121879361,2.6024407252440724,6.0,0.0067329442237145844,0.03594606598943231,0.39732467287231477,0.0673885848592799,895.0,0.019955406911928653,5.966666666666667,5.606444704286507,2.0,46.0,4.0,7.822244935206234,0.7170023774301382,0.36222707423580786,3.8575250836120403,8.0,0.009589010347691418,0.043939889328518354,0.26624706899258116,0.04411881435652173
30,BASELINE,5,150,210,60,30,6.0,3.0,609.0,0.021234309623430963,5.075,5.752771071405501,1.0,49.0,4.0,7.43537215677625,0.6980855545352728,0.2482566248256625,5.195118549511855,23.0,0.017626548527360748,0.06200040482875303,0.21470434971520577,0.048733240988664814,3551.0,0.12381450488145049,29.591666666666665,18.775425353962614,3.0,102.0,27.0,7.652819465914082,0.7194972150212894,0.525929736982987,2.7609483960948396,7.0,0.00739894284073462,0.03525826501402037,0.3737652009360695,0.06208115170771491,1030.0,0.022965440356744703,6.866666666666666,8.62180697740071,1.0,116.0,4.0,7.671989998502878,0.7231360675320188,0.2905252137497819,3.192240802675585,6.0,0.007356512760656325,0.044908114006834164,0.3228974117513705,0.057168027710889385
30,BASELINE,6,180,240,60,30,6.0,3.0,595.0,0.020746164574616456,4.958333333333333,5.916637323870901,2.0,47.0,4.0,7.423888222364338,0.7280562548800315,0.225137278828554,3.988179916317992,9.0,0.012555377799655425,0.06334240396362896,0.2604036210508514,0.04756858828365514,3524.0,0.12287308228730823,29.366666666666667,15.95876631266409,3.0,87.0,28.0,7.689373546423248,0.766424324955064,0.6766927661921762,3.327370990237099,10.0,0.009778869706878576,0.04529849319710212,0.31497936405610033,0.05839486563115918,1056.0,0.02354515050167224,7.04,9.149047309237538,2.0,110.0,4.0,7.624484224750681,0.7146749813700863,0.2785465300517587,3.2183277591973245,7.0,0.007444052883212497,0.034630717263132264,0.32055630226219856,0.057837040518004576
30,BASELINE,7,210,270,60,30,6.0,3.0,581.0,0.020258019525801953,4.841666666666667,5.020783194770402,2.0,40.0,4.0,7.494355249747008,0.6846934634036084,0.27791516073806355,6.995676429567643,27.0,0.025191917771292618,0.07356651265499223,0.16675013694036983,0.042983278692939386,3211.0,0.11195955369595537,26.758333333333333,16.110294759011154,4.0,80.0,23.0,7.667646435827805,0.7170279559749182,0.5503315620745686,2.678870292887029,6.0,0.007054076860869871,0.02210556203462789,0.3829253621641939,0.05807342430651129,884.0,0.01971014492753623,5.8933333333333335,5.841970748148455,1.0,70.0,4.0,7.810413462284851,0.7156872426291203,0.3427210164107994,3.6940022296544037,8.0,0.009040275938437599,0.04205788551241758,0.2786496414499997,0.048612823035653056
30,BASELINE,8,240,300,60,30,6.0,3.0,522.0,0.018200836820083683,4.35,4.031438949060248,1.0,37.0,3.0,7.556636544727278,0.6078808393790245,0.3122465531224655,17.497663877266387,58.0,0.06931791545069911,0.14548143890934015,0.06280404540254078,0.014479282471633145,2629.0,0.09166666666666666,21.908333333333335,11.138518627816817,3.0,55.0,20.5,7.726326212285106,0.7205408854489684,0.6129180027485113,3.107531380753138,6.0,0.008855173868710663,0.04164126013395229,0.3274110392776607,0.0434937843962815,1008.0,0.022474916387959867,6.72,7.964605033103232,2.0,86.0,4.0,7.6805066044926456,0.7219472312119994,0.3046921013022708,3.345841694537347,8.0,0.007871951995091768,0.03686654784655626,0.30766531099838146,0.05332920400959262
30,ANGER,0,0,60,60,30,2.0,5.0,571.0,0.01990934449093445,4.758333333333334,5.327594568741966,1.0,65.0,3.0,7.4900620968679945,0.6897561184318632,0.23829250720461095,4.262970711297071,16.0,0.01370996097183643,0.06792973681569303,0.25043652433043595,0.04945256896076295,4299.0,0.14989539748953976,35.825,28.14106208017032,2.0,145.0,27.0,7.5200838215076145,0.7028068068281812,0.5300008580429266,2.543061366806137,8.0,0.006483451121034184,0.025876603058715822,0.4154059741698698,0.08293282074964885,1212.0,0.027023411371237458,8.08,11.154084453687807,1.0,101.0,4.0,7.510816225731723,0.7253168508241618,0.30437176522409426,3.114804905239688,7.0,0.00709666075583788,0.028697959654648438,0.3310703975765326,0.059390905438933814
30,ANGER,1,30,90,60,30,2.0,5.0,605.0,0.02109483960948396,5.041666666666667,6.890084461665828,1.0,62.0,4.0,7.368297122815038,0.7045104485081819,0.19380987472365513,9.530857740585773,33.0,0.035843940086494844,0.10733112764198112,0.11530480697081456,0.026393099803653657,3469.0,0.12095536959553696,28.908333333333335,11.748401191462419,5.0,73.0,26.0,7.784566089393927,0.7680450683355938,0.7450982121594327,3.3854253835425383,8.0,0.010022795729170331,0.055825483740421684,0.3017317757115516,0.042353176044870565,1085.0,0.024191750278706802,7.233333333333333,7.640607887392789,2.0,64.0,5.0,7.738561674197348,0.7416233628409913,0.3318943298969072,3.4917502787068004,7.0,0.008361578116465774,0.037122970834931664,0.2935364234240512,0.04774935998957619
30,ANGER,2,60,120,60,30,2.0,5.0,606.0,0.02112970711297071,5.05,7.335245962701819,1.0,93.0,4.0,7.376707091573918,0.7346053505381932,0.16799461339916957,3.0958856345885635,5.0,0.008806242162136829,0.06184103247943439,0.33063025598399415,0.0524531074775755,3460.0,0.1206415620641562,28.833333333333332,10.397782883330892,5.0,78.0,30.0,7.811362692757082,0.776038418032708,0.7474125387776018,3.3334379358437936,7.0,0.009804361074973926,0.054898627805291436,0.3077530982289147,0.04892967041567152,1022.0,0.02278706800445931,6.8133333333333335,6.81164362609267,1.0,56.0,5.0,7.770906375586967,0.7213691490163131,0.36439035733664055,3.5980602006688964,8.0,0.008718322821036567,0.030636406497271538,0.28594384416538093,0.04952651222333329
30,ENTHUSIASM,0,0,60,60,30,5.0,2.0,591.0,0.020606694560669457,4.925,5.813292956664062,1.0,50.0,4.0,7.42575689457178,0.6891329333932277,0.23294117647058823,6.823988842398884,31.0,0.02447054135461716,0.07753917665034057,0.1699162255006094,0.04326167388430522,1911.0,0.06663179916317992,15.925,14.475071962975981,1.0,84.0,11.0,7.4094649717896335,0.707339939898862,0.41932358147768567,3.178905160390516,8.0,0.00915506369911981,0.04532461504204165,0.32435406058896293,0.0547773212289809,1137.0,0.025351170568561874,7.58,8.774409761725666,2.0,98.0,4.0,7.6527763909868085,0.7222216788481605,0.35470310036784025,3.379308807134894,8.0,0.007984257742063405,0.038145098741025035,0.30566724885973345,0.05579610252585121
30,ENTHUSIASM,1,30,90,60,30,5.0,2.0,554.0,0.019316596931659692,4.616666666666666,5.219647710547353,1.0,50.0,4.0,7.46886918048115,0.6386432044493273,0.25602124028067513,13.680753138075314,49.0,0.05328047537006434,0.11914071980405327,0.08599458292491084,0.02497405488552078,1778.0,0.06199442119944212,14.816666666666666,17.062377390686862,1.0,100.0,8.0,7.202467938004452,0.7238592740222642,0.3702794911009899,2.8313807531380752,5.0,0.007694877114025526,0.023741010780320055,0.36446370110138215,0.06640845031493255,920.0,0.020512820512820513,6.133333333333334,6.098815914221018,1.0,52.0,4.0,7.790101589701813,0.7138881726589673,0.3532323820617356,3.7579041248606466,8.0,0.009254711828391432,0.03662601927703444,0.27400621452925505,0.04817989426747514
30,LIKING,0,0,60,60,30,7.0,4.0,603.0,0.02102510460251046,5.025,5.701553150969772,1.0,46.0,4.0,7.45058460342734,0.7024839077813906,0.2503160556257901,13.705962343096234,35.0,0.053386396399564016,0.13960621105799345,0.07542400944352078,0.013835897150688488,2584.0,0.0900976290097629,21.533333333333335,21.433981327685146,1.0,116.0,14.0,7.2947671891478745,0.7112415654202842,0.4361574296594816,2.5923640167364015,7.0,0.006690605112337821,0.018639369946786832,0.39911224302482207,0.07233173150591937,1353.0,0.03016722408026756,9.02,13.551368934539418,1.0,143.0,5.0,7.454445753630342,0.736048989642311,0.27533401046956796,2.9066443701226308,6.0,0.006398135470210171,0.029727982609071543,0.3556400091965577,0.0647491771811756
30,LIKING,1,30,90,60,30,7.0,4.0,748.0,0.02608089260808926,6.233333333333333,10.676870119822361,2.0,100.0,4.0,7.158509871374838,0.763302805687474,0.16113447766283961,6.1388075313807535,15.0,0.021591628283112414,0.0831877814126927,0.1786495427631952,0.04507442945630041,1779.0,0.06202928870292887,14.825,12.971868600937954,2.0,74.0,11.0,7.434582275870948,0.6853652073977373,0.48998593341817936,11.062377963737797,24.0,0.04227889900730167,0.12693855781509406,0.09414316523288895,0.0177640184817779,1112.0,0.02479375696767001,7.413333333333333,8.632640898872655,2.0,84.0,4.0,7.661709878769224,0.7397076147757569,0.3786455488803932,3.51355629877369,7.0,0.008434752680448637,0.03747978917294931,0.2933455242208204,0.052169348442617614
30,FEAR,0,0,60,60,30,4.0,3.0,595.0,0.020746164574616456,4.958333333333333,6.770519223483201,2.0,85.0,4.0,7.392142330152296,0.7357346945920582,0.1829175152749491,3.4186541143654114,7.0,0.010162412245232823,0.06335891950725243,0.30307359124329264,0.055285444289781514,3261.0,0.11370292887029289,27.175,27.108013114206656,1.0,137.0,21.0,7.280037140040293,0.6347245553631033,0.3415275040625108,2.3300906555090655,5.0,0.005588616199617922,0.012245029299965519,0.44276668613812914,0.0787314587511158,1017.0,0.022675585284280937,6.78,8.620804293490641,1.0,87.0,4.0,7.635255855703313,0.7073012118369864,0.2919652296487725,3.3346265328874023,7.0,0.00783431722445437,0.029110147606149064,0.3095696125339776,0.05620360313430165
30,FEAR,1,30,90,60,30,4.0,3.0,579.0,0.020188284518828453,4.825,5.965403730399701,1.0,53.0,4.0,7.407753069877308,0.7085029205784326,0.21233616037008482,8.258612273361228,18.0,0.030498370896475745,0.10896246699291602,0.12637147900714507,0.024083117917272367,1270.0,0.04428172942817294,10.583333333333334,12.040268084870682,2.0,75.0,6.0,7.249116549828269,0.7439955173666061,0.3689248148273413,3.1936541143654114,7.0,0.009217034093972318,0.033423313169533765,0.323918779528303,0.059278271212923624,822.0,0.018327759197324416,5.48,4.505137807733151,1.0,46.0,4.0,7.895604749495803,0.7112681486231538,0.3906644863980972,4.050568561872909,8.0,0.010236807254607082,0.04086108594815374,0.25366678384527136,0.04309132169346128
30,FEAR,2,60,120,60,30,4.0,3.0,630.0,0.021966527196652718,5.25,6.468191401002293,2.0,62.0,4.0,7.405468814092364,0.749518147807372,0.2186282151208106,3.534623430962343,7.0,0.010649678281354383,0.0626875282920692,0.2911091997705125,0.048794345328399505,1296.0,0.045188284518828455,10.8,10.515147803684613,1.0,61.0,7.0,7.354377351641986,0.7370343178369952,0.4327467364935115,3.166596931659693,7.0,0.009103348452351659,0.03674393316925227,0.32438969250182625,0.054320250100656386,972.0,0.021672240802675585,6.48,7.200666635805327,1.0,66.0,4.0,7.720926177817287,0.7208080828640474,0.3349358974358974,3.526086956521739,8.0,0.00847680186752262,0.038568781351918546,0.29181921449782694,0.05049101164311163
30,AMUSEMENT,0,0,60,60,30,2.0,6.0,685.0,0.02388423988842399,5.708333333333333,7.062690508738311,1.0,64.0,4.0,7.366992996281205,0.7087944778624651,0.23580501574204754,7.157391910739191,31.0,0.025871394582937787,0.08311278774358993,0.15239538342200484,0.036353981030111775,3098.0,0.10801952580195258,25.816666666666666,13.562806576156065,2.0,89.0,26.0,7.708921951585179,0.7402610964496238,0.6342515865637253,2.7561366806136682,6.0,0.0073787255487969255,0.04138613200675823,0.37070105526781016,0.051572058533268066,1032.0,0.023010033444816055,6.88,7.879441604580872,2.0,77.0,4.0,7.7056813351035345,0.7271923351864932,0.3259215915740199,3.4735340022296546,7.0,0.008300449671911592,0.03555975722681918,0.29706242000534067,0.05349931607999716
30,AMUSEMENT,1,30,90,60,30,2.0,6.0,643.0,0.022419804741980475,5.358333333333333,5.449458433846635,2.0,41.0,4.0,7.475365807580838,0.7206566406113705,0.2954759660697455,8.781659693165969,23.0,0.03269604913094945,0.1042788287312326,0.12292780119647603,0.02752516034925758,2744.0,0.09567642956764295,22.866666666666667,14.720978983145864,1.0,108.0,22.0,7.627507225978101,0.7272679866682392,0.5597335100631344,2.718584379358438,7.0,0.007220942770413614,0.03148834662482419,0.3781797047950155,0.06088656294019554,907.0,0.020222965440356743,6.046666666666667,5.912514035689236,2.0,56.0,4.0,7.792512763528636,0.7058819902637901,0.3549536707056308,3.763567447045708,8.0,0.009273716265254058,0.03714523083378939,0.27354124658938517,0.047955660592912785
30,AMUSEMENT,2,60,120,60,30,2.0,6.0,625.0,0.02179218967921897,5.208333333333333,5.324308770994493,2.0,49.0,4.0,7.4952926740571995,0.7238611475291871,0.28199602122015915,7.413598326359833,20.0,0.02694789212756232,0.09402735474968747,0.14836996723072146,0.03706726044681156,3217.0,0.11216875871687587,26.808333333333334,19.79006309293182,2.0,155.0,23.0,7.605998721316698,0.7158494250476404,0.4585957868992409,2.404602510460251,6.0,0.005901691220421222,0.035809412865014455,0.42617358158435154,0.06118495995528776,785.0,0.01750278706800446,5.233333333333333,4.380892856738478,1.0,46.0,4.0,7.891773317401812,0.6786607039117336,0.36085133827797483,4.0835228539576365,9.0,0.010347392127374615,0.03574312431438814,0.2520603317661743,0.04420528440753807
30,SADNESS,0,0,60,60,30,3.0,5.0,542.0,0.01889818688981869,4.516666666666667,4.561584763605249,1.0,31.0,3.0,7.510549583909593,0.6574821526023767,0.2759482171246877,8.37907949790795,35.0,0.031004535705495585,0.09400903128370572,0.1352862836006222,0.03405766325948528,3623.0,0.12632496513249653,30.191666666666666,14.88192182556481,6.0,84.0,29.0,7.743704902237818,0.7654672675169398,0.6570901781801145,2.749198047419805,5.0,0.007349571627814309,0.032528733096936074,0.37017798027112003,0.04850129063210178,1128.0,0.025150501672240803,7.52,9.467291059220688,1.0,129.0,5.0,7.64603952001282,0.7219929880327777,0.39694216068080196,3.1426086956521737,7.0,0.007189962065946896,0.04594516975591811,0.3293164609658651,0.0608239972512042
30,SADNESS,1,30,90,60,30,3.0,5.0,556.0,0.019386331938633195,4.633333333333334,6.876206964760603,1.0,78.0,3.0,7.340044072559623,0.6714964470931332,0.16259422926956069,5.170153417015341,22.0,0.0175216530126695,0.0647394589790545,0.2202984194648179,0.0545787203758015,2858.0,0.0996513249651325,23.816666666666666,11.791227907031377,2.0,87.0,23.0,7.732095511435119,0.7848894601288295,0.7010403692578211,3.288702928870293,8.0,0.009616398860799553,0.045656275845548704,0.3132789366347671,0.051776553689374775,909.0,0.020267558528428094,6.06,5.092779201968214,1.0,31.0,4.0,7.8470319710018765,0.7098213737332397,0.5664310954063604,4.360334448160535,9.0,0.011276290094498449,0.039227829527606714,0.23603710835427133,0.040670871144371304
30,SADNESS,2,60,120,60,30,3.0,5.0,525.0,0.018305439330543932,4.375,5.805259827662037,1.0,65.0,3.0,7.40918512498254,0.6657692132242901,0.1841471801925722,6.863668061366806,25.0,0.024637260762045404,0.08878848853880343,0.1645747799673222,0.04036419321940085,2303.0,0.08029986052998606,19.191666666666666,8.730020841263146,4.0,59.0,19.0,7.755044328441539,0.7836473375165791,0.7174820242550107,3.507147838214784,8.0,0.010534234614347831,0.04236457948816853,0.29291110843552265,0.045883862361843934,889.0,0.019821627647714606,5.926666666666667,5.221872801548843,2.0,44.0,4.0,7.8384689282910145,0.7099084324993549,0.47886658795749704,3.980891861761427,8.0,0.010002992824702772,0.0404566607082884,0.2580215107247866,0.04359028101137777
30,NEUTRAL,0,0,60,60,30,6.0,2.0,613.0,0.021373779637377965,5.108333333333333,5.812050460513532,2.0,45.0,4.0,7.431805071197763,0.7285775191162774,0.24650030432136336,6.065271966527197,20.0,0.02128265532154284,0.08561105761045114,0.17641441096708735,0.037983657884032504,2630.0,0.09170153417015342,21.916666666666668,17.97363037588369,2.0,106.0,17.0,7.490729684411825,0.6934013197904366,0.49105857513036244,3.082287308228731,9.0,0.008749106337095509,0.04065884530921884,0.337445461730792,0.061905064292394986,1171.0,0.026109253065774805,7.806666666666667,8.262523155119682,1.0,67.0,4.0,7.669040206171976,0.7438800304676588,0.427488880347043,3.705752508361204,8.0,0.009079706403896643,0.04177594031672981,0.2778354039591564,0.04830740282753006
30,NEUTRAL,1,30,90,60,30,6.0,2.0,569.0,0.01983960948396095,4.741666666666666,5.849495467322137,2.0,57.0,3.0,7.436054601799032,0.7188412699650188,0.20641539695268646,3.531799163179916,8.0,0.010637811609999649,0.05486436710302978,0.2919460864025297,0.049200552890928874,2569.0,0.08957461645746165,21.408333333333335,21.191584742271846,2.0,95.0,14.0,7.323303780371073,0.6977504498411338,0.42031998043623436,2.651952580195258,5.0,0.0069409772277111694,0.030081357181124833,0.38733170557862184,0.06414840604004474,913.0,0.02035674470457079,6.086666666666667,6.511463395854695,1.0,71.0,4.0,7.748725736796045,0.7095192791870821,0.326608505997819,3.5926421404682274,8.0,0.008700141410967203,0.03786698990145072,0.2865275183762846,0.04991100172572247
30,NEUTRAL,2,60,120,60,30,6.0,2.0,555.0,0.019351464435146442,4.625,5.1129940674064285,2.0,46.0,3.0,7.494934345004685,0.7098305021031908,0.23596814915517575,4.025662482566248,9.0,0.012712867573807766,0.06592892765636128,0.25683287952468425,0.043730787426143426,2049.0,0.07144351464435146,17.075,16.435815819930163,2.0,106.0,11.0,7.362758291789423,0.7179471098204395,0.4482510634391162,2.8669804741980474,7.0,0.007844455773941378,0.0367788405509967,0.3612672606068134,0.06446265228885886,850.0,0.0189520624303233,5.666666666666667,4.9161864172230985,1.0,39.0,4.0,7.857165134041033,0.7052238517869199,0.36195995785036883,4.015473801560758,9.0,0.010119039602552877,0.03218202472839522,0.25630408506031943,0.044685561063648675
30,AWE,0,0,60,60,30,4.0,1.0,636.0,0.022175732217573223,5.3,7.51398695766768,2.0,68.0,4.0,7.325854161410572,0.7369471313026001,0.18801261829652996,4.1838912133891215,12.0,0.013377694173903882,0.05774754037107536,0.2553148069894746,0.0544911058140278,2711.0,0.0945258019525802,22.591666666666665,16.065748158392406,2.0,95.0,19.5,7.591384149640369,0.67867486701472,0.47606917817401795,2.8997559274755926,6.0,0.007982167762502492,0.03723265353697154,0.353938219703865,0.056112674726224505,1296.0,0.028896321070234113,8.64,11.330654585386199,1.0,102.0,5.0,7.529104229449425,0.724972827082289,0.31101889639562397,3.083344481605351,6.0,0.006991088864447491,0.034051710215853785,0.33365336724714095,0.057303046989566425
30,AWE,1,30,90,60,30,4.0,1.0,614.0,0.021408647140864715,5.116666666666666,5.584477494706992,2.0,38.0,4.0,7.4506770532245215,0.7249014069567952,0.26889952153110047,6.301813110181311,18.0,0.02227652567303072,0.0845268677287722,0.17438025961139705,0.0418476140945411,2622.0,0.09142259414225941,21.85,21.347189510565556,2.0,132.0,16.0,7.442747891179414,0.6817366120059434,0.3433650654303037,2.5960251046025107,8.0,0.006705987834464329,0.02688772990201194,0.4013151306592803,0.07204478301252956,1039.0,0.023166109253065774,6.926666666666667,8.743070907232132,1.0,104.0,4.0,7.643465822720347,0.7101699201899485,0.28869723104857015,3.3098773690078036,7.0,0.007751266338952363,0.035532292820149275,0.3121691386336668,0.057535792588418
30,DISGUST,0,0,60,60,30,2.0,7.0,612.0,0.021338912133891212,5.1,6.575079213718011,1.0,69.0,4.0,7.403872376142502,0.7222166958541965,0.2022866051708458,3.7204323570432356,12.0,0.011430388054803509,0.06380921489438078,0.2809991767527192,0.05098022561917353,4033.0,0.14062064156206416,33.608333333333334,26.414104765362683,2.0,151.0,26.5,7.5205487725306615,0.7271076587782358,0.5104769692520699,2.457391910739191,6.0,0.006123495423273915,0.028362667920896156,0.42354718058752366,0.07465829567566948,1163.0,0.02593088071348941,7.753333333333333,8.438354236592716,2.0,73.0,4.0,7.680260059603315,0.7323598213645522,0.3640140275155112,3.3901672240802676,7.0,0.008020695382819694,0.031700001655645585,0.3036467679517447,0.053011808606958595
31,BASELINE,0,0,60,60,30,5.0,1.0,628.0,0.02189679218967922,5.233333333333333,6.363611832564551,1.0,54.0,4.0,7.389603908185615,0.720621943036949,0.23942537909018355,5.679916317991632,21.0,0.019663513941141304,0.07610623518288777,0.19864666589641083,0.04693162791060219,3515.0,0.12255927475592747,29.291666666666668,21.60474324206505,1.0,151.0,25.0,7.575717244406798,0.6632186318485126,0.438912368050329,2.3317991631799164,7.0,0.005595794803276959,0.030699010414339027,0.43917905750879355,0.06307229271675466,814.0,0.018149386845039018,5.426666666666667,4.520835714285088,2.0,35.0,4.0,7.874776706547293,0.6922774068868711,0.38686459739091317,4.139264214046823,8.0,0.010534443671298058,0.03380467770596075,0.24822225121328462,0.042524366327832075
31,BASELINE,1,30,90,60,30,5.0,1.0,602.0,0.02099023709902371,5.016666666666667,4.715194116423581,1.0,39.0,4.0,7.542223865879118,0.7043415954773405,0.31026346834447505,10.297838214783821,32.0,0.03906654712094044,0.11049053382913361,0.10801109981662972,0.027272288510702312,2827.0,0.09857043235704324,23.558333333333334,11.915183474131744,2.0,82.0,22.0,7.7324759966274375,0.6869298486945303,0.5475875211919464,2.8449790794979077,6.0,0.007752012939066845,0.03621929412406021,0.35989460649576777,0.056420223367010434,731.0,0.01629877369007804,4.873333333333333,3.226549584652655,1.0,25.0,4.0,7.980678537115285,0.6710127098107916,0.40427953562485774,4.720646599777035,9.0,0.012485391274419574,0.05015778537709552,0.21715852374884287,0.035567351170259
31,BASELINE,2,60,120,60,30,5.0,1.0,613.0,0.021373779637377965,5.108333333333333,5.694728312707777,1.0,53.0,4.0,7.474254135937172,0.713436838019879,0.2513260530421217,5.749023709902371,20.0,0.01995388113404357,0.08008662784651968,0.188551452106028,0.03835853258958703,2756.0,0.09609483960948396,22.966666666666665,10.54864393601798,2.0,54.0,21.0,7.7563652880611755,0.7454115401741731,0.662539076773172,3.4172594142259416,6.0,0.010156552160613203,0.04129966491016519,0.2986744432506555,0.04355070930521188,877.0,0.01955406911928651,5.846666666666667,5.613954834952708,1.0,64.0,4.0,7.807880949443092,0.7022989628709875,0.36188460681666296,3.8847491638795986,8.0,0.009680366321743631,0.03951736811074596,0.265753380937028,0.0488076711951119
31,BASELINE,3,90,150,60,30,5.0,1.0,665.0,0.023186889818688983,5.541666666666667,7.958115180256077,2.0,74.0,4.0,7.293500514473166,0.7500450492169637,0.19293785310734463,3.676150627615063,8.0,0.011244330368130514,0.050994761128917605,0.28428167188100983,0.05686343194670141,3192.0,0.11129707112970712,26.6,20.45906482059562,2.0,111.0,21.0,7.567614602918333,0.7166461187002885,0.4647653549990905,2.688110181311018,6.0,0.007092899921474869,0.03144434037222697,0.38719895518870284,0.06996434918392129,801.0,0.01785953177257525,5.34,4.285370462398788,1.0,35.0,4.0,7.892568521344301,0.6880862130433741,0.3818006740491093,4.240200668896321,8.0,0.01087315660703464,0.03254178108103587,0.24259385095307986,0.04244734417081925
31,BASELINE,4,120,180,60,30,5.0,1.0,553.0,0.019281729428172942,4.608333333333333,5.674204545328114,1.0,51.0,4.0,7.417485419785717,0.6124747601734505,0.22580645161290322,11.971304044630404,53.0,0.046097916153909256,0.10385833502111008,0.10246532664819927,0.029589883143276534,2534.0,0.08835425383542539,21.116666666666667,19.181233594902654,2.0,135.0,17.0,7.5077602706801,0.707049958170478,0.37182263524167947,2.4788005578800556,5.0,0.006213447722185105,0.03264993400399589,0.4120005812148422,0.05913787072057789,792.0,0.01765886287625418,5.28,3.9935280976433187,1.0,30.0,4.0,7.912384490672183,0.6850103299637783,0.4047042545831892,4.268494983277592,8.0,0.010968103970730196,0.04035156270630989,0.24039108201341483,0.03994122401656742
31,BASELINE,5,150,210,60,30,5.0,1.0,489.0,0.01705020920502092,4.075,4.756859082770198,1.0,62.0,3.0,7.493867115671998,0.561893877226707,0.2310974164493956,17.715690376569036,64.0,0.07023399317886152,0.13771540271505994,0.06676731538124543,0.019604437532632656,2913.0,0.10156903765690377,24.275,19.57441463577732,1.0,159.0,19.5,7.566244755104544,0.7009765124207019,0.4266692447639723,2.3680613668061365,6.0,0.005748157003387129,0.03727678345042988,0.43253050034422696,0.060867610490766756,839.0,0.01870680044593088,5.593333333333334,4.548401428585164,1.0,38.0,4.0,7.880052873751708,0.6984650145097638,0.3863734368262182,4.173534002229655,7.0,0.010649442960502199,0.037078527505012955,0.24612381704962427,0.04205291643426046
31,BASELINE,6,180,240,60,30,5.0,1.0,559.0,0.019490934449093444,4.658333333333333,7.324042409914229,1.0,86.0,3.0,7.342827773631111,0.6948022110610178,0.1457203489742985,3.30965829846583,12.0,0.009704446632209368,0.056279543431644444,0.31617582615628415,0.05616573498396778,3514.0,0.12252440725244072,29.283333333333335,23.0487466518729,2.0,143.0,22.0,7.580335928733387,0.7215950485435548,0.43709888008238473,2.304044630404463,6.0,0.005479179119346483,0.028570911139050137,0.44457261527857356,0.06525017951273136,958.0,0.021360089186176143,6.386666666666667,5.328898155862575,1.0,33.0,4.0,7.829116609880547,0.7049112357389133,0.49012738853503185,4.578127090301003,9.0,0.012007137886916111,0.045320078016185796,0.22467437906804136,0.038579444033408884
31,BASELINE,7,210,270,60,30,5.0,1.0,602.0,0.02099023709902371,5.016666666666667,5.894182631110856,2.0,54.0,4.0,7.442835254127397,0.728250968652181,0.23045392439653864,3.8513598326359832,9.0,0.011980503498470518,0.06331916313957203,0.2688797152291309,0.04715708618086378,2906.0,0.10132496513249652,24.216666666666665,18.815190376100077,1.0,100.0,19.0,7.573119507250619,0.7359077566890264,0.4998681206741307,2.684065550906555,7.0,0.0070759056760779674,0.0311004617260221,0.3833754040749829,0.0629639967978534,970.0,0.021627647714604237,6.466666666666667,6.293559317976505,1.0,45.0,4.0,7.756689491154997,0.697930254769167,0.426093916755603,3.936633221850613,8.0,0.00985447389882756,0.02574465296627041,0.26217332614704036,0.04804449486054309
31,BASELINE,8,240,300,60,30,5.0,1.0,634.0,0.02210599721059972,5.283333333333333,4.752513954623268,2.0,33.0,4.0,7.5410137572932845,0.7269579160563142,0.3256542572797641,9.865794979079498,27.0,0.03725123940789705,0.11514494868912635,0.10649583555084563,0.020553753830632272,2602.0,0.09072524407252441,21.683333333333334,15.55634025798556,4.0,92.0,17.0,7.621663078017217,0.7473162078422582,0.5366530691061817,2.9164225941422592,6.0,0.008052195773706979,0.03768429020479785,0.35076260305008994,0.05287998647596692,915.0,0.02040133779264214,6.1,5.195831662656775,2.0,39.0,4.0,7.849143972451433,0.7238928049678215,0.4395364846259752,5.055384615384615,10.0,0.013608673205988643,0.06149695332535543,0.20407712930977737,0.036265329270538396
31,ANGER,0,0,60,60,30,3.0,5.0,605.0,0.02109483960948396,5.041666666666667,6.370368688091941,2.0,55.0,4.0,7.409969020199325,0.7042951725743748,0.22351332877648666,7.778940027894003,24.0,0.028482941293672275,0.08990231833756351,0.14904479829987466,0.041116608253552796,2346.0,0.08179916317991631,19.55,16.940262689816826,2.0,108.0,15.0,7.493030334242162,0.7272634435064461,0.42994035020203963,2.9817642956764296,6.0,0.008326740738136254,0.04894748944595677,0.34299363129379207,0.04797700092251414,915.0,0.02040133779264214,6.1,6.212621561520279,2.0,57.0,4.0,7.752082831432998,0.6951857845544427,0.34372609028309103,3.8147380156075807,7.0,0.009445429582575776,0.02784622952193603,0.27052054459898905,0.04993959377867045
31,ANGER,1,30,90,60,30,3.0,5.0,474.0,0.016527196652719664,3.95,3.4420197558991434,1.0,36.0,3.0,7.5993297113915705,0.5201985938374323,0.35425531914893615,35.62489539748954,100.0,0.14548275377096448,0.19637269525413834,0.029648724053990085,0.00609121067754537,3562.0,0.12419804741980474,29.683333333333334,28.308121135501416,2.0,178.0,22.0,7.491375614248412,0.6650158461792974,0.31621220982998205,2.2623082287308227,5.0,0.005303816087104299,0.02092215164914032,0.4562874494857589,0.07259961143343431,755.0,0.016833890746934223,5.033333333333333,3.63852839605367,1.0,27.0,4.0,7.937783192682784,0.6719602457417214,0.4048896839594514,4.518127090301003,9.0,0.011805795605036916,0.03561582255439857,0.22761459035994439,0.03972952677834085
31,ANGER,2,60,120,60,30,3.0,5.0,657.0,0.02290794979079498,5.475,10.144754391638404,2.0,110.0,4.0,7.2127520800568,0.7618336921396801,0.11909744931327665,3.8208158995815897,10.0,0.011852167645300797,0.06391174247699223,0.2742501132321626,0.05437909755554438,4818.0,0.16799163179916318,40.15,29.58748327699851,1.0,157.0,31.0,7.575112065638903,0.6839329699912619,0.5101353537073295,2.2680962343096236,6.0,0.005328135438275729,0.03333263748645581,0.45013549114326745,0.059011648584532936,718.0,0.01600891861761427,4.786666666666667,2.7315115880324496,2.0,17.0,4.0,8.031137488436483,0.6820475994593642,0.429911412193851,5.830746934225195,13.0,0.016210560181963752,0.06166604571430651,0.17581464361986196,0.0282616604645467
31,ENTHUSIASM,0,0,60,60,30,7.0,2.0,594.0,0.020711297071129706,4.95,6.5845146619423165,2.0,85.0,4.0,7.403293310228239,0.7226399684256057,0.1939329712544708,4.541457461645746,15.0,0.014880073368259437,0.0740238214112496,0.23399840120772114,0.04875180102818532,4542.0,0.15836820083682007,37.85,39.81240384603773,2.0,195.0,24.5,7.298782540074344,0.6727826467817136,0.3794046580307403,2.032670850767085,5.0,0.004338953154483552,0.017754129260922465,0.5035073159342488,0.07354480216761805,916.0,0.020423634336677814,6.1066666666666665,6.847526723001686,1.0,86.0,4.0,7.72808319197431,0.6949323886830865,0.31073349842028863,3.5418060200668897,8.0,0.008529550402909028,0.03757467967587825,0.2917839514007669,0.05380196243594261
31,ENTHUSIASM,1,30,90,60,30,7.0,2.0,563.0,0.019630404463040447,4.691666666666666,4.866202888860631,1.0,48.0,4.0,7.509820611059428,0.6594977501221708,0.2823170731707317,17.09860529986053,51.0,0.06764119873890981,0.15015569841207815,0.061576228340418905,0.011736045983402525,695.0,0.024232914923291493,5.791666666666667,4.706194204332083,1.0,36.0,5.0,7.553586665455223,0.7490559758376759,0.3927855711422846,4.306206415620641,9.0,0.013891623595044715,0.06279512049565758,0.2377263488665611,0.037336374110661374,756.0,0.0168561872909699,5.04,3.647611090380479,2.0,27.0,4.0,7.936800428322307,0.6947427413201407,0.3932673267326733,4.532798216276477,10.0,0.01185502757139758,0.04271734314792128,0.2265717387303585,0.03814846891658826
31,LIKING,0,0,60,60,30,5.0,4.0,594.0,0.020711297071129706,4.95,5.6838220708721465,1.0,57.0,4.0,7.462974348500326,0.7229375147926458,0.22995339868230757,3.5658995815899583,7.0,0.010781090678949407,0.06454975881052138,0.2870950996363986,0.044988115602612365,3165.0,0.11035564853556486,26.375,21.568519691130096,2.0,121.0,19.0,7.519637969753724,0.7147916652154805,0.45353910795087266,2.982670850767085,8.0,0.00833054979313901,0.030897055882297245,0.3558939394746409,0.07402426221337706,1088.0,0.024258639910813822,7.253333333333333,8.59588015013911,2.0,61.0,4.0,7.595057530936073,0.7123355279955781,0.34935987029686366,3.592396878483835,7.0,0.008699318384173942,0.02138910736384905,0.28773010442448615,0.05458360783002608
31,LIKING,1,30,90,60,30,5.0,4.0,559.0,0.019490934449093444,4.658333333333333,4.455326088577081,2.0,49.0,4.0,7.552753475725261,0.6847190260914,0.295459679241021,13.91244769874477,36.0,0.054253981927499036,0.14031760297033555,0.07548233488436923,0.014202149908988338,3247.0,0.11321478382147838,27.058333333333334,22.539519306222026,1.0,122.0,20.0,7.4971103971998225,0.6958083095778552,0.4322926326635755,2.4790794979079496,8.0,0.006214619739109029,0.03444429736272429,0.41338659027324504,0.059706652746800454,781.0,0.017413600891861763,5.206666666666667,4.081334204508238,1.0,26.0,4.0,7.891551472621722,0.6852306098385046,0.3941908713692946,4.483478260869565,9.0,0.011689524365334115,0.03328854221183971,0.22939935192661143,0.04025312801368767
31,FEAR,0,0,60,60,30,2.0,3.0,611.0,0.021304044630404462,5.091666666666667,6.004159437886001,2.0,74.0,4.0,7.474194821939995,0.7361934020449801,0.225900966891298,3.480439330543933,6.0,0.010422013993882068,0.060588322741946,0.2945268284411835,0.04709281494935649,3993.0,0.13922594142259415,33.275,23.809648779433935,5.0,131.0,25.5,7.59888420390697,0.7481658121070205,0.5128896608465124,2.485913528591353,6.0,0.006243334153745183,0.026363039856745304,0.41436771459899935,0.06483100845601689,922.0,0.02055741360089186,6.1466666666666665,6.176176451135084,1.0,52.0,4.0,7.752948037987762,0.69084260243941,0.35339638865004297,3.8312597547380154,8.0,0.009500871660194683,0.025111947378563676,0.2692283982452691,0.049253536523026095
31,FEAR,1,30,90,60,30,2.0,3.0,621.0,0.021652719665271967,5.175,5.403953028416636,1.0,50.0,4.0,7.505089678258648,0.715902721694946,0.2711169427587338,7.009344490934449,24.0,0.025249346600564913,0.08720583134459214,0.15561507228559093,0.03429150303345103,3636.0,0.12677824267782425,30.3,22.795321157348642,1.0,142.0,22.0,7.571488279218689,0.7358874262278962,0.5109894013855172,2.4892259414225943,6.0,0.006257251854716787,0.03708471541118404,0.41248553452269177,0.06270244318748097,780.0,0.017391304347826087,5.2,3.9782743327561847,2.0,27.0,3.0,7.903655907542979,0.6974544252111489,0.3902654867256637,4.3702564102564105,9.0,0.011309585269316818,0.03480200573097673,0.23505329336290232,0.03995917252151614
31,FEAR,2,60,120,60,30,2.0,3.0,593.0,0.020676429567642957,4.941666666666666,5.550218964649554,1.0,50.0,4.0,7.474661838501071,0.6757123099631368,0.2545575074577395,17.75303347280335,44.0,0.07039089694455188,0.15823029150723608,0.058001323382425,0.009165031098076768,2445.0,0.0852510460251046,20.375,14.161604487721956,3.0,83.0,17.0,7.61805922522415,0.7290040635059557,0.48990733223214533,3.0197698744769874,7.0,0.00848642804402096,0.037951982243832144,0.3391837251351371,0.05047852516308046,773.0,0.017235228539576364,5.153333333333333,3.901686245145239,1.0,22.0,4.0,7.902303252119667,0.6888680313780934,0.40735347651983983,4.595317725752508,10.0,0.012064824583062102,0.04413398639499501,0.22351470059236514,0.03725128419939363
31,AMUSEMENT,0,0,60,60,30,8.0,5.0,516.0,0.01799163179916318,4.3,3.431714828867146,2.0,26.0,4.0,7.607402058715388,0.5784242734389793,0.3889602053915276,26.978521617852163,89.0,0.10915345217584943,0.17006056920083237,0.03967777808741032,0.009216018228393585,2666.0,0.09295676429567643,22.216666666666665,16.360105609547745,2.0,107.0,19.0,7.561979884207648,0.7167063090621437,0.49663967885252924,2.883926080892608,7.0,0.007915655802069786,0.037511715599254224,0.3590631721249017,0.06278732831824373,880.0,0.019620958751393535,5.866666666666666,5.473775865179558,1.0,47.0,4.0,7.817848174947497,0.6860197112842431,0.3684630283696024,4.02066889632107,8.0,0.01013647280644655,0.02940196949871017,0.25687800153928325,0.04753972396761699
31,AMUSEMENT,1,30,90,60,30,8.0,5.0,612.0,0.021338912133891212,5.1,7.297716537840222,1.0,81.0,4.0,7.361383864616338,0.6975528439410972,0.1796629213483146,6.066248256624825,27.0,0.021286757380776573,0.07096986407037499,0.19089428085937113,0.05065875341128578,3053.0,0.10645048814504882,25.441666666666666,23.337843314144422,2.0,158.0,19.0,7.467557102495315,0.6730010631397791,0.3790640024575115,2.326220362622036,6.0,0.005572354464798473,0.018581018672889943,0.44232550043532276,0.07006611664002692,801.0,0.01785953177257525,5.34,4.022983967156717,1.0,26.0,4.0,7.9186831738141095,0.6866524172798033,0.39989837398373984,4.366020066889632,8.0,0.011295369351978637,0.03207541076033345,0.2354394745537147,0.04097323459046803
31,AMUSEMENT,2,60,120,60,30,8.0,5.0,582.0,0.020292887029288702,4.85,4.708414453578472,2.0,45.0,4.0,7.523312313863377,0.7073793994815458,0.28769638849214446,6.783926080892608,14.0,0.024302210423918516,0.098520219635678,0.15249128927651465,0.02720046499842278,2977.0,0.1038005578800558,24.808333333333334,15.928640783890575,3.0,98.0,21.0,7.645218655118472,0.6947818730482658,0.5365263905886068,2.966317991631799,6.0,0.008261840300973948,0.04030319697977971,0.3479308490416414,0.061330931702883264,802.0,0.017881828316610924,5.346666666666667,3.6368240112615964,2.0,25.0,4.0,7.957484732992985,0.7083759317755077,0.4447897623400366,4.814113712374582,10.0,0.012799039303270423,0.048412388464213287,0.21314483034354814,0.03515446245514511
31,SADNESS,0,0,60,60,30,3.0,3.0,614.0,0.021408647140864715,5.116666666666666,10.243439634983728,2.0,114.0,4.0,7.169905088656217,0.7395644377659981,0.10258614987763741,2.782810320781032,6.0,0.007490799667147196,0.04705213396142308,0.36999508690064076,0.06106635097429037,3240.0,0.11297071129707113,27.0,18.83901094360671,2.0,89.0,22.0,7.601848715506735,0.7515671937897587,0.5959126067382066,3.3138075313807533,10.0,0.009721880383952747,0.04037650277261425,0.315379278909106,0.06146567058267839,784.0,0.017480490523968786,5.226666666666667,3.9185825101545184,2.0,28.0,4.0,7.924803226449125,0.693177120014671,0.4037742567206694,4.492976588628762,9.0,0.01172139794841867,0.037575281949906676,0.22940573105974157,0.04112296337357081
31,SADNESS,1,30,90,60,30,3.0,3.0,568.0,0.0198047419804742,4.733333333333333,6.68671984026714,2.0,60.0,4.0,7.349854812641784,0.6855306881817291,0.17993588030991184,9.77221059972106,30.0,0.03685802772992042,0.10719450770165892,0.11613273403517756,0.03022854815855605,2683.0,0.09354951185495118,22.358333333333334,12.494529358438792,2.0,81.0,21.0,7.703675488891993,0.7411396990524486,0.5839974749467371,3.185041841004184,8.0,0.009180848071446144,0.04168501009641916,0.3246740999257611,0.054937784301921366,781.0,0.017413600891861763,5.206666666666667,4.137304543889522,1.0,43.0,4.0,7.913419924559412,0.6832105387021851,0.3741670937980523,4.23716833890747,8.0,0.010862981003045205,0.03761168618413964,0.2430154216873376,0.04315628682616163
31,NEUTRAL,0,0,60,60,30,6.0,4.0,604.0,0.02105997210599721,5.033333333333333,5.847981608118213,2.0,53.0,4.0,7.436097298055679,0.71092342308873,0.24220183486238533,7.585669456066945,24.0,0.027670880067508168,0.0928105209050831,0.14936171521587147,0.03994404902985632,1487.0,0.05184797768479777,12.391666666666667,14.966515867837185,1.0,110.0,7.0,7.19936333157141,0.7460552404906501,0.44357470503662794,2.9592747559274755,6.0,0.008232246873644856,0.03298722784854146,0.3495774252780966,0.06483016196877522,980.0,0.02185061315496098,6.533333333333333,8.025099514786232,1.0,89.0,4.0,7.628571854478431,0.6906215825612522,0.295365643439634,3.471794871794872,6.0,0.008294613663741185,0.033610391778193756,0.2977187825368528,0.05576437180385288
31,NEUTRAL,1,30,90,60,30,6.0,4.0,566.0,0.019735006973500696,4.716666666666667,5.131899150303802,1.0,42.0,4.0,7.467966470843068,0.6712262389752439,0.2632978723404255,12.894002789400279,40.0,0.049974801636135636,0.12730822795216049,0.08661014292496555,0.022717218909938112,718.0,0.02503486750348675,5.983333333333333,4.352170595104113,1.0,31.0,5.0,7.599233205611612,0.7495746453479984,0.4501794565031619,4.918793584379358,13.0,0.016465519262098154,0.06632768385425342,0.20979785043937765,0.03665555320979974,762.0,0.016989966555183946,5.08,3.70048645450838,2.0,27.0,4.0,7.92862986791139,0.7013013815294517,0.3957001743172574,4.402764771460424,8.0,0.011418673729732967,0.03810408596835474,0.23267991821908504,0.03780190797262324
31,NEUTRAL,2,60,120,60,30,6.0,4.0,589.0,0.020536959553695954,4.908333333333333,5.968662375738433,2.0,58.0,4.0,7.4375169402276295,0.7256504915887477,0.21347118747149157,3.5594490934449095,7.0,0.010753987787583652,0.05799685833356227,0.29021353777213243,0.05059978003408856,1568.0,0.054672245467224545,13.066666666666666,13.940787479750044,2.0,87.0,9.0,7.324206785813203,0.7331004411438474,0.3562331329009043,2.8982217573221756,6.0,0.007975721669420906,0.037152330846679474,0.35301136274401024,0.0539082386625474,831.0,0.018528428093645483,5.54,4.419094929960206,2.0,27.0,4.0,7.878391162233822,0.7026124657881848,0.41405550581915845,4.446778149386845,9.0,0.011566369628814924,0.03837182209357966,0.2304169165320394,0.03776971099920354
31,AWE,0,0,60,60,30,7.0,3.0,598.0,0.02085076708507671,4.983333333333333,6.10393770901666,2.0,54.0,4.0,7.406841707381233,0.7145855323127582,0.21888224135415146,4.601847977684797,15.0,0.015133815032289062,0.07119665536010793,0.22704973635627773,0.0409193010196906,3102.0,0.10815899581589958,25.85,17.358307329153188,4.0,119.0,21.0,7.631864351141226,0.7415034696313014,0.5504759718125783,2.8131799163179916,7.0,0.007618403009739456,0.04205892705723709,0.3674143977195015,0.06290375508150473,872.0,0.019442586399108137,5.8133333333333335,6.282129858221298,1.0,57.0,4.0,7.74035932609112,0.6875937190652162,0.316398141741623,3.8208472686733557,8.0,0.009465930431789785,0.026724955841358474,0.2703494207185923,0.05061364039084086
31,AWE,1,30,90,60,30,7.0,3.0,586.0,0.020432357043235705,4.883333333333334,6.830304206662801,2.0,89.0,3.0,7.395231216115662,0.7225061757377806,0.17830835661671324,3.538423988842399,8.0,0.010665647011942848,0.06403044229826071,0.2938111474442668,0.054585268544440194,2645.0,0.09222454672245467,22.041666666666668,18.96483405030362,3.0,128.0,17.0,7.530286699456974,0.705748318692801,0.3969842635227445,2.4095536959553696,6.0,0.005922494520820882,0.03418013841348012,0.42304699125947387,0.05691825278648046,757.0,0.016878483835005575,5.046666666666667,3.8014675528742257,1.0,31.0,4.0,7.912695830255057,0.6725723548379595,0.4129229592812082,4.576900780379042,9.0,0.012003022752949805,0.04285480547065177,0.2250142052903226,0.03998452275502508
31,DISGUST,0,0,60,60,30,6.0,5.0,597.0,0.02081589958158996,4.975,5.340821566013978,2.0,57.0,4.0,7.491915873295902,0.7175364178517829,0.2562111801242236,4.830369595536959,15.0,0.016093989897214122,0.06931262460331818,0.2256928599353209,0.05030619217891889,3383.0,0.11795676429567643,28.191666666666666,21.21646209642147,2.0,129.0,22.5,7.545238571611661,0.7267193660021446,0.5109858498965796,2.672071129707113,7.0,0.007025508948349221,0.0369734160463619,0.38828532884570505,0.06778170388394322,921.0,0.02053511705685619,6.14,6.928232097728828,2.0,68.0,4.0,7.718278677151251,0.6926389358720767,0.322272498743087,3.7944927536231883,8.0,0.009377492461822779,0.029063740451879,0.27310189752140657,0.053182898232397406
32,BASELINE,0,0,60,60,30,5.0,2.0,623.0,0.021722454672245466,5.191666666666666,6.16278594107856,1.0,53.0,4.0,7.385582466366156,0.684797632377472,0.23936392802343423,4.4932357043235704,21.0,0.014677460942536014,0.05110764115892506,0.24346744059175,0.051054558968023335,1742.0,0.060739191073919105,14.516666666666667,11.873277652873373,1.0,62.0,11.0,7.468741614551104,0.7180681784564379,0.46546227417640806,3.242852161785216,6.0,0.00942374857892948,0.03693539586859678,0.31584319299770763,0.04902862405741831,766.0,0.017079152731326645,5.1066666666666665,4.697015600948708,2.0,43.0,3.0,7.8416270687365275,0.7097763736498167,0.3364833462432223,3.881293199554069,8.0,0.009668769126020358,0.04111770060858845,0.26440457596230166,0.04430056397030882
32,BASELINE,1,30,90,60,30,5.0,2.0,637.0,0.022210599721059973,5.308333333333334,5.900276594269871,1.0,43.0,3.0,7.400225164433147,0.7068672723747443,0.25917364923432534,3.5007670850767085,6.0,0.010507424727213064,0.0394172282998936,0.29200960134188786,0.045357951159061244,1209.0,0.042154811715481175,10.075,7.766018392114885,2.0,35.0,7.0,7.50507038907887,0.7430942543095684,0.5436871876544566,4.542050209205021,9.0,0.014882563904222778,0.05823458444861684,0.22617184400361037,0.03687257606964689,766.0,0.017079152731326645,5.1066666666666665,4.299064497719888,1.0,44.0,4.0,7.877372716083292,0.7089700441677186,0.3538357553227442,4.051460423634337,8.0,0.010239800079309854,0.04045082960975774,0.2534099300414613,0.04267739765326213
32,BASELINE,2,60,120,60,30,5.0,2.0,594.0,0.020711297071129706,4.95,4.8059858509987325,1.0,30.0,3.0,7.482980843840965,0.6787045471527914,0.2901524032825322,4.822001394700139,19.0,0.016058829389496397,0.056079391060034685,0.22306620875724323,0.04553978353560954,906.0,0.03158995815899582,7.55,6.876105971648004,1.0,44.0,5.0,7.439790903453803,0.753158722939722,0.46235354927636113,3.710878661087866,8.0,0.011390246475159104,0.04547621970233992,0.27702498700841977,0.04653077026637068,747.0,0.01665551839464883,4.98,3.806082850735999,1.0,25.0,3.0,7.904657929180927,0.6973511551743751,0.3830159347065682,4.305284280936455,8.0,0.011091557989719638,0.04012437202224189,0.23772408913619808,0.038024526157090996
32,BASELINE,3,90,150,60,30,5.0,2.0,559.0,0.019490934449093444,4.658333333333333,4.365577154156011,1.0,30.0,3.0,7.51906063820209,0.6848000451946168,0.2894736842105263,4.950557880055788,17.0,0.016598982689310045,0.06651448385792666,0.21211571060886084,0.04046064708937288,775.0,0.02702231520223152,6.458333333333333,5.684622287853042,1.0,41.0,4.0,7.490966001193668,0.7558663908976005,0.39183522446965957,3.802092050209205,8.0,0.01177349600928237,0.04266148407573298,0.26991853919173253,0.04436001071627405,714.0,0.015919732441471574,4.76,3.698071569525573,1.0,38.0,4.0,7.924539040740453,0.6997944363857677,0.3483952702702703,4.134425863991082,8.0,0.010518207597285513,0.04428722413243016,0.247910370277052,0.040609858889133835
32,BASELINE,4,120,180,60,30,5.0,2.0,540.0,0.01882845188284519,4.5,4.052776825831889,1.0,28.0,3.0,7.541437689893591,0.6517312499701897,0.30303030303030304,5.875034867503487,27.0,0.020483339779426415,0.06899558628013953,0.18758064701976912,0.04136260280194494,883.0,0.030788005578800556,7.358333333333333,7.282737389806726,1.0,43.0,4.0,7.390219879861192,0.7562381692955081,0.4212371650388179,4.316806136680614,11.0,0.013936160238153838,0.04804028587707374,0.24191003728771293,0.04915151587978397,709.0,0.0158082497212932,4.726666666666667,3.4715926540358324,2.0,26.0,3.0,7.93364215032594,0.6966640289993232,0.36404494382022473,4.463054626532887,9.0,0.01162098867964058,0.04267813646608038,0.2294583986034563,0.0368157545377464
32,BASELINE,5,150,210,60,30,5.0,2.0,591.0,0.020606694560669457,4.925,5.590412179198716,2.0,50.0,3.0,7.430239753979487,0.7098476036426297,0.24019769357495882,4.1913179916317995,9.0,0.013408899124503352,0.058477972353373715,0.24734727439818313,0.04549842298292113,927.0,0.03232217573221757,7.725,6.975507747349531,2.0,40.0,4.0,7.427681154760263,0.7565225897874962,0.44280626190673406,3.9901324965132496,9.0,0.012563581918122901,0.04219100219584072,0.25649259055085927,0.040359718835176465,706.0,0.015741360089186175,4.706666666666667,3.1113698305123134,2.0,19.0,3.0,7.9737287950374585,0.7114059565878451,0.39665765544359793,5.092753623188406,11.0,0.013734072561034904,0.05322775892964027,0.20128782973513196,0.03238279187489167
32,BASELINE,6,180,240,60,30,5.0,2.0,545.0,0.01900278940027894,4.541666666666667,5.631601065021878,2.0,49.0,3.0,7.402224694365234,0.6047318826692953,0.23535564853556484,13.36202928870293,56.0,0.051941299532365245,0.11128602359275433,0.09170813514465523,0.02721453426482792,871.0,0.030369595536959552,7.258333333333334,6.055983037918415,1.0,31.0,4.0,7.475884495312668,0.7438173464156131,0.4400121802679659,4.329637377963738,9.0,0.013990073016654368,0.05882043857462437,0.2363574484837609,0.03682914372738269,735.0,0.016387959866220735,4.9,3.757215280851853,2.0,28.0,3.0,7.9123477731495555,0.7124419511517035,0.367776886035313,4.427469342251951,9.0,0.011501574973999824,0.043896837175123514,0.2312148205625534,0.03676485926058801
32,BASELINE,7,210,270,60,30,5.0,2.0,582.0,0.020292887029288702,4.85,6.406572146371776,2.0,81.0,3.0,7.423913651886627,0.717195898717056,0.19592520234440414,4.096966527196653,12.0,0.013012464399985938,0.06783657950193044,0.259083451159778,0.055195156064084545,813.0,0.028347280334728032,6.775,5.905452988552191,1.0,43.0,4.0,7.47178345747677,0.745364232908177,0.41081081081081083,3.8653417015341702,8.0,0.012039250846782238,0.048081153872562996,0.26518709282563585,0.04327857342145665,713.0,0.015897435897435898,4.753333333333333,3.379224105553752,2.0,22.0,4.0,7.946428515064397,0.7074782995355751,0.3773069036226931,4.554782608695652,9.0,0.01192880070032098,0.04250016696661267,0.22438827774331208,0.03448676240252349
32,BASELINE,8,240,300,60,30,5.0,2.0,615.0,0.021443514644351465,5.125,5.031670531079448,2.0,39.0,4.0,7.516760236621224,0.7308474671124132,0.2878923766816143,5.974337517433752,20.0,0.02090057780434348,0.08143062434961587,0.17992462668943698,0.03933962096303662,831.0,0.02897489539748954,6.925,6.580479339176845,1.0,44.0,4.0,7.423790475092515,0.7478277566328474,0.39930830039525694,3.69013249651325,7.0,0.01130307771644223,0.046623830954889575,0.27830302244296207,0.046614155582164536,734.0,0.016365663322185062,4.8933333333333335,3.8697918405114358,1.0,34.0,3.0,7.903362481522109,0.7064612647700883,0.3661833855799373,4.223656633221851,8.0,0.010817639708798156,0.04409228846516345,0.2425730417006529,0.039272377796113714
32,ANGER,0,0,60,60,30,1.0,8.0,761.0,0.026534170153417014,6.341666666666667,10.844350167509143,1.0,97.0,4.0,7.158264417845384,0.7810613295933533,0.15448093744842384,2.9430962343096234,5.0,0.008164269892057244,0.039357581538333464,0.3486240149328748,0.056185046005562504,1083.0,0.03776150627615063,9.025,8.652516493290646,1.0,45.0,5.0,7.354204170277332,0.7400582495716651,0.44350777934936353,3.9612273361227337,8.0,0.012442131664381233,0.04609535755715968,0.25969399634460477,0.04514625208512378,845.0,0.01884057971014493,5.633333333333334,6.006570476477312,2.0,46.0,3.0,7.709105169738993,0.7014091566331898,0.3361209392087488,3.7476477146042364,8.0,0.00922029434430952,0.025915888857671786,0.27427347020256854,0.04778392003765651
32,ANGER,1,30,90,60,30,1.0,8.0,549.0,0.01914225941422594,4.575,4.314051653221907,2.0,39.0,4.0,7.562766486615368,0.6751495656060873,0.3031458531935176,18.147140864714085,45.0,0.07204681035594154,0.15909363616242977,0.05828851479371132,0.011986341524379272,1225.0,0.04271269177126918,10.208333333333334,11.645024569412563,1.0,76.0,6.0,7.258614420228832,0.7493306750294212,0.3742242224077233,3.235355648535565,6.0,0.00939225062409901,0.03673182091889305,0.3183597141077543,0.0555998327651154,741.0,0.01652173913043478,4.94,3.5416192153683976,1.0,25.0,4.0,7.945948128390982,0.7060664412528189,0.38804415746719434,4.403255295429209,9.0,0.011420319783319503,0.038637429666938346,0.23272650976274614,0.037934643156295446
32,ANGER,2,60,120,60,30,1.0,8.0,534.0,0.018619246861924687,4.45,4.413709701977842,1.0,51.0,4.0,7.560118922520866,0.6505391673910944,0.2935406698564593,20.940062761506276,59.0,0.08378177630884992,0.16375092090668983,0.05028979627953499,0.010344482993542554,1017.0,0.035460251046025106,8.475,8.231507051162218,2.0,47.0,5.0,7.37817931627421,0.7495994324428679,0.4076781287739147,3.3897489539748955,7.0,0.01004096199149116,0.03244095051568197,0.3034133466321849,0.05239877100956933,742.0,0.016544035674470457,4.946666666666666,3.9602805736743227,1.0,26.0,3.0,7.881679207654701,0.6982740695951223,0.37606513917818596,4.502207357859532,10.0,0.011752373684092389,0.04219531369341722,0.22779019967754616,0.037758673151129116
32,ENTHUSIASM,0,0,60,60,30,9.0,5.0,594.0,0.020711297071129706,4.95,5.3740890700967485,1.0,41.0,3.0,7.445679841495733,0.6908763037460293,0.2586028905712319,3.7968270571827056,13.0,0.011751374189843292,0.04407809795665054,0.27379800273323557,0.046470284401456084,679.0,0.023675034867503487,5.658333333333333,5.110440022368154,1.0,56.0,4.0,7.52240180736985,0.7512571076512641,0.3554073368270605,3.7547768479776846,8.0,0.011574692638561705,0.048529116708682936,0.27546467221930887,0.049740486598279815,841.0,0.01875139353400223,5.6066666666666665,5.598090944440098,1.0,52.0,4.0,7.768476882181295,0.7072700875748326,0.3645481049562682,3.8267335562987737,8.0,0.0094856830748281,0.03151196667422114,0.2689643798293748,0.047832029312722776
32,ENTHUSIASM,1,30,90,60,30,9.0,5.0,598.0,0.02085076708507671,4.983333333333333,5.999976851807198,1.0,58.0,3.0,7.4079866121062725,0.7065564700967296,0.23545210384959714,4.738214783821478,14.0,0.015706784805972603,0.06739364159449297,0.22809964682366202,0.04950462615914258,698.0,0.024337517433751742,5.816666666666666,6.252977068742714,1.0,76.0,3.0,7.4457020882868825,0.755035482216193,0.2968711199404023,3.31115760111576,6.0,0.009710746223175467,0.04859722495302029,0.31050829921207007,0.05357671254553911,704.0,0.015696767001114827,4.693333333333333,3.2474537033736994,1.0,22.0,3.0,7.956807435216311,0.7000943578838317,0.3780487804878049,4.576231884057971,10.0,0.012000778134422725,0.04108790133746543,0.22408353207047596,0.03685877029300642
32,ENTHUSIASM,2,60,120,60,30,9.0,5.0,579.0,0.020188284518828453,4.825,4.9187777953471326,1.0,49.0,3.0,7.509525987520111,0.7134227866567714,0.2696365767878077,3.897733612273361,9.0,0.012175351312072945,0.06395066389825638,0.26340355249867214,0.04166810672524377,651.0,0.022698744769874477,5.425,5.215621567304641,2.0,57.0,3.5,7.503457132521428,0.7516307995612496,0.31684296175752646,3.6365062761506275,7.0,0.011077757462817762,0.04695456346729386,0.2821877972741719,0.046827914817356195,730.0,0.016276477146042363,4.866666666666666,3.6334862353148143,1.0,25.0,3.0,7.925474848353268,0.6974999427948748,0.3747657713928795,4.493801560758082,9.0,0.011724166311268729,0.04252647240174593,0.22836005426754905,0.038054457662548224
32,LIKING,0,0,60,60,30,9.0,7.0,681.0,0.023744769874476986,5.675,8.811131690462167,1.0,75.0,4.0,7.230759839262793,0.752638770471561,0.16872,3.229567642956764,8.0,0.009367931272927576,0.04974783680739156,0.31788079445946155,0.051090562539453384,1284.0,0.04476987447698745,10.7,11.596407489678286,1.0,66.0,5.0,7.232369507311882,0.7447059536647583,0.456841074426413,3.232531380753138,7.0,0.009380383952744277,0.03462012947914526,0.31951485357616727,0.05789584142410839,815.0,0.018171683389074694,5.433333333333334,5.888878406699266,1.0,62.0,3.0,7.73375059617301,0.7002905876753603,0.31242200794100966,3.62329988851728,8.0,0.008803019760125104,0.033348336068568615,0.2833214411746083,0.04834068086098225
32,LIKING,1,30,90,60,30,9.0,7.0,706.0,0.024616457461645747,5.883333333333334,8.100600114943473,2.0,70.0,4.0,7.285382105743434,0.7261068314674853,0.20482246952835187,3.6495118549511854,12.0,0.011132402751895736,0.0419187494603825,0.28883087280095004,0.05846102088104001,919.0,0.03204323570432357,7.658333333333333,8.749281716549968,1.0,50.0,4.0,7.258682953324377,0.7525100588039593,0.3994772950016334,3.295676429567643,6.0,0.009645699283897661,0.02775848722070165,0.3123602110386533,0.05572732526073449,722.0,0.01609810479375697,4.8133333333333335,3.48976917415592,1.0,22.0,3.0,7.936124645846782,0.7028821261584419,0.3746724890829694,4.4917502787068,9.0,0.011717282814452362,0.0369719990954676,0.2281092505371307,0.037215124567909603
32,FEAR,0,0,60,60,30,2.0,7.0,555.0,0.019351464435146442,4.625,5.549868617063531,1.0,49.0,4.0,7.418337622809177,0.6019225818557745,0.25070077084793274,16.746687587168758,61.0,0.0661625528872637,0.13998501883176936,0.06717894952764415,0.01720403899397077,1019.0,0.035529986052998605,8.491666666666667,8.584381004022493,2.0,64.0,5.0,7.371426554465361,0.7542270692596635,0.3996479941736967,3.3814853556485356,8.0,0.010006240990119885,0.04802091590387454,0.30375811436882916,0.05033868405023847,905.0,0.020178372352285395,6.033333333333333,5.900188320911649,1.0,49.0,4.0,7.74910464293937,0.7038376961700148,0.39183798711261125,3.8847714604236345,8.0,0.009680441142361194,0.03747111162581855,0.2640562248518197,0.043882982158709984
32,FEAR,1,30,90,60,30,2.0,7.0,652.0,0.022733612273361226,5.433333333333334,6.370810170003672,1.0,42.0,4.0,7.390076255651822,0.7153782438409565,0.2404329339002706,5.645536959553696,13.0,0.01951906285526764,0.07603857350302486,0.1860469395722849,0.03827219449350499,810.0,0.028242677824267783,6.75,7.594131506191695,1.0,75.0,4.0,7.393482655857946,0.7500306654919723,0.31844878217308686,3.2587517433751745,7.0,0.009490553543593168,0.038353933611291635,0.3165512389875007,0.056323812245004636,809.0,0.018037904124860647,5.3933333333333335,5.037058224356311,1.0,50.0,3.5,7.81318540579019,0.6987274033862192,0.3595108695652174,3.8987290969899666,8.0,0.009727278848959622,0.03452734911160638,0.26382516204395307,0.04601186763139352
32,FEAR,2,60,120,60,30,2.0,7.0,658.0,0.022942817294281728,5.483333333333333,7.328009431095339,2.0,63.0,3.0,7.321537401489599,0.7198505776160098,0.22737917819885034,3.294839609483961,7.0,0.0096421832331259,0.03903807501958821,0.313284571136634,0.05455305575238506,959.0,0.033437935843793586,7.991666666666666,9.507011301607298,2.0,67.0,4.0,7.260309319850775,0.7498944382595185,0.3444248190986269,3.165620641562064,6.0,0.009099246393117917,0.026422322871938488,0.3251956528291005,0.058172259992354605,729.0,0.016254180602006688,4.86,3.606531112671381,1.0,30.0,3.0,7.930686578730305,0.6988995308482604,0.376495278069255,4.586309921962096,10.0,0.012034597053564073,0.045682945694530415,0.22431548044096053,0.038525220419869124
32,AMUSEMENT,0,0,60,60,30,9.0,8.0,724.0,0.025244072524407253,6.033333333333333,7.741052182286907,2.0,55.0,4.0,7.323148483471249,0.7612862919471785,0.22953391785879096,3.4883542538354253,8.0,0.010455269974098432,0.04856468838810772,0.2952973089110649,0.05022705832353102,851.0,0.029672245467224547,7.091666666666667,6.508962837674081,2.0,52.0,4.0,7.466046272587143,0.7521162760169003,0.3973509933774834,3.865760111576011,8.0,0.012041008872168118,0.046364243070468804,0.2649957946318046,0.04192737288067089,877.0,0.01955406911928651,5.846666666666667,6.133228259969532,1.0,58.0,4.0,7.728103858180958,0.708544784926603,0.34812493682401696,3.725150501672241,7.0,0.00914480034118202,0.030616287800778925,0.276091854989738,0.04827227202228022
32,AMUSEMENT,1,30,90,60,30,9.0,8.0,608.0,0.021199442119944213,5.066666666666666,5.739821909742109,2.0,50.0,4.0,7.442982927102623,0.727862340548839,0.24929971988795518,6.628870292887029,17.0,0.02365071551633206,0.09614430492381251,0.15619906631182592,0.027126024656938356,775.0,0.02702231520223152,6.458333333333333,6.5375783402996825,2.0,66.0,4.0,7.427041641022111,0.7683072049361167,0.3602949033016348,3.2957112970711298,6.0,0.00964584578601315,0.04643684584140262,0.31073042751625624,0.050469936818454485,731.0,0.01629877369007804,4.873333333333333,3.3402528181095645,1.0,21.0,4.0,7.954294531723167,0.7022822433557727,0.40355160932297446,5.088606465997771,10.0,0.013720155926167018,0.05082536586771432,0.20132984580369115,0.03231756321876289
32,AMUSEMENT,2,60,120,60,30,9.0,8.0,664.0,0.02315202231520223,5.533333333333333,7.356893970208412,2.0,52.0,4.0,7.33775361694075,0.7442051882563684,0.2001052077853761,3.276115760111576,8.0,0.009563511597107464,0.04254916798422905,0.31281784074132873,0.04882698413184916,1082.0,0.03772663877266388,9.016666666666667,11.015128485658058,1.0,67.0,4.0,7.211316687690226,0.7520696934150578,0.341008866316605,3.1335774058577406,6.0,0.008964610948982104,0.03212268748147965,0.3286204557514845,0.05785697548647218,748.0,0.016677814938684504,4.986666666666666,4.2622164291467985,1.0,35.0,3.0,7.862028305442244,0.6910349469339665,0.3479936919572455,4.015250836120401,8.0,0.010118291396377184,0.034034889502658594,0.25526415204854774,0.041955416930979525
32,SADNESS,0,0,60,60,30,2.0,8.0,689.0,0.02402370990237099,5.741666666666666,5.951884622164273,2.0,54.0,4.0,7.470218218516887,0.7650579921993812,0.28292098962490025,3.854323570432357,8.0,0.011992956178287214,0.06351375603857133,0.26838120535132204,0.048351939906610686,984.0,0.03430962343096234,8.2,9.632064506982221,2.0,73.0,5.0,7.270885342963313,0.7550833818442749,0.36853661214183775,3.3493723849372383,9.0,0.009871312541753103,0.0368173555888167,0.3136354269674911,0.06105681045210745,846.0,0.0188628762541806,5.64,5.4824325501246856,1.0,51.0,4.0,7.788971455390634,0.7201221602827266,0.3606829499644297,3.813756967670011,8.0,0.009442137475402722,0.03094735679402681,0.26971743689475003,0.04734383326906315
32,SADNESS,1,30,90,60,30,2.0,8.0,711.0,0.0247907949790795,5.925,6.009246347643494,2.0,39.0,4.0,7.466833803820503,0.7545910633800635,0.3017230376515635,5.627719665271966,16.0,0.019444200274251967,0.069689977208967,0.19342649262346406,0.04374549809773862,996.0,0.03472803347280335,8.3,10.015488006083379,2.0,77.0,5.0,7.2855384450635015,0.7557102548086686,0.3216283405842138,3.2267433751743377,7.0,0.009356064601572848,0.035738101999348425,0.3202244782868399,0.058428954281241834,742.0,0.016544035674470457,4.946666666666666,3.826724738235326,1.0,26.0,3.0,7.907039133778188,0.7010928716196383,0.3711219512195122,4.297993311036789,9.0,0.011067091647774465,0.04054701890252301,0.2381572766391138,0.037875017763432314
32,NEUTRAL,0,0,60,60,30,5.0,3.0,580.0,0.020223152022315203,4.833333333333333,5.431134524408525,2.0,53.0,3.0,7.461535837610678,0.7178530511908031,0.2358146798542426,3.599163179916318,8.0,0.010920853697127383,0.05255187854422885,0.2852928761725665,0.04637777337629148,1249.0,0.043549511854951185,10.408333333333333,9.310384733666428,2.0,61.0,7.0,7.414519263459361,0.7554193647612116,0.48900826073218073,3.753068340306834,9.0,0.011567514034902674,0.04830475807412526,0.27661715992608554,0.052155121889651684,791.0,0.017636566332218506,5.273333333333333,5.016501658415841,1.0,45.0,4.0,7.8049141055079065,0.7031299635003027,0.35429769392033544,3.97221850613155,8.0,0.00997388760446829,0.03018309849241564,0.2590883195953412,0.045973179964987954
32,NEUTRAL,1,30,90,60,30,5.0,3.0,525.0,0.018305439330543932,4.375,4.744404599104086,2.0,42.0,3.0,7.489879771654038,0.655938739509179,0.24346076458752516,6.653626220362622,28.0,0.023754732018330338,0.07043348684331482,0.1754557729467992,0.04408387153208507,858.0,0.0299163179916318,7.15,7.090662874513215,2.0,47.0,4.0,7.406743972295983,0.7580957009566867,0.3912466843501326,3.5259414225941423,7.0,0.010613199254597234,0.032837274592923495,0.2924327424425638,0.05273522460342084,730.0,0.016276477146042363,4.866666666666666,3.7169282419163747,2.0,27.0,3.0,7.909110085894456,0.6985766983561101,0.3683350357507661,4.396432552954292,9.0,0.011397424674343265,0.039882254712573444,0.23289567177315276,0.037228414468309906
32,NEUTRAL,2,60,120,60,30,5.0,3.0,582.0,0.020292887029288702,4.85,5.076333979031192,2.0,38.0,3.0,7.475394636926215,0.7119738469350964,0.26270391899493717,5.5510808926080895,12.0,0.019122188624403735,0.07905762133599045,0.18779792342713403,0.03475132540192628,761.0,0.026534170153417014,6.341666666666667,6.093023104794168,1.0,50.0,4.0,7.449858091732731,0.751782680209396,0.37359154929577465,3.505299860529986,7.0,0.010526470002226833,0.0380722231354567,0.29289454616510735,0.049598860846138876,741.0,0.01652173913043478,4.94,3.899965811815962,2.0,28.0,3.0,7.892412839042027,0.7083964996854349,0.3847337050567199,4.410011148272018,10.0,0.011442990430443015,0.042614027383583226,0.23315010901812164,0.03981064379965777
32,AWE,0,0,60,60,30,8.0,5.0,580.0,0.020223152022315203,4.833333333333333,7.5628845173136305,2.0,111.0,4.0,7.38455105725498,0.7201237218561779,0.15021459227467812,3.3949442119944213,11.0,0.010062790806699253,0.06407077169674011,0.31054806345353575,0.06251280333092786,821.0,0.028626220362622037,6.841666666666667,6.713165961170796,2.0,50.0,4.0,7.425889478459701,0.7651982517269392,0.3866130929047432,4.161297071129707,10.0,0.013282760803065992,0.04756874246648325,0.2510984468051934,0.05069934246412716,803.0,0.0179041248606466,5.3533333333333335,5.197610562129059,2.0,51.0,3.0,7.786979561360076,0.7078987259239716,0.3449920508744038,3.8140914158305463,8.0,0.009443259784666267,0.035292582059108055,0.2691744814076812,0.045780930912104674
32,AWE,1,30,90,60,30,8.0,5.0,636.0,0.022175732217573223,5.3,6.3693275416902,1.0,58.0,4.0,7.416021467186319,0.7361181428101096,0.22293831382349072,3.3887377963737797,6.0,0.01003671343014193,0.044556883620985616,0.30177229742687467,0.04651710908457278,926.0,0.03228730822873082,7.716666666666667,6.864987658805772,1.0,36.0,4.0,7.435539314992872,0.7530113580818487,0.43326315789473685,3.7261854951185494,7.0,0.011454560903859453,0.03715123768293044,0.2749194952903894,0.04447155960598602,694.0,0.015473801560758083,4.626666666666667,3.201138686294127,2.0,22.0,4.0,7.9611121952683845,0.7035559919383448,0.3737049827331031,4.655250836120401,11.0,0.012265942403088587,0.039929192042862105,0.22075335781287284,0.03715772259335375
32,DISGUST,0,0,60,60,30,3.0,6.0,651.0,0.022698744769874477,5.425,5.177937974393539,2.0,38.0,4.0,7.511251875024719,0.7287270543381443,0.30009839291571005,6.101220362622036,14.0,0.021433699002613594,0.08184647426865642,0.17196930879856812,0.03448689768958961,1706.0,0.05948396094839609,14.216666666666667,12.057627830087014,1.0,72.0,11.5,7.477525767100723,0.7381580674374248,0.4893734060109016,3.8213389121338914,10.0,0.011854365177033152,0.045645075125133425,0.2754053014811093,0.056534170032733616,831.0,0.018528428093645483,5.54,5.6875653842395515,2.0,66.0,4.0,7.790170328117419,0.7249549954639899,0.3213913043478261,3.5550947603121514,6.0,0.008574143490980375,0.036924059303994165,0.28823015683797604,0.04742021529120675
33,BASELINE,0,0,60,60,30,5.0,1.0,649.0,0.022629009762900977,5.408333333333333,6.779867050482792,1.0,70.0,4.0,7.405226513826902,0.7077852134224981,0.22884087382117704,5.317468619246862,24.0,0.018140624450617062,0.06592366381782742,0.21324298400152936,0.05300306192125229,4204.0,0.14658298465829847,35.03333333333333,23.91283941502742,1.0,121.0,31.5,7.5981074790685525,0.6640629408116662,0.5103379862538086,2.841771269177127,7.0,0.007738534744441704,0.036868000710909184,0.3701049234390522,0.07174444900237353,1012.0,0.022564102564102566,6.746666666666667,7.7090307792585415,1.0,74.0,4.0,7.6388329351707505,0.7190241753257939,0.3635437881873727,3.4742028985507245,7.0,0.008302694290438672,0.0346883226624127,0.29621436343078206,0.0518336193635103
33,BASELINE,1,30,90,60,30,5.0,1.0,509.0,0.017747559274755926,4.241666666666666,5.843081141163644,2.0,77.0,3.0,7.413846606376879,0.601173385743561,0.1832260309726814,13.946478382147838,52.0,0.05439696799221781,0.12160542090146562,0.08630868542909316,0.02636800283347343,3115.0,0.10861227336122734,25.958333333333332,17.840448347006927,3.0,100.0,21.0,7.60916494523071,0.6563820919228689,0.472334589741157,3.5082984658298466,8.0,0.010539069184159014,0.049691967145496424,0.29363557831652287,0.04828101891321909,897.0,0.02,5.98,6.501251161635479,1.0,61.0,3.0,7.7278022354068305,0.7169283873565822,0.32451189044138057,3.5057302118171685,6.0,0.008408490643681772,0.03293899059744252,0.2926930026004095,0.04889205260124131
33,BASELINE,2,60,120,60,30,5.0,1.0,478.0,0.016666666666666666,3.9833333333333334,4.7958025628899925,2.0,55.0,3.0,7.457858416952884,0.5514682670845771,0.2236024844720497,32.55965829846583,71.0,0.13260360629607496,0.2073151749427735,0.03147264105223296,0.004645500013276747,2368.0,0.08256624825662483,19.733333333333334,9.889584869391076,1.0,53.0,20.0,7.729122105196614,0.7097408620578937,0.640248141611851,3.671966527196653,8.0,0.011226750114271648,0.03890708416557419,0.2807550187984283,0.048125506216991173,840.0,0.018729096989966554,5.6,5.321653878260029,1.0,46.0,4.0,7.800623930891477,0.7063322093585107,0.3624260355029586,4.075830546265329,9.0,0.010321579014313196,0.050832483883207345,0.2513383313123326,0.03998391494422211
33,BASELINE,3,90,150,60,30,5.0,1.0,609.0,0.021234309623430963,5.075,5.465288190022553,2.0,39.0,4.0,7.4514964683461,0.6971174409018883,0.27101879327398615,5.487377963737797,24.0,0.0188545292594025,0.059107274180362816,0.2074704857417724,0.04822245952168974,3124.0,0.1089260808926081,26.033333333333335,17.356282884176427,2.0,90.0,21.0,7.618969841905045,0.7201597249499578,0.5574580465750789,3.574860529986053,12.0,0.010818741722630473,0.038299910201398724,0.30285966982328294,0.06866432579418147,882.0,0.019665551839464883,5.88,6.217094712698743,2.0,67.0,3.0,7.742120607209471,0.7108634898027338,0.32340130667194616,3.616633221850613,6.0,0.008780648395471859,0.03925975202551011,0.28420692317679086,0.04905204424539086
33,BASELINE,4,120,180,60,30,5.0,1.0,730.0,0.025453277545327755,6.083333333333333,8.482416453398693,2.0,70.0,4.0,7.309083555992574,0.7582873932185674,0.21506682867557717,3.75836820083682,12.0,0.011589782356457242,0.04203669594177324,0.28347144383924433,0.06019405200616012,2867.0,0.09996513249651325,23.891666666666666,10.337468930492072,3.0,57.0,22.0,7.776880567242881,0.7401239005567077,0.6441736559002728,4.013423988842399,9.0,0.012661445331270579,0.05532285275334435,0.25633528657152116,0.04124753380994828,799.0,0.0178149386845039,5.326666666666667,4.60361693550722,2.0,35.0,3.0,7.834950061782336,0.7026767787110363,0.3783905967450271,4.291103678929766,9.0,0.011043972076945519,0.03554261821916959,0.23988985646083327,0.041821983774274755
33,BASELINE,5,150,210,60,30,5.0,1.0,588.0,0.020502092050209204,4.9,5.80646191755358,2.0,67.0,4.0,7.451141011196316,0.6780072840151254,0.23852342640795077,11.916317991631798,42.0,0.04586688231778067,0.1188406593539553,0.09338116810361721,0.02291906784094874,3170.0,0.1105299860529986,26.416666666666668,16.32257298617129,5.0,85.0,23.0,7.667775914104825,0.7417494362470186,0.5904195766913686,3.6461297071129706,9.0,0.011118192046693145,0.0438471618073642,0.28656962379344075,0.05578807995538477,850.0,0.0189520624303233,5.666666666666667,6.20770131011114,1.0,83.0,4.0,7.767442212916529,0.7112157954232312,0.29763004001231147,3.617101449275362,8.0,0.008782219628440809,0.04446011888621651,0.28532197223789474,0.05192350265492701
33,BASELINE,6,180,240,60,30,5.0,1.0,634.0,0.02210599721059972,5.283333333333333,7.825368290942535,2.0,86.0,4.0,7.339577045270154,0.7521317121272001,0.16722972972972974,4.944072524407252,12.0,0.01657173329582879,0.07611512179767224,0.2115888033347489,0.04390696367765103,3624.0,0.12635983263598327,30.2,20.858091954922436,2.0,97.0,26.0,7.602746780613418,0.7062320685185687,0.538157794821171,3.062133891213389,7.0,0.008664428114341973,0.037476979542237616,0.33782730324474847,0.058514370793040976,839.0,0.01870680044593088,5.593333333333334,5.354869020080905,1.0,58.0,4.0,7.8087132807218635,0.7037397142557407,0.3443286327406499,3.886778149386845,8.0,0.009687174997942445,0.04156930070224673,0.26464273224743046,0.04490681212492506
33,BASELINE,7,210,270,60,30,5.0,1.0,680.0,0.023709902370990237,5.666666666666667,7.699927849589819,2.0,68.0,4.0,7.350506715502076,0.7553856982767322,0.20382970451010887,4.9336820083682005,16.0,0.016528075665412607,0.06633027355462748,0.22220172491344642,0.051643745288889806,3000.0,0.10460251046025104,25.0,21.56038033059714,2.0,106.0,19.0,7.472189033005028,0.6932339481696531,0.43541343851246656,2.786331938633194,10.0,0.007505596380811737,0.020210961181769016,0.3785996963330953,0.07201370412349747,897.0,0.02,5.98,6.9190269065334125,1.0,87.0,3.5,7.71989076865723,0.7110231253887489,0.3010817307692308,3.4525975473801562,7.0,0.008230193112013943,0.038577401915202286,0.2985288339895521,0.052767050556140636
33,BASELINE,8,240,300,60,30,5.0,1.0,612.0,0.021338912133891212,5.1,5.133062763432114,2.0,34.0,4.0,7.4912151765068025,0.7279626685792266,0.2846058896138247,8.143723849372385,17.0,0.030015646425934392,0.11036207543274196,0.12552294206385783,0.01802730914323865,3701.0,0.12904463040446304,30.841666666666665,18.917582576945595,4.0,125.0,25.0,7.6727726444793225,0.6519870543399662,0.4917888505694672,2.4689330543933052,5.0,0.00617198762350128,0.02936788061170718,0.413429323592765,0.05875607063269996,888.0,0.01979933110367893,5.92,6.202171662678592,2.0,68.0,3.0,7.7365746469356065,0.7165033054027131,0.3450044383075254,3.7978149386845037,8.0,0.009388640733840612,0.03900041568320217,0.2716228329993286,0.04876935569093979
33,ANGER,0,0,60,60,30,3.0,4.0,619.0,0.021582984658298467,5.158333333333333,5.9005590601418625,2.0,50.0,4.0,7.433966851010007,0.7287035967446165,0.2350414691943128,4.01523709902371,8.0,0.012669063441276099,0.055854066735408825,0.2582193286922595,0.04788023971401752,933.0,0.03253138075313808,7.775,8.886283906485694,1.0,91.0,5.0,7.322506284540847,0.7494984818834662,0.35361144521111604,3.268619246861925,7.0,0.009532013642277,0.03985260286833246,0.31750859875035714,0.06005790821841575,1011.0,0.02254180602006689,6.74,8.339008734056264,1.0,81.0,4.0,7.6140293269177075,0.717831410569163,0.32986324996920047,3.410746934225195,8.0,0.008089754812836226,0.035604017932760836,0.3031210835752473,0.05535119660035646
33,ANGER,1,30,90,60,30,3.0,4.0,736.0,0.025662482566248257,6.133333333333334,8.426578322321713,1.0,82.0,4.0,7.300865113874322,0.7619278236022848,0.19952841694446702,3.24592050209205,11.0,0.009436640765092645,0.0432321664816567,0.3184546964206788,0.05514392714755143,3425.0,0.11942119944211994,28.541666666666668,27.826365145707086,2.0,158.0,18.0,7.416265629431745,0.6832000166591193,0.3814266717223774,2.128905160390516,5.0,0.004743298993237462,0.03248404430433233,0.47432023481446756,0.048231284873516245,901.0,0.0200891861761427,6.006666666666667,6.113369683643292,1.0,58.0,4.0,7.76831373636363,0.7025298101558797,0.34575467035682517,3.782608695652174,9.0,0.009337613072658296,0.04111111387766931,0.272663101952384,0.04879049164827437
33,ANGER,2,60,120,60,30,3.0,4.0,646.0,0.022524407252440724,5.383333333333334,5.643112813175209,2.0,43.0,4.0,7.473656204602508,0.7369270190988951,0.2818277468811063,8.33486750348675,18.0,0.030818771023053564,0.1130516479854473,0.12136389897120811,0.013154035557260142,4941.0,0.17228033472803347,41.175,39.61800148501519,2.0,184.0,28.0,7.347070613704324,0.7050158966002373,0.4542399607087927,2.302126917712692,6.0,0.005471121502994509,0.029721946537849896,0.45210697723701965,0.08383451279840165,877.0,0.01955406911928651,5.846666666666667,5.019610431984627,2.0,36.0,4.0,7.846274054110481,0.720452223695354,0.3848069738480697,4.0089186176142695,8.0,0.010097042340987482,0.03646423886687567,0.25601926716563367,0.04275635074719451
33,ENTHUSIASM,0,0,60,60,30,7.0,2.0,630.0,0.021966527196652718,5.25,5.510217781540036,2.0,45.0,4.0,7.492607689307212,0.7349076273844534,0.2705268153773137,4.98584379358438,9.0,0.016747242830186467,0.08283337461073602,0.20332982997540128,0.02434048659932972,822.0,0.028661087866108787,6.85,7.352040533076515,2.0,79.0,5.0,7.390823193369361,0.7493358976123273,0.34130146082337315,3.40707810320781,8.0,0.010113773542889963,0.039961200009384606,0.304722824415873,0.05727226350802231,920.0,0.020512820512820513,6.133333333333334,7.135980817114227,1.0,80.0,3.0,7.664844054403185,0.7132264784803313,0.32764339454736674,3.483991081382386,6.0,0.008335540541551634,0.034568642912268736,0.2956751625469314,0.05282779307858702
33,ENTHUSIASM,1,30,90,60,30,7.0,2.0,610.0,0.021269177126917713,5.083333333333333,5.9722739015851865,2.0,48.0,4.0,7.436140161634014,0.729862986419622,0.2352680549401861,3.708647140864714,9.0,0.011380870339767705,0.06204432420992708,0.27730613196174075,0.043161178013067646,784.0,0.027336122733612273,6.533333333333333,6.753311944684787,2.0,61.0,4.0,7.3916876591355845,0.7416169058888552,0.34797676077871775,3.4550906555090655,7.0,0.01031550695592044,0.03621468634015251,0.2978782577790445,0.0516722760407213,732.0,0.01632107023411371,4.88,3.4465828487551744,1.0,22.0,4.0,7.945263169548385,0.7059723794723796,0.39268714842059715,4.762051282051282,10.0,0.01262433316124591,0.052187147126158774,0.21504751506674447,0.03426098703844828
33,ENTHUSIASM,2,60,120,60,30,7.0,2.0,676.0,0.023570432357043234,5.633333333333334,8.228439841319995,1.0,71.0,4.0,7.301381456897756,0.7588992864334323,0.17748956205027983,3.381171548117155,6.0,0.010004922471080488,0.06117743020481603,0.3024573105315852,0.045958967596719205,812.0,0.028312412831241283,6.766666666666667,7.840847459866114,1.0,93.0,4.0,7.363525318075443,0.7491132062239653,0.31467661691542287,3.1760111576011156,7.0,0.009142904023534104,0.04924743467927478,0.32446199483230426,0.05721287959341147,874.0,0.019487179487179488,5.826666666666667,6.17116592621596,1.0,70.0,4.0,7.753836812065587,0.7070432694874031,0.32202195146510926,3.591148272017837,7.0,0.008695128429590063,0.03783754824761776,0.2865415790169839,0.050129653949248565
33,LIKING,0,0,60,60,30,7.0,2.0,566.0,0.019735006973500696,4.716666666666667,4.397316100633304,1.0,33.0,4.0,7.514447709930817,0.6202512957329596,0.3275316455696203,18.797977684797768,54.0,0.07478141884368812,0.15469205076463186,0.05783228502438038,0.013591055013211796,700.0,0.024407252440725245,5.833333333333333,5.6918557801671525,1.0,33.0,4.0,7.420424130858629,0.7304495870799954,0.3494704992435703,3.8638772663877266,9.0,0.012033097757931625,0.02933509792929613,0.269395031468356,0.05138031535349532,942.0,0.02100334448160535,6.28,7.493214708432334,2.0,87.0,4.0,7.660125149828634,0.7166149294688396,0.31195879366975215,3.3802675585284283,6.0,0.007987475028618884,0.03747318430751933,0.3046165983932171,0.0535978645846746
33,LIKING,1,30,90,60,30,7.0,2.0,616.0,0.021478382147838215,5.133333333333334,6.550996531487065,2.0,61.0,4.0,7.416797842462849,0.733571764362732,0.2069906444906445,4.708298465829847,11.0,0.015581085990881705,0.07796491028070143,0.21820325898349555,0.03312221338916151,957.0,0.033368200836820086,7.975,9.565966147406824,2.0,78.0,5.0,7.257209697035579,0.7407747769555341,0.3247054825555052,3.1374128312412832,6.0,0.008980726181686058,0.03539482304569974,0.3278548450314384,0.05705295208444583,923.0,0.020579710144927536,6.153333333333333,7.161225841680707,2.0,74.0,4.0,7.707790037399383,0.725988836254261,0.3060486786087236,3.3787959866220736,7.0,0.007982536867859312,0.04066588545755398,0.30403490717693815,0.05110907306852659
33,FEAR,0,0,60,60,30,3.0,4.0,588.0,0.020502092050209204,4.9,5.448853090330111,2.0,38.0,4.0,7.458819598540861,0.688681012654697,0.2535860655737705,12.555788005578801,31.0,0.04855373111587732,0.13112178822463721,0.08246828758842571,0.015394720620027018,1089.0,0.03797071129707113,9.075,7.705152496868572,1.0,66.0,7.0,7.4837342784937615,0.7285804482295953,0.4683377308707124,4.300697350069735,11.0,0.013868476260797217,0.0638481177110807,0.24112574518065347,0.04452254664119341,911.0,0.020312151616499442,6.073333333333333,6.0001074064460616,1.0,60.0,4.0,7.783677507513099,0.720933352843636,0.3421472759928158,3.743745819397993,7.0,0.009207200736234872,0.03901291346561461,0.27454931065267163,0.04642568016768765
33,FEAR,1,30,90,60,30,3.0,4.0,620.0,0.021617852161785217,5.166666666666667,5.734156917590898,2.0,42.0,4.0,7.44437973428028,0.6974573875174144,0.26052994332975954,11.767433751743376,39.0,0.045241318284636026,0.11515885183000818,0.09244935272899317,0.023563054637215246,763.0,0.026603905160390517,6.358333333333333,6.691158137588904,1.0,74.0,4.0,7.42231431546683,0.747635090803114,0.3285065003699398,3.3842747559274757,7.0,0.010017961159359145,0.042543634945992635,0.3045066398885122,0.05337723022422622,847.0,0.018885172798216276,5.6466666666666665,4.923598503353236,1.0,40.0,4.0,7.852823680598372,0.7235757348568741,0.37678288431061807,4.007246376811594,8.0,0.010091430794669787,0.03944632503838426,0.25615560267144494,0.04312919324658768
33,FEAR,2,60,120,60,30,3.0,4.0,631.0,0.02200139470013947,5.258333333333334,5.362673203626051,2.0,43.0,4.0,7.4845213352896875,0.7157232446705524,0.290811339198436,12.42928870292887,30.0,0.048022221440877616,0.13485612335233596,0.08266362439200166,0.013422981893883322,757.0,0.026394700139470016,6.308333333333334,6.052266563491363,1.0,40.0,4.0,7.409456963610612,0.7346825384439263,0.3864986926550986,3.717573221757322,7.0,0.011418374881333288,0.03425602295087186,0.27597781619031836,0.04638178924841308,765.0,0.01705685618729097,5.1,4.042688874169435,2.0,31.0,4.0,7.89271314907922,0.6960275965963411,0.3919112383679313,4.4452619843924195,9.0,0.011561281826820181,0.048369032881788024,0.23038282367638363,0.0368547576658023
33,AMUSEMENT,0,0,60,60,30,7.0,3.0,632.0,0.02203626220362622,5.266666666666667,6.963875038766532,2.0,59.0,4.0,7.333737045427017,0.721271264365471,0.2004462188821043,3.696687587168759,9.0,0.01133062011415445,0.05422403318754597,0.2799901505054444,0.04940820738729824,783.0,0.027301255230125523,6.525,6.202099778838346,2.0,53.0,4.0,7.447314622010516,0.7540707764737682,0.38883918586445987,3.665411436541144,8.0,0.011199207716559438,0.03791830918159257,0.2811602518069719,0.049919224795325,950.0,0.021181716833890748,6.333333333333333,7.646059260967196,1.0,73.0,4.0,7.678190456272654,0.7189397576320745,0.3050737207285343,3.4603121516164994,8.0,0.008256081045692953,0.035674662174006,0.2984248062111531,0.05400068363254608
33,AMUSEMENT,1,30,90,60,30,7.0,3.0,664.0,0.02315202231520223,5.533333333333333,7.290899959691,1.0,54.0,4.0,7.313458271106495,0.7321139098645021,0.21248269251251464,3.968584379358438,10.0,0.012473043610749746,0.06033797760403516,0.26232904100927296,0.04844092923500201,646.0,0.022524407252440724,5.383333333333334,4.68185029899742,2.0,47.0,4.0,7.533733252526113,0.734050235741115,0.3592090809227389,3.8252440725244075,8.0,0.011870773413968102,0.04600539333263914,0.26912283002375226,0.04675305443229227,812.0,0.01810479375696767,5.413333333333333,5.133142853608845,2.0,52.0,3.0,7.819636561686929,0.7264029174013694,0.34156050955414013,3.8241471571906356,8.0,0.009477003883190047,0.03490469047499332,0.26869243733135645,0.0461143056863806
33,AMUSEMENT,2,60,120,60,30,7.0,3.0,630.0,0.021966527196652718,5.25,7.3922820112150305,1.0,77.0,4.0,7.348198688422744,0.7137105141879926,0.1916621548456957,4.391143654114366,21.0,0.014248502748379695,0.05558503813269106,0.2552312496613894,0.058149042353745316,678.0,0.023640167364016737,5.65,5.040915922065487,1.0,41.0,4.0,7.484199197865564,0.7300766904499288,0.3632699129313125,3.891248256624826,8.0,0.012148101918591715,0.045043720941876156,0.2640358960610237,0.04497316697178927,810.0,0.018060200668896322,5.4,4.899659852139399,1.0,36.0,3.0,7.813356451147372,0.7093088227515721,0.3743196092114445,4.153801560758082,8.0,0.010583226713953299,0.035024131522463996,0.2476369256796275,0.043032771225501774
33,SADNESS,0,0,60,60,30,3.0,4.0,768.0,0.026778242677824266,6.4,9.789790600416334,1.0,77.0,4.0,7.1990309541898405,0.7441828915610321,0.18865030674846625,3.0640167364016735,6.0,0.008672339228578465,0.03761337018271075,0.3359336726400496,0.05729646645104905,790.0,0.027545327754532774,6.583333333333333,7.495646884840709,1.0,81.0,4.0,7.3518581457017245,0.7408880893400436,0.3257419528378015,3.3042538354253836,6.0,0.009681738804308337,0.04781796580460419,0.31160235009667553,0.054179600329311496,938.0,0.020914158305462654,6.253333333333333,6.231839393166533,1.0,65.0,4.0,7.780021805077153,0.720433053501929,0.35738863572956386,3.5943366778149386,7.0,0.008705827777902483,0.03821784866226547,0.28553108082469475,0.047427564210557736
33,SADNESS,1,30,90,60,30,3.0,4.0,641.0,0.022350069735006972,5.341666666666667,8.093717556777534,2.0,74.0,4.0,7.292508970004744,0.7481179560342857,0.16319052987598648,4.6138772663877266,12.0,0.015184358262133301,0.06157260644195513,0.23794683500378502,0.05678637588297572,825.0,0.028765690376569036,6.875,7.870369008714479,1.0,73.0,5.0,7.360229230333735,0.7505230947162228,0.3293159609120521,3.1974198047419806,7.0,0.009232856322445292,0.046124067894562255,0.3218406498842861,0.05475503320328425,830.0,0.01850613154960981,5.533333333333333,5.999074002618145,1.0,81.0,4.0,7.785580859191692,0.7068056543128489,0.2957100753192883,3.5365217391304347,7.0,0.008511817916545083,0.040496774846711193,0.2910168302089137,0.05080541212444848
33,NEUTRAL,0,0,60,60,30,5.0,2.0,600.0,0.02092050209205021,5.0,7.321771188266767,2.0,76.0,4.0,7.339440016173985,0.7354024451945821,0.16811955168119552,4.234205020920502,11.0,0.013589096726556733,0.07560936874777634,0.24321678485838635,0.039159121767286836,804.0,0.02803347280334728,6.7,7.062931402753392,1.0,39.0,4.0,7.333460068140715,0.7385693077119869,0.3942662503548112,4.86373779637378,12.0,0.01623419242173857,0.05923062485619286,0.21404076870356725,0.04220953911075661,967.0,0.021560758082497213,6.446666666666666,7.426113085292706,1.0,63.0,4.0,7.6445705105090465,0.7205619369728995,0.3412364280966098,3.498216276477146,7.0,0.0083832760955609,0.03465695157240685,0.29387057008447964,0.0509289367367756
33,NEUTRAL,1,30,90,60,30,5.0,2.0,649.0,0.022629009762900977,5.408333333333333,7.665393916093869,2.0,61.0,4.0,7.324977457745248,0.747913710231181,0.19340193704600483,3.495118549511855,8.0,0.010483691384503587,0.06515432411519233,0.2941926458252123,0.04702423375722478,713.0,0.024860529986053,5.941666666666666,5.78042073632092,2.0,33.0,4.0,7.415993269986832,0.7373045085632365,0.371963361210673,4.25997210599721,9.0,0.013697361789904246,0.044459028984261156,0.24404747539561591,0.04698909369067176,786.0,0.017525083612040134,5.24,4.5132102395818725,1.0,33.0,3.0,7.84437885865158,0.7097290363667573,0.3804007514088917,4.160178372352285,8.0,0.010604625410578142,0.03538622589836403,0.2470046418116334,0.04229266791558086
33,NEUTRAL,2,60,120,60,30,5.0,2.0,569.0,0.01983960948396095,4.741666666666666,4.88363906892755,2.0,61.0,4.0,7.526515100206334,0.6415043080580393,0.2963334001202164,18.263458856345885,51.0,0.07253554141321802,0.1529058146669426,0.05956080846608761,0.013982572890234591,602.0,0.02099023709902371,5.016666666666667,4.156287071680952,1.0,31.0,3.5,7.53713727037036,0.726033014698064,0.3560454241816967,4.0692119944212,8.0,0.01289584871605545,0.04882983763026016,0.2515744138600124,0.04015713817108853,769.0,0.01714604236343367,5.126666666666667,4.159802345731772,1.0,33.0,3.5,7.875818810907192,0.6981370128048517,0.3733749349973999,4.402251950947603,9.0,0.01141695285552887,0.04512648555316209,0.2331890582267612,0.03895281013673608
33,AWE,0,0,60,60,30,6.0,3.0,594.0,0.020711297071129706,4.95,5.734907729568685,2.0,54.0,3.0,7.460873746679123,0.7225252594307189,0.24217384395359923,3.661715481171548,9.0,0.011183678492317432,0.05716818695758523,0.2829988597484784,0.04978772653137855,3478.0,0.12126917712691772,28.983333333333334,20.44361486843481,2.0,138.0,27.0,7.617325799928043,0.6721734065072131,0.4622081787915568,2.744735006973501,9.0,0.007330819357031517,0.030596523564807195,0.38083808556766907,0.06673481119126157,1174.0,0.026176142697881828,7.826666666666667,11.47707666999262,2.0,127.0,4.0,7.499613620167452,0.7398248272856974,0.26604976055881613,3.0789297658862878,6.0,0.006976274382168753,0.02985207703533658,0.3355619617185874,0.06157803803828203
33,AWE,1,30,90,60,30,6.0,3.0,575.0,0.02004881450488145,4.791666666666667,4.827690671762454,2.0,38.0,4.0,7.5270384970956545,0.7159835464833063,0.2754671488848704,4.984937238493724,16.0,0.01674343377518371,0.07571444229649504,0.2130605207449184,0.04228131640192768,3700.0,0.1290097629009763,30.833333333333332,12.667434187272846,2.0,74.0,29.0,7.784103907929276,0.7260446608269427,0.6686645222502487,4.1140516039051604,9.0,0.013084250436576305,0.06325869956633033,0.24631341936718182,0.028779738678179553,827.0,0.018439241917502788,5.513333333333334,5.026909808443177,2.0,58.0,4.0,7.836153983507774,0.7057542293950637,0.3565067127475741,3.9369676700111484,8.0,0.009855596208091108,0.041891888180948085,0.2618485614492319,0.047179125273037685
33,DISGUST,0,0,60,60,30,4.0,4.0,669.0,0.023326359832635982,5.575,9.08126505504602,2.0,83.0,4.0,7.235470347106823,0.6868794868495506,0.1648529752257467,7.117538354253836,35.0,0.025703942664932086,0.06593038059888617,0.17374124189899479,0.04746254536806282,4558.0,0.1589260808926081,37.983333333333334,28.13227189940802,2.0,112.0,30.0,7.533158470769317,0.7224976285162773,0.57634295991895,2.4807880055788005,5.0,0.00622179834276807,0.035978870913151766,0.40890082351090695,0.049052610490905715,1099.0,0.024503901895206244,7.326666666666667,9.100180706386487,1.0,98.0,4.0,7.609333871665046,0.7307586488806392,0.3296516129032258,3.338060200668896,9.0,0.007845839599560056,0.03748029442901198,0.3101319883984198,0.057620621959067274
34,BASELINE,0,0,60,60,30,5.0,1.0,614.0,0.021408647140864715,5.116666666666666,6.671685610765009,1.0,74.0,4.0,7.369567527211784,0.6847148490972124,0.21082729698818148,5.311192468619247,25.0,0.018114254069828768,0.06652593716972663,0.21068582544023826,0.0483769466568916,716.0,0.024965132496513248,5.966666666666667,5.870737224195573,1.0,41.0,4.0,7.417824494082236,0.7159319373732127,0.359204368174727,4.130369595536959,10.0,0.013152813426625883,0.03670971849375693,0.2550639041189487,0.05259285590114389,1003.0,0.022363433667781495,6.6866666666666665,9.042593040101321,2.0,112.0,4.0,7.575752739948783,0.7307785899116622,0.27163448160721243,3.1373021181716836,6.0,0.007172154758965383,0.03554275432962825,0.3278892222102182,0.05714227768496097
34,BASELINE,1,30,90,60,30,5.0,1.0,634.0,0.02210599721059972,5.283333333333333,6.473900593065118,1.0,58.0,4.0,7.398961444085156,0.7178843922940633,0.2196255648805681,4.235564853556485,17.0,0.013594810309060852,0.05044883607177844,0.25571148006863864,0.054421734635469565,735.0,0.025627615062761507,6.125,7.337759081172762,1.0,89.0,4.0,7.366269193066371,0.7368855298747614,0.27688697692608527,3.1756276150627616,7.0,0.009141292500263706,0.048048051330072124,0.323902198408616,0.05524470624799546,760.0,0.0169453734671126,5.066666666666666,4.356859215331868,1.0,49.0,3.0,7.8634415650197145,0.7020269840157057,0.3445604580666891,4.015518394648829,8.0,0.010119189243788032,0.04659714847068909,0.2555176523885603,0.042593026305173406
34,BASELINE,2,60,120,60,30,5.0,1.0,656.0,0.02287308228730823,5.466666666666667,6.114100279045333,2.0,46.0,4.0,7.436794671411316,0.7468558268121984,0.24635922330097088,3.9879707112970713,12.0,0.012554498786962492,0.04811068256248801,0.26367527778849464,0.05053663838214231,675.0,0.023535564853556484,5.625,6.628301064375395,1.0,88.0,4.0,7.427100213401415,0.7354180984357809,0.26161543959971406,3.2130753138075314,6.0,0.009298635772300555,0.0529477869452388,0.3202541547942745,0.05553285739470092,754.0,0.01681159420289855,5.026666666666666,4.017373381811664,1.0,37.0,3.0,7.887051366972782,0.7056608687049863,0.3677844969763606,4.072753623188405,8.0,0.010311253769088612,0.04061506657363337,0.2515161829997264,0.04081158015591143
34,BASELINE,3,90,150,60,30,5.0,1.0,618.0,0.021548117154811714,5.15,5.205205727602577,1.0,38.0,4.0,7.486121224333527,0.7257108944907229,0.27854195323246217,4.689714086471409,13.0,0.015503000363325243,0.06562172425626307,0.2199660942878637,0.037916598572528194,683.0,0.02381450488145049,5.691666666666666,6.945377159585279,1.0,97.0,4.0,7.432463266215829,0.744560289349461,0.24986100300233516,3.2315899581589957,6.0,0.009376428395626031,0.05605607549596966,0.3198818887156323,0.058725703808226566,746.0,0.016633221850613156,4.973333333333334,3.854774816884754,1.0,25.0,3.0,7.882042998773136,0.7050080751114,0.3882149046793761,4.651727982162765,9.0,0.012254120745512641,0.04687955205895881,0.22066204733401976,0.03673105851527066
34,BASELINE,4,120,180,60,30,5.0,1.0,585.0,0.020397489539748955,4.875,5.80238815776171,1.0,39.0,4.0,7.395554946625609,0.6283116810070478,0.24924686855874426,13.008193863319386,52.0,0.050454596064367176,0.12115763202075482,0.08648685193181045,0.02016869384322119,773.0,0.02695258019525802,6.441666666666666,8.519385573828405,1.0,103.0,4.0,7.315786708875322,0.7507260195280667,0.24667079591204708,2.9721757322175733,6.0,0.008286452656376368,0.04845984221947411,0.3457524387618086,0.05800901291303568,755.0,0.016833890746934223,5.033333333333333,3.92838672004453,1.0,28.0,3.0,7.878824945205993,0.7077045314983912,0.38619402985074625,4.400981047937569,8.0,0.011412688080327428,0.04066107533954817,0.23276782199785817,0.03810195669206888
34,BASELINE,5,150,210,60,30,5.0,1.0,605.0,0.02109483960948396,5.041666666666667,6.782816319363382,1.0,58.0,4.0,7.351554701367844,0.7113366046591442,0.1928194828019081,3.9953277545327754,16.0,0.012585410733330991,0.054008830144082844,0.2681578136323522,0.05247364647645403,708.0,0.024686192468619247,5.9,7.0289875989837025,1.0,81.0,4.0,7.372606019211181,0.7441090890512814,0.274207278144286,3.2586122733612273,6.0,0.009489967535131205,0.045043204257974735,0.31564368595555325,0.05506158093023366,753.0,0.016789297658862876,5.02,4.112533687805285,1.0,45.0,3.0,7.892718948008344,0.7080440749692667,0.34777138749101366,4.062653288740245,8.0,0.010277360029329692,0.04334071960490369,0.2524897176474807,0.04211563881537405
34,BASELINE,6,180,240,60,30,5.0,1.0,592.0,0.020641562064156207,4.933333333333334,4.619223118904544,1.0,37.0,4.0,7.534919300405971,0.7011328567759727,0.30803845367150745,12.152301255230126,25.0,0.04685840863542069,0.13987828090417925,0.08288609270196151,0.007256084813147692,654.0,0.02280334728033473,5.45,6.962817916140945,1.0,100.0,4.0,7.441362880248333,0.7430466603614824,0.22410632447296058,3.1081589958158995,6.0,0.00885781090678949,0.0571975177723673,0.3312501183992103,0.05771411299616689,790.0,0.017614269788182833,5.266666666666667,4.49023632142254,1.0,35.0,3.0,7.850124056843975,0.7125495309071161,0.3715402658326818,4.306176142697882,10.0,0.011094550814422422,0.05112371562331244,0.23795144539781982,0.038158816302561425
34,BASELINE,7,210,270,60,30,5.0,1.0,697.0,0.024302649930264993,5.808333333333334,5.873380391411936,2.0,46.0,4.0,7.478241313007594,0.7566247318411544,0.289547456948338,4.336715481171548,11.0,0.014019812946098942,0.0561770797219624,0.24439484005980397,0.050010418825178676,694.0,0.024198047419804743,5.783333333333333,7.654718951223633,2.0,102.0,4.0,7.375666620401818,0.751139572298769,0.22171770843396774,3.0890516039051605,6.0,0.008777527747500676,0.0491906546339949,0.33365160283043477,0.05885740555434794,832.0,0.01855072463768116,5.546666666666667,5.601888570433685,2.0,47.0,3.0,7.75288527170501,0.719548418616328,0.35547703180212015,3.814782608695652,7.0,0.009445579223810917,0.030016014415515872,0.2689453829485604,0.04555118727570235
34,BASELINE,8,240,300,60,30,5.0,1.0,626.0,0.02182705718270572,5.216666666666667,5.407068419105577,2.0,45.0,4.0,7.46548635889974,0.6677685759209325,0.2961938841899805,11.911506276150627,40.0,0.045846665025842975,0.10981867322800355,0.09972821697652383,0.02843552287630139,656.0,0.02287308228730823,5.466666666666667,7.499370343939253,1.0,106.0,4.0,7.383972335432984,0.7469006301903316,0.21014567620621966,3.031241283124128,6.0,0.00853462724001735,0.05493547707453211,0.3396028715568978,0.059151047482034556,737.0,0.016432552954292086,4.913333333333333,4.031437571002296,1.0,28.0,4.0,7.883313995185249,0.706186552313476,0.3573844419391206,4.109007803790412,8.0,0.010432912093256417,0.030758493113477697,0.24941982146049213,0.04109452190107469
34,ANGER,0,0,60,60,30,1.0,8.0,610.0,0.021269177126917713,5.083333333333333,5.121170656098944,2.0,37.0,4.0,7.492725265097601,0.7283431893204774,0.2873359347286272,6.443096234309624,18.0,0.022870152244998422,0.08283503988013342,0.1669586255663141,0.03782896382802138,552.0,0.019246861924686193,4.6,3.9325564204471375,1.0,35.0,3.5,7.573525505329744,0.7286283770552345,0.3185011709601874,5.226080892608089,15.0,0.017756642405916342,0.06838618816348147,0.20219123978591796,0.0409408323915039,778.0,0.01734671125975474,5.1866666666666665,4.427018058342306,2.0,30.0,4.0,7.859932139538366,0.7096719183709901,0.35775375181539454,4.005373467112597,8.0,0.010085145862793948,0.03233819232936313,0.2560508162783515,0.04236976347466849
34,ANGER,1,30,90,60,30,1.0,8.0,691.0,0.02409344490934449,5.758333333333334,7.329729227983497,2.0,57.0,4.0,7.362373677149252,0.7715051022956494,0.2197226502311248,4.399372384937238,8.0,0.014283077247635462,0.07699615334669023,0.2317762403530782,0.033015515604894366,712.0,0.02482566248256625,5.933333333333334,7.81743066628814,2.0,95.0,4.0,7.307617235988967,0.7476874214597984,0.24838650193619768,3.091457461645746,6.0,0.008787636393469522,0.041045949600017305,0.33297562713328194,0.05802570455201408,747.0,0.01665551839464883,4.98,3.806082850735999,2.0,29.0,4.0,7.912440309250396,0.7194526554466769,0.378935095219588,4.229899665551839,8.0,0.010838589481717576,0.03898860469806487,0.2418552368540397,0.038339147738683584
34,ANGER,2,60,120,60,30,1.0,8.0,654.0,0.02280334728033473,5.45,6.517092910186258,2.0,59.0,4.0,7.4240632789431915,0.7508425931063132,0.23229674035219183,4.071582984658298,11.0,0.012905810859908825,0.06055366965360578,0.25771548727316207,0.04895749640961524,725.0,0.025278940027894003,6.041666666666667,8.360019770045735,2.0,93.0,4.0,7.342481517307619,0.7514280808127595,0.21026407573492775,3.015899581589958,6.0,0.0084701663092015,0.05233638390125892,0.34084734870431066,0.056625005563717405,746.0,0.016633221850613156,4.973333333333334,3.6339999388491404,1.0,29.0,4.0,7.936614316318827,0.7180286853293952,0.3961577350859454,4.65489409141583,12.0,0.012264745273207468,0.04968476918986842,0.2208846615097907,0.03716327539904924
34,ENTHUSIASM,0,0,60,60,30,6.0,4.0,622.0,0.021687587168758717,5.183333333333334,5.276493995911384,2.0,33.0,4.0,7.48323175996485,0.7238525219159027,0.2796567390206966,4.846827057182706,16.0,0.01616313889572565,0.06575951369322326,0.21837428065743278,0.04304712515716969,652.0,0.022733612273361226,5.433333333333334,6.137634361507335,1.0,81.0,4.0,7.454473064728335,0.7347835493245495,0.26393199298340303,3.3667015341701534,6.0,0.00994412409315191,0.05219935343007273,0.3059902604853521,0.05370607421506369,915.0,0.02040133779264214,6.1,6.810531061035793,1.0,94.0,4.0,7.765134330563669,0.7329337851709917,0.2926703372333104,3.40396878483835,6.0,0.008067009345095142,0.04353354356027299,0.3024221673074581,0.052897224262170056
34,ENTHUSIASM,1,30,90,60,30,6.0,4.0,595.0,0.020746164574616456,4.958333333333333,5.444256657759217,2.0,49.0,4.0,7.466144797687678,0.714040357476306,0.25219891745602163,4.859937238493724,17.0,0.016218223691150092,0.06852539064202247,0.21876019419270382,0.04496123496335615,655.0,0.02283821478382148,5.458333333333333,5.383455880958088,1.0,37.0,4.0,7.441963771010478,0.734451203229846,0.3221319162238199,3.9193514644351466,10.0,0.01226618262367709,0.036851964475018276,0.2653088220783545,0.05030033072506342,797.0,0.017770345596432553,5.3133333333333335,4.134628829236738,2.0,30.0,4.0,7.8977401022974565,0.7230168845829409,0.3903698767077641,4.316343366778149,9.0,0.011128669016034059,0.045075837158413415,0.2368899809433998,0.036795352121586224
34,LIKING,0,0,60,60,30,8.0,6.0,590.0,0.020571827057182707,4.916666666666667,6.6352384198978775,1.0,70.0,4.0,7.375983828623146,0.6156624545238295,0.21846194363971558,15.050627615062762,67.0,0.05903625048345699,0.11774020496406297,0.07697001684923795,0.0234227386462619,768.0,0.026778242677824266,6.4,7.973811301170016,1.0,78.0,5.0,7.363460709008994,0.7612609682792916,0.25396960176615435,3.0817991631799164,7.0,0.008747055307478635,0.04693778699009561,0.332821996055419,0.05274040262055689,927.0,0.020668896321070235,6.18,7.771374824744117,2.0,109.0,4.0,7.701492794185441,0.7322254138334443,0.2590722170117596,3.3054403567447044,8.0,0.007736377036056054,0.04321684226035297,0.31248273086307476,0.05623275520310962
34,LIKING,1,30,90,60,30,8.0,6.0,689.0,0.02402370990237099,5.741666666666666,7.452623512711629,1.0,60.0,4.0,7.351645763905249,0.7622414262557989,0.21053161498187675,3.2283124128312415,6.0,0.009362657196769923,0.04516124690858158,0.31641231504432665,0.0468716774623925,706.0,0.024616457461645747,5.883333333333334,7.5704285802647195,2.0,88.0,4.0,7.386443802010465,0.7541944541823464,0.23041162227602904,3.189400278940028,7.0,0.009199160835882469,0.055246470371432606,0.32297553325225614,0.055894109613097626,810.0,0.018060200668896322,5.4,5.655086206239477,1.0,75.0,4.0,7.801627301948454,0.7167147588022268,0.29350556153570145,3.577034559643255,7.0,0.008647766978668639,0.04253554653816117,0.28726384991100234,0.04901589336087928
34,FEAR,0,0,60,60,30,3.0,6.0,648.0,0.022594142259414227,5.4,6.254198589747531,2.0,44.0,4.0,7.392565520453781,0.7206037217320876,0.2548707753479125,4.736227336122734,15.0,0.01569843418538964,0.054940705975348045,0.2315225243922482,0.05211794616924678,973.0,0.03392608089260809,8.108333333333333,11.372698179802754,1.0,91.0,5.0,7.180489877862826,0.7354478471305019,0.2529749966573071,2.946792189679219,6.0,0.00817979911629924,0.03993610230736948,0.34925575757424304,0.060052967195861645,828.0,0.018461538461538463,5.52,5.711065282998144,1.0,49.0,4.0,7.756288122486365,0.7189115701570368,0.3345686160972785,3.669119286510591,7.0,0.008956776129230171,0.0276275082395474,0.2797131259052872,0.04734980647887011
34,FEAR,1,30,90,60,30,3.0,6.0,551.0,0.019211994421199443,4.591666666666667,5.3657802062908075,1.0,57.0,3.0,7.453615888762254,0.6931335991675259,0.2213838792786161,4.089400278940028,12.0,0.012980673440924488,0.0653002876328403,0.2529059491964955,0.04238610721227462,750.0,0.02615062761506276,6.25,8.309883673473815,2.0,83.0,4.0,7.30293187369258,0.7500608623136683,0.2449280104712042,3.012691771269177,6.0,0.008456688114576377,0.037638971514790245,0.34095526465144743,0.056873759677450494,725.0,0.016164994425863992,4.833333333333333,3.704801689099641,2.0,32.0,4.0,7.918892143371134,0.7067203469218325,0.36089293096320796,4.24098104793757,8.0,0.01087577532864957,0.044490800135012325,0.24134799858010017,0.038431042141834564
34,FEAR,2,60,120,60,30,3.0,6.0,613.0,0.021373779637377965,5.108333333333333,6.933969321792213,2.0,63.0,4.0,7.35680640656966,0.7311184849107175,0.18894787644787644,4.294351464435146,11.0,0.013841812875777923,0.06732946624681031,0.24143941844128333,0.043111373766608604,761.0,0.026534170153417014,6.341666666666667,7.28010511981493,1.0,65.0,4.0,7.391635249977879,0.7548805830760756,0.2846043165467626,3.3909693165969315,7.0,0.010046089565533335,0.04999855743631914,0.3023264641263386,0.048123648431612494,757.0,0.016878483835005575,5.046666666666667,4.037056133152253,2.0,30.0,4.0,7.893264441533799,0.7113177746627357,0.36056644880174293,4.122118171683389,7.0,0.010476906616387215,0.03687223925879187,0.24818448885440886,0.03922723552036255
34,AMUSEMENT,0,0,60,60,30,7.0,6.0,629.0,0.021931659693165968,5.241666666666666,7.362060211350865,1.0,66.0,4.0,7.336256951258775,0.7096606280160148,0.1877453118185783,6.636750348675035,29.0,0.02368382499443292,0.08188944981560779,0.16992842763398106,0.03868121184865498,746.0,0.02601115760111576,6.216666666666667,8.298778357217538,1.0,84.0,5.0,7.320410580040402,0.7503460696144482,0.23297137216189537,3.027963737796374,7.0,0.00852085604116123,0.04359627066874373,0.3389983898107886,0.05583740751221263,817.0,0.01821627647714604,5.446666666666666,4.994712760064942,1.0,31.0,4.0,7.806792247368162,0.7082802997591282,0.367728813559322,3.880557413600892,8.0,0.009666300045640583,0.028577219086892994,0.26424093028591805,0.04414270983925222
34,AMUSEMENT,1,30,90,60,30,7.0,6.0,506.0,0.017642956764295677,4.216666666666667,5.358300933028014,1.0,57.0,3.0,7.419393682061722,0.589617768790016,0.2057953873447664,13.201220362622037,54.0,0.05126563177572284,0.11516490181747928,0.09135331872328413,0.026260077476409613,689.0,0.02402370990237099,5.741666666666666,6.647049261806993,1.0,74.0,4.0,7.415881581549577,0.739070319696632,0.26292449527366085,3.438423988842399,7.0,0.01024547894471595,0.055242667576852464,0.2995860634669046,0.05258413666612648,748.0,0.016677814938684504,4.986666666666666,3.9055288445427663,2.0,34.0,4.0,7.90581507181891,0.7180893015080322,0.36489563567362426,4.231103678929766,9.0,0.010842629795066333,0.04253360564582199,0.24189627506000277,0.03823310977532986
34,AMUSEMENT,2,60,120,60,30,7.0,6.0,601.0,0.020955369595536958,5.008333333333334,6.685800666753051,1.0,58.0,4.0,7.335980500770662,0.7067754236572598,0.19722115013508298,4.395223152022315,18.0,0.01426564349589208,0.06471726304197856,0.2451561235598641,0.04924482421903932,601.0,0.020955369595536958,5.008333333333334,4.309864331455871,2.0,32.0,4.0,7.532080266403497,0.7303081131968161,0.33635187580853815,3.8156206415620644,7.0,0.011830338830092697,0.04396951437840311,0.2683470598500744,0.04359126386960438,739.0,0.016477146042363434,4.926666666666667,3.564821952854807,2.0,25.0,4.0,7.936342879039438,0.7156254279317746,0.3843594009983361,4.6460869565217395,10.0,0.012235191129267565,0.049182407479788706,0.22010444283266048,0.03426828710487901
34,SADNESS,0,0,60,60,30,3.0,4.0,582.0,0.020292887029288702,4.85,5.7186099709632225,2.0,54.0,4.0,7.429922413801114,0.7044662728827381,0.2267639902676399,5.94313110181311,20.0,0.02076945841097946,0.06985877751828794,0.1940020969008562,0.049355384290347366,754.0,0.026290097629009763,6.283333333333333,8.536376410528195,1.0,90.0,4.0,7.308904170667329,0.754266788637116,0.22650848522941547,2.957112970711297,5.0,0.008223163742484444,0.04540825040125815,0.34645269856071365,0.05476508264125557,858.0,0.019130434782608695,5.72,5.678168718874071,2.0,51.0,4.0,7.775714030471315,0.7375772736958915,0.34402430790006755,3.620691192865106,8.0,0.00879426574786948,0.02980066481537098,0.2831420757132903,0.04675049593483603
34,SADNESS,1,30,90,60,30,3.0,4.0,579.0,0.020188284518828453,4.825,4.976884065356557,1.0,33.0,4.0,7.474564735415797,0.6690680085709708,0.2776171197223829,9.52629009762901,38.0,0.03582474830936558,0.1035918430220633,0.11642914381066548,0.026902457901878372,710.0,0.024755927475592746,5.916666666666667,7.576370429756513,2.0,86.0,4.0,7.361920378844971,0.7555780164066043,0.2430870026014067,3.187587168758717,7.0,0.009191542725876972,0.05174323507105842,0.32340138027742243,0.056179396637794456,747.0,0.01665551839464883,4.98,3.6796195455508713,2.0,23.0,4.0,7.930113231448025,0.7272689045635269,0.37589928057553956,4.302185061315496,9.0,0.011081157923877495,0.04092050331421646,0.23764055548826785,0.037038542134670144
34,SADNESS,2,60,120,60,30,3.0,4.0,640.0,0.022315202231520222,5.333333333333333,8.128482159802175,1.0,86.0,4.0,7.324531089193767,0.7450437607674196,0.16006353952532237,3.4496164574616457,10.0,0.01029250612378843,0.05104115782102652,0.30423111404190745,0.060488193004841186,598.0,0.02085076708507671,4.983333333333333,4.542362332042167,1.0,45.0,4.0,7.520039683283972,0.7242917269017125,0.3211198023878139,3.772524407252441,8.0,0.011649262215346397,0.0413821523893163,0.2724317582968265,0.04685141809354064,769.0,0.01714604236343367,5.126666666666667,3.6811169802414896,2.0,29.0,4.0,7.947644869176635,0.7391414027190797,0.3924318094506339,4.278439241917503,9.0,0.01100147396616612,0.044021425698267225,0.2388643046963162,0.03671168655107108
34,NEUTRAL,0,0,60,60,30,7.0,4.0,596.0,0.02078103207810321,4.966666666666667,6.199372728125178,2.0,51.0,3.0,7.397982717956737,0.7143335065071893,0.21287270642201836,3.394839609483961,8.0,0.010062351300352773,0.0465122491906248,0.302479496890662,0.0478728913469677,661.0,0.02304741980474198,5.508333333333334,4.685075298813836,1.0,36.0,4.0,7.515202182939596,0.727755039143626,0.36765229782686143,4.112900976290097,8.0,0.013079415866765122,0.04996398239408888,0.2490607025324298,0.04019131439319354,826.0,0.018416945373467112,5.506666666666667,5.484823505719112,1.0,65.0,4.0,7.806410939044037,0.7291510144914403,0.31475409836065577,3.6234559643255295,7.0,0.008803543504448088,0.03857551309444621,0.28305594701556896,0.04710157437510049
34,NEUTRAL,1,30,90,60,30,7.0,4.0,580.0,0.020223152022315203,4.833333333333333,5.946053780075954,1.0,49.0,4.0,7.404871056208561,0.6804000759643145,0.2236313021961027,7.002022315202232,31.0,0.025218581156311894,0.08357948947328676,0.16392045705035196,0.04206280273802772,626.0,0.02182705718270572,5.216666666666667,4.611007361617294,2.0,42.0,4.0,7.520976295121853,0.7267493066619751,0.33981891735696396,3.786889818688982,7.0,0.011709621086928497,0.047152359729632984,0.2708645873055262,0.045175385969755816,766.0,0.017079152731326645,5.1066666666666665,3.6608681423339404,1.0,22.0,4.0,7.935622666162599,0.7212233820531034,0.39856477889837083,4.556276477146042,9.0,0.011933813681698128,0.04901306208873492,0.2243968200633759,0.034584676500299595
34,NEUTRAL,2,60,120,60,30,7.0,4.0,686.0,0.02391910739191074,5.716666666666667,8.58553369854716,2.0,80.0,4.0,7.264343836764189,0.7592015071387391,0.18301465110504098,3.7775801952580195,8.0,0.011670505022092518,0.05939326388153237,0.2760934574361584,0.05395968450981668,670.0,0.023361227336122732,5.583333333333333,6.765825070816484,2.0,92.0,4.0,7.436560203081331,0.7406442919001734,0.2371555347968239,3.169002789400279,6.0,0.0091134570983205,0.051428032097903816,0.32477897948024276,0.056618877059779284,776.0,0.017302118171683388,5.173333333333333,3.9213036381058566,1.0,24.0,4.0,7.91301402405106,0.72265325948113,0.38088367899008113,4.308071348940914,8.0,0.011100910566915815,0.04043742037928948,0.23744930209686738,0.037340302985176946
34,AWE,0,0,60,60,30,7.0,6.0,701.0,0.024442119944211995,5.841666666666667,8.033778514635701,1.0,61.0,4.0,7.2717849459403725,0.6937528988942866,0.21788311338540264,3.9817991631799163,18.0,0.01252856791252066,0.0406989519973436,0.27396833403685433,0.057699540063252314,636.0,0.022175732217573223,5.3,7.106452467065875,2.0,104.0,5.0,7.440384762090817,0.7442033358437079,0.20432063672541217,3.089016736401674,6.0,0.008777381245385183,0.05708823540215409,0.3336304051251518,0.05896411383957217,861.0,0.01919732441471572,5.74,5.728210889972539,1.0,41.0,4.0,7.755492290955205,0.7336989429260017,0.34721759413528824,3.713511705685619,6.0,0.009105743978810803,0.02659078339746226,0.27605029339910575,0.046212291224660335
34,AWE,1,30,90,60,30,7.0,6.0,666.0,0.023221757322175733,5.55,8.331516468606821,1.0,82.0,4.0,7.301301490162487,0.7510661319222985,0.16452464788732393,3.098186889818689,6.0,0.008815911301759205,0.04439653451939943,0.330391371026475,0.051503383595260105,676.0,0.023570432357043234,5.633333333333334,7.3046028107093015,2.0,73.0,4.0,7.39324010192837,0.7545034262208589,0.21992658626114317,3.203068340306834,8.0,0.009256589665154765,0.04988998845679275,0.3213315454509423,0.05310695334351048,764.0,0.017034559643255294,5.093333333333334,3.679396085712376,2.0,23.0,4.0,7.930860360200626,0.7278310197029406,0.3989918573090345,4.594336677814939,9.0,0.012061532475889071,0.05132546073595677,0.222038056457649,0.03278962185159195
34,DISGUST,0,0,60,60,30,3.0,5.0,603.0,0.02102510460251046,5.025,5.740880449315536,2.0,47.0,4.0,7.4499865766989455,0.6983101717208212,0.24631776872453776,7.046304044630404,28.0,0.025404638842984908,0.07556741206517063,0.16486264388390712,0.042489685208459034,587.0,0.020467224546722455,4.891666666666667,3.8660829300756365,1.0,35.0,4.0,7.578205140584448,0.7164371099316919,0.35090730750367827,4.122977684797768,9.0,0.01312175497814188,0.05159676993121936,0.2486498128128653,0.04068857652609922,808.0,0.01801560758082497,5.386666666666667,4.976326177233785,1.0,47.0,4.0,7.824244840761417,0.7111083161638595,0.3500482160077146,3.829498327759197,7.0,0.009494960831406702,0.031808346308977636,0.26801782628389137,0.04517836765924181
35,BASELINE,0,0,60,60,30,5.0,1.0,662.0,0.02308228730822873,5.516666666666667,7.128561488048546,2.0,72.0,4.0,7.37653317964478,0.7586973848208868,0.20796654929577466,3.607391910739191,8.0,0.010955428196383166,0.06254641810292191,0.28774897426385,0.05300438807735623,1726.0,0.0601813110181311,14.383333333333333,13.566001212180725,1.0,69.0,10.0,7.351568968327911,0.6976511306955266,0.4206798866855524,3.0361924686192467,6.0,0.008555430540417002,0.03418044468862332,0.33857977045264,0.05632961873994909,888.0,0.01979933110367893,5.92,5.844108144105479,1.0,39.0,3.0,7.731776862792929,0.7187916836155434,0.3593552465233881,3.783567447045708,7.0,0.009340830359213783,0.02872783981143315,0.2707037072639901,0.043805754716913364
35,BASELINE,1,30,90,60,30,5.0,1.0,648.0,0.022594142259414227,5.4,7.775388521911087,1.0,66.0,4.0,7.300286617234626,0.7559097925523001,0.17573718583019987,3.4291841004184103,7.0,0.010206655884110967,0.05138377585456592,0.30234048205995356,0.05399136472354367,1571.0,0.0547768479776848,13.091666666666667,11.881705709011461,1.0,82.0,10.0,7.408629420904437,0.7055211602248774,0.41005092244761665,2.955160390516039,6.0,0.008214959624016976,0.0343282133007594,0.34628049166699604,0.0526520514157263,873.0,0.019464882943143812,5.82,5.514308660203925,2.0,54.0,4.0,7.791124293386384,0.7302855364859352,0.3653780362641122,3.7193534002229653,8.0,0.00912534698061398,0.03220275891219699,0.2762951244544838,0.04718804452662466
35,BASELINE,2,60,120,60,30,5.0,1.0,634.0,0.02210599721059972,5.283333333333333,5.896585641048744,1.0,46.0,4.0,7.44249562890249,0.7362964006549998,0.2495644599303136,6.938249651324965,17.0,0.024950628787079685,0.09717893822419667,0.1480623889046065,0.022957018424691996,2469.0,0.08608786610878662,20.575,18.0954241453468,1.0,110.0,17.0,7.477726182248352,0.6801976885725577,0.3994453574363188,2.7694560669456068,7.0,0.0074346893569143145,0.035097540577630794,0.37391321781918135,0.06399716249096644,876.0,0.019531772575250836,5.84,5.34487916919862,1.0,50.0,4.0,7.804525991774064,0.714440187438443,0.3779472140762463,4.053244147157191,8.0,0.01024578572871541,0.04371466023233009,0.25301910279136314,0.04140522181768677
35,BASELINE,3,90,150,60,30,5.0,1.0,664.0,0.02315202231520223,5.533333333333333,6.579555878291145,1.0,54.0,4.0,7.413258676141873,0.7560437328208987,0.22888482632541132,6.640271966527196,16.0,0.023698621708097462,0.0934110742733136,0.15566905095348585,0.025379491035354734,2716.0,0.09470013947001395,22.633333333333333,16.20387470809237,2.0,94.0,19.0,7.591649916015302,0.665301849474236,0.4463573517681468,2.990202231520223,8.0,0.008362194250084972,0.025232837217633565,0.3484758725886048,0.0654427869990961,826.0,0.018416945373467112,5.506666666666667,5.535035882649924,1.0,67.0,3.0,7.770954950072843,0.7064349017402505,0.32820389516710746,3.8973021181716834,8.0,0.009722490329435172,0.042279560029083584,0.2646111703934209,0.047814813439518704
35,BASELINE,4,120,180,60,30,5.0,1.0,642.0,0.022384937238493725,5.35,6.10962355632489,2.0,54.0,4.0,7.457895696301192,0.7452399838615555,0.24174917491749176,7.790550906555091,16.0,0.02853172649813062,0.10897239076706705,0.1302074016146055,0.015426725790118181,2890.0,0.1007670850767085,24.083333333333332,17.026735512781723,1.0,77.0,19.0,7.583412155666965,0.6884999230529404,0.515024630541872,4.158228730822873,10.0,0.013269868616902832,0.0646834307183912,0.247404123198645,0.040128503738657104,870.0,0.01939799331103679,5.8,5.595831782079705,1.0,57.0,3.0,7.753126694501858,0.70822219616556,0.3749577369548067,3.8674916387959866,8.0,0.009622455163744924,0.038659087113376976,0.265862635221608,0.04595017913013344
35,BASELINE,5,150,210,60,30,5.0,1.0,702.0,0.024476987447698745,5.85,7.286002561990583,1.0,57.0,4.0,7.372827528287765,0.7264713293325303,0.23263427109974424,4.711959553695955,21.0,0.01559646871300822,0.05188639775165377,0.23398448440734765,0.05240089331043291,3099.0,0.10805439330543933,25.825,15.199869791108958,2.0,73.0,23.0,7.669522164479954,0.6939114967970725,0.5437476709632418,2.9016039051603904,6.0,0.007989932374623487,0.0413306282218039,0.3509259170110139,0.0463040846929825,1002.0,0.02234113712374582,6.68,8.001933099778661,1.0,89.0,3.5,7.621115373359145,0.7245544464937161,0.3310669456066946,3.4470234113712372,8.0,0.008211487957621598,0.03757220827319117,0.2989646565478813,0.05247569667741327
35,BASELINE,6,180,240,60,30,5.0,1.0,643.0,0.022419804741980475,5.358333333333333,5.834232073622791,2.0,38.0,4.0,7.445578086202276,0.7363397380513987,0.2522143168288079,3.8081589958158997,8.0,0.011798987377377727,0.05214444853721835,0.26987648619732724,0.043284069886939947,4222.0,0.14721059972105996,35.18333333333333,28.929939317061983,2.0,163.0,28.5,7.479393984699152,0.7232078339592571,0.505264448121591,2.2918410041841004,7.0,0.005427903378924792,0.031637021037516276,0.44858873682266254,0.06745269546135761,945.0,0.021070234113712373,6.3,7.428548534763257,1.0,85.0,3.0,7.640562012258924,0.7119900557653018,0.3213156706307391,3.3985061315496097,6.0,0.00804867829379064,0.04017696053870463,0.30247219506709333,0.052268594850858975
35,BASELINE,7,210,270,60,30,5.0,1.0,543.0,0.018933054393305438,4.525,4.412978019433136,1.0,38.0,3.5,7.533396314120404,0.6393328867013077,0.29146083274523643,12.4255230125523,46.0,0.04800639921240462,0.11402561131130831,0.09177676306977946,0.024208094062421692,3170.0,0.1105299860529986,26.416666666666668,22.96467698202805,2.0,128.0,18.5,7.475080451722072,0.6640701201343453,0.38181931931931934,2.406415620641562,5.0,0.005909309330426735,0.03511130854872069,0.42301567044212357,0.055553401634274475,922.0,0.02055741360089186,6.1466666666666665,7.6879877442381215,2.0,110.0,3.0,7.672298760095356,0.7213183769688207,0.2838880317390346,3.309096989966555,8.0,0.007748647617337438,0.047712027833398736,0.3127652902179593,0.05747760898966281
35,BASELINE,8,240,300,60,30,5.0,1.0,654.0,0.02280334728033473,5.45,9.968575625434157,1.0,110.0,4.0,7.221533582061114,0.7572411506635706,0.12133468149646107,3.10010460251046,8.0,0.008823968918111177,0.046171915696495494,0.33593208235173494,0.06374845238027523,3365.0,0.11732914923291492,28.041666666666668,25.368745808354202,2.0,133.0,20.0,7.404903274160317,0.7053489193456862,0.4714963382157124,2.752545327754533,8.0,0.007363635830901397,0.02425545794796344,0.38113678243936006,0.07527815866667706,874.0,0.019487179487179488,5.826666666666667,5.870544173148592,1.0,64.0,3.0,7.751162130850725,0.7189094624965489,0.34863655730720067,3.685819397993311,7.0,0.009012816771789632,0.03735677744107426,0.27818678784647916,0.04560457969200566
35,ANGER,0,0,60,60,30,4.0,4.0,514.0,0.017921896792189678,4.283333333333333,6.3182056172795,1.0,89.0,3.0,7.402632250591271,0.6305497751404064,0.16625501698054956,14.131101813110181,48.0,0.05517269669374028,0.1305172217112687,0.08105719339616835,0.022009453376915077,2402.0,0.08375174337517434,20.016666666666666,9.664784299484163,1.0,58.0,20.0,7.734494491543147,0.7107544375199255,0.62571413503964,3.3397489539748952,9.0,0.009830877957877718,0.03539504924590647,0.3098192723471183,0.05346999967590858,920.0,0.020512820512820513,6.133333333333334,6.208238254305503,2.0,40.0,3.0,7.71065795661045,0.7241555819166096,0.3727151561309977,3.712396878483835,9.0,0.00910200294793232,0.030570066337446647,0.2767918006692361,0.04655880318597025
35,ANGER,1,30,90,60,30,4.0,4.0,674.0,0.023500697350069735,5.616666666666666,10.341005216558443,1.0,110.0,4.0,7.192889713360348,0.7635765802509175,0.12324385348720522,4.1403068340306834,11.0,0.013194566529540685,0.06995366646965884,0.2490929915356672,0.04240755551150196,2338.0,0.08152022315202231,19.483333333333334,10.710962712203894,2.0,54.0,20.0,7.6801592380022505,0.7197562524760429,0.6093610150752005,4.2763598326359835,10.0,0.01376621778418481,0.05928376283246722,0.23757762429794618,0.02965311887006931,911.0,0.020312151616499442,6.073333333333333,5.730731967985319,2.0,53.0,3.0,7.766205285004107,0.72901574723963,0.37924172601591954,4.110278706800446,8.0,0.010437176868457862,0.049628030435298724,0.24935051726698784,0.04023929298800134
35,ANGER,2,60,120,60,30,4.0,4.0,595.0,0.020746164574616456,4.958333333333333,5.763962516263347,1.0,46.0,4.0,7.43789429787296,0.7194066896614508,0.23415326395458846,4.011645746164574,9.0,0.012653973723380566,0.05916614722525376,0.25918650638327173,0.04784067622508761,2983.0,0.10400976290097629,24.858333333333334,20.76447119213222,2.0,122.0,19.0,7.504605925641648,0.6961404842123796,0.4264130372877495,2.6670850767085077,7.0,0.007004559145834067,0.022758207416985032,0.39069937694816326,0.07288056416697758,891.0,0.019866220735785953,5.94,5.985794294271508,1.0,61.0,4.0,7.750283977758978,0.7204728269480126,0.35689443535188214,3.764035674470457,9.0,0.009275287498223012,0.0370176863601131,0.27380027018573,0.04824276935356859
35,ENTHUSIASM,0,0,60,60,30,5.0,2.0,560.0,0.019525801952580194,4.666666666666667,4.74488028182892,2.0,50.0,4.0,7.514043349172656,0.6540698965527949,0.28264984227129336,16.928521617852162,46.0,0.0669265614195469,0.1499420189586344,0.06444407377294642,0.01587595526115972,3531.0,0.12311715481171548,29.425,31.267971499070207,1.0,149.0,17.0,7.204854157627499,0.7053601732017972,0.4262188147419967,2.337203626220363,5.0,0.005618502631177993,0.01744870932464803,0.4437702285275034,0.08259098523844648,785.0,0.01750278706800446,5.233333333333333,4.220452845634248,1.0,27.0,3.0,7.868616727191483,0.699533112996013,0.3793160967472894,4.442809364548495,11.0,0.011553051558887558,0.03932937628072492,0.23156425327708802,0.0395460535228914
35,ENTHUSIASM,1,30,90,60,30,5.0,2.0,607.0,0.02116457461645746,5.058333333333334,6.9788917856315535,1.0,62.0,4.0,7.370515842138394,0.7224564919413259,0.1852431391429947,4.924546722454672,17.0,0.016489692111154083,0.07858073660614964,0.21207053041045476,0.03675462776297387,1369.0,0.047733612273361224,11.408333333333333,12.68561904502715,2.0,74.0,6.0,7.215072819041808,0.7298058244781372,0.3964541120381406,3.30965829846583,8.0,0.009704446632209367,0.02965912206583388,0.3151930346551176,0.06283568455882488,771.0,0.017190635451505017,5.14,4.623173513219392,1.0,54.0,3.0,7.845816774281374,0.7010609336332029,0.3352610190684589,3.945217391304348,7.0,0.009883279836591775,0.042175631975170366,0.26047978976246483,0.04476232262710494
35,ENTHUSIASM,2,60,120,60,30,5.0,2.0,621.0,0.021652719665271967,5.175,7.111800639313039,1.0,63.0,4.0,7.362658530183654,0.6941484533325607,0.2064188409143385,10.293165969316597,38.0,0.03904691583746468,0.10669663752505287,0.1109142645296317,0.028827205408554858,1802.0,0.06283124128312413,15.016666666666667,13.362249893720078,2.0,94.0,12.0,7.438866708568989,0.7181811607410273,0.4187301859309399,2.9903068340306835,7.0,0.008362633756431448,0.03803014333018686,0.3452638925512659,0.06042195082002953,783.0,0.01745819397993311,5.22,4.261251772269114,1.0,31.0,3.0,7.849410828512508,0.6963197592439162,0.3861977438619774,4.24891861761427,8.0,0.010902411468504264,0.04271583375509434,0.24117100884388512,0.03942535108494778
35,LIKING,0,0,60,60,30,7.0,2.0,613.0,0.021373779637377965,5.108333333333333,5.390262568331487,2.0,57.0,4.0,7.5016459312738535,0.7339542563065761,0.2607826810990841,3.706938633193863,8.0,0.011373691736108674,0.06568650390630881,0.27689178543632365,0.04516828807009582,3176.0,0.11073919107391911,26.466666666666665,25.943828210621156,2.0,155.0,19.0,7.384271457341214,0.6791244993598535,0.3772734021230792,2.6333333333333333,7.0,0.006862745098039221,0.026492861965257592,0.39898913915876005,0.0777248545143412,829.0,0.018483835005574135,5.526666666666666,5.228379821278821,2.0,42.0,3.0,7.788388966439766,0.7107016234342658,0.3571883356678976,4.011772575250836,9.0,0.010106619380036364,0.02966654171565468,0.2564632313226594,0.04515820469861511
35,LIKING,1,30,90,60,30,7.0,2.0,572.0,0.019944211994421198,4.766666666666667,5.138471454517276,1.0,46.0,4.0,7.482571744379777,0.6715945572535368,0.26037948525267707,8.817921896792189,34.0,0.032848411331059625,0.09766981538647726,0.12648773941302632,0.031011067254888215,2415.0,0.0842050209205021,20.125,18.421709339797978,1.0,116.0,16.0,7.44024314820953,0.6799576029978341,0.3898515705902658,2.767538354253835,5.0,0.007426631740562332,0.044684066044725745,0.368486995938433,0.05083350468919044,766.0,0.017079152731326645,5.1066666666666665,4.295185935698503,2.0,38.0,3.0,7.874429273410125,0.7075561707574091,0.3546423135464231,4.005284280936455,7.0,0.01008484658032368,0.03912185927505646,0.2557196442982541,0.04127047948552533
35,FEAR,0,0,60,60,30,7.0,5.0,591.0,0.020606694560669457,4.925,5.882406678676113,2.0,67.0,4.0,7.454469600197298,0.7233801323459047,0.2215698393077874,7.161994421199442,15.0,0.025890732862182526,0.10324226176477785,0.14218983734913762,0.018790756498283517,2626.0,0.09156206415620642,21.883333333333333,21.83696534675905,2.0,126.0,16.0,7.412644542807538,0.7061641728366972,0.3786207635059164,2.843549511854951,6.0,0.007746006352331731,0.03000586651590786,0.3670869115777556,0.07063628706268037,843.0,0.018795986622073577,5.62,5.230258119825446,1.0,37.0,3.0,7.786051543560581,0.7139421852686999,0.37621905476369094,3.943768115942029,8.0,0.009878416496449759,0.027686101533836282,0.26067650292757,0.045177595727381656
35,FEAR,1,30,90,60,30,7.0,5.0,545.0,0.01900278940027894,4.541666666666667,8.732025188287585,2.0,135.0,3.0,7.31933073159145,0.7074848164089457,0.1026173285198556,3.1310320781032077,7.0,0.0089539162945513,0.06441980454523391,0.3357576218745241,0.06702626973317277,3496.0,0.12189679218967922,29.133333333333333,24.39242824229592,1.0,117.0,22.0,7.4631110104793015,0.7285478771483097,0.5443732953173139,2.55976290097629,6.0,0.006553625634354156,0.032299933881998186,0.4002212095273079,0.059995656390206265,752.0,0.016767001114827203,5.013333333333334,4.006638935012182,1.0,39.0,3.0,7.888673533320917,0.7008670812331803,0.3632510136380391,4.160022296544036,8.0,0.010604101666255155,0.04251465935769169,0.24662944161630937,0.041413908466757056
35,FEAR,2,60,120,60,30,7.0,5.0,422.0,0.014714086471408648,3.5166666666666666,2.2247971193396987,1.0,14.0,3.0,7.685735031841112,0.4289346764346764,0.48188405797101447,46.88643654114365,139.0,0.19280015353421703,0.20545110998508204,0.022120415998524545,0.003985674499773037,3764.0,0.1312412831241283,31.366666666666667,20.373771264926766,2.0,118.0,27.0,7.625253228579066,0.7187598320363254,0.540055206537039,2.8164574616457463,7.0,0.007632174208595564,0.04775321579016836,0.3629721210776996,0.052338049411590544,748.0,0.016677814938684504,4.986666666666666,3.6995254950991874,2.0,25.0,3.0,7.91158827990843,0.7068141034630804,0.3998013902681231,4.56164994425864,9.0,0.01195184545053234,0.043978668219359175,0.22481841124035298,0.037014743230485835
35,AMUSEMENT,0,0,60,60,30,7.0,4.0,602.0,0.02099023709902371,5.016666666666667,5.161529704350144,2.0,38.0,4.0,7.4965925264717725,0.7278539203464405,0.2676758682101514,4.016283124128313,12.0,0.012673458504740805,0.05819081534781077,0.25905809241916433,0.04642438399278925,3031.0,0.1056834030683403,25.258333333333333,27.51984006534599,1.0,148.0,16.0,7.220855673158587,0.7325622323319093,0.44904749160624785,2.4450488145048817,4.0,0.006071633674390258,0.025287984911538334,0.4225240012058354,0.07438946848257114,806.0,0.017971014492753623,5.373333333333333,4.779186355669992,2.0,40.0,4.0,7.83739019615242,0.7073552982043357,0.3590850237375917,3.9357859531772577,7.0,0.009851630715359917,0.03660512333866385,0.2606614382331122,0.04368103929648086
35,AMUSEMENT,1,30,90,60,30,7.0,4.0,576.0,0.0200836820083682,4.8,5.972994782072614,1.0,77.0,3.0,7.458529373333462,0.71696626268182,0.20587326120556415,3.6514993026499303,7.0,0.011140753372478692,0.06798628119774364,0.28158173988187657,0.046347152203042995,826.0,0.02880055788005579,6.883333333333334,6.513042470475855,1.0,34.0,4.0,7.4018421364742135,0.7350255445474578,0.4148743718592965,4.171757322175732,9.0,0.01332671143771317,0.04937918901993101,0.24731540811527616,0.04416925365158882,756.0,0.0168561872909699,5.04,3.70113496106262,1.0,29.0,3.0,7.926585988925741,0.706210975851787,0.39459776864357016,4.392865105908585,8.0,0.011385453375532158,0.043406903141490295,0.23349322926060884,0.0388449212913613
35,SADNESS,0,0,60,60,30,4.0,2.0,542.0,0.01889818688981869,4.516666666666667,5.428295210182373,2.0,57.0,3.0,7.451244816816914,0.6503724295859317,0.22546857772877618,9.781171548117154,39.0,0.03689567877360149,0.09733080858507194,0.12195789406204163,0.03470350876972233,1884.0,0.06569037656903766,15.7,19.87003606774113,2.0,90.0,5.0,6.975942308394149,0.7531348703356149,0.44936262038282737,2.8344490934449094,6.0,0.007707769300188695,0.0178044959764434,0.36711098556507776,0.07480346805463055,849.0,0.018929765886287624,5.66,5.372559911252735,1.0,44.0,3.0,7.783906655485764,0.7029109193200259,0.36893555394641564,3.9743589743589745,8.0,0.009981070383754948,0.03147365909211575,0.25907979131242476,0.046126562363013345
35,SADNESS,1,30,90,60,30,4.0,2.0,611.0,0.021304044630404462,5.091666666666667,6.868400873242297,1.0,62.0,4.0,7.368006494545566,0.7327323527728432,0.1900502389413062,4.4572873082287305,12.0,0.014526417261465252,0.0687537104517735,0.23624525638687624,0.04618623969467519,2029.0,0.07074616457461645,16.908333333333335,23.693352032913275,2.0,161.0,11.0,7.206125155038357,0.6862264251747945,0.21084270846923517,2.6174337517433752,6.0,0.006795940133375525,0.0365305877761263,0.39445506550645104,0.06567473460506451,902.0,0.020111482720178372,6.013333333333334,6.915187793706128,1.0,90.0,4.0,7.731456760955511,0.732224373298574,0.3016673792218897,3.4063991081382388,6.0,0.008075164792410192,0.039972766743917525,0.3023734349164325,0.05356291985511367
35,NEUTRAL,0,0,60,60,30,5.0,2.0,651.0,0.022698744769874477,5.425,7.644892085569293,2.0,74.0,4.0,7.338287341855232,0.7533786147365096,0.18283808368708307,4.743723849372385,18.0,0.0157299321402201,0.061391117663795916,0.22631435380702472,0.052201299430127114,4932.0,0.17196652719665273,41.1,27.493605317115712,2.0,150.0,37.0,7.588728743277063,0.7069176140948291,0.5574231925152783,2.467189679218968,6.0,0.0061646625177267525,0.03538396963449007,0.4216645702853679,0.06918491046902439,931.0,0.02075808249721293,6.206666666666667,6.734287061168556,1.0,73.0,4.0,7.71064966972349,0.7168647514944285,0.3350214592274678,3.5196878483835006,6.0,0.008455328350280204,0.03782574256196815,0.2918996748866446,0.05009155538092146
35,NEUTRAL,1,30,90,60,30,5.0,2.0,529.0,0.018444909344490935,4.408333333333333,4.440337512196818,1.0,45.0,4.0,7.5312404877968095,0.6190127952081976,0.2907171983689134,21.484135285913528,63.0,0.0860677953189644,0.1616723723862336,0.05027624541779462,0.010989220118642626,5981.0,0.20854253835425385,49.84166666666667,47.52446665198418,2.0,219.0,38.0,7.335331741162808,0.7038053751083434,0.44383300393677716,1.917608089260809,6.0,0.0038554961733647413,0.012197419787476812,0.538881482139256,0.09101957175105078,816.0,0.01819397993311037,5.44,4.702453260444666,1.0,31.0,3.0,7.831378087211515,0.6975230226233776,0.380835734870317,4.079821627647714,7.0,0.010334971904858098,0.031601436373471535,0.2511658228612221,0.04128409638367831
35,NEUTRAL,2,60,120,60,30,5.0,2.0,559.0,0.019490934449093444,4.658333333333333,7.298967773292025,2.0,105.0,3.0,7.377457029020486,0.7123044709671051,0.14470253614600617,3.471931659693166,7.0,0.010386267477702382,0.06638354799931179,0.3004767202203796,0.059350146076800704,2124.0,0.07405857740585774,17.7,19.567660394981647,2.0,116.0,12.0,7.278219021885349,0.707862816122479,0.3140460340465253,2.560878661087866,6.0,0.006558313702049858,0.02283273000217377,0.3995445014303679,0.06100350785404715,762.0,0.016989966555183946,5.08,4.358929532197862,1.0,33.0,3.0,7.852218815156288,0.6933283954063366,0.35089780164457124,4.066488294314381,8.0,0.010290229175551615,0.03064762529957428,0.2522784583972534,0.04232206475320434
35,AWE,0,0,60,60,30,5.0,1.0,617.0,0.021513249651324964,5.141666666666667,5.816350277928208,2.0,50.0,4.0,7.4428438292624355,0.7165894321477903,0.2566893424036281,9.01942119944212,27.0,0.0336950470564795,0.10091950580301448,0.12214155027960767,0.030504595911737313,3064.0,0.10683403068340307,25.533333333333335,20.185776070182577,2.0,88.0,20.0,7.499923643727799,0.7115281387036456,0.5120742185610885,2.8112622036262205,5.0,0.007610345393387482,0.03783946501613092,0.3629007158238385,0.050228975518895165,858.0,0.019130434782608695,5.72,5.2777773099414995,1.0,45.0,4.0,7.807104173962941,0.707368074970084,0.37481769567331064,4.083768115942029,7.0,0.010348215154167886,0.04447053448691233,0.2515010397196465,0.04292444722584876
35,AWE,1,30,90,60,30,5.0,1.0,632.0,0.02203626220362622,5.266666666666667,6.3169525001292275,2.0,58.0,4.0,7.415426555653808,0.7503704115809754,0.23006012024048098,3.6830892608089263,8.0,0.011273484289113135,0.06788756836667763,0.2782329120845491,0.04334043420863007,2698.0,0.09407252440725244,22.483333333333334,19.1163033967228,2.0,89.0,17.5,7.440721424751573,0.7007093102739379,0.45647946254935473,2.7741283124128313,8.0,0.007454320640390044,0.031546623645121404,0.3693890928550939,0.053045646899612546,797.0,0.017770345596432553,5.3133333333333335,4.916823726304977,1.0,46.0,3.0,7.81106288859015,0.7067311038101656,0.35843714609286526,3.9226309921962095,7.0,0.009807486550993989,0.03634577143453212,0.26151891989118603,0.04403366338605916
35,DISGUST,0,0,60,60,30,7.0,6.0,558.0,0.019456066945606695,4.65,5.615677459873683,2.0,58.0,4.0,7.457508617249166,0.6575518773406995,0.23191891427589761,20.054218967921898,51.0,0.08005974356269704,0.16884041374375347,0.0510243350415368,0.0069266258992716915,2867.0,0.09996513249651325,23.891666666666666,23.627595389478145,2.0,114.0,15.0,7.3252516985240845,0.7416154892333305,0.5084450543650375,2.6947698744769872,5.0,0.007120881825533559,0.029022878400176786,0.38341049747224115,0.06801475617962352,920.0,0.020512820512820513,6.133333333333334,6.186724137664096,1.0,62.0,4.0,7.741577081513656,0.7082102344553113,0.369552752293578,3.7960089186176145,9.0,0.009382580263817495,0.03893473972372842,0.2717419931498608,0.048924134968807494
36,BASELINE,0,0,60,60,30,5.0,1.0,630.0,0.021966527196652718,5.25,7.66675724584173,2.0,97.0,4.0,7.353702492100933,0.7405384594076295,0.17757681636008632,3.1911785216178523,7.0,0.009206632443772495,0.06164264925486348,0.3233811198275719,0.056671110647219754,2698.0,0.09407252440725244,22.483333333333334,12.843924201305803,2.0,83.0,20.0,7.694210910921786,0.7000703808870138,0.5692276035906273,2.94023709902371,5.0,0.008152256718587018,0.026675589236556302,0.34822895558444256,0.054303337425222066,817.0,0.01821627647714604,5.446666666666666,4.193704276120999,2.0,30.0,4.0,7.9117208100672,0.7396464672670251,0.3956306809121352,4.136767001114827,9.0,0.010526063762130283,0.03773670406084991,0.24789294853874655,0.04042168536847421
36,BASELINE,1,30,90,60,30,5.0,1.0,644.0,0.022454672245467225,5.366666666666666,7.170464110192279,1.0,78.0,4.0,7.381332205207544,0.7225983365400805,0.2047428189712759,9.459797768479778,31.0,0.03554536877512512,0.10134091446761911,0.11924544080110035,0.03266266486778085,2480.0,0.08647140864714087,20.666666666666668,12.294533563968807,2.0,59.0,19.0,7.6516565304460675,0.7278827207327797,0.6256725251076041,3.593410041841004,7.0,0.010896680848071463,0.05304239719971019,0.2832579350460798,0.03798415368904931,787.0,0.01754738015607581,5.246666666666667,3.747775636590619,1.0,31.0,4.0,7.949171264942381,0.7372646500552723,0.399155808405212,4.460847268673356,10.0,0.011613581438501195,0.047045695932023145,0.23058393533655216,0.03909706078159068
36,BASELINE,2,60,120,60,30,5.0,1.0,658.0,0.022942817294281728,5.483333333333333,6.072456028842219,1.0,57.0,4.0,7.456625031897097,0.7472767681514606,0.2587118644067797,4.624407252440725,9.0,0.01522860190101145,0.07875981554313258,0.21982821525400575,0.028616102756704398,3734.0,0.1301952580195258,31.116666666666667,24.40463867564707,1.0,115.0,20.0,7.533820986695605,0.6340936517017077,0.4117362417493992,2.46663179916318,5.0,0.006162318483878909,0.01681245336443857,0.41842095004783236,0.07170473353763968,811.0,0.018082497212931994,5.406666666666666,3.650747259884688,1.0,25.0,4.0,7.9700813381819815,0.7521071608177746,0.4214965009869011,4.320044593088071,8.0,0.011141089238550582,0.04392063865022422,0.23649166292822563,0.03612619025827443
36,BASELINE,3,90,150,60,30,5.0,1.0,620.0,0.021617852161785217,5.166666666666667,5.092205372484063,2.0,49.0,4.0,7.532217681958488,0.7380388040669802,0.2791922739244952,4.576185495118549,9.0,0.015025989475288017,0.07443891495912466,0.22451186013255936,0.037555005645816195,2924.0,0.10195258019525802,24.366666666666667,14.152698996618593,2.0,77.0,21.0,7.690639584204492,0.7355697215028106,0.6374187960155911,3.387831241283124,7.0,0.010032904375139191,0.045805576223143865,0.3042394319052118,0.05287783190789954,811.0,0.018082497212931994,5.406666666666666,3.854169459458448,1.0,28.0,4.0,7.937362736850895,0.7498721931949486,0.42605997931747674,4.739509476031215,10.0,0.012548689516883286,0.05285715291959971,0.2154344921649973,0.03215887778839929
36,BASELINE,4,120,180,60,30,5.0,1.0,650.0,0.022663877266387727,5.416666666666667,8.622241910057706,1.0,98.0,4.0,7.289615430172895,0.7562553934862002,0.15137381275440978,4.067154811715481,12.0,0.012887205091241525,0.05995991590899697,0.26019812552042143,0.057387627684745826,3666.0,0.12782426778242678,30.55,16.724408310410666,4.0,81.0,27.0,7.701584881882439,0.7277172205171027,0.6068924204517425,2.7472454672245465,7.0,0.007341367509346835,0.03307603296987511,0.3727966735247461,0.0515273138480322,781.0,0.017413600891861763,5.206666666666667,3.549265964800171,1.0,24.0,4.0,7.973112122349119,0.7530618356145682,0.40347826086956523,4.218974358974359,8.0,0.01080192737910859,0.036779556669359934,0.24262579135773207,0.038669422255499526
36,BASELINE,5,150,210,60,30,5.0,1.0,518.0,0.01806136680613668,4.316666666666666,5.566242498809728,2.0,66.0,3.0,7.452763739060025,0.6666738466445978,0.18653421633554085,6.390271966527196,20.0,0.022648201540030236,0.08414254806811555,0.17943842979755006,0.04688807009394339,3183.0,0.11098326359832636,26.525,15.554186199648418,5.0,78.0,21.0,7.688507331861994,0.7321040153979285,0.6012894684343205,3.2481171548117156,7.0,0.009445870398368557,0.04480793524417235,0.31415999585485893,0.04417106970230574,800.0,0.017837235228539576,5.333333333333333,3.569624941394015,2.0,23.0,4.0,7.974327880165552,0.757526763260072,0.43343250278914097,4.667959866220736,11.0,0.012308590155103149,0.05197075879680414,0.21958631234799686,0.03480069801442502
36,BASELINE,6,180,240,60,30,5.0,1.0,580.0,0.020223152022315203,4.833333333333333,6.077737152007224,1.0,62.0,4.0,7.426774418025618,0.7163873285700798,0.20282451923076922,3.3992329149232914,7.0,0.010080810566904581,0.05660544262799546,0.3012885659472749,0.04655677737614986,3265.0,0.11384239888423989,27.208333333333332,18.563807005987634,2.0,112.0,24.0,7.632384074576305,0.6998932122814077,0.4845182944124043,2.79302649930265,9.0,0.007533724786985921,0.03461245165552463,0.37308403952625036,0.06722640196975087,779.0,0.01736900780379041,5.193333333333333,3.540615138017059,2.0,22.0,4.0,7.968313732101592,0.7583844301266902,0.4033417524771712,4.506577480490524,8.0,0.011767038525135975,0.04595964231443286,0.2264468277816448,0.03391290845245388
36,BASELINE,7,210,270,60,30,5.0,1.0,654.0,0.02280334728033473,5.45,7.483704519376304,1.0,63.0,4.0,7.329392801457817,0.7445408074510582,0.2034056691932302,4.409414225941423,13.0,0.01432526985689673,0.07238126304732155,0.23698965415764273,0.04425772110885102,3350.0,0.11680613668061367,27.916666666666668,19.17184712598716,5.0,105.0,23.0,7.621474581032547,0.6889920681811167,0.48975260280909755,2.6298465829846585,6.0,0.006848094886490158,0.039525164395673267,0.38804094336843026,0.053979052386179685,815.0,0.018171683389074694,5.433333333333334,3.9258403205202095,1.0,28.0,4.0,7.933126545557211,0.7556677416881572,0.41215189873417724,4.353823857302118,8.0,0.011254442474168186,0.04388368480446532,0.2350310722828121,0.03696477189520771
36,BASELINE,8,240,300,60,30,5.0,1.0,605.0,0.02109483960948396,5.041666666666667,6.145995760565483,2.0,55.0,4.0,7.425635421450037,0.7193228798342106,0.22098022355975924,5.753312412831241,19.0,0.01997190089424891,0.07571495278188656,0.19547516015254657,0.04615114263845557,4283.0,0.14933751743375173,35.69166666666667,35.067505336929166,3.0,199.0,24.5,7.386582293984451,0.7028828815137399,0.3944596018260893,2.183786610878661,7.0,0.0049738933230195825,0.018464922342653792,0.47738911405221596,0.08187950549706853,811.0,0.018082497212931994,5.406666666666666,3.7498385150415325,2.0,25.0,4.0,7.958466330434006,0.7549816110478514,0.4207284884743973,4.251772575250836,8.0,0.010911988507553143,0.038815009667472436,0.24084894698132517,0.03821203785943131
36,ANGER,0,0,60,60,30,4.0,2.0,642.0,0.022384937238493725,5.35,6.436419812286952,1.0,68.0,4.0,7.426446135516169,0.711867885159847,0.23995363214837712,10.577440725244072,34.0,0.04024134758505913,0.1098629136239876,0.10480553166168531,0.027363687302290454,1951.0,0.06802649930264994,16.258333333333333,21.236955146369002,1.0,143.0,9.0,7.141507567063118,0.7389191535537686,0.34648945047085467,2.7040097629009763,6.0,0.007159704886138558,0.028536709891513145,0.38533527599725825,0.07480174421087085,798.0,0.017792642140468228,5.32,3.9366991249014704,1.0,26.0,4.0,7.9343335589869435,0.7393395869509412,0.38825363825363823,4.13025641025641,8.0,0.010504216141800027,0.03332853913219563,0.24828791886903942,0.040733594178846935
36,ANGER,1,30,90,60,30,4.0,2.0,593.0,0.020676429567642957,4.941666666666666,4.681160527998253,2.0,41.0,4.0,7.536439573464176,0.7018766176936988,0.30320112744111133,11.527092050209205,30.0,0.044231479202559695,0.12518147681008604,0.0932782397512558,0.021152375291846347,1140.0,0.0397489539748954,9.5,10.596383030701247,1.0,57.0,5.0,7.226425390006586,0.7420714790843514,0.3909946468658263,3.160495118549512,7.0,0.009077710582140807,0.020225073729159576,0.32676177135100615,0.060626859620873885,821.0,0.01830546265328874,5.473333333333334,3.616069075053124,1.0,23.0,5.0,7.980825829232316,0.7531394199370374,0.42438764643237487,4.250947603121516,8.0,0.010909220144703071,0.037000174111799816,0.2403149820348847,0.03694936644598452
36,ANGER,2,60,120,60,30,4.0,2.0,604.0,0.02105997210599721,5.033333333333333,5.11033810579648,1.0,61.0,4.0,7.528385521021995,0.7232507854327259,0.2709156193895871,4.4694560669456065,12.0,0.01457754649977145,0.06876675824216687,0.23893397128174607,0.051758225524749214,1843.0,0.0642608089260809,15.358333333333333,19.20407761966771,2.0,153.0,11.0,7.282384059143297,0.7145273862584688,0.2572470940920275,2.428940027894003,4.0,0.006003949697033625,0.03374103442195502,0.42109129495831127,0.06123061946543846,763.0,0.017012263099219622,5.086666666666667,3.5041626040404514,1.0,29.0,4.0,7.968191091624316,0.7429074196159976,0.3997983870967742,4.435183946488294,10.0,0.011527462907678842,0.04297415733033699,0.23130613122202925,0.03757926802930422
36,ENTHUSIASM,0,0,60,60,30,6.0,2.0,617.0,0.021513249651324964,5.141666666666667,5.477675652642785,2.0,47.0,4.0,7.480409789467335,0.7186412782250693,0.26851851851851855,12.852719665271966,34.0,0.049801343131394823,0.13011734781368983,0.08284944855310374,0.018456154784212603,3246.0,0.11317991631799164,27.05,22.506795270169704,1.0,174.0,23.5,7.513507822855251,0.7334956237736334,0.4701090508789432,2.197489539748954,6.0,0.005031468654407369,0.025376740708492218,0.4641058880947219,0.06089300295021513,792.0,0.01765886287625418,5.28,3.742761903550193,1.0,23.0,4.0,7.94102292205607,0.7436284106803691,0.40921507922054273,4.291348940914158,9.0,0.011044795103738783,0.037481204934847225,0.23857652102291696,0.0379238930668353
36,ENTHUSIASM,1,30,90,60,30,6.0,2.0,645.0,0.022489539748953975,5.375,5.993138437691335,2.0,49.0,4.0,7.4421536354213815,0.7451867297557897,0.25280426247896803,3.915899581589958,8.0,0.012251678914243518,0.058930417642100656,0.2644689191281117,0.04798515602185476,1635.0,0.05700836820083682,13.625,13.119681462088426,2.0,86.0,10.5,7.406642826165261,0.7439479502994621,0.4267864493788895,3.303591352859135,8.0,0.009678955264114027,0.040198928497139505,0.3143005659254101,0.05969912258067913,806.0,0.017971014492753623,5.373333333333333,3.5861709694634225,2.0,22.0,4.0,7.968598410240128,0.7568435627553275,0.42684268426842686,4.530434782608696,9.0,0.011847096585935201,0.046125690223645974,0.22542201722753513,0.03383081438250247
36,ENTHUSIASM,2,60,120,60,30,6.0,2.0,685.0,0.02388423988842399,5.708333333333333,7.950781757510111,2.0,86.0,4.0,7.340682138208617,0.7623384520115714,0.19341411525298308,4.8334379358437936,11.0,0.016106882083377287,0.0751293119522127,0.2150610118982336,0.04057775177157736,2169.0,0.0756276150627615,18.075,18.06385087220699,1.0,82.0,10.0,7.282762068639986,0.7067418278260628,0.437132507349853,2.956311018131102,6.0,0.00821979419382817,0.03537014573689668,0.3480407968818111,0.05986466470441454,782.0,0.017435897435897435,5.213333333333333,3.5148952884671956,1.0,22.0,4.0,7.961893397747459,0.7519488653761099,0.4149184149184149,4.602564102564102,10.0,0.012089141283772158,0.04831281503092343,0.22255993097540328,0.03542409029558882
36,LIKING,0,0,60,60,30,6.0,2.0,638.0,0.022245467224546723,5.316666666666666,5.89983521427129,2.0,50.0,4.0,7.459888709957112,0.7519735484311294,0.24585196941278314,4.5893305439330545,9.0,0.015081220772827955,0.07876551482628777,0.22151033247177215,0.02902511977924816,4112.0,0.14337517433751742,34.266666666666666,21.944526019538955,2.0,106.0,30.0,7.629124684069604,0.7128305937002702,0.5809281529448042,2.4682357043235705,6.0,0.006169057581191475,0.03616991973666035,0.4114981179946045,0.050981804527086165,850.0,0.0189520624303233,5.666666666666667,4.818944098266987,1.0,36.0,4.0,7.84677362596479,0.7448623153944978,0.3801342281879195,3.951304347826087,8.0,0.00990370586518821,0.03667055454905329,0.25901240913705814,0.04104130354515641
36,LIKING,1,30,90,60,30,6.0,2.0,580.0,0.020223152022315203,4.833333333333333,5.45562910111097,2.0,51.0,4.0,7.47221959813386,0.676666551171103,0.25729076790336497,16.832217573221758,50.0,0.06652192257656202,0.14392057215847293,0.06396736431452783,0.014540113595198606,3631.0,0.12660390516039052,30.258333333333333,20.57060841481252,4.0,111.0,26.0,7.614818435695584,0.7235013971976827,0.5215488966022355,2.466492329149233,5.0,0.006161732475416941,0.03778369763717823,0.4116319570085146,0.050611015340934505,780.0,0.017391304347826087,5.2,4.038151392242082,1.0,25.0,3.5,7.894481272234859,0.744020471117153,0.3837818944425026,4.36345596432553,10.0,0.011286764980958148,0.04229259855317438,0.235082863101845,0.038271870237173926
36,FEAR,0,0,60,60,30,3.0,3.0,599.0,0.02088563458856346,4.991666666666666,5.939270203952296,2.0,72.0,4.0,7.463354047558277,0.7365856571680437,0.21965579710144928,3.4444909344490933,7.0,0.010270970312811323,0.06420578478617121,0.29791346858551265,0.049018670628978384,2668.0,0.09302649930264993,22.233333333333334,16.51349616391258,2.0,128.0,18.0,7.5929919744843914,0.6806103314865803,0.43851679459350595,2.5316248256624827,6.0,0.006435398427153292,0.03100573196593131,0.4049313722775865,0.06099721692357351,836.0,0.018639910813823858,5.573333333333333,4.399767670633934,1.0,33.0,4.0,7.901615602297094,0.7416333425995764,0.38352906198899955,3.9998885172798215,7.0,0.010066739990871891,0.03183569448823615,0.256181243620379,0.042260954231748464
36,FEAR,1,30,90,60,30,3.0,3.0,639.0,0.022280334728033473,5.325,6.959001963883422,2.0,61.0,4.0,7.3666302120606915,0.7544479179249699,0.1983673469387755,4.0138075313807535,8.0,0.012663056854540977,0.06629057088239232,0.2570291424041841,0.045100944912097485,3366.0,0.11736401673640168,28.05,26.094012723228296,1.0,156.0,19.0,7.441419215369812,0.7033280644699272,0.44814711909144583,2.3457112970711296,6.0,0.005654249147357685,0.03161043253202981,0.43611713254947204,0.06328878020877834,831.0,0.018528428093645483,5.54,3.974300777075971,2.0,24.0,4.0,7.938962795935495,0.7564950849231036,0.4171279713448388,4.294960981047938,9.0,0.011056916043785028,0.03965934161395346,0.23818694037362909,0.03746374911847958
36,FEAR,2,60,120,60,30,3.0,3.0,660.0,0.02301255230125523,5.5,6.908931417616861,2.0,49.0,4.0,7.368206671700402,0.7611786557020069,0.2121177282133824,3.4701534170153416,6.0,0.010378795869812356,0.052230601658608065,0.2941249576096928,0.04351790977295637,1677.0,0.05847280334728033,13.975,12.244020649552446,1.0,70.0,10.0,7.461865043937508,0.7276482189628979,0.42665224282371883,3.531241283124128,8.0,0.010635467576151799,0.052945476714124015,0.28778849893768055,0.036903491963930245,780.0,0.017391304347826087,5.2,3.4438350715445134,2.0,24.0,4.0,7.974421338257051,0.7474008477301652,0.41899109792284867,4.6289409141583056,10.0,0.012177654074356746,0.05146814160150693,0.2209796864673094,0.03405064981191611
36,AMUSEMENT,0,0,60,60,30,6.0,3.0,623.0,0.021722454672245466,5.191666666666666,5.84564771622634,2.0,48.0,4.0,7.450769552772574,0.7426099446128667,0.24448748510131108,4.350836820083682,11.0,0.014079146302872611,0.05991945463060893,0.24198299030216658,0.046917535149006706,4322.0,0.150697350069735,36.016666666666666,37.89260775167397,2.0,199.0,21.0,7.2725938286266025,0.676306489538246,0.39594430917922163,2.2085774058577408,8.0,0.005078056327133362,0.018436957261515594,0.4739175012451422,0.08635299978861383,838.0,0.018684503901895206,5.586666666666667,4.764013247486012,2.0,48.0,4.0,7.882761823932514,0.7597762861175043,0.3522350993377483,3.7630546265328872,7.0,0.009271995391049958,0.035171951546506736,0.27250537401896935,0.04466871322509823
36,AMUSEMENT,1,30,90,60,30,6.0,3.0,497.0,0.017329149232914922,4.141666666666667,3.4684190282541634,1.0,26.0,3.0,7.577638294268601,0.5507474826371885,0.3554076539101497,26.673675034867504,79.0,0.10787258418011555,0.17762627933117453,0.040605886157371075,0.009450234264119952,1778.0,0.06199442119944212,14.816666666666666,16.65256903770573,1.0,75.0,7.0,7.162038006521203,0.7096436934567509,0.3713500337119444,2.836750348675035,5.0,0.0077174384398110705,0.014815599482042977,0.36447685857855067,0.06887173491802061,845.0,0.01884057971014493,5.633333333333334,4.188741524080419,2.0,29.0,4.0,7.926766391102459,0.7604199637346809,0.4096532763097602,4.078952062430323,8.0,0.010332053900772893,0.03672139940363356,0.251129720058503,0.040723859841888775
36,AMUSEMENT,2,60,120,60,30,6.0,3.0,580.0,0.020223152022315203,4.833333333333333,6.335525936249405,2.0,74.0,3.0,7.406452477775343,0.7204083196513974,0.19133522727272728,3.694700139470014,7.0,0.011322269493571485,0.06222156527100316,0.28060920069925466,0.051418249315103415,1016.0,0.03542538354253835,8.466666666666667,8.446827149225257,1.0,47.0,5.0,7.3675601379101785,0.7419963343894064,0.3732350755511518,3.311227336122734,6.0,0.009711039227406444,0.023611518982712163,0.3107152633365214,0.05465338016297266,800.0,0.017837235228539576,5.333333333333333,3.5084026121425813,1.0,21.0,4.0,7.973203439657959,0.7579374432470407,0.4370412196499153,4.751638795986622,12.0,0.012589391932841006,0.05073002732831019,0.21638495693685272,0.035483564239553414
36,SADNESS,0,0,60,60,30,4.0,2.0,579.0,0.020188284518828453,4.825,4.679142549655867,2.0,38.0,4.0,7.531485398707363,0.6828061867016975,0.30297397769516726,18.00484658298466,46.0,0.07144893522262462,0.15570312875881698,0.057592901502894825,0.010737484706254472,2271.0,0.07918410041841004,18.925,23.08522705830145,1.0,130.0,10.0,7.123258228169406,0.7400910055623228,0.4019052350968383,2.8750348675034867,8.0,0.007878297762619689,0.023071192745239832,0.3682369718976229,0.07831702267261079,794.0,0.01770345596432553,5.293333333333333,3.973322147635262,2.0,26.0,4.0,7.9247978718138015,0.7576035568490675,0.3853211009174312,4.10200668896321,9.0,0.010409418419339641,0.03679643333159103,0.24972605712802087,0.03983670376896399
36,SADNESS,1,30,90,60,30,4.0,2.0,621.0,0.021652719665271967,5.175,5.559769929292639,1.0,53.0,4.0,7.48801312628402,0.7398540587981172,0.25325293557600764,4.053068340306834,8.0,0.012828018236583336,0.06615059711488366,0.2558890394299545,0.0474713482674234,897.0,0.03127615062761506,7.475,6.600457686150762,1.0,47.0,5.0,7.4840696227756265,0.7559862174083106,0.4036788691554911,3.408960948396095,6.0,0.010121684657126448,0.03411771891089256,0.3006593247564444,0.04858923786933838,795.0,0.017725752508361205,5.3,3.495234851432256,1.0,21.0,4.0,7.979625046290229,0.7610839074639385,0.42106265473243193,4.579955406911929,8.0,0.012013273177556814,0.04616000571100485,0.22343080714048058,0.03512132713324359
36,SADNESS,2,60,120,60,30,4.0,2.0,614.0,0.021408647140864715,5.116666666666666,5.10993041918272,1.0,44.0,4.0,7.511259636388449,0.7362737373699798,0.27609962904080554,4.385006973500698,8.0,0.014222718376053349,0.07171547493101775,0.23539862919375742,0.04173209155713432,1191.0,0.041527196652719665,9.925,12.093498597731482,2.0,84.0,5.0,7.212745006032664,0.7538231199587088,0.36621717530163234,3.069839609483961,6.0,0.008696805081865383,0.0247161630421409,0.3364948361296588,0.06288415840513178,800.0,0.017837235228539576,5.333333333333333,3.835216928530757,2.0,27.0,4.0,7.9443527467844035,0.7605513766037502,0.40772078265468004,4.365685618729097,9.0,0.011294247042715089,0.04757638222780464,0.234355992865684,0.03655385753958688
36,NEUTRAL,0,0,60,60,30,5.0,1.0,592.0,0.020641562064156207,4.933333333333334,6.034254073389868,1.0,56.0,4.0,7.434091856187298,0.6973159230465179,0.223499552105106,10.644909344490934,30.0,0.04052482917853332,0.1207826524796006,0.0985669650265321,0.01913122035799757,2837.0,0.09891910739191075,23.641666666666666,28.236736070036297,1.0,167.0,13.0,7.122205230800343,0.6978613260441809,0.34592150682875583,2.371548117154812,5.0,0.005762807214936185,0.018666566935083683,0.43767182120821857,0.08350046098136138,841.0,0.01875139353400223,5.6066666666666665,4.7664055872556865,1.0,34.0,4.0,7.850647010761135,0.7604046071926608,0.37572095578137876,4.013467112597548,8.0,0.010112305746971632,0.032335657291472884,0.25592558271427057,0.04299162394216125
36,NEUTRAL,1,30,90,60,30,5.0,1.0,592.0,0.020641562064156207,4.933333333333334,6.426161805895923,2.0,58.0,4.0,7.377752313979972,0.6708612215159173,0.21869851729818782,19.62294281729428,46.0,0.07824765889619446,0.1702331789105856,0.05210826874448612,0.007857490171533145,1242.0,0.043305439330543934,10.35,12.71590211768975,1.0,71.0,5.0,7.133295335568874,0.7486053362903882,0.3856396698478205,3.0288354253835426,6.0,0.008524518594048498,0.02215456437770658,0.3407987797119562,0.06312745401781943,767.0,0.017101449275362317,5.113333333333333,3.7851229247615663,1.0,26.0,4.0,7.915397085905214,0.7543173182052438,0.3953619909502262,4.495496098104794,9.0,0.011729852678204006,0.044828665531426275,0.22789003131704827,0.036483158835454194
36,NEUTRAL,2,60,120,60,30,5.0,1.0,628.0,0.02189679218967922,5.233333333333333,6.722763981842257,2.0,66.0,4.0,7.372750197542218,0.7053973203306368,0.21937639198218262,11.370153417015342,35.0,0.04357207318073675,0.11559646395082246,0.09728723352612842,0.024594723147350925,948.0,0.03305439330543933,7.9,7.808008709011537,1.0,48.0,5.0,7.3676270662263015,0.752397494111862,0.42022082701883523,3.437761506276151,7.0,0.010242695404521641,0.03871390493847679,0.2982996250680751,0.04928997557720405,771.0,0.017190635451505017,5.14,3.5289847454095535,2.0,23.0,4.0,7.957348623272981,0.7654772288603895,0.4132411067193676,4.90958751393534,11.0,0.01311942118770251,0.05429438860827929,0.20892033934218077,0.03379659680653238
36,AWE,0,0,60,60,30,5.0,1.0,559.0,0.019490934449093444,4.658333333333333,4.828726252566221,2.0,46.0,4.0,7.505694789518508,0.6278810982692524,0.2911418542225893,26.307705718270572,69.0,0.1063348979759268,0.18536099082016472,0.03908864549395383,0.006394356937373781,3477.0,0.12123430962343096,28.975,24.276519004997404,2.0,162.0,24.0,7.471918766665482,0.71995066420123,0.4795256888761898,2.614121338912134,8.0,0.00678202243240393,0.035893745571234884,0.4021129725785496,0.07231277814199286,812.0,0.01810479375696767,5.413333333333333,4.240576480726281,2.0,25.0,4.0,7.899021237462821,0.7571908883949939,0.38926922464575703,4.01092530657748,7.0,0.010103776196568728,0.033414437737835506,0.25472037784110885,0.03950842304746329
36,AWE,1,30,90,60,30,5.0,1.0,593.0,0.020676429567642957,4.941666666666666,7.172628334315268,2.0,66.0,4.0,7.325204307505125,0.6739221933397593,0.1825872400422982,17.23636680613668,50.0,0.06822002859721296,0.15202446439954545,0.060696156175017696,0.01107755873059844,1879.0,0.0655160390516039,15.658333333333333,18.084291449272275,2.0,109.0,9.0,7.15765596892229,0.7388765747640854,0.4189525064382823,2.747907949790795,5.0,0.007344151049541155,0.03192077106793496,0.37579872466164,0.0680661985529862,796.0,0.017748049052396877,5.306666666666667,4.101945337953147,1.0,27.0,4.0,7.9113956560247924,0.7565428704937993,0.3870967741935484,4.3017837235228535,9.0,0.011079811152761248,0.042782864025098115,0.23866464503019813,0.03975275908585131
36,DISGUST,0,0,60,60,30,7.0,4.0,605.0,0.02109483960948396,5.041666666666667,6.599110840779149,2.0,77.0,4.0,7.383498967324629,0.7282882837447339,0.20179898318341807,4.695781032078103,11.0,0.015528491731420594,0.07518207528154748,0.2268731032464906,0.049496018109331345,7033.0,0.2452231520223152,58.608333333333334,53.845426273320136,2.0,232.0,42.0,7.396733308613248,0.7548627084257523,0.4472996856903459,1.8516039051603905,4.0,0.003578167668741136,0.011859850598913672,0.5595192856834229,0.10551410584530864,846.0,0.0188628762541806,5.64,4.489662199616655,2.0,31.0,4.0,7.896657459095678,0.7670801864024989,0.39243056554899985,3.93901895206243,7.0,0.009862479704907494,0.03249517550537319,0.2593143702503193,0.040019204798652404
37,BASELINE,0,0,60,60,30,5.0,6.0,824.0,0.028730822873082287,6.866666666666666,8.395865384554208,1.0,57.0,4.0,7.293320898644436,0.723522151129177,0.26653125705258407,3.5250697350069733,12.0,0.01060953670170997,0.04423734348288749,0.2941379527133797,0.051265526817768026,1819.0,0.06342398884239889,15.158333333333333,11.163926902702691,2.0,53.0,12.0,7.5502145070522495,0.6651330299432168,0.4439204126750184,3.736750348675035,9.0,0.011498951044853097,0.048172090023577765,0.27395119162573794,0.0399901423582224,944.0,0.0210479375696767,6.293333333333333,6.046538036118042,1.0,67.0,5.0,7.803399141417666,0.7327855426528987,0.34576853353687625,3.535161649944259,7.0,0.008507253858873349,0.03464281453325644,0.28988573791411976,0.046694876947336685
37,BASELINE,1,30,90,60,30,5.0,6.0,775.0,0.02702231520223152,6.458333333333333,7.8717806470680785,2.0,49.0,4.0,7.286379913623904,0.716003522112945,0.30473169895422597,3.8689679218967923,9.0,0.012054487066793242,0.054487616123351644,0.26564879619786,0.042920382703943084,2217.0,0.07730125523012553,18.475,16.81540092692807,1.0,95.0,14.0,7.408486644910721,0.6384380431167304,0.3649223232837505,2.8506276150627614,6.0,0.007775746281776308,0.036510458141080365,0.36037565550046097,0.057869595383123355,858.0,0.019130434782608695,5.72,5.609658337783745,1.0,71.0,4.0,7.8172062050210585,0.729513357307318,0.3307867730900798,3.7304347826086954,8.0,0.009162532827545951,0.045284122956350835,0.2760376754741719,0.04813305511962197
37,BASELINE,2,60,120,60,30,5.0,6.0,604.0,0.02105997210599721,5.033333333333333,5.13879579495257,2.0,34.0,4.0,7.472908874348408,0.7183278705986778,0.28206958073148974,4.249965132496513,11.0,0.013655315682758462,0.061634145894538785,0.24322966145820005,0.04188219870436166,1687.0,0.05882147838214784,14.058333333333334,15.879124573546937,2.0,96.0,8.0,7.230667360454794,0.7093308968024156,0.3612943944001377,2.9320781032078105,6.0,0.008117975223562227,0.02095943833018897,0.3541952202925838,0.06865859377917405,910.0,0.020289855072463767,6.066666666666666,6.002962231728229,1.0,40.0,3.0,7.73464983078262,0.723070701507934,0.36751198083067094,3.718706800445931,7.0,0.009123177182704466,0.02619882656682933,0.2757604386939237,0.04617760570924292
37,BASELINE,3,90,150,60,30,5.0,6.0,677.0,0.023605299860529987,5.641666666666667,8.031496159219373,2.0,71.0,4.0,7.294180679442586,0.7290014452460964,0.20453918956170172,10.338284518828452,20.0,0.03923648957490946,0.13030757369120516,0.09713542260643916,0.006497863757890183,1426.0,0.049721059972106,11.883333333333333,11.155852973016252,2.0,51.0,6.0,7.343568168021983,0.7084686708745304,0.4195507979247389,3.5374825662482565,7.0,0.010661691454824613,0.04025304871144395,0.28943621215349963,0.045386338789801646,857.0,0.019108138238573023,5.713333333333333,5.100766826882231,2.0,45.0,4.0,7.813890875425313,0.7171788547421534,0.36376227650465875,4.014448160535117,8.0,0.010115597854144684,0.04271520570075788,0.255516274748891,0.04220895636469309
37,BASELINE,4,120,180,60,30,5.0,6.0,810.0,0.028242677824267783,6.75,10.706890304845754,1.0,94.0,5.0,7.198037366853406,0.7919169073135521,0.17627891821440209,2.93068340306834,6.0,0.008112115138942605,0.04139281117894339,0.3513087257660384,0.059194720986385264,2243.0,0.07820781032078103,18.691666666666666,18.68613382222824,1.0,85.0,12.0,7.2692493314823,0.6633848046375029,0.3545591606094407,2.883926080892608,8.0,0.007915655802069783,0.017355432636736667,0.362640510664345,0.07252688186893204,857.0,0.019108138238573023,5.713333333333333,5.097498297095242,2.0,40.0,4.0,7.819757752704914,0.7280299322555318,0.3605896434421066,3.826510590858417,7.0,0.009484934868652413,0.03473514706593413,0.26769527927361736,0.043153271234557665
37,BASELINE,5,150,210,60,30,5.0,6.0,718.0,0.02503486750348675,5.983333333333333,6.852594804565316,2.0,49.0,4.0,7.400273873632537,0.7422844169216627,0.2679908824487138,3.7404114365411436,8.0,0.011514333766979594,0.0482417949806296,0.27704005787264663,0.05111062245662967,1266.0,0.04414225941422594,10.55,9.419704524736078,1.0,43.0,7.0,7.410259343977495,0.7111262351435333,0.4566364675872988,4.097629009762901,9.0,0.013015247940180252,0.051841973754249114,0.25260231191397314,0.04548141763933314,906.0,0.02020066889632107,6.04,6.235789177535324,1.0,68.0,4.0,7.744494855550055,0.7181262340366211,0.3427252620444273,3.6567447045707917,7.0,0.008915250686479163,0.03947745260621483,0.28111114495379214,0.048474262670142466
37,BASELINE,6,180,240,60,30,5.0,6.0,605.0,0.02109483960948396,5.041666666666667,4.485896107678919,1.0,32.0,4.0,7.541872911171019,0.6902146219582159,0.3271604938271605,5.971269177126918,23.0,0.020887685618180333,0.06055177631009165,0.18888010619427895,0.04500945912687357,776.0,0.02705718270571827,6.466666666666667,5.498383600861459,1.0,31.0,4.0,7.5002607322255015,0.7374373752581131,0.40749682337992377,4.022245467224547,9.0,0.01269851036648969,0.044553489594260816,0.25568757078494303,0.043622081861032176,828.0,0.018461538461538463,5.52,4.766158481069075,2.0,31.0,3.0,7.821649007186415,0.7245471235717627,0.38223776223776224,3.9714827201783724,8.0,0.0099714185240885,0.03166463489649572,0.25783470046504464,0.041803637757734165
37,BASELINE,7,210,270,60,30,5.0,6.0,569.0,0.01983960948396095,4.741666666666666,4.588928403112091,1.0,45.0,3.0,7.531342073089151,0.7098846027839836,0.27963917525773196,4.611262203626221,10.0,0.015173370603471518,0.07758138695883364,0.22149128697605072,0.03249833373707235,812.0,0.028312412831241283,6.766666666666667,6.678614294064967,2.0,38.0,4.0,7.40981761608607,0.7455165103177215,0.3877428998505232,3.557705718270572,7.0,0.010746662681809124,0.02739726169300645,0.2894204117950841,0.05207550832942927,884.0,0.01971014492753623,5.8933333333333335,5.538527682416048,1.0,57.0,4.0,7.796274674004186,0.7240523826416161,0.3629438781225496,3.8352285395763657,7.0,0.009514189730122042,0.041283744155672146,0.26778820291666944,0.045205512283785936
37,BASELINE,8,240,300,60,30,5.0,6.0,630.0,0.021966527196652718,5.25,6.457876327916683,1.0,55.0,4.0,7.381154900457436,0.7093732227242787,0.23197084092684198,4.43336820083682,18.0,0.01442591681023874,0.0536920509497296,0.2465301928490871,0.05452614966632906,1385.0,0.048291492329149234,11.541666666666666,14.844132305018332,1.0,93.0,6.0,7.150548352190736,0.7246890687700746,0.30137420203693777,3.09731520223152,7.0,0.008812248748871935,0.029765435421761976,0.3354974148023222,0.06536085334988566,871.0,0.019420289855072465,5.806666666666667,5.416267677613022,2.0,45.0,3.0,7.801366806599578,0.7331224965468806,0.3608943752183533,3.788428093645485,8.0,0.009357141253843916,0.03175659740643041,0.270880252886097,0.04508320862447386
37,ANGER,0,0,60,60,30,2.0,8.0,599.0,0.02088563458856346,4.991666666666666,6.672075930489867,1.0,65.0,4.0,7.397252697243257,0.7043030388408056,0.1986292512608302,7.975767085076709,26.0,0.029309945735616436,0.09637476675259397,0.14063636544150998,0.0368833092088597,656.0,0.02287308228730823,5.466666666666667,6.519756300830747,2.0,87.0,4.0,7.438087862954688,0.7453564502564106,0.24318266716473663,3.231380753138075,6.0,0.00937554938293309,0.051548644277540516,0.318509960782486,0.05536912180094088,1185.0,0.026421404682274247,7.9,11.191216794135181,1.0,94.0,4.0,7.465226648568864,0.7206899387097778,0.2797166487408671,3.1822965440356743,6.0,0.007323142765220384,0.023808437811541745,0.32406122137155774,0.058999370951178506
37,ANGER,1,30,90,60,30,2.0,8.0,779.0,0.02716178521617852,6.491666666666666,9.245715974919891,2.0,92.0,4.0,7.2557551083876355,0.745719820740732,0.2158778205833792,5.5394700139470014,13.0,0.01907340341994538,0.08235886451327551,0.1933693930313542,0.04475417413974792,835.0,0.02911436541143654,6.958333333333333,7.996765839318348,2.0,72.0,4.0,7.335438160978652,0.748094224109156,0.32824729227606925,3.349721059972106,8.0,0.00987277756290802,0.04611194158629143,0.30835398346759163,0.05516416528129415,903.0,0.020133779264214047,6.02,6.519171726530909,1.0,79.0,4.0,7.754718945146984,0.7175029953239666,0.3234323432343234,3.7656633221850613,8.0,0.009280749403305583,0.04417130095943942,0.2745279760069772,0.050440446656179555
37,ANGER,2,60,120,60,30,2.0,8.0,821.0,0.028626220362622037,6.841666666666667,8.600868011750649,2.0,65.0,5.0,7.316954092286799,0.7414844735840714,0.23235573758502157,5.420083682008368,12.0,0.018571780176505744,0.07326384678293629,0.19709152967663288,0.044321011221561596,819.0,0.028556485355648534,6.825,7.03522387703476,1.0,59.0,4.0,7.38181948041793,0.7301988793233243,0.373109243697479,3.508716875871688,7.0,0.010540827209544908,0.03797684798185728,0.29345973905638967,0.0513986581922562,956.0,0.021315496098104795,6.373333333333333,6.58437206995136,1.0,69.0,4.0,7.751096670407662,0.7221062034158162,0.3597938144329897,3.5145596432552955,6.0,0.008438119608239252,0.04021103761307767,0.29184827648389816,0.048319713834319995
37,ENTHUSIASM,0,0,60,60,30,7.0,7.0,782.0,0.027266387726638773,6.516666666666667,10.5138665051868,2.0,130.0,4.0,7.214901114244559,0.7630575485617528,0.17902042209454463,3.226534170153417,11.0,0.009355185588879907,0.04465927745530211,0.3310120722962789,0.0671238118209358,687.0,0.023953974895397488,5.725,4.711621270857835,1.0,34.0,4.0,7.534948368315024,0.7346035094190346,0.3786802030456853,3.9193514644351466,7.0,0.01226618262367708,0.04852113852571835,0.26100775456396375,0.04099966791586564,882.0,0.019665551839464883,5.88,7.071463780576127,2.0,98.0,3.0,7.704366649487687,0.7263494965320996,0.27573062261753495,3.3463991081382387,7.0,0.007873822510531002,0.0417535703847248,0.30776950709831463,0.05417050695891544
37,ENTHUSIASM,1,30,90,60,30,7.0,7.0,582.0,0.020292887029288702,4.85,5.808972944218854,1.0,61.0,3.0,7.4248994818095575,0.7077990060809806,0.22416534181240064,3.940411436541144,8.0,0.012354669901433383,0.06850393512431288,0.25818977963250317,0.03472253851299925,720.0,0.02510460251046025,6.0,5.7176626926277025,1.0,44.0,4.0,7.4511908611390165,0.7434682556705091,0.3784394523461385,3.61942119944212,8.0,0.011005971426227397,0.04092042325231899,0.2836172508530072,0.04798276337466404,768.0,0.017123745819397993,5.12,4.147159670585801,1.0,26.0,3.0,7.8624444690322575,0.7028701978963589,0.373433147632312,4.245930880713489,8.0,0.010892385505749967,0.04054408121386019,0.2406934220526732,0.03708557888592089
37,ENTHUSIASM,2,60,120,60,30,7.0,7.0,602.0,0.02099023709902371,5.016666666666667,7.524386279882824,1.0,73.0,3.0,7.302140277169567,0.711584904014902,0.17162396873643074,3.873744769874477,10.0,0.01207455785661545,0.05887706463769881,0.2708567053080371,0.05496521963140606,692.0,0.02412831241283124,5.766666666666667,4.972814986392405,2.0,37.0,4.0,7.528494336766079,0.7512287227560566,0.36865624002553465,3.8040794979079497,8.0,0.011781846629865337,0.04457755762351217,0.2696923433143105,0.044112484629667464,761.0,0.01696767001114827,5.073333333333333,4.018451885434931,1.0,23.0,3.0,7.873101519377363,0.703012863849282,0.37486417964505614,4.405953177257525,8.0,0.011429373078045387,0.040883294618636795,0.23227196660669325,0.036837769528226434
37,LIKING,0,0,60,60,30,9.0,8.0,882.0,0.030753138075313807,7.35,13.515207483917267,2.0,137.0,4.0,7.078484570719229,0.781349024186189,0.14640261627906978,2.9921199442119946,10.0,0.00837025186643695,0.0396829339171016,0.35552192240338515,0.06954652761814478,801.0,0.02792887029288703,6.675,6.548743518161836,2.0,39.0,4.0,7.415363935289573,0.7512814261334531,0.38103590590177466,3.7305090655509066,8.0,0.011472727166180282,0.03390615036428491,0.27628252987267043,0.04872129123252123,1158.0,0.02581939799331104,7.72,10.659030600074912,2.0,107.0,3.0,7.490552081486558,0.729714765328534,0.2917338059941992,3.1769453734671127,6.0,0.007305185817003733,0.027214109430636287,0.3246477085683378,0.058821706545480565
37,LIKING,1,30,90,60,30,9.0,8.0,574.0,0.0200139470013947,4.783333333333333,5.031042525052724,2.0,41.0,3.0,7.488679133793066,0.7001228946145756,0.26031867920906127,5.663249651324965,17.0,0.019593485929936826,0.07402828394391901,0.19549727538197148,0.045911012547449094,717.0,0.025,5.975,5.739428688176782,1.0,56.0,4.0,7.482575136530868,0.7468588477455843,0.34388297872340423,3.4311018131101814,7.0,0.010214713500462946,0.038347585764075716,0.2991995231252284,0.0497240921027944,762.0,0.016989966555183946,5.08,4.066152973020076,1.0,35.0,3.0,7.881274507460853,0.7080830491890864,0.3762748255501879,4.356633221850613,8.0,0.011263869871981925,0.045321396469037004,0.23550976139229102,0.039222962240899314
37,AMUSEMENT,0,0,60,60,30,6.0,7.0,753.0,0.026255230125523013,6.275,11.232736754682715,1.0,99.0,4.0,7.149343001459794,0.7730693995172502,0.1384398053680741,3.139783821478382,10.0,0.008990688325539417,0.03893618046274866,0.3316347024099143,0.062188657293262235,652.0,0.022733612273361226,5.433333333333334,4.3324999198563825,1.0,31.0,4.0,7.561851668496313,0.7365187542882504,0.3768228660314991,3.932531380753138,8.0,0.012321560423332514,0.042262576007970044,0.26062648340190214,0.04273376804639394,946.0,0.02109253065774805,6.306666666666667,7.4899458535351835,2.0,86.0,4.0,7.65410689449893,0.724413765704157,0.3119464086341645,3.4470680044593087,7.0,0.008211637598856745,0.03430906035585075,0.29924841149662007,0.05398137261463257
37,AMUSEMENT,1,30,90,60,30,6.0,7.0,676.0,0.023570432357043234,5.633333333333334,6.972485608128249,2.0,57.0,4.0,7.38518000481901,0.7625596532379479,0.2302029890698193,4.363458856345885,9.0,0.01413218006868019,0.07351147778154726,0.23570212609179114,0.03928942594523119,609.0,0.021234309623430963,5.075,3.8354975774554556,1.0,24.0,3.0,7.57927575521307,0.7244702735217526,0.3821521073699082,4.543305439330544,10.0,0.014887837980380448,0.05367790436462968,0.22581029223824126,0.036618627223016384,723.0,0.01612040133779264,4.82,3.6075291636612814,1.0,28.0,3.0,7.919059599079007,0.7013810441650999,0.37420449724225713,4.691371237458194,10.0,0.012387151803550997,0.049692935116037396,0.21868238807463777,0.036016074663428974
37,AMUSEMENT,2,60,120,60,30,6.0,7.0,705.0,0.024581589958158997,5.875,6.738029509186396,2.0,61.0,4.0,7.421032618288788,0.7716698810054254,0.2539110861001688,4.290516039051604,8.0,0.013825697643073972,0.06854058356955992,0.24197583534868583,0.04632766212019705,630.0,0.021966527196652718,5.25,4.466075831569962,1.0,25.0,3.0,7.521522911690883,0.7299303484476118,0.3656083612699665,4.01963040446304,8.0,0.012687522707827907,0.03441467668129244,0.2558010902411967,0.044414215980513976,811.0,0.018082497212931994,5.406666666666666,5.293513850826206,1.0,60.0,4.0,7.807034647543677,0.7047788493842723,0.32557541468432555,3.8250390189520624,8.0,0.009479996707892834,0.0409730763945045,0.26907392921469747,0.047176937011645964
37,SADNESS,0,0,60,60,30,2.0,7.0,584.0,0.020362622036262202,4.866666666666666,5.625734519943942,2.0,46.0,4.0,7.442762347165678,0.6771898164424773,0.24966974900924702,8.479776847977686,32.0,0.03142763381503228,0.08952610154696804,0.1391618077619224,0.037872876518234,733.0,0.025557880055788004,6.108333333333333,6.906272310170097,2.0,75.0,4.0,7.411793544947706,0.7436093813561254,0.28422053231939165,3.1974198047419806,6.0,0.00923285632244531,0.04629297291395609,0.3208469310778496,0.05254098244054288,910.0,0.020289855072463767,6.066666666666666,6.829511126151141,1.0,68.0,3.0,7.681044261329153,0.7159889559743855,0.3202377875420005,3.5786845039018953,6.0,0.008653303704368778,0.0289023831928063,0.287351048647915,0.050420095124104336
37,SADNESS,1,30,90,60,30,2.0,7.0,537.0,0.018723849372384936,4.475,5.2176982473117395,2.0,53.0,3.0,7.466369803551762,0.6776070842842413,0.22209234365867914,6.994490934449093,21.0,0.02518693669936594,0.09288940474218998,0.15846507429053916,0.040548821467125656,735.0,0.025627615062761507,6.125,6.940896315798606,1.0,66.0,4.0,7.401701500939885,0.7416485789335188,0.2934645999162128,3.242468619246862,7.0,0.009422137055659086,0.04513446611007524,0.31696247231452185,0.05355503906720448,767.0,0.017101449275362317,5.113333333333333,3.939605169162119,2.0,26.0,4.0,7.898189531002967,0.7142320930015976,0.37971913186211925,4.382697881828316,9.0,0.011351335173920524,0.039519759061990206,0.23373954530393623,0.0378106734988324
37,SADNESS,2,60,120,60,30,2.0,7.0,595.0,0.020746164574616456,4.958333333333333,6.1764280849766955,1.0,54.0,4.0,7.420371389871283,0.7186978512428788,0.21159671138035482,4.93744769874477,14.0,0.01654389789388559,0.07957926002832189,0.2088026616265277,0.03254348070179261,663.0,0.02311715481171548,5.525,5.870778625247819,1.0,67.0,4.0,7.481206545652277,0.7443135734521031,0.28419282511210764,3.3982914923291494,7.0,0.010076855009786353,0.050071148451651615,0.30234504283364055,0.051244231819870326,737.0,0.016432552954292086,4.913333333333333,3.6312287482644523,1.0,25.0,4.0,7.9297659437527965,0.7053537253583626,0.37638831756478813,4.634448160535117,10.0,0.012196134766896358,0.0468382216613444,0.22153930356629842,0.036768845674689896
37,NEUTRAL,0,0,60,60,30,5.0,5.0,609.0,0.021234309623430963,5.075,5.308267922150627,2.0,41.0,4.0,7.486830000730407,0.7214802716140056,0.2701688555347092,5.474337517433752,16.0,0.01879973746820903,0.07722588732487534,0.19720426781926953,0.04467998150404309,730.0,0.025453277545327755,6.083333333333333,7.188049495903292,2.0,83.0,4.0,7.400064965050427,0.7469347537427459,0.2657653112703057,3.119735006973501,6.0,0.008906449609132358,0.04407945165420352,0.3289414949433971,0.05441340890071064,1047.0,0.023344481605351172,6.98,9.337715637849191,2.0,93.0,3.0,7.5297902603553295,0.7242445156229493,0.306670113753878,3.3003344481605352,6.0,0.007719243114632669,0.029611923098089132,0.31240147397657997,0.05694925993658077
37,NEUTRAL,1,30,90,60,30,5.0,5.0,586.0,0.020432357043235705,4.883333333333334,4.556466711048034,2.0,37.0,4.0,7.5423018508589195,0.6973402475228723,0.3039647577092511,12.463981868898188,28.0,0.048167991045790705,0.13691154560381508,0.08167809452644728,0.01117504325354706,717.0,0.025,5.975,6.590349636653076,2.0,68.0,4.0,7.447010423450147,0.7521651080060959,0.2894407107871056,4.20676429567643,9.0,0.013473799561665676,0.061684953133232696,0.24569637798385516,0.04352825247885278,819.0,0.018260869565217393,5.46,4.94588044066305,1.0,43.0,3.0,7.806106584188597,0.7089881903003298,0.34703632887189295,3.951705685618729,8.0,0.009905052636304458,0.032080685405377,0.25975749071702703,0.043756358848034686
37,NEUTRAL,2,60,120,60,30,5.0,5.0,612.0,0.021338912133891212,5.1,6.972445768881965,2.0,70.0,4.0,7.390775263006519,0.7265330737513929,0.19021934555915138,6.659379358437936,19.0,0.023778904867386288,0.08706123631459803,0.16092960072926007,0.037219034290731826,699.0,0.024372384937238492,5.825,6.173414101343491,2.0,73.0,4.0,7.458123731084768,0.7492925887842453,0.2926000503397936,3.4888772663877266,7.0,0.010457467505830787,0.04908014723494235,0.2952873091010172,0.05204510155553574,808.0,0.01801560758082497,5.386666666666667,4.747331414126841,1.0,47.0,3.0,7.829078510737855,0.7132645517048205,0.3651985559566787,3.9542697881828315,8.0,0.009913657007324944,0.04248261544233855,0.2594147384835806,0.0433168631886631
37,AWE,0,0,60,60,30,6.0,6.0,706.0,0.024616457461645747,5.883333333333334,8.514383255540134,2.0,111.0,4.0,7.347104489347643,0.7707413072974857,0.18004445542109163,3.121373779637378,7.0,0.008913335208560413,0.05369786702225987,0.33219957060190297,0.06121204094328712,665.0,0.023186889818688983,5.541666666666667,6.575707608733493,1.0,91.0,4.0,7.460045076442885,0.7455592554518639,0.2452186624436594,3.319595536959554,8.0,0.009746199735124179,0.053377929321759256,0.31186616852248844,0.057237981775474574,943.0,0.021025641025641025,6.286666666666667,7.704835422569964,2.0,72.0,3.5,7.621992564924564,0.7262375127183973,0.3127429805615551,3.470390189520624,7.0,0.008289899964834308,0.027722749768718143,0.29669302707802436,0.05294431880303738
37,AWE,1,30,90,60,30,6.0,6.0,919.0,0.03204323570432357,7.658333333333333,9.831069654699611,2.0,66.0,5.0,7.276716995101542,0.7588814397268036,0.24755884179037083,4.330543933054393,9.0,0.013993882071657108,0.06655313693011916,0.23485773488438996,0.031192574971675904,680.0,0.023709902370990237,5.666666666666667,6.449590856963115,1.0,82.0,4.0,7.444449216277022,0.7378358287434795,0.2616044090630741,3.3503486750348674,7.0,0.009875414600986834,0.048048086349207764,0.307048697344339,0.0523837966371695,871.0,0.019420289855072465,5.806666666666667,5.988540909288524,1.0,75.0,4.0,7.7904593732746115,0.722308003907876,0.31674681162450347,3.584057971014493,6.0,0.008671335473202998,0.04303432860060557,0.2867366939964622,0.049080979393427544
37,DISGUST,0,0,60,60,30,1.0,8.0,686.0,0.02391910739191074,5.716666666666667,7.15854190615814,2.0,57.0,4.0,7.356753942188606,0.7449058950022085,0.23750665956313266,8.963981868898188,20.0,0.03346210869284952,0.11602219006500482,0.11404981489055252,0.01747961157615369,719.0,0.0250697350069735,5.991666666666666,6.979727589399333,1.0,75.0,4.0,7.368811865160232,0.7287393271698481,0.2861685214626391,3.300523012552301,6.0,0.009666063077950846,0.037526650431174174,0.3118025957569286,0.05469812091243816,922.0,0.02055741360089186,6.1466666666666665,6.486279536238183,1.0,58.0,4.0,7.722789101889425,0.7171888072063968,0.3448806078147612,3.654581939799331,8.0,0.00890799308657493,0.035912325790615526,0.28166849850709413,0.04927113306150181
38,BASELINE,0,0,60,60,30,5.0,1.0,569.0,0.01983960948396095,4.741666666666666,4.509242052594748,1.0,33.0,3.0,7.518999811839114,0.6940102101801084,0.30334865397242283,5.532880055788006,16.0,0.019045714520117673,0.07924857901931315,0.18828936152003994,0.031833339647929906,1121.0,0.03908647140864714,9.341666666666667,9.128249041056863,1.0,74.0,6.0,7.3814158014766535,0.7376252830458273,0.40232558139534885,3.438528591352859,7.0,0.010245918451062432,0.03172322517243688,0.30185603059353155,0.05762368355091353,772.0,0.017212931995540692,5.1466666666666665,4.774776318204748,1.0,57.0,3.0,7.837062896797548,0.708945190027065,0.3352967829632986,3.980133779264214,9.0,0.010000448923705418,0.04488492348547485,0.259154317019932,0.046641909593933585
38,BASELINE,1,30,90,60,30,5.0,1.0,817.0,0.028486750348675035,6.808333333333334,9.564078482646524,2.0,66.0,4.0,7.166204737304228,0.7248105959536113,0.2585548912352118,3.028451882845188,7.0,0.008522907070778102,0.028688013576268826,0.33973842481176086,0.056861270587117714,1185.0,0.04131799163179916,9.875,9.977109217269968,1.0,68.0,5.0,7.320398097954174,0.7447581944563576,0.4128305582761998,3.155613668061367,6.0,0.00905720028597213,0.03147808237380623,0.3251915949763505,0.05405975516821049,758.0,0.016900780379041247,5.053333333333334,3.7278888872330342,2.0,23.0,3.0,7.908793937596798,0.7042901724365582,0.3961605584642234,4.742586399108138,9.0,0.012559014762107837,0.04764750397770697,0.2158125700060371,0.03419661339342309
38,BASELINE,2,60,120,60,30,5.0,1.0,1177.0,0.04103905160390516,9.808333333333334,15.429298878720603,2.0,93.0,4.0,7.0102124018752345,0.7357935987807006,0.2195967638371645,2.7348675034867505,5.0,0.007289359258347687,0.023381714040823395,0.3760438130878111,0.06464825425632609,1110.0,0.038702928870292884,9.25,9.394812398339841,2.0,46.0,5.0,7.294891649301249,0.7490767282538868,0.437794318699681,3.573744769874477,8.0,0.010814053654934779,0.03360579653977563,0.28853895767171006,0.052223760887113176,798.0,0.017792642140468228,5.32,4.7990554626231745,1.0,46.0,3.0,7.821315662900736,0.7004944338713689,0.3564184294407418,4.031705685618729,8.0,0.010173509012143395,0.043461793453499445,0.2549061525777836,0.04361526121325762
38,BASELINE,3,90,150,60,30,5.0,1.0,865.0,0.03016039051603905,7.208333333333333,9.630590007309463,2.0,68.0,4.0,7.1644363924293,0.7122216711392638,0.30836363636363634,3.049302649930265,5.0,0.008610515335841454,0.026294277308731257,0.3364298869736114,0.05666986476806658,1388.0,0.04839609483960949,11.566666666666666,12.241482299496614,1.0,74.0,7.0,7.282194670414391,0.7085426954333,0.38243131489479004,3.2664225941422593,9.0,0.009522784009001086,0.03156669998767297,0.31773053699886555,0.06039845082024507,811.0,0.018082497212931994,5.406666666666666,5.051200077429345,1.0,41.0,3.0,7.786004904071417,0.6948876199303898,0.3571139035265505,3.917547380156076,8.0,0.009790427450188174,0.032443326173021494,0.26193801690133456,0.0440034347021567
38,BASELINE,4,120,180,60,30,5.0,1.0,648.0,0.022594142259414227,5.4,5.333697904206174,1.0,38.0,4.0,7.453488340898016,0.7034641954965658,0.31556264964086195,3.8246513249651324,9.0,0.011868282878004741,0.047360675979496496,0.2676981730276411,0.04210324376229902,1060.0,0.03695955369595537,8.833333333333334,7.267889805316411,2.0,45.0,7.0,7.481772428522027,0.7263905075204714,0.4503483130719847,3.707217573221757,7.0,0.01137486375303259,0.04473213755963353,0.276826719961941,0.04541682898280404,781.0,0.017413600891861763,5.206666666666667,4.073977035881387,2.0,26.0,3.0,7.869354916878089,0.7051060190297033,0.40103896103896103,4.4854403567447045,9.0,0.011696108579680203,0.04611812238129602,0.22804651265347872,0.03586247260658147
38,BASELINE,5,150,210,60,30,5.0,1.0,682.0,0.02377963737796374,5.683333333333334,5.689878928608431,1.0,35.0,4.0,7.430526365833178,0.6923920051838199,0.30470405424494984,3.645641562064156,8.0,0.011116141017076288,0.03608713680570208,0.28110323663377035,0.04531370822762095,810.0,0.028242677824267783,6.75,6.646114152896663,1.0,38.0,4.0,7.379563775082472,0.7296105376489375,0.42719421570596505,3.703905160390516,7.0,0.01136094605206099,0.03206372284363685,0.27824959294266044,0.050229979687916516,791.0,0.017636566332218506,5.273333333333333,4.316474899215279,1.0,37.0,3.0,7.858181034430879,0.6930181137526339,0.3838056680161943,4.327714604236343,8.0,0.01116682753099444,0.042214541740941476,0.23745872414572952,0.04068281084763319
38,BASELINE,6,180,240,60,30,5.0,1.0,659.0,0.02297768479776848,5.491666666666666,5.032388156288777,2.0,31.0,3.0,7.481505774235011,0.6799467148667538,0.32655442573762294,4.0343444909344495,8.0,0.012749346600564914,0.04213039824670502,0.25459265556202815,0.042955093196550595,825.0,0.028765690376569036,6.875,7.225028835005897,2.0,42.0,4.0,7.340219072825645,0.7480422774901373,0.38421384213842136,4.076708507670851,8.0,0.012927346670885926,0.059261662513220834,0.25054691979436927,0.03778762118927718,757.0,0.016878483835005575,5.046666666666667,3.903565321884882,1.0,28.0,3.0,7.885762715161827,0.6921918464805462,0.3869882220975883,4.524682274247492,8.0,0.01182779286660232,0.04067056336638764,0.22687691021505255,0.03854571580327359
38,BASELINE,7,210,270,60,30,5.0,1.0,650.0,0.022663877266387727,5.416666666666667,5.056486483276263,2.0,33.0,3.0,7.469598362598424,0.6865132981789693,0.3283381040579222,3.9943165969316596,8.0,0.012581162171981776,0.044798680467404504,0.2570659358366621,0.04278390659939123,644.0,0.022454672245467225,5.366666666666666,4.517435358942308,1.0,43.0,3.5,7.539487028705619,0.7431532818466723,0.37635430526515873,4.000034867503487,8.0,0.012605188518922221,0.050500277172236055,0.2568220162624221,0.0424870404024009,757.0,0.016878483835005575,5.046666666666667,3.916353178943674,1.0,27.0,3.0,7.884645333185137,0.6953894234262835,0.39149888143176736,4.5836566332218505,11.0,0.012025693400073333,0.0435405088850096,0.22478151855540854,0.03937509625015077
38,BASELINE,8,240,300,60,30,5.0,1.0,619.0,0.021582984658298467,5.158333333333333,4.655634280692111,2.0,28.0,3.0,7.498818300543218,0.689241405178779,0.32115942028985506,4.1637029288702925,7.0,0.013292869449034843,0.0556780030915678,0.24475455930609502,0.03512068524894934,1062.0,0.03702928870292887,8.85,11.506266408643016,1.0,77.0,4.0,7.153055568567442,0.7238286997128706,0.2967305151915456,3.4032775453277546,8.0,0.010097804812301492,0.02859935795626477,0.3058270790214158,0.06133255683151493,803.0,0.0179041248606466,5.3533333333333335,4.36903752431687,1.0,26.0,3.0,7.848339796800168,0.7011456905201757,0.3977040415159616,4.251705685618729,9.0,0.010911764045700436,0.036833362985065336,0.24134507633832045,0.040164190171221394
38,ANGER,0,0,60,60,30,3.0,6.0,601.0,0.020955369595536958,5.008333333333334,6.705713774254179,2.0,59.0,4.0,7.354402799112392,0.6845520486791501,0.20371556694426649,6.327859135285913,27.0,0.022385962753302163,0.07126734799370792,0.18195601217784804,0.04737371300988318,783.0,0.027301255230125523,6.525,7.007689229220524,2.0,85.0,4.0,7.421500492817893,0.7517145842561864,0.33672570701634214,3.5089609483960946,8.0,0.010541852724353337,0.05254765771082811,0.2959827860310681,0.05685228365149515,1126.0,0.025105908584169452,7.506666666666667,9.379940772141842,1.0,77.0,4.0,7.564915208109836,0.7036816750752298,0.30681153771194697,3.490189520624303,8.0,0.008356340673235919,0.02352950605479,0.2967395829510421,0.056660242714613195
38,ANGER,1,30,90,60,30,3.0,6.0,547.0,0.01907252440725244,4.558333333333334,4.691829482077209,1.0,42.0,4.0,7.507158979568436,0.6428495319999198,0.275283347863993,13.375348675034868,45.0,0.051997263340482644,0.12164854817412457,0.08700576578145966,0.024272838985501588,825.0,0.028765690376569036,6.875,8.005792174003354,1.0,80.0,5.0,7.367760569174518,0.7511478181467173,0.29526240229701706,3.3204672245467224,8.0,0.009749862288011436,0.04236979155054986,0.31137404296072496,0.05603791612595361,854.0,0.019041248606466,5.693333333333333,4.746151657454232,1.0,32.0,4.0,7.848871538913178,0.7120399860963758,0.43779612833355896,4.402430323299889,10.0,0.011417551420469423,0.03831566508249995,0.23342428977053498,0.039631147509779106
38,ANGER,2,60,120,60,30,3.0,6.0,578.0,0.0201534170153417,4.816666666666666,4.851946917360999,1.0,45.0,4.0,7.508306158340128,0.7099050460408082,0.2766845557543232,5.43197350069735,19.0,0.018621737397888024,0.07861592127221752,0.19770984623959836,0.04224654458362472,798.0,0.02782426778242678,6.65,5.523661225431311,2.0,34.0,5.0,7.505253466841305,0.7483334259439739,0.4164014687882497,4.1285216178521615,9.0,0.0131450488145049,0.051507384241277654,0.24960062964378368,0.042779657759181335,873.0,0.019464882943143812,5.82,4.829865422555788,1.0,31.0,4.0,7.845077194419154,0.7017103439832979,0.4542623588945115,4.6119509476031215,9.0,0.01212064076376888,0.05085796569723816,0.2220814478577711,0.03548734676661151
38,ENTHUSIASM,0,0,60,60,30,6.0,5.0,582.0,0.020292887029288702,4.85,6.67851031293656,1.0,92.0,4.0,7.415269081135486,0.6980963618520235,0.18688265507704466,5.0189330543933055,20.0,0.016886273337787003,0.07352552377519367,0.22207888547913607,0.05256630227083601,696.0,0.024267782426778243,5.8,5.89788097540125,1.0,35.0,4.0,7.3835445368430435,0.7248854194855185,0.38003992015968063,3.8054741980474196,9.0,0.011787706714484958,0.03147888742945956,0.2717278572372786,0.051200275572316954,1032.0,0.023010033444816055,6.88,8.736833904033352,1.0,84.0,4.0,7.583178157864489,0.7156683124767894,0.30551432811964835,3.410278706800446,6.0,0.008088183579867268,0.0271849587336778,0.3027222475492679,0.05540133626350796
38,ENTHUSIASM,1,30,90,60,30,6.0,5.0,537.0,0.018723849372384936,4.475,5.216100874535819,2.0,49.0,3.0,7.4591115332809,0.6516143553453954,0.23796530890664588,18.0528940027894,47.0,0.0716508151377706,0.1538282077450547,0.0589872953166445,0.01277526522163128,680.0,0.023709902370990237,5.666666666666667,6.586391694665262,1.0,89.0,4.0,7.4444593232950105,0.7381222573025668,0.2588614393125671,3.222350069735007,6.0,0.009337605335021041,0.053588912487850596,0.3196457583914051,0.05616704562017503,774.0,0.01725752508361204,5.16,4.0391088125971555,1.0,25.0,3.0,7.884914363883315,0.6905998517478393,0.39491794600317626,4.607580824972129,9.0,0.012105975922725273,0.04484748832272478,0.22258674906263773,0.036877300439289384
38,ENTHUSIASM,2,60,120,60,30,6.0,5.0,489.0,0.01705020920502092,4.075,4.437834494435321,1.0,46.0,3.0,7.5202198363797175,0.5547024523433957,0.27230411171450736,29.509100418410043,90.0,0.11978613621180689,0.1788523496547365,0.03621242403255958,0.008715949394201028,689.0,0.02402370990237099,5.741666666666666,6.1434190173080525,1.0,71.0,4.0,7.434583070062909,0.7351404475899936,0.3001539250897896,3.358193863319386,6.0,0.00990837757697221,0.04275135673506432,0.3062304819152448,0.05285709265314697,782.0,0.017435897435897435,5.213333333333333,4.187420314333025,1.0,31.0,3.0,7.877818667228919,0.6960732541988159,0.40151898734177216,4.561605351170568,10.0,0.011951695809297211,0.0429892574877074,0.2255268278457449,0.03870133059120313
38,LIKING,0,0,60,60,30,8.0,7.0,552.0,0.019246861924686193,4.6,6.105189049761961,2.0,74.0,3.0,7.447892977333446,0.7080981913909651,0.1825077399380805,4.412273361227336,8.0,0.014337283030366958,0.08097945740879058,0.23023024299326333,0.028905644155770512,1467.0,0.05115062761506276,12.225,11.944637918329713,2.0,75.0,8.0,7.340817432987367,0.7233623512792821,0.4197034655234012,3.2844839609483962,8.0,0.009598672104825196,0.033703721685508885,0.31540737850025563,0.05777722410859466,917.0,0.02044593088071349,6.113333333333333,5.855523508240365,2.0,35.0,3.0,7.740680769592725,0.7164687032439878,0.3679820992676973,3.84891861761427,8.0,0.009560129589309628,0.0288972857635714,0.26648014554846067,0.0444957915814619
38,LIKING,1,30,90,60,30,8.0,7.0,651.0,0.022698744769874477,5.425,8.529519818450119,2.0,84.0,4.0,7.3053970160587625,0.7512287272719558,0.159676169149944,3.741213389121339,8.0,0.01151770331563587,0.06033830143202911,0.2795307258414032,0.056158125798446604,1529.0,0.05331241283124128,12.741666666666667,11.316283130466863,1.0,72.0,10.0,7.4566318685333295,0.7034283466406502,0.3893157262905162,3.219386331938633,6.0,0.009325152655204335,0.032324534261082866,0.32074023278276975,0.05749461453636776,859.0,0.01915273132664437,5.726666666666667,5.151565026496533,1.0,36.0,3.0,7.789698844062601,0.7108501502700134,0.3880114413630146,4.1117725752508365,8.0,0.010442189849835014,0.03912662580365361,0.24954456046576703,0.041746998001866216
38,FEAR,0,0,60,60,30,4.0,4.0,580.0,0.020223152022315203,4.833333333333333,5.275467330536277,2.0,47.0,3.0,7.48264733268118,0.7149220398798141,0.24860686679849003,4.750174337517434,9.0,0.01575703503158585,0.08073913503159587,0.21294831412193407,0.023711666857821445,1620.0,0.056485355648535567,13.5,8.574672005388894,2.0,49.0,11.0,7.6396935556458985,0.7032812124255744,0.5208956764007843,4.111576011157601,10.0,0.013073848786376466,0.051166303946831686,0.25361250629865756,0.04852244498955624,892.0,0.01988851727982163,5.946666666666666,6.5414439452531346,2.0,55.0,3.0,7.66421488200109,0.7119772522766056,0.3309943680177269,3.6439241917502785,7.0,0.008872228831376772,0.02729234435026229,0.28208141728011527,0.049027946237255385
38,FEAR,1,30,90,60,30,4.0,4.0,586.0,0.020432357043235705,4.883333333333334,6.293095864163803,1.0,66.0,4.0,7.399054382562456,0.6621799287797051,0.21215139442231076,10.220467224546722,40.0,0.03874145892666691,0.10098118982341503,0.11262135186238838,0.03113606150466261,1990.0,0.0693863319386332,16.583333333333332,14.291071416175281,2.0,91.0,13.0,7.49564705039977,0.6668875193161815,0.3797078477638286,3.015097629009763,7.0,0.008466796760545228,0.030711258699760473,0.3425354586656018,0.059201983065912796,759.0,0.016923076923076923,5.06,4.049246843550045,1.0,26.0,3.0,7.863841775827287,0.7012579619325748,0.3838657282079047,4.524303232998885,9.0,0.011826520916103658,0.04336509045870786,0.2266927051604605,0.0373553716247802
38,FEAR,2,60,120,60,30,4.0,4.0,700.0,0.024407252440725245,5.833333333333333,8.522356220879033,1.0,71.0,4.0,7.290168669322899,0.7666397692677537,0.18373419290850485,4.112587168758717,8.0,0.0130780973477257,0.06550751064285076,0.25342343354995106,0.0494632659700961,2679.0,0.09341004184100418,22.325,18.28668117328383,1.0,116.0,17.0,7.495862711715102,0.633558917951013,0.4088918135269078,2.5426429567642956,7.0,0.006481693095648302,0.032958752160692946,0.40328276726494505,0.06219625062712276,741.0,0.01652173913043478,4.94,3.7977712762443536,1.0,27.0,3.0,7.899942568727284,0.6960610865761537,0.3854023214637025,4.533489409141583,9.0,0.011857347010542212,0.045809298657421095,0.2261974520038405,0.037042968271270356
38,AMUSEMENT,0,0,60,60,30,7.0,6.0,640.0,0.022315202231520222,5.333333333333333,6.466365972390434,2.0,53.0,4.0,7.384425068187062,0.7461474517268063,0.22949557181363112,4.256659693165969,8.0,0.013683444088932644,0.07302745881698801,0.2415455335936252,0.04033558177849645,1853.0,0.0646094839609484,15.441666666666666,16.631193499632616,1.0,106.0,10.0,7.299880488708219,0.7066953066493695,0.3557345876701361,2.7792189679218966,6.0,0.007475709949251669,0.03276359929879982,0.37108920834627346,0.0643285479672568,969.0,0.02160535117056856,6.46,7.924333831096886,2.0,76.0,3.0,7.609890680114598,0.7179962542138849,0.3069340584636302,3.502608695652174,7.0,0.00839801575722206,0.028182335715080817,0.29449868628197545,0.05381402026610089
38,AMUSEMENT,1,30,90,60,30,7.0,6.0,658.0,0.022942817294281728,5.483333333333333,8.286015662280368,2.0,94.0,4.0,7.3231745305570035,0.7563368555164888,0.17052462239699706,5.097907949790795,13.0,0.01721810062937309,0.07403055155617663,0.2079883646799825,0.04792668280583008,1746.0,0.06087866108786611,14.55,15.429328134000738,2.0,88.0,10.0,7.289221658693283,0.7130435131894619,0.3835445946463447,2.923221757322176,6.0,0.008080763686227631,0.028001996500669774,0.35361112199056133,0.06480816451350975,839.0,0.01870680044593088,5.593333333333334,4.880705777742486,2.0,43.0,3.5,7.832376211054585,0.7053297913265996,0.37484852564965665,4.182608695652174,8.0,0.010679894951852927,0.04141550462179746,0.24610569093521253,0.04319550182053109
38,AMUSEMENT,2,60,120,60,30,7.0,6.0,587.0,0.020467224546722455,4.891666666666667,6.527245250146157,1.0,66.0,3.0,7.397671911949818,0.7165324307989727,0.19102338785994322,4.567015341701534,9.0,0.014987459418914014,0.07841265003737834,0.22383062664051662,0.033379631291094065,2790.0,0.09728033472803348,23.25,19.532771607395265,2.0,118.0,18.5,7.492999636427363,0.6506777707200555,0.3784871269504269,2.815516039051604,9.0,0.007628218651477325,0.03381855292058615,0.37569966031874114,0.07074965182056304,819.0,0.018260869565217393,5.46,4.998172999540265,2.0,52.0,3.0,7.8192362349222435,0.707316767941381,0.36324324324324325,4.0087848383500555,9.0,0.010096593417282076,0.038614076461232015,0.2569272119588611,0.04535879469176951
38,SADNESS,0,0,60,60,30,3.0,4.0,530.0,0.018479776847977684,4.416666666666667,5.414614996059789,1.0,69.0,3.0,7.468527823348513,0.6696894925549017,0.2066053668605742,6.77339609483961,21.0,0.024257966785040375,0.08607908447162495,0.16898086181818506,0.04465122080265704,1209.0,0.042154811715481175,10.075,11.749583325945363,1.0,54.0,5.0,7.176529676963322,0.7540061240922656,0.4138644781756119,3.378347280334728,7.0,0.009993055799725753,0.027110639051426286,0.3084693836314518,0.06238523817025479,909.0,0.020267558528428094,6.06,5.755843407645255,2.0,38.0,3.0,7.754335174916875,0.7211792512409613,0.40411746263977427,4.023723522853958,7.0,0.01014672323105355,0.030681571220490474,0.2549906305629665,0.0428947249743417
38,SADNESS,1,30,90,60,30,3.0,4.0,574.0,0.0200139470013947,4.783333333333333,6.398806312291553,2.0,58.0,4.0,7.400064054479876,0.6778502473144568,0.1981651376146789,15.661854951185495,38.0,0.06160443256800628,0.15510869699523602,0.06493051367870532,0.008281600552207722,713.0,0.024860529986053,5.941666666666666,5.460915419801173,1.0,53.0,4.0,7.484792672103832,0.7456339130067654,0.36116586876936074,3.9453626220362623,8.0,0.012375473201833017,0.05695547351776738,0.2591366886587733,0.039883895461029384,831.0,0.018528428093645483,5.54,4.5484502855368225,1.0,28.0,3.0,7.845747287235355,0.6961306084997497,0.4096858638743455,4.444882943143813,9.0,0.011560009876321522,0.04287846179065918,0.23096763877513368,0.038688523540785
38,SADNESS,2,60,120,60,30,3.0,4.0,630.0,0.021966527196652718,5.25,6.664895598082039,2.0,59.0,4.0,7.415103071051846,0.7261297050633998,0.2154095904095904,7.0301603905160395,23.0,0.025336808363512778,0.08328058308258483,0.16242710614690062,0.043178891870418096,758.0,0.026429567642956765,6.316666666666666,6.367212018528115,2.0,58.0,4.0,7.443460718195793,0.7572364631224453,0.33895446880269814,3.4057880055788003,6.0,0.010108352964616811,0.048447960647547986,0.3009506485327563,0.04760085021519501,783.0,0.01745819397993311,5.22,4.175116764834248,1.0,34.0,3.0,7.880198732134561,0.693262687912896,0.3831728332488596,4.277547380156076,8.0,0.010998481141463345,0.04329721270332926,0.24001603549674835,0.04030387394360597
38,NEUTRAL,0,0,60,60,30,6.0,3.0,824.0,0.028730822873082287,6.866666666666666,9.591605125779985,2.0,70.0,4.0,7.2516488016850165,0.7775742253020499,0.2269749275544916,3.084483960948396,6.0,0.008758335970371416,0.03446173222784306,0.33320997349834397,0.056656711604627326,796.0,0.027754532775453276,6.633333333333334,6.460048159435209,1.0,59.0,4.5,7.450237188492069,0.7502811120621469,0.3640960809102402,3.901813110181311,10.0,0.012192492059585353,0.0465011778247723,0.2692117956650096,0.053176641558777674,985.0,0.021962095875139354,6.566666666666666,7.839997165532368,1.0,58.0,3.0,7.599630320123541,0.7085385885279099,0.3158539073658437,3.6444816053511704,7.0,0.00887409934681601,0.023014037545323933,0.2830450967770607,0.05257502355403859
38,NEUTRAL,1,30,90,60,30,6.0,3.0,707.0,0.024651324965132497,5.891666666666667,6.966342695816476,2.0,52.0,4.0,7.358109338626074,0.7281728827533372,0.2592113768584357,3.422768479776848,9.0,0.010179699494860707,0.03559724759337381,0.3027539315743382,0.053210057236414345,754.0,0.026290097629009763,6.283333333333333,6.430634148787782,2.0,65.0,4.0,7.403350374098941,0.74533695604203,0.3715627095908786,3.6186889818688983,7.0,0.011002894881802098,0.04849195107106422,0.2853853489219612,0.0520182723753256,745.0,0.01661092530657748,4.966666666666667,3.7813871646379833,2.0,27.0,3.0,7.903970613993964,0.6931776989784236,0.3776470588235294,4.458595317725752,9.0,0.01160602455612669,0.04247047233181693,0.23014248069104534,0.03834185948792794
38,NEUTRAL,2,60,120,60,30,6.0,3.0,676.0,0.023570432357043234,5.633333333333334,6.129754390584413,2.0,44.0,4.0,7.4068099065054955,0.7168985359734348,0.2744405182567727,3.371199442119944,7.0,0.009963022866050183,0.03600841109799791,0.30347627725467763,0.04700125111521585,847.0,0.029532775453277545,7.058333333333334,8.767644907398008,2.0,74.0,4.0,7.2957388883822585,0.7550580169411666,0.2936054611312343,3.138563458856346,6.0,0.008985560751497252,0.03688867179104461,0.32777068463603254,0.05626831771211925,757.0,0.016878483835005575,5.046666666666667,3.8005905973794243,1.0,24.0,3.0,7.901291261059453,0.7009481208169793,0.390057361376673,4.543790412486064,9.0,0.011891914135859273,0.04275290324774925,0.22513137868361313,0.03573468369395505
38,AWE,0,0,60,60,30,6.0,2.0,647.0,0.022559274755927474,5.391666666666667,9.54576331270696,1.0,102.0,4.0,7.2263039595246195,0.7593866245982575,0.12739547038327526,4.146443514644352,8.0,0.013220350901867019,0.07409694177188804,0.24561709197894288,0.03321170490554735,718.0,0.02503486750348675,5.983333333333333,5.579700310550339,1.0,39.0,4.0,7.442201858340461,0.7244234423482472,0.3564397046759639,4.0505230125523015,10.0,0.012817323582152528,0.037290396607816516,0.2574053735020424,0.04994781177035528,866.0,0.01930880713489409,5.773333333333333,6.560636825457993,1.0,83.0,3.0,7.720233895098986,0.7097917933493493,0.3110481586402266,3.502028985507246,6.0,0.00839607042116526,0.04020950243600514,0.293990009192567,0.052167792960270416
38,AWE,1,30,90,60,30,6.0,2.0,623.0,0.021722454672245466,5.191666666666666,6.617899759154881,2.0,71.0,4.0,7.39661394828158,0.7499261108830079,0.2040167789500445,3.5438284518828453,8.0,0.010688354839843902,0.06293051435032748,0.29254818601158744,0.052171081252192324,675.0,0.023535564853556484,5.625,4.594493987372276,2.0,29.0,4.0,7.533381144245453,0.7338712644977723,0.3750663129973475,4.007391910739191,8.0,0.012636100465290737,0.044923177806872175,0.2555581726713893,0.04120772787762157,775.0,0.017279821627647716,5.166666666666667,3.9672268512008344,1.0,23.0,3.0,7.886570781961353,0.6996827191145404,0.3944543828264758,4.576655518394649,9.0,0.012002199726156544,0.04497263074948026,0.22370438457236588,0.03568286550240824
38,DISGUST,0,0,60,60,30,4.0,7.0,579.0,0.020188284518828453,4.825,5.171496398529153,2.0,53.0,4.0,7.4929042590845905,0.6902841101585552,0.2605088495575221,9.57618549511855,30.0,0.03603439283663257,0.10502781894887071,0.11681815814242782,0.02837383216968034,1705.0,0.05944909344490935,14.208333333333334,17.167748752303613,2.0,109.0,8.0,7.142436465386282,0.7158029449102437,0.33177860696517414,2.8020223152022314,6.0,0.007571522332782487,0.020345950052465724,0.37034017640359773,0.0700691297468702,948.0,0.021137123745819397,6.32,6.964979061945077,1.0,58.0,4.0,7.686456898131835,0.7120465705712486,0.35965909090909093,3.5164102564102566,7.0,0.008444329719497509,0.02802946031474076,0.2923679879339937,0.05080410218289787
39,BASELINE,0,0,60,60,30,6.0,2.0,600.0,0.02092050209205021,5.0,5.269408568963567,2.0,38.0,4.0,7.4626531710304365,0.6791835204109754,0.2831472435450105,16.856066945606695,43.0,0.06662213002355755,0.14933492875970036,0.06470361260254578,0.015952511727838844,745.0,0.025976290097629008,6.208333333333333,6.722345614110863,2.0,48.0,4.0,7.350106577875792,0.7327500316576961,0.3534343760077394,3.4534518828451883,6.0,0.01030862135649239,0.026937364230263904,0.29787294964387184,0.05282906940185223,957.0,0.021337792642140467,6.38,6.005741697187228,2.0,61.0,4.0,7.79866606951604,0.7165290255679757,0.40770906335827256,3.767603121516165,8.0,0.009287258797034112,0.03468089989502588,0.2732487703637717,0.048344974053382686
39,BASELINE,1,30,90,60,30,6.0,2.0,686.0,0.02391910739191074,5.716666666666667,8.529540172574109,1.0,87.0,4.0,7.300293685117821,0.7718146971307008,0.16998161457462813,3.369002789400279,6.0,0.009953793232774266,0.05586394807907842,0.3042972268380621,0.0487101361883191,669.0,0.023326359832635982,5.575,6.130065932217478,1.0,72.0,4.0,7.441945188553284,0.7408852641357465,0.28612945838837517,3.3845536959553697,6.0,0.010019133176283064,0.04273440072074126,0.30385985158147855,0.05202288918246321,823.0,0.01835005574136009,5.486666666666666,4.523621950998509,2.0,50.0,4.0,7.903622447536519,0.7189788938132813,0.3660159716060337,3.9862653288740244,8.0,0.010021024593536983,0.042146099362121894,0.257912764412302,0.04435342153208396
39,BASELINE,2,60,120,60,30,6.0,2.0,613.0,0.021373779637377965,5.108333333333333,6.768549614864981,2.0,78.0,4.0,7.397863724643066,0.7333471698232643,0.20172155688622753,3.7613668061366807,8.0,0.011602381538389411,0.0659521596945872,0.2768696403518607,0.05125311570265548,677.0,0.023605299860529987,5.641666666666667,6.890568231688556,2.0,93.0,3.5,7.415286576805509,0.7513463078543053,0.2507918552036199,3.1425034867503485,6.0,0.009002115490547684,0.051953228904707785,0.32736545759214397,0.056714097605093855,848.0,0.018907469342251952,5.653333333333333,4.772122751517982,1.0,46.0,4.0,7.887222579068867,0.7223060766875884,0.37571312143439284,3.894515050167224,8.0,0.009713137752239014,0.03513989567429047,0.26402145909814145,0.045039378201570515
39,BASELINE,3,90,150,60,30,6.0,2.0,670.0,0.023361227336122732,5.583333333333333,7.596691531332717,1.0,74.0,4.0,7.3622080615560375,0.7467822981204706,0.1989795918367347,5.339679218967922,18.0,0.018233946298184544,0.07605972549871917,0.19833305624893724,0.039620748957014465,612.0,0.021338912133891212,5.1,4.328009550205113,1.0,32.0,3.0,7.528708519195901,0.734502378258511,0.3544250578095438,3.9247559274755925,8.0,0.01228889045157812,0.03624683609372592,0.2616581003683419,0.04455886661427582,849.0,0.018929765886287624,5.66,4.5538701489319315,1.0,48.0,4.0,7.908690846947418,0.7255123830185084,0.38375548323192304,3.983768115942029,8.0,0.010012644684369222,0.04050394684528513,0.25789291238783857,0.04364935106080537
39,BASELINE,4,120,180,60,30,6.0,2.0,616.0,0.021478382147838215,5.133333333333334,6.711846905948383,2.0,63.0,4.0,7.383933282541547,0.7179874260318093,0.20975855130784707,4.399442119944212,16.0,0.014283370251866434,0.06042180680639534,0.24691200862777335,0.052875895043563235,626.0,0.02182705718270572,5.216666666666667,4.316988404998198,1.0,26.0,3.5,7.528292484835774,0.7284600557251486,0.37653814602132896,4.1644700139470014,8.0,0.013296092495575637,0.043104324463860734,0.24627128900729672,0.04092886884516118,857.0,0.019108138238573023,5.713333333333333,4.85638640234577,1.0,46.0,4.0,7.867221046733457,0.7131592147464068,0.3804935990497558,4.061516164994426,8.0,0.010273544177833651,0.03904786029808299,0.25254378693169566,0.041753791280762516
39,BASELINE,5,150,210,60,30,6.0,2.0,584.0,0.020362622036262202,4.866666666666666,5.350129801125285,2.0,61.0,3.0,7.483914993609723,0.7219416046776478,0.2503073950465484,4.249407252440725,10.0,0.013652971648910606,0.07112991092393015,0.24435586561839842,0.04614211715009415,681.0,0.023744769874476986,5.675,5.68867661821857,1.0,36.0,4.0,7.414619027346825,0.7268288709717811,0.3510683458327437,4.00568340306834,8.0,0.012628921861631687,0.03933628717072763,0.25806973886858986,0.04756292790094943,862.0,0.019219620958751394,5.746666666666667,5.0868283067371385,1.0,42.0,4.0,7.844156630555509,0.7037698260772955,0.36498181362097076,3.8575696767001113,7.0,0.00958915998892655,0.03183251974077126,0.2660615479033262,0.04448008385775027
39,BASELINE,6,180,240,60,30,6.0,2.0,649.0,0.022629009762900977,5.408333333333333,7.673000101365538,2.0,78.0,4.0,7.358103185921202,0.749118589549337,0.1843642957888374,5.11502789400279,14.0,0.017290033168078946,0.0761217629003472,0.20559984510581206,0.04133088868751161,599.0,0.02088563458856346,4.991666666666666,4.152300232668902,1.0,26.0,4.0,7.550373765243388,0.7265969735661232,0.3538116591928251,4.4378661087866105,9.0,0.014444815583137035,0.059511973799958075,0.2310183364224418,0.03726799932727746,905.0,0.020178372352285395,6.033333333333333,5.587386588458767,2.0,40.0,4.0,7.7973557262331985,0.7117734572729978,0.40333405499025765,4.159063545150501,9.0,0.010600884379699683,0.047653698299310106,0.2466664984092111,0.040738368572514394
39,BASELINE,7,210,270,60,30,6.0,2.0,580.0,0.020223152022315203,4.833333333333333,6.2227182341981555,1.0,65.0,3.0,7.409626992307415,0.7170676875893226,0.19563318777292577,3.4381799163179916,6.0,0.010244453429907525,0.06582119804110684,0.29762735090594283,0.04572061738448401,583.0,0.020327754532775452,4.858333333333333,3.9891432524902997,1.0,32.0,4.0,7.5758380499320985,0.730543846642717,0.35200769415724936,4.457008368200837,10.0,0.014525245244541326,0.053119751847576877,0.2323848032449171,0.0424317017226634,954.0,0.021270903010033444,6.36,6.567881444321805,1.0,53.0,4.0,7.725803767825392,0.7084280655720159,0.35764848066298344,3.647692307692308,7.0,0.008884873515746001,0.025724949241549458,0.28163199062430766,0.04843677213218551
39,BASELINE,8,240,300,60,30,6.0,2.0,594.0,0.020711297071129706,4.95,6.108532284163411,2.0,57.0,4.0,7.417653319706114,0.724029843744226,0.21321805392731535,6.050139470013947,16.0,0.021219073403419945,0.0872211037360645,0.17359906652960053,0.03340556457822831,644.0,0.022454672245467225,5.366666666666666,6.666999991667084,2.0,94.0,4.0,7.444724259024053,0.7380446576142156,0.22649152958507243,3.19034170153417,6.0,0.009203116393000714,0.054303449695833964,0.3230672811685787,0.05729471465978923,801.0,0.01785953177257525,5.34,4.161458077805582,1.0,31.0,4.0,7.908291339206908,0.7012503794942624,0.40105367138623643,4.247068004459309,8.0,0.010896201357245996,0.03926470917013551,0.24177016801579745,0.040892718111440574
39,ANGER,0,0,60,60,30,4.0,3.0,627.0,0.02186192468619247,5.225,5.3696097002792795,1.0,40.0,4.0,7.482181070589386,0.695630356666055,0.2853167457849075,11.343793584379359,37.0,0.043461317581425865,0.11875512371748509,0.09289894047234123,0.020022547093271857,666.0,0.023221757322175733,5.55,7.050827374618292,1.0,96.0,4.0,7.3960906036083625,0.7368879668586686,0.22976878612716764,3.161785216178522,8.0,0.009083131160413956,0.051128495010292915,0.32640227634876856,0.05796294316944249,748.0,0.016677814938684504,4.986666666666666,3.7894356073460624,2.0,29.0,4.0,7.929401667033675,0.6933643069842707,0.3703271028037383,4.219152731326645,8.0,0.010802525944049145,0.03401654229113671,0.24321125508316158,0.04056132374455386
39,ANGER,1,30,90,60,30,4.0,3.0,657.0,0.02290794979079498,5.475,6.618739180035223,2.0,59.0,4.0,7.406250096657906,0.7502887590793724,0.22618030986946444,4.199442119944212,8.0,0.013443034117412659,0.0605880839811052,0.24677271294718736,0.046640271377768806,698.0,0.024337517433751742,5.816666666666666,7.906730606824094,2.0,91.0,4.0,7.3578891403838,0.7583205370620231,0.21262886597938144,2.9910041841004182,6.0,0.008365563798741241,0.048231662602083974,0.3428663114233982,0.05490071352782763,732.0,0.01632107023411371,4.88,3.4262126806918065,1.0,26.0,4.0,7.957885968751457,0.6975974043958564,0.3892632036513801,4.528316610925307,9.0,0.011839988627266129,0.04685825852332913,0.22611300765111073,0.036222154755795224
39,ANGER,2,60,120,60,30,4.0,3.0,669.0,0.023326359832635982,5.575,7.3350329469834925,1.0,78.0,4.0,7.359788111620178,0.73556145067389,0.2102553325627824,5.540271966527197,21.0,0.019076772968601666,0.07247415465004114,0.1955665148815394,0.04508862266308974,713.0,0.024860529986053,5.941666666666666,7.8340026309813195,2.0,103.0,4.0,7.3579890841164985,0.7583691109273735,0.2466017634092579,3.063981868898187,6.0,0.00867219272646297,0.05286747007439567,0.33611508518597,0.0586900963405625,835.0,0.018617614269788182,5.566666666666666,4.642437099436267,1.0,27.0,4.0,7.856832918745745,0.7008621959947957,0.5105024127164348,4.86216276477146,10.0,0.012960277734132416,0.052438594229259367,0.21084843747276721,0.03393639322333431
39,ENTHUSIASM,0,0,60,60,30,5.0,2.0,518.0,0.01806136680613668,4.316666666666666,5.865127639039257,2.0,85.0,3.0,7.461332443515433,0.6413154441703035,0.18730756072528223,14.83207810320781,47.0,0.058117975223562233,0.13365481621244887,0.07762860690929037,0.02208920237523366,631.0,0.02200139470013947,5.258333333333334,4.47399119603763,2.0,32.0,4.0,7.534477757140019,0.7324488962377589,0.34721949302416977,3.7869595536959553,7.0,0.011709914091159478,0.03961259451054948,0.2702983975277701,0.04317115148016291,867.0,0.019331103678929765,5.78,5.38624173241417,2.0,47.0,4.0,7.8113803545977785,0.7032384483479723,0.3721751412429379,3.8352285395763657,8.0,0.009514189730122033,0.03046475817538637,0.2679838181322468,0.04642111398811607
39,ENTHUSIASM,1,30,90,60,30,5.0,2.0,452.0,0.01576011157601116,3.7666666666666666,2.598824520603284,2.0,25.0,3.0,7.670108587956789,0.5173890415140415,0.43231441048034935,39.78556485355649,110.0,0.16296455820822053,0.1989234621468435,0.02632370854340233,0.005431210355654592,674.0,0.023500697350069735,5.616666666666666,6.237231401475783,2.0,76.0,4.0,7.438950003048861,0.7413512072698735,0.2745501285347044,3.302649930264993,6.0,0.009674999706995764,0.04514872880988336,0.3112288071172125,0.05310311039838999,739.0,0.016477146042363434,4.926666666666667,3.4748557124321326,1.0,27.0,4.0,7.957207200098672,0.6933450518254439,0.38956078930617444,4.375027870680045,8.0,0.011325596881476656,0.040348055413090535,0.2340586989610588,0.03767538227428521
39,LIKING,0,0,60,60,30,7.0,3.0,642.0,0.022384937238493725,5.35,6.868587918924821,2.0,55.0,4.0,7.360630048406021,0.7452454770403217,0.21540099361249113,4.6218619246861925,8.0,0.01521790724658063,0.07934295365680386,0.2186182451517442,0.02345103549605041,660.0,0.02301255230125523,5.5,5.8044523141005016,2.0,71.0,4.0,7.462146727821081,0.737886301321722,0.2836161414515899,3.415516039051604,6.0,0.010149227054838672,0.04527373232508834,0.30111251065044903,0.051790672159295933,994.0,0.022162764771460425,6.626666666666667,7.252169024199282,1.0,72.0,4.0,7.707249254240936,0.7220491093662672,0.35358255451713394,3.706020066889632,7.0,0.009080604251307484,0.04405064280781836,0.27758645814440347,0.04773348913893999
39,LIKING,1,30,90,60,30,7.0,3.0,636.0,0.022175732217573223,5.3,9.826494797230598,1.0,106.0,4.0,7.2018137946348135,0.7382312210469383,0.12295768747381651,8.042503486750348,32.0,0.029590350784665327,0.09001940046998376,0.13995946337133353,0.0409973915789995,665.0,0.023186889818688983,5.541666666666667,6.479320737717976,1.0,87.0,4.0,7.433594593769084,0.7316074223467083,0.25539836187639614,3.278242677824268,7.0,0.009572448226152384,0.05318464184357181,0.3145501795428854,0.05596913663336251,908.0,0.02024526198439242,6.053333333333334,6.31905759499697,2.0,56.0,4.0,7.7448118177432725,0.7176805844918022,0.3516732841747022,3.763901895206243,9.0,0.009274838574517585,0.037003851631771244,0.2738909106258058,0.04852287411249763
39,FEAR,0,0,60,60,30,5.0,2.0,593.0,0.020676429567642957,4.941666666666666,6.544458003192896,1.0,66.0,4.0,7.396372636231339,0.6732823267096681,0.2054299852882172,12.20397489539749,41.0,0.04707552477057767,0.11836313911565155,0.09024474315108666,0.02463206720549099,711.0,0.0247907949790795,5.925,6.02517288825253,1.0,37.0,4.0,7.393395066934538,0.7396432306986312,0.3497073046576737,3.682775453277545,8.0,0.011272165770073719,0.029772297695715277,0.2796813673687637,0.05043323037259359,790.0,0.017614269788182833,5.266666666666667,4.915508338129661,1.0,56.0,4.0,7.850994842878883,0.6960142553189259,0.32852037169406717,3.7872909698996655,8.0,0.009353325402347868,0.03696576882829164,0.27123245762220155,0.04634542016837427
39,FEAR,1,30,90,60,30,5.0,2.0,572.0,0.019944211994421198,4.766666666666667,5.34436359375204,2.0,65.0,3.0,7.489521259398202,0.70685284430032,0.23916159082766034,5.710843793584379,15.0,0.01979346131758142,0.07936984261820498,0.19312984113959253,0.04749128340916998,582.0,0.020292887029288702,4.85,3.5733970765458833,2.0,24.0,4.0,7.599012573734916,0.7308132234098044,0.38324940365756693,4.374476987447698,9.0,0.014178474737175206,0.05943209631063825,0.23395363202230482,0.03693540441353413,719.0,0.016031215161649945,4.793333333333333,3.219309794902559,1.0,25.0,4.0,7.9760411438442205,0.6887167758167758,0.3944418496029893,4.638082497212932,10.0,0.012208330527560173,0.04714250401201665,0.22076592960231925,0.03522166856129489
39,FEAR,2,60,120,60,30,5.0,2.0,582.0,0.020292887029288702,4.85,5.554502678008176,2.0,53.0,4.0,7.452316251619566,0.7219675796831766,0.2347299343765775,4.57520920502092,12.0,0.015021887416054288,0.07165569117936102,0.23225224416427964,0.048505348894864596,600.0,0.02092050209205021,5.0,4.1140004861448425,2.0,29.0,4.0,7.556247481625913,0.7296159931612076,0.35003385240352064,4.064295676429568,8.0,0.012875191917771294,0.050554022299339405,0.2520973613463304,0.04112149423644284,721.0,0.016075808249721293,4.806666666666667,3.192066554583236,1.0,19.0,4.0,7.979812174842037,0.6891611325550955,0.40018722209220686,4.699219620958751,10.0,0.01241348866093541,0.04834114922310726,0.2179379337890955,0.034606275580492715
39,AMUSEMENT,0,0,60,60,30,7.0,4.0,672.0,0.023430962343096235,5.6,6.752653799309819,2.0,55.0,4.0,7.40891058528057,0.7512876506368058,0.23788391918720075,5.591248256624826,12.0,0.019290959061448842,0.08637186159282167,0.18325944307579362,0.02905001874849355,1376.0,0.04797768479776848,11.466666666666667,12.740966298606327,2.0,87.0,7.0,7.230772340041394,0.7414869963916069,0.37568620506463607,3.1070781032078103,6.0,0.008853269341209283,0.031647085035411054,0.3336799114218588,0.06283643308316139,907.0,0.020222965440356743,6.046666666666667,5.731011157630815,1.0,41.0,4.0,7.7960955904784415,0.7169448915614351,0.3661616161616162,3.83355629877369,8.0,0.009508578183804328,0.029015242720980036,0.26818897541698433,0.04605834251185332
39,AMUSEMENT,1,30,90,60,30,7.0,4.0,592.0,0.020641562064156207,4.933333333333334,6.249977777738271,2.0,57.0,3.0,7.39752439203223,0.7207611812959662,0.205672748004561,3.7065202231520225,8.0,0.011371933710722787,0.054025142488144016,0.2802698365891991,0.05129165744891354,1061.0,0.03699442119944212,8.841666666666667,10.31988035568027,1.0,85.0,5.0,7.269399932468042,0.7502935189274377,0.33924170616113747,2.9725244072524406,6.0,0.008287917677531264,0.030914570197938473,0.3460848121067952,0.05868306431429084,864.0,0.019264214046822742,5.76,4.822419862821293,1.0,35.0,4.0,7.863229819571886,0.7062178295842876,0.4136297855545323,4.31025641025641,9.0,0.011108242987437606,0.04331251415919501,0.23904713819855913,0.042209270253797684
39,AMUSEMENT,2,60,120,60,30,7.0,4.0,573.0,0.01997907949790795,4.775,5.6198494938328505,2.0,47.0,3.0,7.443041668531102,0.7103772783764206,0.21921720141105325,3.6555090655509064,8.0,0.01115760111576011,0.05751959393231075,0.2805521511906264,0.043610373691746564,993.0,0.0346234309623431,8.275,10.039889192615624,1.0,76.0,5.0,7.225685278708253,0.7447949582577391,0.3541925465838509,3.018270571827057,7.0,0.008480128453054864,0.028184246553207656,0.3409700522490257,0.058668872625112944,791.0,0.017636566332218506,5.273333333333333,4.366381670088964,1.0,43.0,4.0,7.895303590014203,0.6949243319052448,0.37115384615384617,4.172931995540691,10.0,0.010647422803827826,0.03992462438719264,0.2472418813137747,0.044379930770479095
39,SADNESS,0,0,60,60,30,4.0,2.0,543.0,0.018933054393305438,4.525,5.839467013349762,2.0,65.0,3.0,7.4291131233804215,0.658319642398054,0.2047952047952048,15.859414225941423,42.0,0.06243451355437573,0.14520574234056055,0.0684890471136816,0.016460043578038125,645.0,0.022489539748953975,5.375,4.693190989792198,1.0,30.0,4.0,7.503532554631527,0.7240583270202455,0.3705397987191217,3.9915620641562066,8.0,0.012569588504858013,0.042838384510053285,0.2572963553656233,0.04365889094138324,895.0,0.019955406911928653,5.966666666666667,6.059061166733854,2.0,53.0,4.0,7.761404105810479,0.7115818212271366,0.3632435691318328,3.7078706800445933,7.0,0.009086814362565749,0.030617356557975057,0.2775939115017015,0.04905949155663347
39,SADNESS,1,30,90,60,30,4.0,2.0,597.0,0.02081589958158996,4.975,5.6042580537778,2.0,54.0,4.0,7.466248607569613,0.7339182206816536,0.23787040052100292,4.500871687587169,7.0,0.014709544905828436,0.08002714059155118,0.2251632803542811,0.02720037066557864,624.0,0.021757322175732216,5.2,4.078602701906623,1.0,31.0,4.0,7.569191556655445,0.723470304985908,0.38011695906432746,4.24560669456067,10.0,0.01363700291832214,0.050756247027908895,0.24362797542419204,0.04342696557566873,947.0,0.021114827201783724,6.3133333333333335,6.015132768461743,2.0,52.0,4.0,7.783586646442108,0.7167235689140736,0.3926761640692227,3.869855072463768,8.0,0.009630386149207273,0.04247192079773605,0.26582581511153874,0.04606388286306469
39,SADNESS,2,60,120,60,30,4.0,2.0,673.0,0.023465829846582985,5.608333333333333,9.654270068501063,1.0,106.0,4.0,7.254950152106562,0.7623948747464283,0.13460730785384292,3.383542538354254,12.0,0.010014884614933836,0.04671821253887091,0.31123774482810923,0.06418439541006749,681.0,0.023744769874476986,5.675,5.248273525646315,1.0,39.0,4.0,7.471671278184827,0.7213992149320452,0.3592233009708738,3.709205020920502,7.0,0.01138321437361555,0.03736705992534029,0.2769986506371695,0.047744653685308586,990.0,0.022073578595317726,6.6,6.5258460498748105,1.0,56.0,4.0,7.762410554335338,0.7203079502843248,0.38191418035534697,3.9433444816053513,9.0,0.009876994904715945,0.04265511537850589,0.2619844320016789,0.04754675148977296
39,NEUTRAL,0,0,60,60,30,5.0,1.0,630.0,0.021966527196652718,5.25,5.682209077462743,1.0,54.0,4.0,7.477220916882325,0.7092160887992783,0.266025641025641,9.524651324965133,33.0,0.035817862709937524,0.10766313030593927,0.11160990643665626,0.023301772987517337,658.0,0.022942817294281728,5.483333333333333,6.084794345105036,1.0,76.0,4.0,7.4395106191338165,0.7404908712673872,0.2714730150142026,3.3642956764295677,6.0,0.009934015447183057,0.04744913433144076,0.3058213863620624,0.053136878619651565,850.0,0.0189520624303233,5.666666666666667,5.256953067657686,1.0,47.0,4.0,7.821667710629003,0.6879309671277926,0.35613905325443784,3.9824303232998886,8.0,0.010008155447315063,0.029310265453404247,0.2588413145780231,0.04668389223388433
39,NEUTRAL,1,30,90,60,30,5.0,1.0,597.0,0.02081589958158996,4.975,5.1912787442016635,2.0,49.0,4.0,7.502519392448356,0.7338873644761329,0.26056714820759763,4.63486750348675,8.0,0.015272552535658608,0.07757593978022756,0.22056530640740996,0.033749530991806866,716.0,0.024965132496513248,5.966666666666667,7.133177568392799,2.0,87.0,4.0,7.37526273172565,0.7515767909529377,0.2803767335955289,3.190934449093445,6.0,0.009205606928964051,0.046151992965971056,0.3226102331884847,0.05645110955505382,866.0,0.01930880713489409,5.773333333333333,5.700463918742832,2.0,51.0,4.0,7.809052896254656,0.7227847524142548,0.3383658969804618,3.6841471571906355,8.0,0.009007205225471921,0.03358643773526288,0.278802860847022,0.047159145684171073
39,NEUTRAL,2,60,120,60,30,5.0,1.0,583.0,0.020327754532775452,4.858333333333333,5.781141515498668,2.0,69.0,4.0,7.468522511572896,0.7292593795075119,0.2185303514376997,3.8650627615062763,7.0,0.012038078829858306,0.06749002321687328,0.26873734475843164,0.050721639537799686,697.0,0.024302649930264993,5.808333333333334,6.610970470025982,1.0,83.0,4.0,7.413322022491688,0.7455440619505022,0.2889716147045137,3.311750348675035,7.0,0.009713236759138802,0.04944220027716276,0.3111377590275911,0.05499826857175304,939.0,0.020936454849498326,6.26,6.093088981242055,1.0,44.0,4.0,7.777927696080812,0.7082986437741329,0.3974114960030453,4.1523076923076925,9.0,0.010578213732576147,0.04400704928832999,0.24826176963563873,0.04415937465548852
39,AWE,0,0,60,60,30,6.0,5.0,653.0,0.022768479776847976,5.441666666666666,7.050172377719254,2.0,66.0,4.0,7.38301941190899,0.7457777583569424,0.21116751269035533,7.450976290097629,18.0,0.02710494239536819,0.10313293372704548,0.13756548793176984,0.02052833797680107,658.0,0.022942817294281728,5.483333333333333,4.977421242191806,1.0,34.0,4.0,7.483037933325461,0.7288851975380621,0.34593955765659296,3.765376569037657,7.0,0.011619229281670829,0.03420395869589864,0.27236153345142955,0.04556545002636577,885.0,0.019732441471571906,5.9,5.847791605954051,1.0,45.0,4.0,7.777479480003736,0.7163746103807334,0.36446228607648423,3.7369676700111483,7.0,0.009184455268493789,0.026866087862804082,0.27488466081500273,0.04751640066565422
39,AWE,1,30,90,60,30,6.0,5.0,625.0,0.02179218967921897,5.208333333333333,8.264780530795857,2.0,82.0,4.0,7.301241516067997,0.7444829341414638,0.15211970074812967,4.833472803347281,15.0,0.01610702858549278,0.07842984149489432,0.21574989289166177,0.03758575345028842,602.0,0.02099023709902371,5.016666666666667,3.7505184826752807,1.0,28.0,4.0,7.597601460737405,0.7273509157203687,0.3865075499269362,6.15589260808926,14.0,0.021663414319702763,0.08147498624578395,0.16766075975179273,0.028793004545587544,783.0,0.01745819397993311,5.22,4.1878713765667,1.0,42.0,4.0,7.9127428558173865,0.7055991534135548,0.370513900589722,4.061293199554069,8.0,0.010272795971657945,0.041328322230735993,0.2527007346484876,0.042491508065396824
39,DISGUST,0,0,60,60,30,5.0,3.0,586.0,0.020432357043235705,4.883333333333334,7.77301242905363,2.0,93.0,3.0,7.30382864682629,0.7249896717711409,0.14644131849674574,3.536994421199442,8.0,0.01065964042520774,0.0652083359513089,0.29481836645399306,0.056240687904363894,728.0,0.025383542538354256,6.066666666666666,7.191700463420008,1.0,90.0,4.0,7.390199658509399,0.7341372957879685,0.2671045982819606,3.14023709902371,6.0,0.008992592853040797,0.04570312780881616,0.3273991240956545,0.0557702752777232,946.0,0.02109253065774805,6.306666666666667,6.5517902557664005,1.0,54.0,4.0,7.733610716888515,0.6995707752191157,0.3599790557640283,3.7783277591973246,7.0,0.009323247514084981,0.02667071954472818,0.27298055506000113,0.050254179302943666
40,BASELINE,0,0,60,60,30,5.0,1.0,631.0,0.02200139470013947,5.258333333333334,6.394653800028757,1.0,57.0,4.0,7.4182977480296,0.7342623297219402,0.22833816170661048,5.018096234309623,13.0,0.016882757287015226,0.07013169868412823,0.21057902138897466,0.04374894689316346,978.0,0.03410041841004184,8.15,9.441618858366752,2.0,74.0,5.0,7.279814111583165,0.746157887543832,0.3429055963821368,3.164260808926081,6.0,0.009093532810613786,0.03092922001077525,0.3258336655758073,0.05812320973872213,925.0,0.020624303232998884,6.166666666666667,6.788143257834863,1.0,89.0,4.0,7.777154548724359,0.703380775068143,0.3086989992301771,3.5909030100334447,9.0,0.0086943054027968,0.04414898578308595,0.28831212167821546,0.05415849550497884
40,BASELINE,1,30,90,60,30,5.0,1.0,533.0,0.018584379358437937,4.441666666666666,4.451209261413003,1.0,45.0,3.0,7.53301100282134,0.6863752498278622,0.2571225071225071,4.435390516039051,12.0,0.014434413932937184,0.07260246285793562,0.23059758373719288,0.03350292363575498,813.0,0.028347280334728032,6.775,7.287503573469679,1.0,68.0,4.0,7.388965127679551,0.7446226309844747,0.347217202746657,3.2914574616457464,6.0,0.009627972527923304,0.03926514035806905,0.31238158799142124,0.05377823318412789,864.0,0.019264214046822742,5.76,5.373614550126696,1.0,59.0,4.0,7.862037196360546,0.707811623720597,0.3432022738038844,3.9395540691192865,8.0,0.009864275399729148,0.042436352600563824,0.26163615440202537,0.04628498875090191
40,BASELINE,2,60,120,60,30,5.0,1.0,603.0,0.02102510460251046,5.025,5.6427866933516695,1.0,41.0,3.0,7.425682700879202,0.6985322722089741,0.2549615877080666,3.6726638772663875,12.0,0.01122968015658146,0.03875174034331836,0.2850496848900151,0.05072262591768114,834.0,0.02907949790794979,6.95,7.925013144047986,1.0,66.0,4.0,7.320063135166025,0.7354461869745791,0.32162573005840467,3.1465481171548118,6.0,0.009019109735944586,0.02964375231209342,0.3260538230455675,0.05444596206599433,763.0,0.017012263099219622,5.086666666666667,3.3920233227709717,1.0,26.0,4.0,7.978965985268205,0.6832462750126838,0.4199009083402147,4.7208695652173915,9.0,0.012486139480595269,0.04717835956671586,0.2172945921596148,0.035952114585955985
40,BASELINE,3,90,150,60,30,5.0,1.0,625.0,0.02179218967921897,5.208333333333333,6.083304794453605,1.0,47.0,4.0,7.4236136632879255,0.7160602787460452,0.25371234620280014,4.173326359832636,17.0,0.013333304032910243,0.04738858074670595,0.2598634881414192,0.05466595404418268,715.0,0.0249302649930265,5.958333333333333,5.988733635381987,1.0,57.0,4.0,7.46590096948074,0.7422778912045606,0.33176200789909543,3.4152719665271967,7.0,0.010148201540030237,0.045894212201901236,0.3005267879503685,0.04976892605038292,769.0,0.01714604236343367,5.126666666666667,3.441504838810423,2.0,25.0,4.0,7.978920378486231,0.6956596821822829,0.4127272727272727,4.4441248606466,9.0,0.011557465975324165,0.03888801307240708,0.23099592321888185,0.03860715500789014
40,BASELINE,4,120,180,60,30,5.0,1.0,674.0,0.023500697350069735,5.616666666666666,7.4718174198487715,2.0,70.0,4.0,7.348882469735141,0.7647473082322319,0.19661604321679746,3.6640516039051603,9.0,0.01119349413405529,0.04789407934328282,0.2843565881771971,0.05467790565584708,710.0,0.024755927475592746,5.916666666666667,6.540366112756142,1.0,76.0,4.0,7.415603871269523,0.7422879576696784,0.3102968460111317,3.3250697350069736,7.0,0.009769200567256194,0.046386940511097485,0.31000843231937397,0.054857200076874474,788.0,0.017569676700111482,5.253333333333333,3.5836418471840745,2.0,27.0,4.0,7.964701774708308,0.7063262132126941,0.422887457370216,4.639041248606466,10.0,0.012211547814115651,0.04447407923637157,0.221258184960784,0.03670333167009829
40,BASELINE,5,150,210,60,30,5.0,1.0,649.0,0.022629009762900977,5.408333333333333,5.974941887211588,1.0,51.0,4.0,7.434777119295488,0.7435492777927348,0.2565430370888733,3.4989539748953975,7.0,0.010499806617207556,0.05305785500288208,0.2924297103559245,0.04477892231210344,631.0,0.02200139470013947,5.258333333333334,4.317591599748895,2.0,28.0,4.0,7.544324082088084,0.734209630325163,0.3686027619821283,3.9720013947001394,7.0,0.012487400818067809,0.04019583489451142,0.25796953765074065,0.041915993620133374,768.0,0.017123745819397993,5.12,3.383134641127958,2.0,26.0,4.0,7.986023277439399,0.6974275550272454,0.414259373079287,4.501627647714605,9.0,0.011750428348035588,0.034276409746374165,0.22815313249880972,0.03883087460916148
40,BASELINE,6,180,240,60,30,5.0,1.0,692.0,0.02412831241283124,5.766666666666667,6.602693053259068,1.0,45.0,4.0,7.383414397068208,0.7319095753886459,0.25955451348182884,3.315376569037657,8.0,0.009728472979149817,0.0366473166820009,0.3083076930354824,0.04614346241759157,655.0,0.02283821478382148,5.458333333333333,4.641113072912096,1.0,25.0,4.0,7.510893733884846,0.7267638543302243,0.38365122615803815,4.044700139470014,8.0,0.012792857728865603,0.043345125657974964,0.2536191105773754,0.04226617404425287,771.0,0.017190635451505017,5.14,3.3146744435414264,1.0,23.0,4.0,7.995931437951583,0.7025719152023501,0.42644628099173554,4.57634336677815,8.0,0.012001152237510582,0.04309377952067234,0.22435558098669334,0.03769203460485743
40,BASELINE,7,210,270,60,30,5.0,1.0,686.0,0.02391910739191074,5.716666666666667,6.622793133481438,2.0,45.0,4.0,7.36901564196832,0.7229538670720924,0.2576773738086834,3.3353556485355647,6.0,0.0098124186913259,0.035592061211688356,0.3067658930385253,0.048214116245745044,718.0,0.02503486750348675,5.983333333333333,6.328484986331421,2.0,64.0,3.0,7.406363188211003,0.7502531498346582,0.34530057251908397,3.37629009762901,6.0,0.009984412174911805,0.044886758685032,0.3042698727815797,0.05224821718050643,807.0,0.0179933110367893,5.38,3.9296649560320875,2.0,31.0,4.0,7.947811397938109,0.7112287464407274,0.4230046145957956,4.404526198439242,9.0,0.011424584558520946,0.03919062087334594,0.23365598060672,0.04101172048083924
40,BASELINE,8,240,300,60,30,5.0,1.0,627.0,0.02186192468619247,5.225,5.85087244206651,1.0,47.0,4.0,7.408791384555762,0.7144884808739321,0.2526269054314045,3.4930962343096232,9.0,0.01047519426180515,0.04875124376201137,0.2923902199763928,0.04302331039265512,641.0,0.022350069735006972,5.341666666666667,5.146189258945777,1.0,55.0,3.0,7.496214049101866,0.7354724186632081,0.31001509813789635,3.528521617852162,6.0,0.010624040411143539,0.04451307736600849,0.29083346920148007,0.04885599315942976,812.0,0.01810479375696767,5.413333333333333,4.006971702198834,1.0,32.0,4.0,7.946926231330805,0.723704881965451,0.4140520694259012,4.475317725752508,10.0,0.011662140019303716,0.03724797213471292,0.231027797505234,0.042573896714525654
40,ANGER,0,0,60,60,30,6.0,2.0,564.0,0.019665271966527197,4.7,6.511016305718588,2.0,89.0,3.0,7.427922740114214,0.7150812269167871,0.17605241148592138,4.03873779637378,11.0,0.012767805867116724,0.0708317642827029,0.2613924195913802,0.05380701872604909,1394.0,0.048605299860529985,11.616666666666667,15.887197850960236,2.0,108.0,5.0,7.010230975344578,0.7563804438968119,0.3825186302342087,2.7684100418410043,5.0,0.0074302942934495984,0.029045017504021466,0.37321738129279464,0.0694428989865721,1041.0,0.023210702341137125,6.94,8.223324550731698,2.0,76.0,4.0,7.690514031983972,0.7380053792611134,0.334782874992344,3.392530657748049,7.0,0.008028626368282043,0.032983087753674666,0.30368742939984783,0.05378815925988106
40,ANGER,1,30,90,60,30,6.0,2.0,596.0,0.02078103207810321,4.966666666666667,5.537648919492419,2.0,57.0,4.0,7.482044016093207,0.7328544515839035,0.24073461283917935,5.950906555090656,11.0,0.02080212838273385,0.0932242047317705,0.17205063412231808,0.025855528572240088,740.0,0.02580195258019526,6.166666666666667,7.663586337711316,1.0,88.0,4.0,7.369599166612947,0.7468696468661139,0.2527826326924846,3.0838563458856347,6.0,0.008755698932292583,0.04663344262620107,0.33301356604001336,0.054796584414305946,803.0,0.0179041248606466,5.3533333333333335,4.133822551693394,1.0,40.0,4.0,7.926086088404453,0.6870325446416106,0.3921439181383066,4.2098327759197325,10.0,0.010771250925905147,0.0383618416653377,0.24445896783727933,0.042511465265612475
40,ANGER,2,60,120,60,30,6.0,2.0,637.0,0.022210599721059973,5.308333333333334,7.763478422860607,2.0,98.0,4.0,7.346700732076899,0.747919665017951,0.17831011326049914,3.5182357043235704,8.0,0.010580822287073825,0.0635092099247215,0.2984326320518086,0.06057056648440405,665.0,0.023186889818688983,5.541666666666667,6.839707393026562,1.0,94.0,4.0,7.418204903105616,0.7240819775919732,0.23905489923558026,3.1804741980474196,6.0,0.009161656294316886,0.053643969890800836,0.32403292371304027,0.057318129164115765,788.0,0.017569676700111482,5.253333333333333,3.482693721181286,1.0,23.0,4.0,7.987109893700757,0.707634864397753,0.4339586153548637,4.479353400222966,10.0,0.011675682551083788,0.04047695187230712,0.22939914539821415,0.038977934300814844
40,ENTHUSIASM,0,0,60,60,30,8.0,4.0,590.0,0.020571827057182707,4.916666666666667,5.81461281791163,2.0,51.0,4.0,7.447398842309279,0.7091473454290297,0.22895728643216082,5.984658298465829,20.0,0.0209439424305287,0.07636631425782817,0.1899805061494329,0.046870443854513756,703.0,0.024511854951185495,5.858333333333333,6.3433637676621455,2.0,77.0,4.0,7.4352829302423995,0.7383594124936501,0.29585152838427947,3.3856694560669456,6.0,0.010023821243978763,0.0473154905080221,0.3042248754867715,0.05337535850385683,950.0,0.021181716833890748,6.333333333333333,6.424605478592095,1.0,54.0,4.0,7.771533762661733,0.7186076782921896,0.3709362231302185,3.647736900780379,7.0,0.008885023156981135,0.030006719610440987,0.2819214760040072,0.04898914861787819
40,ENTHUSIASM,1,30,90,60,30,8.0,4.0,617.0,0.021513249651324964,5.141666666666667,6.005269676616437,2.0,50.0,4.0,7.43054734636023,0.7272362511276763,0.24277204707249747,7.262168758716876,19.0,0.026311633439986867,0.08976046577646807,0.15175065087652653,0.03767856356131817,655.0,0.02283821478382148,5.458333333333333,6.693773018427067,1.0,92.0,4.0,7.424925934012208,0.7288276432705781,0.2364710136193805,3.191039051603905,6.0,0.009206046435310526,0.054669297268103434,0.32274588255269854,0.056676248092115765,853.0,0.019018952062430323,5.6866666666666665,4.877344450506739,1.0,50.0,4.0,7.888258462849039,0.6968446740475931,0.3703409992069786,4.063634336677815,10.0,0.01028065213650274,0.03492608684260426,0.2538908774032699,0.04573721996888982
40,ENTHUSIASM,2,60,120,60,30,8.0,4.0,613.0,0.021373779637377965,5.108333333333333,6.778391934833969,1.0,61.0,4.0,7.356913907643413,0.7164961284727459,0.19795816733067728,4.520955369595537,18.0,0.014793930124351,0.07150220671757314,0.2349340249557231,0.04539710935861238,704.0,0.024546722454672244,5.866666666666666,6.633165827030777,2.0,70.0,4.0,7.415165427964208,0.7471811009905667,0.27567195037904896,3.1937935843793586,6.0,0.009217620102434277,0.040208601610988284,0.3209907633522896,0.05206187869667525,803.0,0.0179041248606466,5.3533333333333335,3.6907752874189215,1.0,26.0,4.0,7.964118111666355,0.6972161377837849,0.41975085755551544,4.498639910813824,8.0,0.01174040238528128,0.044892681360933766,0.2281176334646303,0.03790816384736661
40,LIKING,0,0,60,60,30,8.0,3.0,580.0,0.020223152022315203,4.833333333333333,7.359045831869479,2.0,74.0,4.0,7.316193112950172,0.7243315887849725,0.15684476037606054,5.477231520223152,13.0,0.01881189714379475,0.08607459732096806,0.18872898078721584,0.032155000986815674,782.0,0.027266387726638773,6.516666666666667,7.083999968630404,2.0,48.0,4.0,7.334077580646452,0.7379859633089184,0.3616486068111455,3.713284518828452,7.0,0.011400355121127952,0.031672014730744186,0.2786273585147888,0.05272861210226792,1104.0,0.024615384615384615,7.36,8.119753690845554,2.0,68.0,4.0,7.6795711592444125,0.7193720927400945,0.37945715806279934,3.66164994425864,8.0,0.00893171122234442,0.034033889967252366,0.2822059158784167,0.051806412209634826
40,LIKING,1,30,90,60,30,8.0,3.0,766.0,0.026708507670850767,6.383333333333334,9.728123605757117,1.0,78.0,4.0,7.232165220972382,0.7767320100486695,0.17751937984496124,3.410599721059972,12.0,0.010128570256554505,0.04150210826488547,0.31174163128487997,0.06368806903026103,636.0,0.022175732217573223,5.3,4.559970760140171,1.0,27.0,4.0,7.5138939820952295,0.7280900480978526,0.35621414913957933,4.013005578800558,8.0,0.012659687305884699,0.04310772283708957,0.2557640177997767,0.042569157867684344,987.0,0.022006688963210702,6.58,6.048437814841118,1.0,59.0,4.0,7.802084232340338,0.715914885825891,0.42100954979536154,3.997748049052397,8.0,0.010059557211585222,0.0442575593802987,0.2579735807066882,0.04636860963379788
40,FEAR,0,0,60,60,30,6.0,2.0,591.0,0.020606694560669457,4.925,4.769106310410788,2.0,41.0,4.0,7.527062997331205,0.7254335953803233,0.28045157456922165,4.996164574616458,10.0,0.016790607456371672,0.07998021409120253,0.20307220354149927,0.025094524129392146,1542.0,0.05376569037656904,12.85,8.746570756587978,1.0,51.0,11.0,7.59410904235178,0.691717105804761,0.4940443667358759,4.195606694560669,12.0,0.013426918884708709,0.054633916710078174,0.24745454844536482,0.045442251130632196,969.0,0.02160535117056856,6.46,7.1153636590127975,1.0,53.0,4.0,7.6824850569888135,0.6966697084983104,0.34365541327124566,3.697257525083612,8.0,0.00905119974860273,0.0232175807958484,0.2790229389734915,0.051230586784919464
40,FEAR,1,30,90,60,30,6.0,2.0,589.0,0.020536959553695954,4.908333333333333,4.741652021067013,1.0,35.0,3.0,7.508543697370137,0.7044158204343758,0.2916,3.9450139470013945,8.0,0.012374008180678122,0.059950292195576474,0.2591349324621243,0.039455533050736895,1717.0,0.05986750348675035,14.308333333333334,13.540861514525416,1.0,77.0,10.0,7.369921447463858,0.6957927329237896,0.41569125810982543,3.561227336122734,11.0,0.010761459395473672,0.049768274647852495,0.29113377402314683,0.05084006212493325,820.0,0.018283166109253065,5.466666666666667,3.91436102349058,1.0,31.0,4.0,7.95382457006914,0.7074939721667909,0.4111726220432813,4.394671125975473,9.0,0.011391513845555283,0.046357152065266485,0.23370731666935238,0.03938283350507005
40,FEAR,2,60,120,60,30,6.0,2.0,625.0,0.02179218967921897,5.208333333333333,6.024112428860833,1.0,46.0,3.0,7.394655360129283,0.694310122731403,0.24824624194702935,3.600836820083682,11.0,0.010927885798670935,0.04011438292201993,0.2870247838195238,0.04918286997920563,1672.0,0.05829846582984658,13.933333333333334,14.923545899759286,2.0,87.0,9.0,7.2543511525046425,0.7235720626402169,0.40548086866597727,3.1288702928870293,8.0,0.008944833163390875,0.03228235243746879,0.3322849131473964,0.06363628812075181,831.0,0.018528428093645483,5.54,4.595113346443879,1.0,42.0,4.0,7.894403890231011,0.6956349720968524,0.37305475504322766,4.112865105908584,8.0,0.010445856060095918,0.035281081188799884,0.25055938167584235,0.04459776243637238
40,AMUSEMENT,0,0,60,60,30,6.0,2.0,599.0,0.02088563458856346,4.991666666666666,4.977442169986061,2.0,49.0,4.0,7.521850752959657,0.7337759749050632,0.27293064876957496,4.71115760111576,9.0,0.015593099164351936,0.07888733292327235,0.21670754230047376,0.0321844454986886,626.0,0.02182705718270572,5.216666666666667,4.25476856662681,2.0,35.0,4.0,7.552804412536286,0.735148555893138,0.3653366583541147,4.029044630404463,8.0,0.01272707827901035,0.048900891807773336,0.2546685460831892,0.04201891833240457,843.0,0.018795986622073577,5.62,4.814104278056303,2.0,35.0,4.0,7.869371792146591,0.7158244177586414,0.38095238095238093,3.984994425863991,8.0,0.010016759818335535,0.029213932588682528,0.2584078324284395,0.04573821406057006
40,AMUSEMENT,1,30,90,60,30,6.0,2.0,632.0,0.02203626220362622,5.266666666666667,5.78825439047809,2.0,65.0,4.0,7.479421072985617,0.7497987415192907,0.24966502903081733,3.6746513249651325,8.0,0.011238030777164424,0.0626745247490985,0.2820668190391692,0.05210887619358449,637.0,0.022210599721059973,5.308333333333334,4.455887179401601,2.0,39.0,4.0,7.543495293359845,0.7417562618410142,0.3545933294324166,3.8595885634588565,7.0,0.012015077997726286,0.04442908823312377,0.26531566242237536,0.042563772341277284,845.0,0.01884057971014493,5.633333333333334,4.268359039360313,1.0,31.0,4.0,7.92312743990102,0.712290521653844,0.39756317689530685,4.1290078037904125,8.0,0.010500026187216153,0.03654097452846566,0.2483283486683448,0.040795843942503594
40,AMUSEMENT,2,60,120,60,30,6.0,2.0,608.0,0.021199442119944213,5.066666666666666,5.206939813577859,1.0,39.0,4.0,7.491239762091867,0.7065683512174636,0.28292001397135874,7.491073919107392,27.0,0.027273419828182315,0.08794735993965605,0.1504890465241384,0.03888413964228586,700.0,0.024407252440725245,5.833333333333333,6.671248425561407,2.0,86.0,4.0,7.431100534409809,0.7477188527518419,0.27888583218707014,3.3374476987447697,8.0,0.009821208818255331,0.05132392210665573,0.3099477141799562,0.05691188326999826,861.0,0.01919732441471572,5.74,4.574465360381837,1.0,27.0,4.0,7.885009395159655,0.7039257165074099,0.406786703601108,4.342452619843924,8.0,0.011216283959207799,0.039525731343924016,0.23638334246768958,0.039675538954726745
40,SADNESS,0,0,60,60,30,5.0,2.0,609.0,0.021234309623430963,5.075,7.48126827483148,2.0,74.0,4.0,7.3373158921811585,0.7102705887337649,0.17449445531637311,10.869804741980474,35.0,0.04146976782344737,0.11092717945818463,0.10299055100263947,0.02791782010968358,654.0,0.02280334728033473,5.45,6.354591515851615,1.0,78.0,4.0,7.431046346913071,0.7322836380921627,0.25373904074265086,3.2880753138075316,6.0,0.009613761822720716,0.04356515260913703,0.3126138700770106,0.05331072404610348,843.0,0.018795986622073577,5.62,4.88353696958806,2.0,41.0,4.0,7.8601842225382565,0.7008431845761214,0.375,3.992129319955407,8.0,0.010040702415957744,0.03452404494944863,0.2575121729525199,0.04442449640300498
40,SADNESS,1,30,90,60,30,5.0,2.0,610.0,0.021269177126917713,5.083333333333333,6.082876695190269,2.0,46.0,4.0,7.413921030801303,0.7258016134380969,0.2250757466455057,7.548256624825663,19.0,0.02751368329758681,0.10030537260515199,0.1363492081659466,0.02237430508859729,647.0,0.022559274755927474,5.391666666666667,6.122766032512502,1.0,83.0,4.0,7.472332554869782,0.7376839488382883,0.2566757493188011,3.297873082287308,6.0,0.00965492891717357,0.054152175343396475,0.3120746686184939,0.054303326282931316,772.0,0.017212931995540692,5.1466666666666665,3.467730605966322,1.0,21.0,4.0,7.970035891890581,0.6909049378840401,0.42377622377622376,4.740245261984392,10.0,0.012551158597263055,0.04493022523341856,0.21675651459623382,0.036391281258565236
40,NEUTRAL,0,0,60,60,30,5.0,1.0,608.0,0.021199442119944213,5.066666666666666,5.828426507691039,2.0,59.0,4.0,7.446374672160645,0.7279502444259907,0.239120476408612,4.132601115760112,9.0,0.013162189562017274,0.0701494095190747,0.2506250454817004,0.0447826439782615,676.0,0.023570432357043234,5.633333333333334,5.930757868003792,1.0,62.0,4.0,7.4636890576697414,0.7480653446198481,0.29865361077111385,3.6161436541143654,8.0,0.010992200227371275,0.05788064754486542,0.28450368667942355,0.048995682794997664,951.0,0.02120401337792642,6.34,6.663662656527563,2.0,71.0,4.0,7.766082372739696,0.71859196720597,0.3260925121390238,3.5034782608695654,7.0,0.00840093376130727,0.03148882595211896,0.29325260615359117,0.0498350097689124
40,NEUTRAL,1,30,90,60,30,5.0,1.0,594.0,0.020711297071129706,4.95,6.617338337025444,2.0,67.0,4.0,7.375492767110176,0.7176552646002026,0.19813182475990002,6.250453277545327,16.0,0.02206072805691315,0.08777232772103788,0.17025622923380734,0.03706040100223527,609.0,0.021234309623430963,5.075,4.14258876388505,1.0,26.0,4.0,7.551871869752674,0.7233490750038065,0.36269544153270206,4.301708507670851,10.0,0.013872724822146435,0.04320719632878662,0.24073014135863852,0.04423853872838947,832.0,0.01855072463768116,5.546666666666667,4.66274120615283,1.0,55.0,4.0,7.897256460861884,0.70649398726364,0.36541737649063033,3.961716833890747,9.0,0.009938647093593118,0.04257739570315139,0.25984544094196776,0.045593440448255265
40,NEUTRAL,2,60,120,60,30,5.0,1.0,637.0,0.022210599721059973,5.308333333333334,6.332187396328555,1.0,49.0,4.0,7.4200071243792225,0.7337877667008722,0.23980942297511912,3.7788702928870292,10.0,0.01167592560036567,0.057630221070349236,0.2752283207549908,0.05009201476875318,622.0,0.021687587168758717,5.183333333333334,4.315636942818779,1.0,28.0,4.0,7.54498924002339,0.7307304056858366,0.35724622700020675,4.124302649930265,9.0,0.013127322058530526,0.05698893980790067,0.247972539794645,0.03852561194655235,984.0,0.02193979933110368,6.56,6.472485354689237,1.0,81.0,4.5,7.80588507993778,0.7253125056094082,0.4328370905997448,3.5878260869565217,7.0,0.008683980157572225,0.0457973799371471,0.28733424124903156,0.05136568947648252
40,AWE,0,0,60,60,30,8.0,3.0,666.0,0.023221757322175733,5.55,5.915164128463948,1.0,45.0,4.0,7.4495963183019,0.7516475753461825,0.27265181906211094,3.6546373779637378,7.0,0.01115393856287285,0.05313286142316506,0.27988222772914934,0.042815881544358475,703.0,0.024511854951185495,5.858333333333333,7.3940244266720025,1.0,95.0,4.0,7.377965936328165,0.7379838236598871,0.242682437850842,3.1205718270571827,6.0,0.008909965659904132,0.04504548471954107,0.3298921904256313,0.05703410983047114,1022.0,0.02278706800445931,6.8133333333333335,6.604429490038401,1.0,69.0,4.5,7.789030566238553,0.7271205305159276,0.40804229413649473,3.6458416945373466,7.0,0.008878663404487747,0.037314146476811326,0.28238333179482644,0.049303881203324705
40,AWE,1,30,90,60,30,8.0,3.0,619.0,0.021582984658298467,5.158333333333333,4.348363357504624,2.0,28.0,4.0,7.565800076932899,0.7126887461714603,0.34255626677679124,5.364330543933054,17.0,0.018337523293836356,0.06614525352192217,0.20284278991991933,0.043460462201674835,720.0,0.02510460251046025,6.0,7.051595564125895,1.0,79.0,4.0,7.4055189155954295,0.7462918953672643,0.281906553778614,3.3361576011157603,6.0,0.009815788239982196,0.05276705846767428,0.3092886606303191,0.055604344198463836,979.0,0.021828316610925307,6.526666666666666,5.386646039564466,2.0,28.0,4.0,7.847989029224499,0.7342104592033968,0.5872170439414115,4.447625418060201,10.0,0.011569212812282563,0.04782218039415276,0.2301737844251631,0.0362164488798438
40,DISGUST,0,0,60,60,30,6.0,3.0,581.0,0.020258019525801953,4.841666666666667,5.134841499230743,2.0,61.0,3.0,7.506433278080317,0.7124381094412968,0.2601927353595256,4.918793584379358,9.0,0.016465519262098143,0.08346082992215693,0.20668241596845344,0.027048740458098425,604.0,0.02105997210599721,5.033333333333333,4.15016733263719,1.0,33.0,4.0,7.553828548567276,0.7221663353253027,0.3451032644903398,4.002057182705718,8.0,0.012613685641620671,0.05124546794468615,0.25576276758226074,0.04051299441662563,864.0,0.019264214046822742,5.76,5.519275314749211,1.0,62.0,4.0,7.824888998552506,0.7004672442992036,0.3562543192812716,3.900624303232999,8.0,0.009733638601453015,0.036847535557885384,0.2650177246505629,0.04878998665740443
41,BASELINE,0,0,60,60,30,5.0,1.0,697.0,0.024302649930264993,5.808333333333334,6.992014294099297,2.0,62.0,4.0,7.392069866196094,0.7517887833948199,0.25808201345194187,3.626708507670851,8.0,0.011036590368364928,0.041826927689682394,0.2876457878799903,0.055881781007020535,1506.0,0.052510460251046026,12.55,11.523056596812033,1.0,60.0,10.0,7.405523864650082,0.729069552569667,0.41667666826692273,3.256729428172943,8.0,0.009482056420894723,0.04341689568170109,0.31538142418075327,0.04968362234722502,1133.0,0.025261984392419175,7.553333333333334,9.59481572980372,2.0,106.0,4.0,7.5931311532780175,0.7370044871329409,0.37072619384006783,3.2216276477146044,7.0,0.007455126334612767,0.03366680995377893,0.3198317434298586,0.05658027841014161
41,BASELINE,1,30,90,60,30,5.0,1.0,845.0,0.029463040446304045,7.041666666666667,9.06954228295024,2.0,60.0,4.0,7.250020637818524,0.7174767348629874,0.2692307692307692,3.429323570432357,8.0,0.010207241892572919,0.04133337714320705,0.30132968106650193,0.05278369815014842,1933.0,0.06739888423988842,16.108333333333334,19.94755450062878,2.0,109.0,10.0,7.135582031675387,0.6860172370686652,0.30146972827570073,3.871269177126918,11.0,0.012064156206415629,0.05385291892665703,0.2756349559184265,0.06144093724945479,1042.0,0.023232998885172797,6.946666666666666,7.805798414569064,1.0,75.0,4.0,7.678406993490434,0.7191805717899113,0.34917840375586856,3.5920624303233,7.0,0.00869819607491041,0.04324444805322268,0.28578732131711976,0.0474415541583384
41,BASELINE,2,60,120,60,30,5.0,1.0,692.0,0.02412831241283124,5.766666666666667,6.2991181040594,1.0,41.0,4.0,7.42044115787653,0.7401036417665836,0.2847394540942928,4.261576011157601,10.0,0.013704100887216832,0.05587456327301927,0.2417373213479558,0.04022176639240853,1228.0,0.04281729428172943,10.233333333333333,9.665862035477689,1.0,70.0,7.0,7.3999624055584405,0.7162428693769721,0.44940133037694013,5.116980474198048,12.0,0.017298237286546423,0.0744394794687491,0.20233466539654066,0.03543195712047613,941.0,0.020981047937569677,6.273333333333333,5.967575349801254,1.0,60.0,4.0,7.807058670729254,0.7273556962008078,0.359860248447205,3.8061092530657747,7.0,0.009416474003576415,0.04122144781359863,0.2700326918941862,0.04567078994265957
41,BASELINE,3,90,150,60,30,5.0,1.0,732.0,0.025523012552301255,6.1,6.711184694225007,2.0,53.0,4.0,7.417519404906019,0.7564693556704059,0.2839789888378201,4.0019874476987445,9.0,0.01261339263738968,0.06065218038446486,0.2597555310469291,0.0476887711771004,1872.0,0.06527196652719665,15.6,15.738170160472913,2.0,100.0,10.0,7.316478738214108,0.7195656890780391,0.40498475128825323,2.7335076708507673,6.0,0.007283645675843559,0.025064388716690377,0.3774854775617682,0.06655951943262366,813.0,0.018127090301003346,5.42,4.4079776163980995,1.0,35.0,4.0,7.880681061637521,0.7145001924173751,0.38537185003073143,4.1636120401337795,8.0,0.010616147785683821,0.04353763164138052,0.2460854211824948,0.0398732923263999
41,BASELINE,4,120,180,60,30,5.0,1.0,654.0,0.02280334728033473,5.45,5.451070231309322,2.0,38.0,4.0,7.494175853687196,0.7385195893134354,0.28443483631871525,6.681380753138075,13.0,0.023871347702260824,0.09540613921429494,0.1520656611057211,0.019416030952162242,1850.0,0.06450488145048815,15.416666666666666,15.649858004325647,2.0,93.0,10.0,7.31863788222781,0.7148158926545273,0.4046663455878418,3.213214783821478,8.0,0.009299221780762512,0.0370095950564415,0.3247090051159509,0.06260675689510381,883.0,0.01968784838350056,5.886666666666667,5.051120887706235,1.0,45.0,4.0,7.8503124428162785,0.7286296622742309,0.38614591009579957,4.081939799331104,9.0,0.010342079863527207,0.046345523425622495,0.2510495723816306,0.040517111529469345
41,BASELINE,5,150,210,60,30,5.0,1.0,832.0,0.02900976290097629,6.933333333333334,8.62190363099833,2.0,56.0,5.0,7.323823117583021,0.7825675827922004,0.25828101320632174,4.255090655509066,12.0,0.013676851493735563,0.06128151690102354,0.253792699727698,0.05457754585985422,1258.0,0.043863319386331937,10.483333333333333,10.458635453803499,2.0,56.0,6.0,7.333674568626098,0.7293125240698209,0.4267241379310345,3.4262900976290096,7.0,0.01019449620852525,0.03382465908169788,0.3003429032850035,0.05220068203708002,951.0,0.02120401337792642,6.34,6.098994452639987,1.0,52.0,4.0,7.756149233961585,0.7149762966468036,0.440795646462751,3.7513266443701228,7.0,0.009232639746208464,0.037599966188972433,0.2737953727757046,0.045929970577726895
41,BASELINE,6,180,240,60,30,5.0,1.0,857.0,0.02988145048814505,7.141666666666667,8.36490270249584,2.0,53.0,5.0,7.358772621683701,0.7961084634498011,0.2771595900439239,3.6919804741980475,7.0,0.011310842328563225,0.0593381812921106,0.27850402498526006,0.044225582360439365,1265.0,0.04410739191073919,10.541666666666666,12.58530613674358,2.0,76.0,5.0,7.168298256622869,0.7540513100509543,0.40534800656434017,3.1854253835425386,6.0,0.009182459594716549,0.028992749699760463,0.32463419509676184,0.06230324000859497,944.0,0.0210479375696767,6.293333333333333,6.077879747265671,1.0,54.0,4.0,7.756696435887175,0.7174766406137171,0.4404061491744164,3.758416945373467,8.0,0.009256432702595524,0.03861701715142825,0.2731796828738379,0.04592758716967493
41,BASELINE,7,210,270,60,30,5.0,1.0,831.0,0.02897489539748954,6.925,8.543674560749608,1.0,62.0,4.0,7.301867176295417,0.7309335967894038,0.2565226923920193,3.50707810320781,12.0,0.010533941610116853,0.0369823089974622,0.2976185660573991,0.05248793486170765,1024.0,0.03570432357043236,8.533333333333333,8.815642662651179,1.0,65.0,5.0,7.354371362714178,0.7514627327991513,0.38485915492957745,3.1922594142259415,7.0,0.009211174009352696,0.037405683502603905,0.3213761548630773,0.051832129735928927,944.0,0.0210479375696767,6.293333333333333,6.75282327787587,1.0,70.0,4.0,7.7310800834942786,0.7227257596630381,0.3464560277097237,3.5616276477146043,7.0,0.008596065931928203,0.04311082835751521,0.2885456577304308,0.04867788221051425
41,BASELINE,8,240,300,60,30,5.0,1.0,976.0,0.03403068340306834,8.133333333333333,11.187368869498414,1.0,83.0,4.0,7.1590748350544775,0.7023601068678945,0.24389245257267642,3.3423988842398886,7.0,0.00984201211865499,0.04101279199306826,0.3091464732562619,0.056032571066501675,796.0,0.027754532775453276,6.633333333333334,6.264893366122754,1.0,56.0,4.0,7.465214123384394,0.7499695225706746,0.388623015009789,3.5110878661087868,7.0,0.010550789353398253,0.046190213945189997,0.2927505861251689,0.049407981711969196,960.0,0.02140468227424749,6.4,6.258860386151247,2.0,59.0,4.0,7.782359868538791,0.7291286631328361,0.36998191681735987,3.785284280936455,8.0,0.009346591546766625,0.04417747381602729,0.2714014984570056,0.045818977501603776
41,ANGER,0,0,60,60,30,4.0,7.0,643.0,0.022419804741980475,5.358333333333333,6.4022077355306815,2.0,51.0,4.0,7.404678261116116,0.7418677623610388,0.2432327418728144,4.226743375174338,10.0,0.013557745273841765,0.06293455802906547,0.24617667662540096,0.046064945604788056,700.0,0.024407252440725245,5.833333333333333,7.653249128456634,1.0,102.0,4.0,7.368946839910052,0.7300508354094573,0.232520169035728,3.1364016736401674,8.0,0.008976477620336838,0.04832575920804527,0.3297738862159251,0.0598832531917053,870.0,0.01939799331103679,5.8,6.4182032792155574,2.0,73.0,4.0,7.743726401223334,0.7185089909641393,0.3059391598261709,3.5207357859531774,7.0,0.008458844919305963,0.03565098278923328,0.29193745326497833,0.05054895225500674
41,ANGER,1,30,90,60,30,4.0,7.0,590.0,0.020571827057182707,4.916666666666667,5.605181134946092,1.0,56.0,4.0,7.432730315984672,0.6538623044627182,0.2535767143561914,7.127022315202232,34.0,0.025743791240345506,0.07081577403565474,0.16469687894671842,0.04302568383011145,664.0,0.02315202231520223,5.533333333333333,7.394742877357009,2.0,104.0,4.0,7.389982928709971,0.738743831672268,0.2159423318010865,3.1466875871687585,7.0,0.009019695744406557,0.055440156781305164,0.32874147003562004,0.06014338227710394,775.0,0.017279821627647716,5.166666666666667,5.011874787830288,1.0,54.0,3.0,7.821651404973313,0.6848383387689881,0.32799771330570243,4.028628762541806,9.0,0.010163183766918807,0.04097909184867432,0.256287772842309,0.046856957522128824
41,ANGER,2,60,120,60,30,4.0,7.0,740.0,0.02580195258019526,6.166666666666667,8.446235190242389,2.0,83.0,4.0,7.304432466642647,0.7737960207078483,0.2124515503875969,3.5057880055788004,7.0,0.010528521031843709,0.05458979140810538,0.2973237844072546,0.05766796955189077,671.0,0.023396094839609485,5.591666666666667,7.670284472487894,2.0,106.0,4.0,7.368150039305257,0.7497565805623871,0.20589685435361404,3.1156903765690376,7.0,0.008889455363735444,0.054410098932675004,0.33098980303412956,0.057911171745001884,866.0,0.01930880713489409,5.773333333333333,5.377293825790896,2.0,62.0,4.0,7.835744785548556,0.7137513611741692,0.3676071302089482,3.775830546265329,8.0,0.00931486760491722,0.04044965445586087,0.27187357527770833,0.04571048165284668
41,ENTHUSIASM,0,0,60,60,30,6.0,4.0,647.0,0.022559274755927474,5.391666666666667,7.305586713072552,2.0,74.0,4.0,7.376945230357171,0.753242210821655,0.1927319922128488,5.125418410041841,14.0,0.017333690798495126,0.0727097574002936,0.20523340902788872,0.04451673265754502,1104.0,0.038493723849372385,9.2,10.510391683154978,1.0,69.0,6.0,7.245357771037847,0.7456175886818852,0.3780088753417903,3.263354253835425,7.0,0.009509891822837922,0.03800639330502615,0.3146958344268358,0.052753303423046544,1111.0,0.024771460423634338,7.406666666666666,10.101878813149343,1.0,102.0,4.0,7.571946628474068,0.7411171836379385,0.2809364548494983,3.036164994425864,6.0,0.006832768437670692,0.036118221400306294,0.3386436500077044,0.05722136905130163
41,ENTHUSIASM,1,30,90,60,30,6.0,4.0,618.0,0.021548117154811714,5.15,5.6622286542785725,1.0,45.0,4.0,7.436694500449301,0.6971148750003532,0.26294447910168434,6.115167364016736,23.0,0.02149229984880981,0.07752902985566672,0.18369300378291162,0.0451543166707669,891.0,0.03106694560669456,7.425,9.214266565133295,2.0,98.0,5.0,7.2978417323575595,0.7312030452206852,0.2743040281530824,3.389818688981869,7.0,0.010041254995722134,0.05256277551528531,0.30580101332731413,0.05707393217927989,908.0,0.02024526198439242,6.053333333333334,7.894121582263322,2.0,113.0,4.0,7.6964563388169625,0.7191526914878891,0.24734500574052812,3.2602229654403567,6.0,0.007584640823625358,0.04367235949472599,0.3165529103909229,0.05702777658949681
41,ENTHUSIASM,2,60,120,60,30,6.0,4.0,657.0,0.02290794979079498,5.475,6.454278296861186,2.0,61.0,4.0,7.41285780250847,0.7226034667569309,0.24713439979846327,5.153172942817294,19.0,0.01745030648242561,0.05824749602913666,0.21921607954823244,0.051750044959543155,802.0,0.02796373779637378,6.683333333333334,9.632828706506148,1.0,95.0,4.0,7.228693234318516,0.750794052054204,0.22729879564136876,2.9096931659693164,6.0,0.008023920865417292,0.03857452871752154,0.35321398641417345,0.05935065499004442,869.0,0.019375696767001113,5.793333333333333,5.866056786481207,2.0,51.0,4.0,7.768341373154943,0.7159284617251078,0.33933740752653585,3.664258639910814,7.0,0.008940465234600046,0.03438628570344589,0.28001183944174235,0.046726471239459
41,LIKING,0,0,60,60,30,6.0,5.0,580.0,0.020223152022315203,4.833333333333333,4.977170101797026,1.0,38.0,4.0,7.487351405708916,0.672257981722798,0.27367205542725176,7.270850767085077,30.0,0.026348112466744022,0.08847825335539676,0.1520040353109358,0.03419410765950772,679.0,0.023675034867503487,5.658333333333333,5.448234933342072,2.0,54.0,4.0,7.484490152278534,0.7420820541730798,0.33234200743494424,4.0826708507670855,9.0,0.01295239853263481,0.05202304649024229,0.25111737308115384,0.04052453526624566,1075.0,0.023968784838350056,7.166666666666667,9.376151781099868,2.0,119.0,5.0,7.65635850000603,0.7245285158487639,0.2703875656035527,3.174983277591973,6.0,0.007298601602657625,0.036945187103549666,0.32538641045216415,0.05944054992963339
41,LIKING,1,30,90,60,30,6.0,5.0,749.0,0.02611576011157601,6.241666666666666,9.946520189940243,1.0,94.0,4.0,7.205896074140229,0.761252085703647,0.17413596657804786,3.281450488145049,9.0,0.00958592642077751,0.04266196167779738,0.31972128086287377,0.06293865301040592,646.0,0.022524407252440724,5.383333333333334,6.602629947393857,1.0,92.0,4.0,7.440771669458407,0.728507842444905,0.2291950886766712,3.2043584379358436,6.0,0.009262010243427923,0.0540117120197453,0.32134831627579374,0.05602853652429578,807.0,0.0179933110367893,5.38,4.0499711933131906,2.0,31.0,4.0,7.926151409558688,0.7072793995382131,0.3868223519599666,4.294002229654404,9.0,0.011053698757229538,0.03939242010308557,0.23842183136733117,0.03782987327065388
41,FEAR,0,0,60,60,30,5.0,2.0,676.0,0.023570432357043234,5.633333333333334,7.650635412972063,2.0,64.0,4.0,7.332094059407263,0.7502899828418346,0.19820795588814494,3.449965132496513,9.0,0.010293971144943332,0.04755363159264097,0.30116343319759575,0.053731541637154746,1482.0,0.05167364016736402,12.35,19.791264908202983,2.0,201.0,7.0,7.062237944896017,0.7926819008779388,0.23436324893457006,2.2119944211994422,4.0,0.005092413534451439,0.03895152042443339,0.4613125678764182,0.0627413006080001,1424.0,0.031750278706800444,9.493333333333334,14.333060462518889,2.0,119.0,6.0,7.466289241736059,0.7677717356331849,0.2539268235842461,2.9018952062430325,6.0,0.006382198678667892,0.027072329453485994,0.3560764260919177,0.06318893504920305
41,FEAR,1,30,90,60,30,5.0,2.0,534.0,0.018619246861924687,4.45,4.267805837507918,2.0,38.0,3.0,7.552788141116535,0.6604590101714315,0.29046673286991065,18.084170153417016,41.0,0.07178222753536563,0.16452507899192603,0.05705240704654265,0.009358725640870893,664.0,0.02315202231520223,5.533333333333333,5.441251898434976,1.0,41.0,4.0,7.44819886399612,0.725115138476637,0.325918025293311,3.671059972105997,8.0,0.011222941059268899,0.03811552823125002,0.28035622403359467,0.04868967405187235,1124.0,0.025061315496098104,7.493333333333333,9.634484360301226,1.0,95.0,5.0,7.646372337967243,0.7400525085732013,0.26901328809725755,3.1918840579710146,7.0,0.007355315630775213,0.050296530181787764,0.32120282661252975,0.05032494030611123
41,FEAR,2,60,120,60,30,5.0,2.0,815.0,0.028417015341701535,6.791666666666667,9.572439460358169,2.0,82.0,4.0,7.282794929986923,0.7646500993307191,0.19050649020106897,3.0983612273361225,6.0,0.008816643812336652,0.03521844852615457,0.3320869331131908,0.056706356254596885,608.0,0.021199442119944213,5.066666666666666,5.303667494186347,1.0,53.0,4.0,7.475375315084577,0.7288297964298124,0.2780437756497948,3.5221408647140864,6.0,0.01059723052400877,0.047970393579474746,0.2914209061202399,0.049036522422716014,1001.0,0.022318840579710144,6.673333333333333,8.430892927534755,1.0,106.0,4.0,7.654933887451102,0.7317604783722831,0.2851110703139343,3.2281382385730213,6.0,0.007476973954943025,0.037943211163726426,0.3188051229289474,0.05508225057653346
41,AMUSEMENT,0,0,60,60,30,7.0,6.0,1056.0,0.03682008368200837,8.8,12.701443487520098,2.0,91.0,5.0,7.153154133677657,0.7866669520770739,0.259276706769097,3.347384937238494,8.0,0.009862961921170135,0.04052350298838245,0.3111633498043229,0.05927353343658332,1021.0,0.035599721059972105,8.508333333333333,10.848959883581262,2.0,116.0,5.0,7.246760168383083,0.7620005959216918,0.30151445617255623,2.8323570432357044,5.0,0.007698979173259259,0.04403694820550802,0.36294311811842955,0.06057483705109378,1237.0,0.02758082497212932,8.246666666666666,9.871465049435278,2.0,94.0,5.0,7.6387281128351034,0.7455754102933607,0.3441329884228828,3.1803790412486066,7.0,0.0073167081921094185,0.028592711068748524,0.323784790645972,0.055614109200382296
41,AMUSEMENT,1,30,90,60,30,7.0,6.0,913.0,0.03183403068340307,7.608333333333333,10.777519684767713,2.0,82.0,5.0,7.239881394406277,0.7952022592700967,0.22486481073502904,3.360006973500697,7.0,0.009915995686977723,0.045363507252365064,0.3087243573473014,0.05744676169195441,949.0,0.03308926080892608,7.908333333333333,10.665361248244503,2.0,102.0,6.0,7.253173168595574,0.7713359519158758,0.2547758091655944,2.899337517433752,5.0,0.007980409737116612,0.043705646642021576,0.35418923827759385,0.0568935893685596,1251.0,0.027892976588628764,8.34,10.22925868933489,1.0,105.0,5.0,7.630249374429984,0.7451060886120117,0.3733419085135461,3.1392419175027872,7.0,0.007178664152693918,0.03463167040724676,0.32858804132817987,0.05788948221923015
41,AMUSEMENT,2,60,120,60,30,7.0,6.0,856.0,0.0298465829846583,7.133333333333334,9.103051991258512,2.0,67.0,4.0,7.263672236589962,0.7235982715624661,0.24068711333421086,3.3541492329149234,6.0,0.009891383331575299,0.04292494030531945,0.30507823547415214,0.04801737447124338,892.0,0.03110181311018131,7.433333333333334,9.674910278079528,2.0,89.0,5.0,7.2520885172871346,0.7559122300255143,0.2823051087148665,3.170223152022315,6.0,0.009118584672362673,0.048189566128875344,0.32416510774776797,0.054551177408809104,1108.0,0.024704570791527315,7.386666666666667,9.93699261458024,1.0,138.0,5.0,7.643882093416897,0.738631239948334,0.26398026315789475,3.00247491638796,6.0,0.006719714484523358,0.04355417502687274,0.34340802745194987,0.06000669781399794
41,SADNESS,0,0,60,60,30,4.0,5.0,718.0,0.02503486750348675,5.983333333333333,7.188513213608377,1.0,56.0,4.0,7.3805838591638535,0.7622565614441054,0.2445035279680949,3.6093096234309625,9.0,0.01096348581273513,0.05800690157817013,0.28456696457367864,0.04568400991228048,1030.0,0.035913528591352856,8.583333333333334,7.814605271896691,1.0,36.0,5.0,7.398336582973248,0.7471346630450334,0.4591452539797873,3.8488145048814504,8.0,0.011969808844039706,0.044940165607243225,0.2669813733427549,0.04473694605228541,1007.0,0.02245261984392419,6.713333333333333,6.594276979994766,2.0,72.0,5.0,7.826982929377563,0.7531616117216212,0.33822091886608013,3.3962541806020066,6.0,0.00804112141141613,0.03506005505481984,0.3017463279289678,0.048566160304209495
41,SADNESS,1,30,90,60,30,4.0,5.0,589.0,0.020536959553695954,4.908333333333333,5.029903632829913,2.0,49.0,4.0,7.509339280983138,0.723374091746755,0.26526789059572875,6.324755927475593,13.0,0.022372924065023496,0.09525356549957335,0.16257783277862772,0.026860076676171973,888.0,0.03096234309623431,7.4,7.03609740315373,1.0,41.0,4.0,7.384230143092699,0.7455165993771101,0.4232622161046111,4.152475592747559,10.0,0.01324569576784689,0.044241743897968734,0.2526504863529234,0.05099654867827694,956.0,0.021315496098104795,6.373333333333333,5.685122885410852,2.0,46.0,5.0,7.84201303756732,0.73150199528957,0.3794692038057086,3.7094091415830546,7.0,0.009091976985178036,0.03138590128317284,0.2766290623929449,0.04605933643643242
41,SADNESS,2,60,120,60,30,4.0,5.0,617.0,0.021513249651324964,5.141666666666667,7.274150389488033,1.0,82.0,4.0,7.3618220352397055,0.6774218193378988,0.19606962380685009,12.092119944211994,50.0,0.046605545984084014,0.10466615794899779,0.09530432083870881,0.030154778422148656,1036.0,0.03612273361227336,8.633333333333333,9.237093097337976,1.0,60.0,5.0,7.29367094013599,0.7203337077657646,0.39675979500743924,4.0139818688981865,8.0,0.012663789365118435,0.05240980916895271,0.25718262528946817,0.04624683254113556,961.0,0.021426978818283166,6.406666666666666,5.559492382902917,2.0,56.0,5.0,7.859517910979723,0.7376735912544287,0.38354353132628155,3.7743366778149388,7.0,0.009309854623540071,0.04487148166129567,0.27119726765235214,0.04293583007515748
41,NEUTRAL,0,0,60,60,30,5.0,1.0,586.0,0.020432357043235705,4.883333333333334,5.961240549490424,1.0,55.0,4.0,7.4278611914054125,0.6858908168045131,0.22844036697247708,10.411645746164575,36.0,0.03954473002590157,0.10248926041369873,0.11249985702261142,0.03195490352715404,688.0,0.02398884239888424,5.733333333333333,5.95781466273965,1.0,37.0,4.0,7.399428568089726,0.7256343230343073,0.3532464076636509,3.7417015341701534,8.0,0.011519754345252748,0.03187006714567448,0.2760935217626423,0.05124163796142492,869.0,0.019375696767001113,5.793333333333333,6.847672759574761,1.0,91.0,4.0,7.733113502842851,0.7141461682624222,0.2860969729440129,3.451571906354515,7.0,0.008226751363605752,0.04165669146521236,0.29878551928703917,0.05377171906620013
41,NEUTRAL,1,30,90,60,30,5.0,1.0,585.0,0.020397489539748955,4.875,5.221849129698533,2.0,45.0,4.0,7.4904581578699325,0.7096598989985275,0.2529337425528074,6.5678172942817294,17.0,0.02339419031210811,0.08937233444866205,0.16177564231872926,0.03394489403260454,560.0,0.019525801952580194,4.666666666666667,3.3586538308607445,1.0,21.0,4.0,7.615678779925098,0.71344100465811,0.36982682712063397,4.623744769874477,10.0,0.015225818360817125,0.052736516532360764,0.2220185558534145,0.03659131057786985,740.0,0.01649944258639911,4.933333333333334,3.824773050638284,1.0,24.0,3.0,7.892568151040984,0.6796249394067742,0.37786483839373164,4.559264214046823,9.0,0.011943839644452423,0.04317257779223634,0.22446031047181653,0.035409062964528205
41,NEUTRAL,2,60,120,60,30,5.0,1.0,675.0,0.023535564853556484,5.625,8.094815727777048,2.0,77.0,4.0,7.3298857420722765,0.7668838024354618,0.1840691852526172,3.7021966527196652,8.0,0.011353767448401957,0.06092198125002218,0.2820757671762473,0.055211980953019886,692.0,0.02412831241283124,5.766666666666667,8.549106516018046,1.0,118.0,4.0,7.315222033687973,0.7464086166008188,0.1931394481730052,2.9668758716875874,6.0,0.008264184334821798,0.05378792635664027,0.34784161335345243,0.06137476267181357,906.0,0.02020066889632107,6.04,5.311471861295448,2.0,32.0,4.0,7.797491040578029,0.7180311997935382,0.5905887701750397,4.698795986622073,10.0,0.012412067069201591,0.05075857875720391,0.21752557517757906,0.03320883073669869
41,AWE,0,0,60,60,30,7.0,5.0,646.0,0.022524407252440724,5.383333333333334,7.374712800434258,2.0,58.0,4.0,7.321525485905816,0.7506412326840414,0.1945928617225903,5.433786610878661,12.0,0.018629355507893536,0.08606393324736818,0.18833637715300935,0.029158962678471494,793.0,0.027649930264993027,6.608333333333333,8.795638913057362,2.0,92.0,4.0,7.274959635794758,0.7483437176028379,0.25890321171072755,3.078207810320781,6.0,0.008731965589583116,0.03716756715500916,0.3347189157202028,0.059217065257072,1066.0,0.023768115942028985,7.1066666666666665,10.036697110548314,1.0,126.0,4.0,7.599033545429444,0.7190842233728342,0.24449583718778908,3.118773690078038,6.0,0.007109978825765228,0.03537165031530879,0.3311521551610734,0.06012550564341333
41,AWE,1,30,90,60,30,7.0,5.0,658.0,0.022942817294281728,5.483333333333333,7.719006124855425,1.0,67.0,4.0,7.328943422749305,0.7447248002192189,0.1912871287128713,4.1657949790794975,9.0,0.013301659575964275,0.0685890447454243,0.249450150734914,0.04803441529030983,723.0,0.025209205020920503,6.025,8.338127787459245,1.0,104.0,4.0,7.330330101902707,0.7487190528399044,0.21693386773547094,2.9794979079497907,6.0,0.008317218100629372,0.04999322087118986,0.3453054107271051,0.0585437394663555,799.0,0.0178149386845039,5.326666666666667,4.224526271929459,1.0,27.0,4.0,7.886138797714567,0.7066154848534936,0.39419628301271603,4.361404682274247,9.0,0.011279881484141765,0.042470275351473005,0.23497282346956747,0.03829420502119871
41,DISGUST,0,0,60,60,30,6.0,5.0,620.0,0.021617852161785217,5.166666666666667,4.968791491790422,2.0,29.0,3.0,7.498649408515304,0.7192286105098908,0.3164442841687703,5.280439330543933,12.0,0.0179850392039661,0.08061693357789622,0.1952795882023551,0.03288922028851143,724.0,0.025244072524407253,6.033333333333333,6.197356067083948,2.0,45.0,4.0,7.398473246849825,0.7338079834996639,0.33587786259541985,3.628905160390516,7.0,0.011045820001640828,0.031358773190837685,0.28379572508625817,0.050703264598383285,926.0,0.02064659977703456,6.173333333333333,6.803182261918968,2.0,66.0,4.0,7.737253109439374,0.7313757897960115,0.3254922014829967,3.5690746934225195,7.0,0.00862105601819637,0.03553304489072093,0.2879982639473769,0.04866069789085514
42,BASELINE,0,0,60,60,30,4.0,2.0,590.0,0.020571827057182707,4.916666666666667,4.943149018816065,1.0,38.0,4.0,7.506922726971672,0.6748010346586454,0.29925615105855424,17.432705718270572,51.0,0.06904498200954022,0.14948012843405253,0.061143951391909104,0.013716799779494852,2125.0,0.0740934449093445,17.708333333333332,18.015916959424764,1.0,107.0,12.0,7.3435451775273615,0.7009773572086218,0.36489644612781047,3.045502092050209,8.0,0.008594546605252983,0.027804988094626247,0.3441360763602166,0.07000878042650754,963.0,0.021471571906354514,6.42,6.088535675075466,2.0,49.0,4.0,7.792463035863181,0.7525764946532472,0.38766233766233765,4.032196209587514,8.0,0.01017515506572991,0.047662054253112866,0.25497045371941607,0.042950944296306776
42,BASELINE,1,30,90,60,30,4.0,2.0,550.0,0.019177126917712693,4.583333333333333,5.226667729591728,2.0,61.0,3.0,7.484305610371976,0.6768111213008967,0.2434749476090684,12.721722454672246,35.0,0.04925093468349684,0.12967940541035944,0.08725805320148305,0.02286827174548798,2217.0,0.07730125523012553,18.475,17.10139492361174,1.0,104.0,14.0,7.449885670604896,0.667123773908526,0.3380419031109065,2.7264644351464433,6.0,0.007254052248514466,0.023965298869259712,0.3773769450711747,0.062223635725870904,958.0,0.021360089186176143,6.386666666666667,6.054515303106893,1.0,45.0,4.0,7.777603881351935,0.7322876671939786,0.4019138755980861,4.081850613154961,9.0,0.010341780581056916,0.05112295450588792,0.25078842107929855,0.03898455669607462
42,BASELINE,2,60,120,60,30,4.0,2.0,635.0,0.02214086471408647,5.291666666666667,7.35968277547039,2.0,84.0,4.0,7.356666155299937,0.7476052107304549,0.18504065040650405,4.068933054393305,8.0,0.012894676699131535,0.07192456029473634,0.2542868836066176,0.046351186649354024,2438.0,0.08500697350069734,20.316666666666666,17.589761858030435,1.0,93.0,15.0,7.47575317800851,0.6483969583828841,0.3836289805513999,3.3147140864714086,8.0,0.009725689438955498,0.04663109516603754,0.30742342081156504,0.042121444475389354,1066.0,0.023768115942028985,7.1066666666666665,7.07403389556168,1.0,44.0,4.0,7.708034662649036,0.7334715896396379,0.4233732876712329,3.8644147157190636,8.0,0.009612129918520337,0.04201597885197644,0.2651396920881705,0.04250529390098699
42,BASELINE,3,90,150,60,30,4.0,2.0,607.0,0.02116457461645746,5.058333333333334,6.628594412761191,2.0,66.0,4.0,7.394081615061876,0.7356901569316697,0.19738883143743538,4.279218967921897,10.0,0.013778230957655029,0.06616405406482263,0.2426908179077805,0.045991056440243365,1967.0,0.06858437935843793,16.391666666666666,15.931779474441084,2.0,86.0,12.0,7.364533499608444,0.6814631336937186,0.39462245200381996,3.3046722454672244,8.0,0.009683496829694218,0.03871129817318976,0.3097449320570572,0.04774839644576251,937.0,0.020891861761426978,6.246666666666667,6.7788265126708245,2.0,65.0,4.0,7.715494862241881,0.7354439779911179,0.3419425861630959,3.493756967670011,7.0,0.008368311972047019,0.030633844553591454,0.29384557072367573,0.04946792289354687
42,BASELINE,4,120,180,60,30,4.0,2.0,563.0,0.019630404463040447,4.691666666666666,5.937586256683397,1.0,72.0,3.0,7.451944967491135,0.6815267463466893,0.20684736091298145,7.0630753138075315,28.0,0.025475106360535845,0.08280233366781843,0.1640694741322371,0.04358277616160512,1774.0,0.06185495118549512,14.783333333333333,15.458915083393,2.0,110.0,10.0,7.315309780015049,0.7137313983943258,0.3521805417003896,2.7467224546722453,6.0,0.0073391699776144785,0.036067046310614206,0.37374840676687454,0.06050097695911197,892.0,0.01988851727982163,5.946666666666666,5.972477617278185,1.0,53.0,4.0,7.75663132189813,0.7093359565015722,0.3662808562941719,3.8510144927536234,8.0,0.00956716272736116,0.03722888569781403,0.26727962381324705,0.046779869817713586
42,BASELINE,5,150,210,60,30,4.0,2.0,574.0,0.0200139470013947,4.783333333333333,7.605023924281165,2.0,109.0,3.0,7.3661632270869255,0.7244788177141608,0.1442054433713784,3.1217224546722453,7.0,0.008914800229715327,0.0627340468980395,0.33140635086916376,0.058846831527143935,2179.0,0.075976290097629,18.158333333333335,19.767184858300443,1.0,95.0,11.0,7.193616991058722,0.7199172183062745,0.43723673125526535,3.129358437935844,8.0,0.008946884193007746,0.03921532517853683,0.33164949003540645,0.06167780703359211,848.0,0.018907469342251952,5.653333333333333,5.6973522115296875,1.0,53.0,4.0,7.7708427658795,0.7077152276847349,0.344412932501418,3.826577480490524,8.0,0.009485159330505115,0.031506744828621626,0.26851049326093035,0.046454166003023566
42,BASELINE,6,180,240,60,30,4.0,2.0,609.0,0.021234309623430963,5.075,7.992874430808147,1.0,86.0,4.0,7.3092623831826256,0.6834914030597313,0.16288923925896728,12.246617852161785,47.0,0.047254696857822624,0.11646741166063161,0.0924220999112361,0.02464270000292963,1169.0,0.04076011157601116,9.741666666666667,10.227410745421128,1.0,56.0,5.0,7.283457570928722,0.7350672843338034,0.46743665188177946,4.064191073919107,11.0,0.012874752411424821,0.04637247782698108,0.2579955559628692,0.05454319502191935,768.0,0.017123745819397993,5.12,4.9482926348388085,1.0,66.0,4.0,7.8503116869975,0.6935160128467774,0.31154014918824047,3.799197324414716,8.0,0.009393279612129915,0.04588142019180843,0.2712729216495202,0.04844807075210505
42,BASELINE,7,210,270,60,30,4.0,2.0,540.0,0.01882845188284519,4.5,6.177917664283546,1.0,77.0,3.0,7.413575201938643,0.6462129262241586,0.18964451313755795,15.8918410041841,43.0,0.06257076052178195,0.15692178061819484,0.06436633842954023,0.00877351452320077,744.0,0.02594142259414226,6.2,5.8603185351423805,1.0,44.0,4.0,7.447006126143632,0.7463323398448563,0.3713391739674593,3.6482217573221756,7.0,0.01112698217362259,0.035546263698498774,0.2819876074474331,0.0496083472151724,761.0,0.01696767001114827,5.073333333333333,4.5593810496114004,1.0,50.0,4.0,7.872997633248669,0.7040965399908461,0.3319395303956256,3.952196209587514,8.0,0.00990669868989099,0.04032575966256209,0.26003846520285095,0.04463838361287193
42,BASELINE,8,240,300,60,30,4.0,2.0,608.0,0.021199442119944213,5.066666666666666,6.231283085279379,1.0,61.0,4.0,7.423079746586449,0.7220459256500987,0.21620863712843522,4.956729428172943,16.0,0.01662491356375186,0.07417845954255553,0.21639861495293447,0.04487356190521297,760.0,0.026499302649930265,6.333333333333333,6.2186993995707995,1.0,39.0,4.0,7.408922179974872,0.7403488391438143,0.3498964803312629,3.6428521617852163,7.0,0.011104420847837046,0.02896275280292924,0.2818291214611577,0.048119725611054764,777.0,0.017324414715719064,5.18,4.782007946459311,2.0,51.0,4.0,7.85381158846382,0.7088883586841981,0.33782569631626236,3.9369453734671125,8.0,0.00985552138747352,0.0461802044886334,0.26137020539250483,0.04547583757669128
42,ANGER,0,0,60,60,30,2.0,6.0,609.0,0.021234309623430963,5.075,5.179547116624516,2.0,39.0,4.0,7.491478915506004,0.7328406728301099,0.26837396947903874,4.014714086471408,9.0,0.01266686590954373,0.05522532501117635,0.2573553551898976,0.04443463193857358,664.0,0.02315202231520223,5.533333333333333,6.379568080120228,2.0,82.0,4.0,7.428883951518262,0.7396108495078906,0.26146440334431215,3.3078800557880057,6.0,0.009696975024319349,0.047158492754235004,0.31147868647032045,0.05515074174572725,784.0,0.017480490523968786,5.226666666666667,4.697725217828543,2.0,58.0,4.0,7.8806385474342395,0.7001970030235541,0.3432971014492754,3.930345596432553,8.0,0.009833374484672993,0.04172841056113041,0.26213272543664773,0.04687859362987572
42,ANGER,1,30,90,60,30,2.0,6.0,628.0,0.02189679218967922,5.233333333333333,5.6083766714521675,1.0,50.0,4.0,7.48180520561731,0.7385242420222106,0.2583553551997513,5.711401673640167,12.0,0.019795805351429274,0.0839863135022578,0.18012676213372833,0.030446245730620648,703.0,0.024511854951185495,5.858333333333333,7.5142041420824395,1.0,80.0,4.0,7.356988210307757,0.7415450664904146,0.2396231969384751,3.10826359832636,6.0,0.008858250413135966,0.047159823495761796,0.3303422723211971,0.05471675882261415,749.0,0.01670011148272018,4.993333333333333,3.4957053015887305,1.0,27.0,4.0,7.962861964510423,0.690135287007836,0.402363184079602,4.484169453734671,9.0,0.011691843804478755,0.03875636459237805,0.22904786312864786,0.039113454613587284
42,ENTHUSIASM,0,0,60,60,30,7.0,6.0,584.0,0.020362622036262202,4.866666666666666,4.42235482771591,1.0,30.0,4.0,7.547168310679529,0.672191504242011,0.3276872964169381,21.400174337517434,52.0,0.08571501822486317,0.1747067635858049,0.04759759169965396,0.0063978922052439205,663.0,0.02311715481171548,5.525,7.067487177208036,1.0,97.0,4.0,7.398320186869284,0.730605970024078,0.22848565710473648,3.1038702928870294,6.0,0.008839791146584152,0.053408769058231644,0.331489477553369,0.05738857580658019,851.0,0.018974358974358976,5.673333333333333,5.858323613078707,1.0,56.0,4.0,7.762063066330259,0.6884773681574213,0.33435616438356164,3.8017614269788185,8.0,0.009401883983150394,0.03101818696245901,0.27149246247121,0.04967134516010432
42,ENTHUSIASM,1,30,90,60,30,7.0,6.0,574.0,0.0200139470013947,4.783333333333333,5.224435110346594,2.0,67.0,4.0,7.514170454664416,0.6964352784953501,0.2522489443730494,8.39721059972106,27.0,0.03108071680555068,0.09975450392123424,0.13299961756271322,0.03366881957749326,707.0,0.024651324965132497,5.891666666666667,7.280448513351054,2.0,81.0,4.0,7.372032745890255,0.7416366727735361,0.2456461961503208,3.0894351464435146,6.0,0.00877913927077107,0.0403836129693247,0.3319001716970638,0.054119479136015974,735.0,0.016387959866220735,4.9,3.248076353782343,2.0,22.0,4.0,7.972675194348692,0.7065697581285817,0.41807147673634526,4.943522853957637,10.0,0.013233298167643083,0.04936846104388156,0.2079381730488691,0.03534742202014279
42,LIKING,0,0,60,60,30,7.0,6.0,609.0,0.021234309623430963,5.075,5.590412179198716,2.0,43.0,4.0,7.475187897809965,0.7383414828431144,0.25176508344030807,4.516317991631799,8.0,0.01477444534299075,0.07575601639027758,0.22752661386817497,0.03737121974962174,693.0,0.02416317991631799,5.775,6.656403558479108,2.0,79.0,4.0,7.401054424068251,0.7465889389695005,0.2705773243681892,3.23465829846583,6.0,0.009389320581789201,0.04145809083210622,0.3175796640172736,0.05389620453253235,916.0,0.020423634336677814,6.1066666666666665,6.972944539830756,2.0,69.0,4.0,7.725101309238051,0.7204809375742637,0.2972182775039679,3.5298550724637683,7.0,0.008489446551891842,0.029804355773883393,0.29192362987808307,0.05212835997663623
42,LIKING,1,30,90,60,30,7.0,6.0,656.0,0.02287308228730823,5.466666666666667,6.686969085883047,2.0,70.0,4.0,7.428657307664855,0.7513898254720389,0.22601253616200578,4.923152022315202,11.0,0.016483832026534466,0.07028971262301556,0.21262518957786167,0.04520141240137908,657.0,0.02290794979079498,5.475,5.753929816510915,1.0,56.0,4.0,7.465683959214363,0.7441716353248861,0.28641689570374657,3.565411436541144,7.0,0.010779039649332538,0.05933888073841262,0.28790690169269395,0.04780759541342463,789.0,0.017591973244147158,5.26,5.0112273945611365,1.0,65.0,4.0,7.8527038808139675,0.7013994422159131,0.3253367003367003,3.8246376811594205,8.0,0.00947864993677658,0.045240383674202994,0.2692567426347022,0.04762422873135159
42,FEAR,0,0,60,60,30,6.0,5.0,560.0,0.019525801952580194,4.666666666666667,4.868835133330719,1.0,45.0,4.0,7.503637305742275,0.6520654967822436,0.27194773376888526,11.202405857740585,39.0,0.04286725150311171,0.10999582076094912,0.10311559106162808,0.028751949594916535,614.0,0.021408647140864715,5.116666666666666,4.092031551958296,1.0,30.0,4.0,7.5537434173716616,0.7194425744641978,0.36764381750055103,4.069839609483961,8.0,0.01289848575413429,0.045487867901367,0.2521283151095209,0.04258387516962582,804.0,0.017926421404682275,5.36,4.813564168056764,1.0,49.0,4.0,7.860023970031243,0.7044625189889748,0.3510958315427589,3.892798216276477,8.0,0.00970737656468617,0.03243974800518963,0.2640375784209984,0.04568212369818811
42,FEAR,1,30,90,60,30,6.0,5.0,562.0,0.019595536959553697,4.683333333333334,5.2471950178696005,2.0,65.0,3.0,7.504485501183474,0.708053118411082,0.23502046892445105,6.899511854951186,16.0,0.02478786493676969,0.09614091506391176,0.15550052797612313,0.035912795215428145,660.0,0.02301255230125523,5.5,6.467869303977419,1.0,87.0,4.0,7.436097424770525,0.7324115675520287,0.25269086357947435,3.2851115760111576,6.0,0.00960130914290402,0.051058434657804214,0.31367041355844943,0.055282789514919904,748.0,0.016677814938684504,4.986666666666666,3.9140544480400656,1.0,30.0,4.0,7.9148965059564755,0.695550155592883,0.38125,4.297792642140468,8.0,0.011066418262216332,0.03795423825650795,0.23867799633351575,0.03975839085997273
42,FEAR,2,60,120,60,30,6.0,5.0,626.0,0.02182705718270572,5.216666666666667,6.356339792329824,1.0,58.0,4.0,7.4182902727522,0.7328810460757904,0.2219551282051282,7.085181311018131,19.0,0.02556798870175685,0.08818960240448427,0.15212756153501897,0.03654717530083691,694.0,0.024198047419804743,5.783333333333333,7.4829621288779915,2.0,99.0,4.0,7.383173859244739,0.7566126339459789,0.2318956071321845,3.1048814504881452,6.0,0.008844039707933382,0.052947243281899245,0.33182286348005885,0.0580061068322151,880.0,0.019620958751393535,5.866666666666666,5.1214147350989725,1.0,32.0,4.0,7.823091130460219,0.7072655170972353,0.5914567360350493,4.524726867335563,11.0,0.011827942507837471,0.04396654831738552,0.22764474454434833,0.039386888381399296
42,AMUSEMENT,0,0,60,60,30,7.0,6.0,614.0,0.021408647140864715,5.116666666666666,6.1929843819886665,2.0,51.0,4.0,7.4192959903502675,0.7386307995477426,0.22131837307152874,4.398047419804742,7.0,0.014277510167246814,0.07859423773136656,0.230999997505001,0.02993531086764734,691.0,0.02409344490934449,5.758333333333334,6.911941156835433,1.0,66.0,4.0,7.380956125034491,0.7469912038294212,0.25440638510143,3.4381799163179916,6.0,0.010244453429907525,0.03616459761460145,0.299292078460833,0.052911030701370695,945.0,0.021070234113712373,6.3,6.287818911726599,1.0,61.0,4.0,7.778185342008831,0.7154259389616294,0.38093061522991134,3.763901895206243,8.0,0.009274838574517592,0.03592430032468208,0.2739402530930992,0.04889906177871939
42,AMUSEMENT,1,30,90,60,30,7.0,6.0,642.0,0.022384937238493725,5.35,7.3786290506209,2.0,87.0,4.0,7.388059392212424,0.7484385785646258,0.1894702980913575,3.8423988842398886,9.0,0.011942852454789451,0.06326227420674439,0.27223341366661274,0.05515675804967051,590.0,0.020571827057182707,4.916666666666667,3.907435931087745,1.0,30.0,4.0,7.563126429005123,0.7162457682412015,0.35047067342505434,4.034937238493724,8.0,0.012751837136528242,0.045256421254740664,0.25385912670397043,0.04106719388021264,837.0,0.01866220735785953,5.58,5.2220940882625495,2.0,69.0,4.0,7.869625851696544,0.7072539146985438,0.332786471479051,3.752040133779264,7.0,0.009235034005970692,0.04220311185032861,0.274653574637471,0.04903568274112144
42,AMUSEMENT,2,60,120,60,30,7.0,6.0,634.0,0.02210599721059972,5.283333333333333,6.656054052932229,1.0,61.0,4.0,7.388111714193659,0.7355656527196978,0.21812749003984064,5.0661087866108785,12.0,0.017084490700045713,0.07575496683473348,0.21008325646735546,0.04590299496278769,547.0,0.01907252440725244,4.558333333333334,3.0694620411763074,1.0,22.0,4.0,7.636485140572999,0.7149743339449223,0.3948651283717907,8.25118549511855,22.0,0.030467165945876246,0.09365476010121675,0.12894196684972326,0.028032512243907473,817.0,0.01821627647714604,5.446666666666666,4.731506689792962,1.0,53.0,4.0,7.87760436918013,0.6893065707323682,0.3729080246030611,4.042497212931996,8.0,0.01020972219104697,0.03903847520589854,0.2551177873477742,0.04625088702800915
42,SADNESS,0,0,60,60,30,3.0,6.0,627.0,0.02186192468619247,5.225,5.340041354396675,1.0,53.0,4.0,7.50081437913677,0.7400815307588184,0.27128973809915996,4.389644351464435,8.0,0.014242203157413601,0.07240202057111453,0.23487092295755016,0.04127255990943005,696.0,0.024267782426778243,5.8,6.8999999999999995,1.0,88.0,4.0,7.393013112401677,0.7383849411518646,0.268389662027833,3.203661087866109,6.0,0.009259080201118102,0.05005402142176428,0.32133074238205095,0.056385233984030295,920.0,0.020512820512820513,6.133333333333334,7.347259504211228,1.0,102.0,4.0,7.729466155661327,0.7012561180389503,0.29017160686427457,3.412263099219621,6.0,0.008094842614830944,0.04360225051671421,0.30309422837147654,0.056649191792330474
42,SADNESS,1,30,90,60,30,3.0,6.0,573.0,0.01997907949790795,4.775,5.805116277905207,2.0,74.0,4.0,7.462158665067147,0.7002693818415264,0.2194296761720638,10.739121338912135,26.0,0.040920677894588794,0.1273939672319478,0.09590248738247215,0.01448639520315794,690.0,0.02405857740585774,5.75,7.017537554821729,2.0,69.0,4.0,7.377557210906664,0.7461157284389383,0.25503428758027646,3.15,6.0,0.009033613445378154,0.040450613223569194,0.32574689662616585,0.05376603397412753,784.0,0.017480490523968786,5.226666666666667,3.8351821628473166,2.0,30.0,4.0,7.9381180298500595,0.6883852122384915,0.4048913043478261,4.529944258639911,8.0,0.011845450532348695,0.036470491646250894,0.22727278806995543,0.040140084319248814
42,SADNESS,2,60,120,60,30,3.0,6.0,605.0,0.02109483960948396,5.041666666666667,8.174549766738766,1.0,78.0,4.0,7.275802609504132,0.7283426713918705,0.14420871559633028,4.389504881450488,10.0,0.01424161714895163,0.07642536609005723,0.23317061408973275,0.03257698908700158,682.0,0.02377963737796374,5.683333333333334,6.726791376445551,1.0,87.0,4.0,7.408578009272484,0.7346783907066431,0.261247680890538,3.2199790794979077,6.0,0.00932764319116768,0.050394954030476447,0.31971014142953463,0.05589244919586113,859.0,0.01915273132664437,5.726666666666667,5.821679788132937,1.0,80.0,4.0,7.831957440222661,0.7079661294954036,0.32349081364829396,3.6535340022296543,7.0,0.008904476517549182,0.044628016560963546,0.28249588468556014,0.05156846107572905
42,NEUTRAL,0,0,60,60,30,5.0,3.0,629.0,0.021931659693165968,5.241666666666666,6.618781148284697,2.0,53.0,4.0,7.381810427329198,0.7476168193373146,0.2097160883280757,4.883960948396095,12.0,0.016319163648723087,0.07800584362652013,0.21022231407478928,0.031421791849796515,676.0,0.023570432357043234,5.633333333333334,6.164323879298434,1.0,78.0,4.0,7.446587494928512,0.7268246349024212,0.28081123244929795,3.321652719665272,6.0,0.009754843359938118,0.04740376990039489,0.3098456614266212,0.05410161689914536,861.0,0.01919732441471572,5.74,6.632676684416329,1.0,91.0,4.0,7.754806737964268,0.7120446463638413,0.2817415730337079,3.481895206243032,7.0,0.008328507403500112,0.04084116505794833,0.2963352945178148,0.05380435299632366
42,NEUTRAL,1,30,90,60,30,5.0,3.0,661.0,0.02304741980474198,5.508333333333334,6.384219912322013,1.0,50.0,4.0,7.433581935280039,0.7405639144156541,0.24507686443908017,8.851569037656903,26.0,0.032989785872508,0.10317755485074664,0.12263369955501803,0.02900222284209382,699.0,0.024372384937238492,5.825,5.606785323754305,1.0,32.0,4.0,7.425434247227345,0.7285136486973027,0.3833449965010497,3.7989539748953973,8.0,0.011760310818888231,0.03280330252251223,0.27154471094884786,0.049240335626289926,751.0,0.016744704570791528,5.006666666666667,3.722896124733479,1.0,27.0,4.0,7.9232475355124485,0.6880153426031516,0.38502358490566035,4.415919732441472,9.0,0.011462817894098908,0.0446027859998046,0.23212675009745046,0.038058712578812055
42,NEUTRAL,2,60,120,60,30,5.0,3.0,592.0,0.020641562064156207,4.933333333333334,4.422920101270451,2.0,38.0,4.0,7.560206798736596,0.6832105917100424,0.3361847733105218,17.63671548117155,46.0,0.06990216588727541,0.1563000309255633,0.05847084691472138,0.010194359301044328,610.0,0.021269177126917713,5.083333333333333,3.8385833613746394,2.0,24.0,4.0,7.579355795668613,0.7406861799085686,0.39375440244188775,4.370292887029288,9.0,0.014160894483316335,0.04497153085046713,0.2353441685002741,0.04016502738301218,735.0,0.016387959866220735,4.9,3.395585369269929,1.0,21.0,4.0,7.954255413562477,0.7029734937691594,0.40143603133159267,4.729721293199554,10.0,0.012515843265770328,0.04549679702010401,0.21644318619604117,0.03452224753161279
42,AWE,0,0,60,60,30,7.0,6.0,569.0,0.01983960948396095,4.741666666666666,4.701056323376221,2.0,35.0,3.0,7.508558660064412,0.7052698911926853,0.2779753189709266,5.496617852161785,15.0,0.0188933523200075,0.0827462773617413,0.1909610564727012,0.03750089210750145,627.0,0.02186192468619247,5.225,3.9988800515477663,1.0,30.0,4.0,7.571057889154837,0.7219495083233473,0.38222416812609455,4.065411436541144,7.0,0.012879879985466991,0.04633269963070187,0.2518331489718715,0.04039416670908541,976.0,0.021761426978818284,6.506666666666667,8.416845542653666,1.0,85.0,4.0,7.6265219540874885,0.7145975390512247,0.2904193487907006,3.425975473801561,7.0,0.008140857294636107,0.028601279538699675,0.3016211929831699,0.05640187593937221
42,AWE,1,30,90,60,30,7.0,6.0,603.0,0.02102510460251046,5.025,4.4934442988276455,2.0,35.0,4.0,7.550275374686532,0.698022958157086,0.32783505154639175,12.419595536959553,30.0,0.047981493852771215,0.13124148517561923,0.08380802868545688,0.015677128325068495,596.0,0.02078103207810321,4.966666666666667,3.664999621039847,2.0,24.0,4.0,7.595397126310048,0.7319032004038398,0.3825452716297787,4.385076708507671,9.0,0.014223011380284345,0.04686687491190371,0.23458632159571416,0.04000602001274698,753.0,0.016789297658862876,5.02,3.625778077415476,1.0,25.0,4.0,7.948187707897877,0.7085150398297255,0.3870774154830966,4.4051282051282055,9.0,0.011426604715195318,0.03812590646852002,0.23319648414970742,0.03928538192194534
42,DISGUST,0,0,60,60,30,2.0,7.0,700.0,0.024407252440725245,5.833333333333333,6.95561324079736,2.0,59.0,4.0,7.392406526600599,0.7530812632228463,0.2484492327783219,6.364574616457461,16.0,0.022540229480913714,0.08461359352213271,0.1688861792598206,0.036901523705544746,639.0,0.022280334728033473,5.325,4.270367860813242,2.0,27.0,4.0,7.551990655462012,0.7357281171691338,0.3719709208400646,3.9812064156206417,8.0,0.012526077376557329,0.043346546436299614,0.2570126242764464,0.040947324842477366,844.0,0.018818283166109253,5.626666666666667,4.610924226467208,1.0,43.0,4.0,7.891805093654289,0.7081860510695668,0.3848322526078376,4.0777257525083614,8.0,0.010327938766806584,0.03896030012150797,0.2522103060928573,0.04346592144194527
43,BASELINE,0,0,60,60,30,5.0,2.0,682.0,0.02377963737796374,5.683333333333334,6.99759879450722,1.0,65.0,4.0,7.357820333325943,0.7180256770645058,0.23318632855567806,3.5056485355648537,12.0,0.01052793502338174,0.04189194589243116,0.2960430952162182,0.05099846134978304,661.0,0.02304741980474198,5.508333333333334,6.290198504198593,1.0,80.0,4.0,7.449258837953912,0.7435057963610503,0.25698757763975155,3.303626220362622,7.0,0.009679101766229496,0.04804511014804914,0.31125432287775406,0.053161609451979404,1039.0,0.023166109253065774,6.926666666666667,7.1968480755273845,1.0,52.0,4.0,7.66599709882388,0.710326388420263,0.47713075321318305,3.6844816053511704,8.0,0.009008327534735476,0.02939458608924234,0.2788968288130164,0.0478420903968614
43,BASELINE,1,30,90,60,30,5.0,2.0,562.0,0.019595536959553697,4.683333333333334,5.2906888860420525,1.0,45.0,3.0,7.443242064991376,0.6675957776787885,0.2414809357156014,7.414818688981869,28.0,0.026953019701604485,0.08322888991287397,0.15493487666838612,0.041196702311833304,686.0,0.02391910739191074,5.716666666666667,6.4124661575888435,1.0,64.0,4.0,7.430643540534412,0.7421305339680496,0.27282741738066096,3.536715481171548,8.0,0.010658468408283805,0.053118797248053955,0.2917159763131266,0.05169882409887327,1035.0,0.023076923076923078,6.9,7.129048557369583,2.0,60.0,4.0,7.698224043495534,0.7257901864162366,0.45994173343044426,3.7290523968784837,7.0,0.009157893949256656,0.03403557975167458,0.2758107273304216,0.04837941614001316
43,BASELINE,2,60,120,60,30,5.0,2.0,570.0,0.0198744769874477,4.75,5.36073688964493,2.0,46.0,3.0,7.4634190261702775,0.6892950200287157,0.23899033297529537,5.497768479776848,20.0,0.01889818688981868,0.06312926585261656,0.20506039020248792,0.04854041059601659,660.0,0.02301255230125523,5.5,5.602826667555107,1.0,70.0,4.0,7.49350951221148,0.7415608156756023,0.3019147988719014,3.5259414225941423,8.0,0.010613199254597243,0.05504546738132399,0.29231576849127006,0.05184477869356086,805.0,0.017948717948717947,5.366666666666666,4.765034685661328,1.0,41.0,4.0,7.836590864433597,0.7038567513490629,0.3563068920676203,4.13933110367893,9.0,0.010534668133150783,0.04581542049224364,0.24772551276616064,0.04073219834960167
43,BASELINE,3,90,150,60,30,5.0,2.0,556.0,0.019386331938633195,4.633333333333334,4.74593393220859,2.0,42.0,3.0,7.521711533628967,0.6893441003477011,0.2674147787423248,6.819874476987447,24.0,0.024453254104989275,0.08233443198850353,0.16308618938734398,0.03982320840157647,616.0,0.021478382147838215,5.133333333333334,4.627694410346859,1.0,35.0,4.0,7.516305617945908,0.7243612692147491,0.321931196247068,3.897629009762901,8.0,0.012174911805726473,0.03740687644861052,0.2635970871116122,0.045225649632897096,713.0,0.015897435897435898,4.753333333333333,3.2943115955976126,2.0,22.0,4.0,7.952835501336372,0.7052724361694951,0.3903345724907063,5.006309921962096,11.0,0.013443993026718438,0.04641388766092624,0.20583714966842123,0.03627304754867123
43,BASELINE,4,120,180,60,30,5.0,2.0,544.0,0.01896792189679219,4.533333333333333,4.847565253700964,1.0,43.0,3.0,7.498054157105312,0.6769380703589793,0.2479966258962463,5.50418410041841,23.0,0.018925143279068947,0.06612108775473478,0.2030403565176104,0.04742920795129848,586.0,0.020432357043235705,4.883333333333334,3.90871533314407,1.0,27.0,3.0,7.5712982952803625,0.7237894943426475,0.35118033584813824,4.089679218967922,9.0,0.012981845457848407,0.04806730265196332,0.25061865722407545,0.04081739227173109,905.0,0.020178372352285395,6.033333333333333,8.12314936188887,1.0,104.0,4.0,7.642904434293519,0.7160958259712724,0.2461772642357988,3.314782608695652,6.0,0.007767726874817627,0.03657827285392688,0.31139989191565726,0.05690042616358497
43,BASELINE,5,150,210,60,30,5.0,2.0,654.0,0.02280334728033473,5.45,8.090992934533231,2.0,68.0,4.0,7.292544624658439,0.7476884890972734,0.1802898012260821,3.4363668061366806,8.0,0.010236835319902032,0.050392890573491285,0.30218736152380016,0.052901372575421476,641.0,0.022350069735006972,5.341666666666667,6.143419017308051,2.0,83.0,4.0,7.4703221566726885,0.7436462561180677,0.24781181619256018,3.2235006973500697,6.0,0.009342439904832222,0.05145767642648342,0.3185061151979302,0.05373960112264516,1020.0,0.02274247491638796,6.8,10.121923400882528,1.0,149.0,4.0,7.571649334874303,0.7211935113878716,0.23440142830295058,2.9386622073578597,6.0,0.0065055778770398,0.046136609696675566,0.3510903856629926,0.062147062220105964
43,BASELINE,6,180,240,60,30,5.0,2.0,670.0,0.023361227336122732,5.583333333333333,7.681236156302505,1.0,69.0,4.0,7.337616646323762,0.7446210755449287,0.20303418382425376,3.9417364016736403,12.0,0.012360236981822014,0.06554327670325447,0.26400503789668295,0.04869286009598506,623.0,0.021722454672245466,5.191666666666666,6.307133307260562,1.0,88.0,4.0,7.456875891543622,0.7340491397221807,0.22626946513202437,3.25278940027894,6.0,0.009465501681844287,0.05408524026505177,0.316742949244482,0.056033450507456777,822.0,0.018327759197324416,5.48,4.85759885814655,1.0,39.0,4.0,7.823593844521918,0.715391626028613,0.37510384934921076,4.001739130434783,8.0,0.010072950102130138,0.035875843251334735,0.25631429742586437,0.04232558402162693
43,BASELINE,7,210,270,60,30,5.0,2.0,623.0,0.021722454672245466,5.191666666666666,5.742815559945797,2.0,47.0,4.0,7.452595568401917,0.74160141928056,0.25254985538133656,4.0514644351464435,9.0,0.012821279139270775,0.060331480800747274,0.25614176401147565,0.04643153329824389,565.0,0.019700139470013946,4.708333333333333,3.538822387304694,2.0,29.0,3.0,7.60545786959001,0.7331439589466439,0.3593663146192329,4.256415620641562,8.0,0.013682418574124224,0.05753605743709515,0.24077850492981778,0.039360214247392486,835.0,0.018617614269788182,5.566666666666666,5.37142646065477,1.0,56.0,4.0,7.800220219487009,0.7104909918220256,0.3475003070875814,3.949386845039019,8.0,0.00989727129207725,0.043589129962435635,0.2605080998504633,0.04484218789878476
43,BASELINE,8,240,300,60,30,5.0,2.0,606.0,0.02112970711297071,5.05,6.365728552176884,2.0,66.0,4.0,7.418323211696435,0.7276442242864245,0.21033210332103322,3.8953974895397487,12.0,0.012165535670335093,0.055607640846160614,0.27019744175524885,0.052458519722132634,607.0,0.02116457461645746,5.058333333333334,3.87792004673754,1.0,27.0,4.0,7.590159317393588,0.7398570947391028,0.3690253045923149,3.9232566248256626,7.0,0.01228259086061203,0.04375592754820684,0.2604111563364026,0.04020052826937014,791.0,0.017636566332218506,5.273333333333333,5.045653795319515,2.0,57.0,4.0,7.826730539928961,0.7130777220236687,0.326295318794277,3.8679375696767,8.0,0.00962395157609631,0.04145439510900501,0.2660832987307424,0.046537719640995644
43,ANGER,0,0,60,60,30,3.0,3.0,605.0,0.02109483960948396,5.041666666666667,5.872103304798224,2.0,69.0,4.0,7.461084275978731,0.7294706786004146,0.2319611119550357,4.393200836820084,9.0,0.014257146373193634,0.07653426252654655,0.2333489106385022,0.03714925490437275,727.0,0.025348675034867502,6.058333333333334,6.8857290019931,1.0,80.0,4.0,7.400323143136227,0.7474860425263353,0.2930500693925483,3.2179567642956766,6.0,0.009319146068469229,0.04819108444442293,0.31919256441323446,0.05417368916663804,949.0,0.021159420289855072,6.326666666666667,8.552969594759992,2.0,98.0,4.0,7.634460332803767,0.7140580024630322,0.24575742450711255,3.351571906354515,6.0,0.007891180893807099,0.03285796525723688,0.3083970082907417,0.057649689075186056
43,ANGER,1,30,90,60,30,3.0,3.0,603.0,0.02102510460251046,5.025,6.230252135079822,2.0,70.0,4.0,7.447087826516912,0.7268484947546732,0.21298517995765703,3.7696304044630407,11.0,0.011637102539760674,0.056571415755167435,0.27938836989277277,0.05504953250641713,659.0,0.02297768479776848,5.491666666666666,5.489377368052673,1.0,60.0,4.0,7.493125989860061,0.7438445329877558,0.2969890510948905,3.443479776847978,6.0,0.01026672175146209,0.04296704397354397,0.29767033520181935,0.048852548512103154,809.0,0.018037904124860647,5.3933333333333335,4.748889928768149,2.0,29.0,4.0,7.837936974852678,0.6957950913981286,0.3900821680841862,4.171928651059086,8.0,0.010644055876037204,0.026279214435337483,0.24695995499708526,0.04475187668082474
43,ANGER,2,60,120,60,30,3.0,3.0,569.0,0.01983960948396095,4.741666666666666,4.469332227028502,2.0,37.0,4.0,7.5442699774518305,0.6919418383451564,0.2989394608926204,13.844246861924686,32.0,0.053967423789599525,0.1425228853800558,0.07430283992325869,0.011401275579017545,677.0,0.023605299860529987,5.641666666666667,5.765263557625869,2.0,73.0,4.0,7.504410154867142,0.7487110553495102,0.29659234328986117,3.3812064156206416,8.0,0.010005068973195976,0.050199374298709055,0.30429099520581543,0.052270767570980245,773.0,0.017235228539576364,5.153333333333333,4.4583056073904235,1.0,57.0,4.0,7.901519267424435,0.6869810738796808,0.3430232558139535,4.068160535117057,9.0,0.01029584072186932,0.04445698203773354,0.25385570301184224,0.0465325661401436
43,ENTHUSIASM,0,0,60,60,30,8.0,5.0,611.0,0.021304044630404462,5.091666666666667,4.83390082875334,1.0,34.0,4.0,7.527102966925107,0.7033041700453592,0.3037330316742081,10.448465829846583,27.0,0.03969943625985959,0.12109421434132468,0.09933084842362042,0.01738781932580127,824.0,0.028730822873082287,6.866666666666666,8.3475878085961,2.0,85.0,4.0,7.305642607724696,0.7461600520837514,0.2953167626553501,3.1184100418410043,5.0,0.008900882528743716,0.042731876988421964,0.3296328097399768,0.05704908384108614,972.0,0.021672240802675585,6.48,8.722170983572074,1.0,87.0,3.5,7.577208056557707,0.7236161368143177,0.2867726132154379,3.3282051282051284,6.0,0.00781276888659439,0.029434605173050084,0.309283647601373,0.05541275969732714
43,ENTHUSIASM,1,30,90,60,30,8.0,5.0,618.0,0.021548117154811714,5.15,5.892297231697214,2.0,49.0,4.0,7.443887792786045,0.7349347713274798,0.23844896746397268,3.648744769874477,8.0,0.01112917970535495,0.04960615940422642,0.28386374181695956,0.05040067567117095,717.0,0.025,5.975,6.434882153803077,1.0,63.0,4.0,7.445436370946406,0.7550166914653785,0.2927600749765698,3.41523709902371,7.0,0.01014805503791474,0.04906973907806412,0.30069240668803393,0.04977609429569083,780.0,0.017391304347826087,5.2,4.047221268969612,1.0,27.0,4.0,7.898497537628776,0.6956049369775914,0.40345368916797486,4.412865105908584,9.0,0.011452567469491897,0.03743207758131905,0.2331693329270578,0.04039455254079621
43,ENTHUSIASM,2,60,120,60,30,8.0,5.0,601.0,0.020955369595536958,5.008333333333334,6.3488789474118095,1.0,70.0,4.0,7.411853088116004,0.7225892075796773,0.20452663538504,3.3362273361227337,7.0,0.009816081244213171,0.05766914512476799,0.3069397176463634,0.047691216405328966,680.0,0.023709902370990237,5.666666666666667,5.795592194839876,1.0,65.0,4.0,7.478200488747944,0.74191611894417,0.3006662965019434,3.432670850767085,7.0,0.010221306095660023,0.043078437643415776,0.299388596333585,0.05100954805281135,737.0,0.016432552954292086,4.913333333333333,3.576658900271158,1.0,22.0,4.0,7.9369203924225555,0.7042599209069796,0.3997501561524047,4.761694537346711,10.0,0.012623136031364793,0.04780523796936679,0.21514994104164126,0.034918961296209375
43,LIKING,0,0,60,60,30,9.0,7.0,623.0,0.021722454672245466,5.191666666666666,5.464729077354969,1.0,46.0,4.0,7.469727664163594,0.6843216339025574,0.2823244552058111,7.46963040446304,31.0,0.027183321027155632,0.0922859594012158,0.1455120181391606,0.030305811906940074,654.0,0.02280334728033473,5.45,5.3336197839741075,1.0,61.0,4.0,7.514835560579534,0.7554614463040615,0.3031309297912713,3.557147838214784,6.0,0.01074431864796128,0.04979767109213719,0.28910665316600703,0.050163727396599495,926.0,0.02064659977703456,6.173333333333333,8.364406069105497,1.0,94.0,4.0,7.655727068694237,0.712849281183907,0.24003925417075564,3.308361204013378,6.0,0.007746178536957645,0.03380070697623894,0.31195654731305134,0.056916367545463725
43,LIKING,1,30,90,60,30,9.0,7.0,626.0,0.02182705718270572,5.216666666666667,5.596402614378474,1.0,69.0,4.0,7.503305584152645,0.7355165401603909,0.2588308846514536,3.5541841004184103,8.0,0.010731865968144587,0.06209959176008177,0.2903213315240706,0.05146987135121429,703.0,0.024511854951185495,5.858333333333333,6.061209771067892,1.0,54.0,4.0,7.463452361092401,0.7736294745841524,0.3013803680981595,3.4158298465829846,6.0,0.010150545573878086,0.0435594657236602,0.3001232946651829,0.04911609497694819,732.0,0.01632107023411371,4.88,3.5924364990908333,1.0,27.0,4.0,7.937221058412021,0.6959030748328995,0.38316582914572866,4.350167224080267,9.0,0.011242171892886812,0.043094086951607706,0.2353415216340781,0.03772169198902481
43,FEAR,0,0,60,60,30,5.0,2.0,601.0,0.020955369595536958,5.008333333333334,5.5490176808352505,2.0,54.0,4.0,7.4681462480690985,0.7071097712303261,0.2540956749672346,12.160285913528591,31.0,0.04689195761986802,0.12910705155280558,0.08618845807028824,0.017127521307745506,727.0,0.025348675034867502,6.058333333333334,6.412612355524246,2.0,72.0,4.0,7.444675181055493,0.7634597595588318,0.3082907570831398,3.3228033472803347,7.0,0.009759677929749307,0.04790111380084457,0.30910802140438964,0.05245368483679083,1086.0,0.024214046822742474,7.24,10.37958252211202,2.0,118.0,4.0,7.554590591133304,0.7348330848170409,0.26276322099664295,3.1269565217391304,6.0,0.007137437992413191,0.03147135847402927,0.3299819061497506,0.06011903442199203
43,FEAR,1,30,90,60,30,5.0,2.0,614.0,0.021408647140864715,5.116666666666666,6.43969892325893,2.0,62.0,4.0,7.411097324296286,0.7391004745253987,0.20828891257995735,4.639086471408647,11.0,0.01529027929163298,0.07598268526227872,0.22336859450822644,0.038662901425823244,617.0,0.021513249651324964,5.141666666666667,5.097051162736701,2.0,66.0,4.0,7.536379584266502,0.7530668015263604,0.2940243257535695,3.523047419804742,7.0,0.01060103957901152,0.05310675382609065,0.29154742963791197,0.04922357480664536,732.0,0.01632107023411371,4.88,3.4184206879785872,2.0,23.0,4.0,7.9488988613597265,0.6963958427965696,0.4147615937295885,5.109163879598662,12.0,0.013789140535565961,0.04894598926684925,0.201371989820782,0.034365359502198704
43,FEAR,2,60,120,60,30,5.0,2.0,595.0,0.020746164574616456,4.958333333333333,5.9573425749704505,1.0,58.0,4.0,7.444888720472331,0.6597076694355707,0.2376776534623526,14.14163179916318,51.0,0.055216940332618404,0.13325616253294406,0.07586363831668841,0.016361350000203872,619.0,0.021582984658298467,5.158333333333333,5.946982194543905,1.0,76.0,4.0,7.472917440143013,0.7394820597668985,0.24288647697271928,3.3502092050209207,7.0,0.00987482859252488,0.04914636857093348,0.3071367077644301,0.05338299283179738,776.0,0.017302118171683388,5.173333333333333,3.711687247360993,2.0,24.0,4.0,7.935729294686781,0.6992757506772853,0.4020735155513666,4.564013377926422,9.0,0.011959776435994707,0.04297355675184538,0.22439561370857708,0.036224377968857836
43,AMUSEMENT,0,0,60,60,30,3.0,5.0,643.0,0.022419804741980475,5.358333333333333,6.353864746925467,2.0,68.0,4.0,7.450476555850363,0.7417159170147868,0.23342487249901922,4.402196652719665,9.0,0.014294943918990185,0.07786922424825526,0.23135283334551318,0.03164584185138639,725.0,0.025278940027894003,6.041666666666667,6.633746846407558,1.0,68.0,4.0,7.421802729236317,0.7499890674563384,0.3018128916741271,3.3609832635983263,6.0,0.009920097746211463,0.04573354201158435,0.3053408582852261,0.051227874144345965,1035.0,0.023076923076923078,6.9,8.923564310296642,1.0,93.0,4.0,7.603549867154634,0.7169456359964612,0.29250457038391225,3.4175250836120403,8.0,0.008112500280577318,0.03057515681195034,0.30270587306873054,0.057137179460115886
43,AMUSEMENT,1,30,90,60,30,3.0,5.0,686.0,0.02391910739191074,5.716666666666667,8.433745049238539,1.0,92.0,4.0,7.343085133933537,0.7661963325023395,0.17024891682949622,3.3784170153417015,8.0,0.009993348803956723,0.04828531289972476,0.3094188432485216,0.061258977016585614,626.0,0.02182705718270572,5.216666666666667,4.43693462752032,1.0,35.0,4.0,7.5613252845977135,0.7547996697821748,0.34906037584966015,3.7422594142259413,7.0,0.011522098379100603,0.04515639326992032,0.2740980973387664,0.045538517332668504,788.0,0.017569676700111482,5.253333333333333,3.8793241106609733,2.0,29.0,4.0,7.924967814291058,0.7064726785892581,0.41130326261365663,4.460022296544036,9.0,0.011610813075651132,0.043945834998321054,0.22982016504616168,0.03738969991369693
43,AMUSEMENT,2,60,120,60,30,3.0,5.0,652.0,0.022733612273361226,5.433333333333334,7.737606577977169,2.0,63.0,4.0,7.316676998640595,0.7512206830258668,0.1872952853598015,3.742712691771269,9.0,0.01152400290660197,0.06223710906075449,0.2782495763236946,0.05135313856482457,609.0,0.021234309623430963,5.075,4.285950886326161,1.0,47.0,4.0,7.582504180117804,0.7447879610668399,0.33162612035851474,3.735076708507671,7.0,0.011491918943309542,0.054191302592763946,0.2745853198602794,0.04548468951162571,757.0,0.016878483835005575,5.046666666666667,3.6282900778312763,1.0,28.0,4.0,7.943943538730014,0.6988928323632748,0.4007542675664946,4.537993311036789,9.0,0.011872460775291237,0.04407520108624832,0.22615225959576207,0.03783707329488417
43,SADNESS,0,0,60,60,30,4.0,3.0,648.0,0.022594142259414227,5.4,6.0379356295564035,2.0,53.0,4.0,7.456781365863693,0.7488909063152909,0.25283697758095763,3.71813110181311,7.0,0.011420718915181127,0.062235969844871966,0.27753815382930846,0.04849098767151014,935.0,0.03260111576011158,7.791666666666667,10.734598139763882,2.0,95.0,5.0,7.220273159973294,0.7498246856825508,0.26300921796015464,3.008089260808926,6.0,0.008437349835331624,0.030303057843589096,0.3425049054155019,0.061332423035686125,928.0,0.020691192865105908,6.1866666666666665,6.613508062207899,1.0,65.0,4.0,7.752130316736245,0.726620868648594,0.32099525232987514,3.4668227424749163,6.0,0.008277928666023213,0.03218100594312824,0.2961309181103381,0.049881719522384876
43,SADNESS,1,30,90,60,30,4.0,3.0,616.0,0.021478382147838215,5.133333333333334,5.997823679376452,1.0,50.0,4.0,7.440622383286408,0.6915132416797128,0.24828792073437272,12.257043235704323,45.0,0.0472985009903543,0.12094928523730793,0.08753471344626242,0.02042113512031564,679.0,0.023675034867503487,5.658333333333333,5.922409185083006,2.0,67.0,4.0,7.453066222274561,0.7473054815159675,0.30236028214867067,3.452649930264993,7.0,0.010305251807836101,0.04799068982989161,0.29820873812069626,0.05218090083741886,766.0,0.017079152731326645,5.1066666666666665,3.7383537672201235,1.0,23.0,4.0,7.933444982310477,0.696624841294918,0.40919496375429226,4.665328874024526,11.0,0.012299761322229964,0.04263614976382199,0.22041791338320763,0.037697924866352685
43,NEUTRAL,0,0,60,60,30,5.0,2.0,618.0,0.021548117154811714,5.15,5.423175576480383,2.0,48.0,4.0,7.485283448151668,0.7355798622320636,0.2618969478175254,3.7618549511854953,7.0,0.011604432568006279,0.05759280542091514,0.2727737984946311,0.04447872712092502,743.0,0.02590655509065551,6.191666666666666,6.962154639349964,1.0,85.0,4.0,7.402154963532626,0.7416266875498855,0.2899524498656192,3.2056136680613667,6.0,0.009267284319585574,0.04756107071006061,0.32074798980514435,0.05519152157994419,1180.0,0.026309921962095875,7.866666666666666,10.056286038537731,1.0,104.0,4.0,7.5537913667879755,0.7267819536285618,0.3240804400137504,3.2641248606465996,7.0,0.007597734431699997,0.0342816914983759,0.3164924072529917,0.05804176876731137
43,NEUTRAL,1,30,90,60,30,5.0,2.0,588.0,0.020502092050209204,4.9,5.94474557908074,2.0,58.0,4.0,7.435061159252642,0.6941181859878268,0.22268135904499542,5.59023709902371,23.0,0.01928671050009963,0.06409441343869024,0.20806175481325986,0.05126741383921352,696.0,0.024267782426778243,5.8,4.996832329919959,2.0,36.0,4.0,7.500085539793131,0.7426662375444935,0.3725737730787439,3.9186192468619248,8.0,0.01226310607925178,0.041106195423682323,0.26254685291484625,0.045484865522465355,1029.0,0.02294314381270903,6.86,8.997058778660206,1.0,113.0,4.0,7.606844294507268,0.7112030607812698,0.2857693154303324,3.248160535117057,6.0,0.007544162869520325,0.03975340897015851,0.31827773767779216,0.059083053028917185
43,NEUTRAL,2,60,120,60,30,5.0,2.0,518.0,0.01806136680613668,4.316666666666666,5.199332222079636,1.0,64.0,3.0,7.469237492401586,0.6135814588203661,0.22974607013301088,21.36373779637378,62.0,0.08556192351417556,0.17099076574540095,0.0488607606405746,0.008683497109191633,694.0,0.024198047419804743,5.783333333333333,5.973808574844769,2.0,75.0,4.0,7.482640655822857,0.7546015096283859,0.3026835043409629,3.3620641562064155,7.0,0.009924639311791661,0.04979114564128887,0.3057810153859292,0.05230277429112711,768.0,0.017123745819397993,5.12,3.6795289553600923,1.0,27.0,4.0,7.942687272443778,0.691083706665234,0.39557266602502406,4.5259085841694535,9.0,0.011831908000568641,0.039558906707828995,0.22670722425788056,0.03755889878877488
43,AWE,0,0,60,60,30,3.0,5.0,692.0,0.02412831241283124,5.766666666666667,7.283237985645914,2.0,66.0,4.0,7.3853814226719035,0.7712179284289248,0.21668046357615894,4.410425383542538,8.0,0.014329518418245969,0.07639742972034443,0.22974019278596042,0.02680585711244691,666.0,0.023221757322175733,5.55,5.730546803461836,2.0,59.0,4.0,7.447398942476553,0.7352657571278418,0.30469086214316454,3.4432357043235706,6.0,0.010265696236653668,0.04342252054151686,0.2978556711760471,0.04892500303317157,937.0,0.020891861761426978,6.246666666666667,7.759241085455601,1.0,88.0,4.0,7.656064660949573,0.7003686721139307,0.2897397289739729,3.553756967670011,7.0,0.008569654253926213,0.034807040499254094,0.2910959469407815,0.055176601131410485
43,AWE,1,30,90,60,30,3.0,5.0,628.0,0.02189679218967922,5.233333333333333,6.706630218588833,2.0,60.0,4.0,7.387414987962662,0.7386762474025299,0.211519364448858,4.085808926080893,8.0,0.01296558372302895,0.06559908234433628,0.25393916027066854,0.04708513920967784,607.0,0.02116457461645746,5.058333333333334,4.4380848597364855,2.0,34.0,3.0,7.526401499033193,0.7330308033270793,0.32939714108141704,3.848465829846583,8.0,0.011968343822884803,0.042893357765611054,0.2663422752581297,0.04340781840457399,783.0,0.01745819397993311,5.22,4.043711166737802,1.0,25.0,4.0,7.886616602530107,0.6988584707002663,0.40594059405940597,4.951616499442586,11.0,0.013260458051820778,0.04457736248361549,0.20741770095643836,0.03470308863125175
43,DISGUST,0,0,60,60,30,1.0,2.0,640.0,0.022315202231520222,5.333333333333333,7.154641073379493,2.0,65.0,4.0,7.362218425705592,0.7488254909538778,0.196164199192463,3.4081589958158998,7.0,0.010118315108470173,0.05359778800590148,0.30314698576211346,0.05254498368005833,620.0,0.021617852161785217,5.166666666666667,3.982949772328153,1.0,28.0,4.0,7.573712449304979,0.7251121776257226,0.3790951638065523,4.461018131101813,10.0,0.014542092987822722,0.05516038803672013,0.2302224704047265,0.037866752683526024,1000.0,0.022296544035674472,6.666666666666667,8.42667721518327,1.0,89.0,4.0,7.620906180942121,0.7236335049800603,0.3138252236793725,3.4468450390189522,7.0,0.00821088939268105,0.029187368907356355,0.2998540579922957,0.056268115406391726
44,BASELINE,0,0,60,60,30,5.0,1.0,645.0,0.022489539748953975,5.375,6.830766794438235,2.0,50.0,3.5,7.3376453389457,0.6953278590984252,0.24189526184538654,7.74721059972106,24.0,0.02834962436857588,0.08491889232834673,0.14776882852652398,0.039477119514103404,734.0,0.025592747559274757,6.116666666666666,6.121932338367972,2.0,61.0,4.0,7.466380768415807,0.7431410639940594,0.31915667030170847,3.380439330543933,7.0,0.01000184592665519,0.04466869404401843,0.302555810844726,0.04684560867706644,814.0,0.018149386845039018,5.426666666666667,4.515671477077234,1.0,32.0,4.0,7.8667311124122445,0.702023408677912,0.3926748724106875,4.205083612040133,9.0,0.010755314134362872,0.03986061764426273,0.24397517875553235,0.040534230833286375
44,BASELINE,1,30,90,60,30,5.0,1.0,492.0,0.01715481171548117,4.1,3.776903493604251,2.0,26.0,3.0,7.541885786544312,0.5310514941864047,0.329935125115848,33.57597629009763,90.0,0.13687384995839338,0.19030374705657668,0.03189782252626979,0.0073789552747456424,900.0,0.03138075313807531,7.5,8.220908303425682,1.0,58.0,4.0,7.313369032553679,0.7359201245071855,0.40336676217765044,3.4859832635983263,7.0,0.01044530783024507,0.037243615496821605,0.29568023031516333,0.05302324606028365,886.0,0.019754738015607582,5.906666666666666,6.215407379157772,1.0,81.0,4.0,7.804667651373101,0.7115812795671757,0.303490435811477,3.5577034559643255,7.0,0.008582897503235997,0.04461455176777373,0.2890847824502241,0.049636150145933665
44,BASELINE,2,60,120,60,30,5.0,1.0,914.0,0.031868898186889816,7.616666666666666,15.445972146665149,1.0,115.0,4.0,6.94002911035002,0.7254405459585163,0.11263950168699714,2.957287308228731,10.0,0.008223896253061897,0.03298676399090105,0.35609758644969663,0.06983012381711032,638.0,0.022245467224546723,5.316666666666666,4.306938845888368,2.0,34.0,4.0,7.567598368636849,0.7268766722021002,0.3680722891566265,4.292782426778243,9.0,0.01383522028058084,0.048694363742999985,0.2411186303571519,0.0438911820271035,856.0,0.019085841694537347,5.706666666666667,5.836147892422041,2.0,61.0,4.0,7.777943177269288,0.7155877717934618,0.34963887065003285,3.752240802675585,8.0,0.009235707391528812,0.033588081977182285,0.2742641843477357,0.04817940589857624
44,BASELINE,3,90,150,60,30,5.0,1.0,799.0,0.02785913528591353,6.658333333333333,9.143299762971546,1.0,61.0,4.0,7.190809619571235,0.6849275429728833,0.2249020820449392,3.4813110181311018,12.0,0.010425676546769342,0.035737716347809256,0.30086696029287807,0.06089521198239716,579.0,0.020188284518828453,4.825,3.460882594560719,1.0,29.0,4.0,7.639078632752346,0.7266879875780298,0.37376779846659364,5.546443514644351,12.0,0.019102703843043488,0.07637024248482104,0.1841181430133562,0.027095538359253914,747.0,0.01665551839464883,4.98,3.6523417145716253,2.0,29.0,4.0,7.938164239882177,0.704472452325954,0.3751507840772014,4.312775919732442,9.0,0.011116697717222965,0.04172844995474817,0.23758963785132087,0.03863215120848368
44,BASELINE,4,120,180,60,30,5.0,1.0,570.0,0.0198744769874477,4.75,4.910448044730745,1.0,37.0,3.0,7.473092951263978,0.6735686448023519,0.2766845557543232,4.950174337517434,20.0,0.016597371166039643,0.05997067363148129,0.22020494872496962,0.045670134053154864,672.0,0.023430962343096235,5.6,6.80428786379099,2.0,91.0,4.0,7.440585155649465,0.7456213282196438,0.24077714814386492,3.2160041841004183,6.0,0.009310941950001757,0.05070211394301785,0.32059873572124176,0.0570606724264238,825.0,0.01839464882943144,5.5,4.554484969053398,2.0,40.0,4.0,7.879588900126485,0.7185145576093144,0.37807737397420865,3.952329988851728,7.0,0.009907147613596408,0.039873328776681614,0.25878463163094295,0.040758300105348554
44,BASELINE,5,150,210,60,30,5.0,1.0,676.0,0.023570432357043234,5.633333333333334,8.161835305588784,1.0,84.0,4.0,7.300486852553394,0.7370934048212253,0.19737551680747797,4.098884239888424,16.0,0.013020522016337917,0.053372227230776545,0.26238674470010276,0.058308790939473706,656.0,0.02287308228730823,5.466666666666667,5.266139214094347,1.0,64.0,4.0,7.524738229750882,0.7318519353757841,0.311601150527325,3.8859483960948396,8.0,0.012125833597037132,0.05701211158980928,0.26532116918956383,0.046636335407062524,845.0,0.01884057971014493,5.633333333333334,5.111316420997194,2.0,47.0,4.0,7.838711059398528,0.7334041950134004,0.3500127648710748,3.755629877369008,7.0,0.009247080125399357,0.036043897346257146,0.2725573145289006,0.04377319566424373
44,BASELINE,6,180,240,60,30,5.0,1.0,695.0,0.024232914923291493,5.791666666666667,7.12670544891225,1.0,52.0,4.0,7.339720741293833,0.7177008826991024,0.2470026525198939,4.375523012552302,16.0,0.014182869800639928,0.06580966290184703,0.23966229548129547,0.042309623336606955,733.0,0.025557880055788004,6.108333333333333,7.575504200308313,2.0,87.0,4.0,7.348191090173877,0.7463085344846211,0.2731633900855987,3.25278940027894,6.0,0.00946550168184429,0.047387923883443775,0.31697341950274044,0.05645381814807203,812.0,0.01810479375696767,5.413333333333333,4.1820037727811235,2.0,32.0,4.0,7.9103535015028585,0.7269251120087118,0.3871435476075399,4.358729096989967,9.0,0.01127090301003344,0.0508869970795246,0.23446004936363427,0.035728918378396646
44,BASELINE,7,210,270,60,30,5.0,1.0,634.0,0.02210599721059972,5.283333333333333,6.741888129860622,1.0,46.0,3.0,7.34247946278649,0.6998248174824047,0.2328029375764994,5.373152022315202,23.0,0.01837458832905547,0.056543302516630055,0.212640624854925,0.052346647361602036,642.0,0.022384937238493725,5.35,6.7177004994268685,1.0,97.0,4.0,7.464138696448331,0.7273371867426028,0.2240497076023392,3.154463040446304,6.0,0.009052365716160946,0.056629500069158636,0.3267109114411235,0.05792132470709033,719.0,0.016031215161649945,4.793333333333333,3.165010093015327,2.0,18.0,4.0,7.977685378638403,0.7238455177719884,0.4021276595744681,5.420089186176143,12.0,0.014832514047570935,0.0613092779469187,0.18831207315479043,0.027665744688003476
44,BASELINE,8,240,300,60,30,5.0,1.0,535.0,0.018654114365411437,4.458333333333333,4.287376496439545,2.0,34.0,3.0,7.525731760993721,0.618337559588506,0.30547337278106507,16.650592747559276,49.0,0.06575879305697176,0.13693026605103858,0.06910885359081438,0.020043046439718902,564.0,0.019665271966527197,4.7,3.045762083069961,1.0,22.0,4.0,7.664738333350197,0.7268929341355812,0.41625,9.15428870292887,24.0,0.034261717239196916,0.11027535946439834,0.11162372842486061,0.015309795279384905,750.0,0.016722408026755852,5.0,4.512205669071391,2.0,57.0,4.0,7.876261570070312,0.7169248776965494,0.3201189296333003,3.8131995540691195,8.0,0.009440266959963488,0.04702459076654896,0.2690150007182755,0.04461747029844286
44,ANGER,0,0,60,60,30,1.0,8.0,615.0,0.021443514644351465,5.125,5.261594340121633,1.0,39.0,4.0,7.47478810538751,0.7123888052506265,0.27598566308243727,4.522454672245467,15.0,0.014800229715317085,0.06314866469848823,0.2314363217982308,0.04306568788966455,676.0,0.023570432357043234,5.633333333333334,6.503759596486396,2.0,64.0,4.0,7.42886468146334,0.7441330928420283,0.25584795321637427,3.3783821478382148,7.0,0.009993202301841236,0.05918033999989127,0.30338524261596395,0.04887045538660264,870.0,0.01939799331103679,5.8,5.611298126696412,1.0,47.0,4.0,7.792677764395093,0.742928591449231,0.35835487133385774,3.620423634336678,6.0,0.008793367900458648,0.03016188694677635,0.2824598878675343,0.04489153758485691
44,ANGER,1,30,90,60,30,1.0,8.0,579.0,0.020188284518828453,4.825,4.500300915864775,2.0,30.0,4.0,7.527771932514934,0.6806227255957501,0.31646932185145316,15.26255230125523,33.0,0.059926690341408545,0.1508763918340323,0.06813318880823839,0.012506712833003761,809.0,0.028207810320781034,6.741666666666666,7.661587991764863,1.0,44.0,4.0,7.275117566343262,0.7175176471442624,0.36393190178800583,5.405857740585774,16.0,0.018512007313385603,0.05139981324430346,0.20606414676719526,0.05229780839604971,773.0,0.017235228539576364,5.153333333333333,3.773127202850295,1.0,26.0,4.0,7.931295448033367,0.7459230143151196,0.3939393939393939,4.323723522853958,10.0,0.01115343464044952,0.044338347622008424,0.23707396517216422,0.03795268828617137
44,ANGER,2,60,120,60,30,1.0,8.0,620.0,0.021617852161785217,5.166666666666667,6.145233021528873,1.0,45.0,4.0,7.403973404733307,0.6949731610458704,0.24455375966268447,8.696338912133891,31.0,0.03233755845434408,0.08953241479719194,0.13427786827854155,0.03808892985981788,662.0,0.02308228730822873,5.516666666666667,6.419350088253136,1.0,85.0,4.0,7.432411895541892,0.7278559061322134,0.2612476370510397,3.3839958158995818,7.0,0.01001678914243522,0.053640099850903844,0.30466638033533827,0.05401241775648253,743.0,0.016566332218506133,4.953333333333333,3.2697332544957782,2.0,22.0,4.0,7.980519503783998,0.7516575613928554,0.4036555824708214,4.775696767001115,10.0,0.012670123379198357,0.051383002806777954,0.2143486728070536,0.033399391290198706
44,ENTHUSIASM,0,0,60,60,30,7.0,6.0,608.0,0.021199442119944213,5.066666666666666,6.007264121230414,1.0,60.0,4.0,7.413206979558932,0.6940989382860743,0.24650889313538146,5.347105997210599,24.0,0.01826515124878403,0.06145864434157437,0.2102888099010954,0.05054537611723443,874.0,0.030474198047419805,7.283333333333333,8.963056894212427,1.0,83.0,4.0,7.274140275900837,0.747072281440232,0.2950039651070579,3.1354951185495117,6.0,0.00897266856533409,0.04112891908311264,0.3280546196497668,0.05621446068672514,779.0,0.01736900780379041,5.193333333333333,4.450762731138213,1.0,34.0,4.0,7.860153051015256,0.7240134305093442,0.35876883616543764,3.990947603121516,9.0,0.010036736923226567,0.03559676218320977,0.25686226607596696,0.04185604111219961
44,ENTHUSIASM,1,30,90,60,30,7.0,6.0,567.0,0.01976987447698745,4.725,4.791420283520674,2.0,41.0,3.0,7.5049124572903265,0.7099647699518736,0.2668995274296281,4.191910739191074,10.0,0.013411389660466693,0.0649326060072704,0.24712162642727384,0.043343841316996,788.0,0.027475592747559275,6.566666666666666,7.035900005606169,1.0,73.0,4.0,7.410997038719861,0.7445641142067037,0.3207126948775056,3.4206066945606692,7.0,0.010170616363700308,0.05305111852794281,0.3009001975105543,0.05200569620559971,736.0,0.01641025641025641,4.906666666666666,3.4474080440560297,1.0,24.0,4.0,7.951111615750845,0.7242625767478708,0.3870759982825247,4.6355629877369005,9.0,0.012199875797774859,0.04930927995594488,0.2200047921936375,0.03233493844678216
44,ENTHUSIASM,2,60,120,60,30,7.0,6.0,580.0,0.020223152022315203,4.833333333333333,5.799185766601684,2.0,50.0,3.5,7.430583833791477,0.7005550280504403,0.2228790541620067,4.22639470013947,16.0,0.01355628025268685,0.059654791845574394,0.2544030641406571,0.049508547014091735,671.0,0.023396094839609485,5.591666666666667,5.312714047975437,1.0,36.0,3.0,7.456169841732352,0.7288982056112937,0.34786641929499074,3.8572175732217575,8.0,0.012005115853872924,0.03237317629596588,0.2667222271413456,0.046871238345146796,762.0,0.016989966555183946,5.08,3.8070460990116732,1.0,39.0,4.0,7.939608262227107,0.7293257587212696,0.3742191936399773,4.1582385730211815,8.0,0.010598116016849601,0.0448014978512476,0.2464658201252963,0.04017573158617644
44,ENTHUSIASM,3,90,150,60,30,7.0,6.0,628.0,0.02189679218967922,5.233333333333333,7.347599759256231,2.0,65.0,3.0,7.3213292834916315,0.7304019178273425,0.19995622195468973,3.7327405857740588,8.0,0.011482103301571674,0.06137039090242595,0.2778776445648384,0.05001291718524969,655.0,0.02283821478382148,5.458333333333333,5.337595952819542,1.0,33.0,3.0,7.444618036110132,0.7268367527853637,0.34737340274491246,3.770258019525802,7.0,0.01163973957783951,0.031623710347763435,0.27285997525826955,0.04837187510153013,750.0,0.016722408026755852,5.0,3.5355339059327378,2.0,20.0,4.0,7.944115638968674,0.7390055131200642,0.39076923076923076,4.480713489409141,9.0,0.011680246608755517,0.042043567057354035,0.22836718281254634,0.035844065121566515
44,ENTHUSIASM,4,120,180,60,30,7.0,6.0,582.0,0.020292887029288702,4.85,5.682062418993065,1.0,42.0,4.0,7.431270259281024,0.6891508701175036,0.23597710547833198,5.93057880055788,27.0,0.02071671764940285,0.07619733684028095,0.19007801214503559,0.0445970487684885,641.0,0.022350069735006972,5.341666666666667,7.014860218770498,1.0,99.0,4.0,7.422939792790829,0.7328403212597258,0.2089088397790055,3.132252440725244,6.0,0.008959043868593464,0.05495994596791483,0.3290390162575059,0.05848059060010082,744.0,0.016588628762541805,4.96,3.4954827992710817,1.0,25.0,4.0,7.951021640523974,0.7376448744581872,0.38857501569365976,4.3650836120401335,9.0,0.011292226886040728,0.04549809850408767,0.23401857153826286,0.03583481599361868
44,ENTHUSIASM,5,150,210,60,30,7.0,6.0,564.0,0.019665271966527197,4.7,5.74398235837588,1.0,40.0,4.0,7.410462436329744,0.6572085673072514,0.22973867019517036,14.866841004184101,46.0,0.05826403783270631,0.14152823241120646,0.07199490526373528,0.015206353484718313,818.0,0.028521617852161785,6.816666666666666,9.402998930601283,1.0,90.0,4.0,7.241775682549909,0.7527647348337337,0.27368558042686103,2.890655509065551,5.0,0.00794393071035946,0.04031191129140293,0.35496730231242424,0.05815478529080745,815.0,0.018171683389074694,5.433333333333334,4.3149610529979165,2.0,39.0,4.0,7.909302582280814,0.7524582681202908,0.37418045582266624,3.869788182831661,8.0,0.009630161687354564,0.039309581624601866,0.2640914110901603,0.04085188088233154
44,ENTHUSIASM,6,180,240,60,30,7.0,6.0,689.0,0.02402370990237099,5.741666666666666,8.2188764776918,1.0,73.0,4.0,7.290892762398698,0.7446636497070209,0.19572672118174625,3.553905160390516,14.0,0.010730693951220656,0.042302866773212176,0.29884285313621517,0.05894175247324716,744.0,0.02594142259414226,6.2,7.640462464188058,1.0,87.0,4.5,7.400895137025861,0.74788183823174,0.256023542394703,3.203591352859135,7.0,0.009258787196887138,0.055455143889162894,0.3215535372707069,0.05523694143887988,833.0,0.018573021181716835,5.553333333333334,4.776381708178506,1.0,35.0,4.0,7.857730819759913,0.7466560624740204,0.38544698544698547,4.176432552954292,10.0,0.010659169640786215,0.041508533775150014,0.24654382640998554,0.04295810035249699
44,ENTHUSIASM,7,210,270,60,30,7.0,6.0,627.0,0.02186192468619247,5.225,5.857278235949982,2.0,51.0,4.0,7.444673042339586,0.6922698275872541,0.26692284954182677,14.710355648535565,36.0,0.057606536338384744,0.14063259532811187,0.07372797495433586,0.01788443715233934,838.0,0.029218967921896793,6.983333333333333,8.62890813229319,1.0,92.0,5.0,7.350538397038218,0.757110146185911,0.2750734819700337,2.9816945606694563,6.0,0.008326447733905269,0.04617450396199746,0.3438104484389012,0.054949745073998774,842.0,0.018773690078037905,5.613333333333333,4.158984918890132,1.0,32.0,4.0,7.932309199980499,0.748206067241311,0.4111745639759222,4.165195094760312,9.0,0.010621460049531245,0.044499195102819245,0.24550203677895677,0.03823006109984099
44,ENTHUSIASM,8,240,300,60,30,7.0,6.0,563.0,0.019630404463040447,4.691666666666666,4.763219907676833,2.0,40.0,4.0,7.502941500978475,0.6660646058921921,0.2818162882732764,12.530753138075314,37.0,0.0484485425969551,0.12186852659755065,0.09026274551578692,0.02445697519414663,783.0,0.027301255230125523,6.525,7.889827311164674,1.0,93.0,4.0,7.379502352935164,0.7538104478680135,0.28484231943031535,3.1392956764295676,6.0,0.00898863729592254,0.05227895543644348,0.32829050505238944,0.05735472737769274,867.0,0.019331103678929765,5.78,4.558318403388103,2.0,35.0,4.0,7.901165891886311,0.7488041993811494,0.3995317449387137,3.926644370122631,8.0,0.009820954262156473,0.03892770686837971,0.2605923470472804,0.041099584261965326
44,ENTHUSIASM,9,270,330,60,30,7.0,6.0,619.0,0.021582984658298467,5.158333333333333,5.904088743310766,2.0,47.0,3.0,7.414783827835773,0.7167229958669376,0.2446351931330472,3.4897489539748956,8.0,0.010461130058718052,0.04556040096616036,0.29370735344630794,0.04542507276093579,644.0,0.022454672245467225,5.366666666666666,4.549603157297225,1.0,28.0,3.0,7.518616212918752,0.7334917021498549,0.3648036253776435,4.031415620641562,8.0,0.012737040422863706,0.04292926532851893,0.2543238942497173,0.04164629481943066,806.0,0.017971014492753623,5.373333333333333,4.078474660403759,1.0,42.0,4.0,7.928760495533474,0.7485880199427546,0.3931893687707641,4.26463768115942,10.0,0.010955160003890674,0.048044717089613456,0.24126733491127808,0.04123348578480325
44,ENTHUSIASM,10,300,360,60,30,7.0,6.0,588.0,0.020502092050209204,4.9,4.745875402213309,1.0,37.0,4.0,7.505988968166442,0.7030460670849215,0.2888310648518815,4.937238493723849,15.0,0.01654301888119263,0.06548015118264751,0.21498881825255903,0.04408095613463743,625.0,0.02179218967921897,5.208333333333333,4.4043460228379985,1.0,35.0,4.0,7.550887119723441,0.7276145693387072,0.3600242033077854,4.602092050209205,10.0,0.015134840547097501,0.05735391777029791,0.2250619374364777,0.04218098379199632,832.0,0.01855072463768116,5.546666666666667,4.379629613969149,2.0,31.0,4.0,7.8996917741143005,0.7557840722104353,0.3864864864864865,4.067402452619844,8.0,0.010293296820871956,0.04216073005003079,0.251192102672663,0.038522187092607296
44,ENTHUSIASM,11,330,390,60,30,7.0,6.0,616.0,0.021478382147838215,5.133333333333334,5.843705065186717,1.0,45.0,4.0,7.414982539775852,0.6931945249680919,0.24518362432269716,4.010808926080893,15.0,0.012650457672608795,0.04474926639848545,0.262373353101785,0.04684083973680417,839.0,0.029253835425383543,6.991666666666666,8.746423872392393,1.0,99.0,4.0,7.307504957768993,0.7455780414058687,0.2802139790244246,3.1062412831241284,7.0,0.008849753290437516,0.041330138221819177,0.33213183008478114,0.05887869049569817,878.0,0.019576365663322184,5.8533333333333335,4.831682476690243,1.0,40.0,4.0,7.870286899638548,0.755034129704734,0.39108592039160117,4.001293199554069,8.0,0.010071453689778763,0.041058567619392854,0.25575715684004763,0.040436523077284826
44,ENTHUSIASM,12,360,420,60,30,7.0,6.0,647.0,0.022559274755927474,5.391666666666667,6.846283460551588,1.0,59.0,4.0,7.363653703372767,0.7238420068563336,0.21048901488306165,3.7894700139470014,14.0,0.011720462243474805,0.04655341072964689,0.27917316617013627,0.05366154983372535,716.0,0.024965132496513248,5.966666666666667,7.136097595246921,1.0,96.0,4.0,7.41707518604602,0.7388759179667655,0.2662666804592945,3.2837168758716877,8.0,0.009595449058284394,0.054897765503805304,0.3151441835121168,0.05817341068543507,856.0,0.019085841694537347,5.706666666666667,4.4557777722363525,1.0,34.0,4.0,7.904853563655054,0.743227101793889,0.4007421150278293,3.9794871794871796,8.0,0.009998279125795905,0.03760012609018915,0.2573313287549535,0.04109042563490104
44,ENTHUSIASM,13,390,450,60,30,7.0,6.0,699.0,0.024372384937238492,5.825,7.436579074637297,2.0,59.0,4.0,7.354883859402504,0.7602777611813469,0.21640523528824057,3.360739191073919,8.0,0.00991907223140302,0.042534564353554544,0.30622187958706737,0.050559786197314154,722.0,0.02517433751743375,6.016666666666667,5.87506501146063,1.0,33.0,4.0,7.42200339983946,0.7245889659375336,0.36128284389489956,4.163981868898187,9.0,0.013294041465958766,0.04872414518602016,0.24736761213267655,0.04356084059728099,819.0,0.018260869565217393,5.46,3.7614358960375753,1.0,21.0,4.0,7.950747363249036,0.7372265398000692,0.4187012987012987,4.687224080267558,10.0,0.012373235168683067,0.04666719472370218,0.21875695077116333,0.03513182466089692
44,ENTHUSIASM,14,420,480,60,30,7.0,6.0,709.0,0.024721059972105996,5.908333333333333,7.01723572514293,2.0,58.0,4.0,7.3804709849320655,0.7141473930409001,0.26136968793268717,8.311018131101813,25.0,0.03071856357605803,0.08685127702442737,0.1389305561452936,0.03834343445965454,627.0,0.02186192468619247,5.225,4.343505688573075,2.0,31.0,4.0,7.547225379624454,0.7344213944561296,0.3663749236718909,5.851638772663877,13.0,0.02038503685993226,0.08041329111207089,0.17516664027473183,0.027315444118089144,821.0,0.01830546265328874,5.473333333333334,4.316938215397061,1.0,31.0,4.0,7.897582228796569,0.7361433199094063,0.37940630797773656,3.9327536231884057,8.0,0.00984145511137049,0.03922308363929467,0.2598331968440037,0.03998915676120156
44,ENTHUSIASM,15,450,510,60,30,7.0,6.0,633.0,0.02207112970711297,5.275,7.095142117439696,2.0,83.0,4.0,7.391991444396021,0.7451480631890885,0.19583857322510576,4.302580195258019,10.0,0.0138763873750337,0.06844839361490389,0.24391415131253075,0.05182284322539764,595.0,0.020746164574616456,4.958333333333333,4.2532258998971075,2.0,36.0,4.0,7.560647355881902,0.7326053646574157,0.328104286345559,4.525244072524408,10.0,0.014811949884556341,0.056114041574416594,0.23052548950200258,0.0443329635323232,782.0,0.017435897435897435,5.213333333333333,3.8420249290648227,2.0,29.0,4.0,7.931333590133082,0.7476515331824662,0.3866400435650753,4.32597547380156,9.0,0.01116099152282402,0.0467653191282267,0.23630738596552373,0.03631267196042563
44,ENTHUSIASM,16,480,540,60,30,7.0,6.0,653.0,0.022768479776847976,5.441666666666666,5.985810768438604,1.0,51.0,4.0,7.436958700193015,0.7176803187144584,0.27,7.272803347280335,25.0,0.026356316585211485,0.09153836056261333,0.14687994744494282,0.03128119493857402,562.0,0.019595536959553697,4.683333333333334,3.152996810795864,1.0,18.0,4.0,7.642516257529708,0.7229784070776719,0.41281029727244867,9.920432357043236,31.0,0.03748080822287073,0.10852338222960452,0.1061587480117164,0.02264336934221932,799.0,0.0178149386845039,5.326666666666667,4.311993609560302,1.0,33.0,4.0,7.886286436337392,0.7370749823856285,0.36935638808837656,4.1004682274247495,10.0,0.010404255796727347,0.042048226179775855,0.2498849878079172,0.039589340841934835
44,ENTHUSIASM,17,510,570,60,30,7.0,6.0,552.0,0.019246861924686193,4.6,5.422791409105338,2.0,61.0,3.0,7.44068113295501,0.618389940057171,0.2534445250181291,25.50495118549512,56.0,0.1029619797709879,0.19435542486921925,0.039543113003470215,0.003712487155359866,594.0,0.020711297071129706,4.95,4.223643766544081,2.0,42.0,3.0,7.563399042854869,0.742900537957231,0.3349676844216626,6.411262203626221,15.0,0.022736395813555545,0.0828387038277753,0.16599468228685849,0.036748744456630796,793.0,0.017681159420289853,5.286666666666667,4.096887707625007,2.0,31.0,4.0,7.918029815163207,0.7508261347341441,0.37620415751225283,3.9334002229654406,7.0,0.009843624909280006,0.03628896515999432,0.25974027966299185,0.0400452056112274
44,ENTHUSIASM,18,540,600,60,30,7.0,6.0,651.0,0.022698744769874477,5.425,8.364271735582644,1.0,71.0,4.0,7.265159017480428,0.7636800949232343,0.15670450514366796,3.266457461645746,6.0,0.009522930511116577,0.06001467037024566,0.312047724376033,0.044086692617722044,659.0,0.02297768479776848,5.491666666666666,7.41675561744412,1.0,103.0,4.0,7.392453771524545,0.7455916448887625,0.20583620960150611,3.023430962343096,6.0,0.008501810766147462,0.05295963615491167,0.3399234597553527,0.057808691310747416,752.0,0.016767001114827203,5.013333333333334,3.797344101108329,1.0,25.0,4.0,7.914269747331881,0.7224622712111877,0.37869137232194555,4.556098104793757,11.0,0.011933215116757587,0.044756122804493086,0.2265042659413073,0.039265384073506326
44,LIKING,0,0,60,60,30,9.0,7.0,635.0,0.02214086471408647,5.291666666666667,7.670175827334222,1.0,82.0,4.0,7.318859232315056,0.7393987888583466,0.17567705671946857,3.6682705718270574,10.0,0.01121122089002966,0.061820578428116245,0.2849810391184114,0.05586185953001621,691.0,0.02409344490934449,5.758333333333334,7.458770936882892,2.0,95.0,4.0,7.404524136326698,0.750406180831591,0.22219991971095945,3.0760111576011155,6.0,0.008722735956307213,0.051159592175604715,0.33424784671356633,0.05672970720791606,846.0,0.0188628762541806,5.64,4.917018066538566,1.0,47.0,4.0,7.860436191999919,0.7542210530642791,0.3535487288135593,3.7572798216276477,7.0,0.009252616851099488,0.035056179594086266,0.27259627935229314,0.04398312237134217
44,LIKING,1,30,90,60,30,9.0,7.0,630.0,0.021966527196652718,5.25,5.8747340365330585,2.0,48.0,4.0,7.438615223815644,0.7376341872913313,0.2556093268807743,4.492224546722455,12.0,0.01467321238118678,0.0703819344023689,0.2319728083396356,0.04201953476541375,694.0,0.024198047419804743,5.783333333333333,7.341870031235609,1.0,94.0,4.0,7.400218413819255,0.7560935397958973,0.2341642827952595,3.0791143654114363,6.0,0.008735774644585867,0.05012929154130981,0.33363928766369505,0.05632531468450289,776.0,0.017302118171683388,5.173333333333333,3.6683268968594147,1.0,25.0,4.0,7.94721202324598,0.7619122153388407,0.39889670914970515,4.60577480490524,10.0,0.01209991545270215,0.05285677821426965,0.22229389486767484,0.03487252329103735
44,FEAR,0,0,60,60,30,5.0,5.0,567.0,0.01976987447698745,4.725,5.692776856098729,1.0,42.0,3.0,7.4157796455106215,0.6955397530029541,0.21596400599900017,3.553521617852162,11.0,0.010729082427950254,0.050639657276086526,0.29029978370509396,0.04695795613721353,582.0,0.020292887029288702,4.85,3.319513016493032,1.0,21.0,4.0,7.634467113969276,0.7313198051733268,0.41930957058658436,11.354951185495118,25.0,0.043508198258382855,0.12523227590989708,0.09072294211557262,0.014695666614423144,889.0,0.019821627647714606,5.926666666666667,5.798386748819786,2.0,48.0,4.0,7.778710512304656,0.7652977068444221,0.3553008595988539,3.5586622073578593,7.0,0.008586114789791469,0.036052220976375164,0.28711530709309346,0.04485102792312225
44,FEAR,1,30,90,60,30,5.0,5.0,546.0,0.01903765690376569,4.55,4.950336688886255,2.0,42.0,3.0,7.47368539452393,0.6818992599368533,0.2465669194507071,7.883333333333334,18.0,0.02892156862745098,0.10050742732196087,0.13321760170599065,0.02724355522079954,625.0,0.02179218967921897,5.208333333333333,4.393927311895615,1.0,25.0,3.0,7.525993325474369,0.7268973458103892,0.36082474226804123,4.035181311018131,7.0,0.012752862651336684,0.046476414255920855,0.25344230144661556,0.03994138872224402,864.0,0.019264214046822742,5.76,5.265206548655049,2.0,34.0,4.0,7.804368154189979,0.757143765061577,0.3822996010155967,3.8419397993311035,8.0,0.009536710736010414,0.03778106715217114,0.26615777263291646,0.04167155468090989
44,FEAR,2,60,120,60,30,5.0,5.0,611.0,0.021304044630404462,5.091666666666667,5.258320126766299,2.0,49.0,4.0,7.491291056337764,0.71936364840159,0.2763836369886559,6.526429567642957,16.0,0.023220292301020826,0.08555688327052755,0.1685195482813002,0.041818043856434395,676.0,0.023570432357043234,5.633333333333334,5.58559655622288,2.0,37.0,3.0,7.4344899805564895,0.7461930865638297,0.33420593368237345,3.9375174337517436,8.0,0.01234251022584766,0.0465844646026,0.2608494556009967,0.044115831360229035,837.0,0.01866220735785953,5.58,4.773216944577315,1.0,25.0,4.0,7.845461412151833,0.7538562406240156,0.38311956971452216,3.982408026755853,8.0,0.010008080626697483,0.02866667906422585,0.2570005320218594,0.0412429326212467
44,AMUSEMENT,0,0,60,60,30,8.0,6.0,672.0,0.023430962343096235,5.6,7.144811637358492,2.0,73.0,4.0,7.3820964698310565,0.760813021999436,0.21058912878376912,4.0524058577405855,11.0,0.012825234696389012,0.05984274052555527,0.2637755292946033,0.05456706893385465,1455.0,0.05073221757322176,12.125,17.55162029557385,2.0,123.0,6.0,7.037914123118456,0.7563487066670144,0.2715317755954397,2.6331241283124127,5.0,0.00686186608534627,0.02907446658008439,0.3913961032542834,0.06908075954049181,882.0,0.019665551839464883,5.88,5.99602090278767,1.0,41.0,4.0,7.755223465264782,0.7392989208135793,0.38764566360730124,3.617725752508361,7.0,0.008784314605732757,0.026034877117407648,0.2838426717009353,0.04857828101108569
44,AMUSEMENT,1,30,90,60,30,8.0,6.0,587.0,0.020467224546722455,4.891666666666667,4.995491022467717,2.0,50.0,4.0,7.503319090264991,0.7230619852640853,0.268800909263118,4.597733612273362,9.0,0.015116527782661182,0.07616286606114951,0.22391582877322566,0.038435564238759,678.0,0.023640167364016737,5.65,7.591826745476568,2.0,108.0,4.0,7.3959195831961155,0.750798225992224,0.21630747839904657,3.07918410041841,6.0,0.008736067648816846,0.055470619723484556,0.33536262709001186,0.06031069322286928,786.0,0.017525083612040134,5.24,4.156408706243087,2.0,33.0,4.0,7.90588752699227,0.7369288406954816,0.38436866981769074,4.340334448160535,9.0,0.011209176000538714,0.049575842069932374,0.23607130053783673,0.03753340902388316
44,AMUSEMENT,2,60,120,60,30,8.0,6.0,636.0,0.022175732217573223,5.3,6.5225250734154585,2.0,61.0,4.0,7.386538220166342,0.7391944544371168,0.22538265306122449,3.7358786610878663,7.0,0.011495288491965825,0.05931303286884917,0.27739890054596994,0.05109753603461417,602.0,0.02099023709902371,5.016666666666667,3.6480207723580134,1.0,23.0,3.5,7.594338408644324,0.7287445349522177,0.40722291407222916,6.496129707112971,14.0,0.02309298196265954,0.08799463976244669,0.15677398187017844,0.021764162364901037,802.0,0.017881828316610924,5.346666666666667,4.1856686708603945,1.0,29.0,4.0,7.899168622492027,0.7249580791370158,0.3812561334641806,4.104147157190636,8.0,0.010416601198626294,0.03359462118977096,0.24926102433473193,0.03937323936073343
44,SADNESS,0,0,60,60,30,4.0,4.0,601.0,0.020955369595536958,5.008333333333334,5.553521155287178,1.0,42.0,4.0,7.452579135939829,0.7069386390353917,0.24893617021276596,6.06942119944212,23.0,0.02130008907328623,0.07295838695839788,0.1857926471848306,0.046059982832983785,718.0,0.02503486750348675,5.983333333333333,8.188389476705552,2.0,91.0,4.0,7.357769120042231,0.7606861745577719,0.21808327598072952,3.021652719665272,7.0,0.008494339158257442,0.048724250981143497,0.3407621092742979,0.057771817043195416,822.0,0.018327759197324416,5.48,4.5213862181120215,2.0,33.0,4.0,7.882427892308598,0.7409036742589823,0.37338865017039563,3.9800891861761425,7.0,0.010000299282470279,0.031402098343931054,0.25719013132151625,0.04167200980689326
44,SADNESS,1,30,90,60,30,4.0,4.0,604.0,0.02105997210599721,5.033333333333333,6.920902317536991,2.0,64.0,4.0,7.3487759354990905,0.7295531909436874,0.18658357771260997,3.9005927475592745,11.0,0.012187364485543167,0.057736364714985396,0.2708052406199208,0.0547696211791549,704.0,0.024546722454672244,5.866666666666666,7.512692962949807,2.0,80.0,4.0,7.393701618500058,0.7599558871294422,0.22943425826061378,3.121931659693166,6.0,0.008915679242408266,0.04946757084454894,0.32918705713838675,0.05514778139496366,728.0,0.016231884057971015,4.8533333333333335,3.270854458530506,2.0,19.0,3.5,7.97071131376527,0.7229634339402141,0.39319727891156464,4.712173913043478,10.0,0.012456959439743223,0.04702025836757326,0.21731957950073869,0.034322349094162145
44,NEUTRAL,0,0,60,60,30,6.0,4.0,662.0,0.02308228730822873,5.516666666666667,7.649600570545425,2.0,65.0,4.0,7.334638721231593,0.7583100126040933,0.18997203355972833,3.6107740585774057,11.0,0.010969638901585754,0.05056881887912596,0.2918134040432514,0.05566200348229987,616.0,0.021478382147838215,5.133333333333334,3.9198922887696233,2.0,27.0,3.0,7.573240117662968,0.7384276510431051,0.3929384965831435,4.34323570432357,8.0,0.014047208841695663,0.053415249245746026,0.235349488886964,0.03636098772160886,827.0,0.018439241917502788,5.513333333333334,4.299979328115685,2.0,30.0,4.0,7.9039179374052795,0.7345779663149071,0.39332923455272056,4.076722408026756,8.0,0.010324571839015959,0.03849398411199466,0.25052830332304066,0.03787199141519918
44,NEUTRAL,1,30,90,60,30,6.0,4.0,635.0,0.02214086471408647,5.291666666666667,7.40596137506056,2.0,58.0,4.0,7.316302141112384,0.6984948628690759,0.19920489953798218,9.313807531380753,35.0,0.03493196441756618,0.09663769561191184,0.1248856620686795,0.0331799732842754,617.0,0.021513249651324964,5.141666666666667,4.702474230539588,1.0,47.0,4.0,7.5233376940140335,0.7279286927198477,0.33461316951430214,4.3109832635983265,9.0,0.013911694384866917,0.06240375071298309,0.23980429862794767,0.04297762677334158,939.0,0.020936454849498326,6.26,5.673247159549224,1.0,32.0,4.0,7.7883050411756765,0.7199847069593314,0.529538241015665,4.151282051282052,8.0,0.010574771984167954,0.039419208726179246,0.24647944683350942,0.03886155846998444
44,NEUTRAL,2,60,120,60,30,6.0,4.0,678.0,0.023640167364016737,5.65,7.177685327921995,2.0,57.0,4.0,7.348488048023503,0.7500123924842981,0.23010176754151043,3.4608089260808925,8.0,0.0103395333028609,0.05323442370517392,0.2950297212308225,0.041251283452277375,643.0,0.022419804741980475,5.358333333333333,5.242130345151248,2.0,50.0,4.0,7.484039672370544,0.74196552136981,0.3280327868852459,3.8049163179916317,8.0,0.011785362680637105,0.04942226496292216,0.27048434588321507,0.047465489138114846,870.0,0.01939799331103679,5.8,4.550457852421739,1.0,28.0,4.0,7.89191631539198,0.7326397051554094,0.45646800329579784,4.281360089186176,9.0,0.01101127546706772,0.043407040412900354,0.23912521997229588,0.037953985304466135
44,AWE,0,0,60,60,30,7.0,5.0,504.0,0.017573221757322177,4.2,3.1519835024948972,2.0,26.0,3.0,7.636822044903865,0.5940923098640489,0.39358288770053473,29.605927475592747,78.0,0.12019297258652414,0.18486754960319204,0.0353690081339472,0.007287206919254052,649.0,0.022629009762900977,5.408333333333333,6.755239735856078,2.0,92.0,4.0,7.425081414916839,0.73733359136059,0.22741993522849946,3.1894700139470014,6.0,0.009199453840113456,0.050350547635929305,0.32285778396700177,0.05643813422177971,789.0,0.017591973244147158,5.26,3.8771639119335672,2.0,29.0,4.0,7.936087596165409,0.7347082135970147,0.39476495726495725,4.3939130434782605,9.0,0.011388969944557912,0.048073918845300864,0.23269654434171386,0.035816273307016616
44,AWE,1,30,90,60,30,7.0,5.0,762.0,0.026569037656903764,6.35,9.458373715038615,1.0,78.0,4.0,7.251686756955309,0.767573819804781,0.1956521739130435,3.172768479776848,7.0,0.009129279326793489,0.037669817945214026,0.32644781152559776,0.05924165263281469,649.0,0.022629009762900977,5.408333333333333,6.604286276519381,2.0,93.0,4.0,7.460031378072548,0.7461705346076446,0.23162445954292774,3.156799163179916,6.0,0.009062181357898805,0.054147383906072696,0.3256749294987823,0.05573328193539824,802.0,0.017881828316610924,5.346666666666667,4.199185106131374,1.0,28.0,4.0,7.9106128753718545,0.746500839850371,0.3821562550970478,4.0089186176142695,8.0,0.010097042340987477,0.034101509897779304,0.2553154234809025,0.040906985470521594
44,DISGUST,0,0,60,60,30,6.0,4.0,669.0,0.023326359832635982,5.575,6.815011005126844,2.0,59.0,4.0,7.407988835601762,0.7496459969819066,0.23210562890896455,3.313563458856346,7.0,0.00972085486914431,0.04593655961443966,0.3106722208283916,0.05251357138961281,777.0,0.02709205020920502,6.475,7.3705071060273735,2.0,75.0,4.0,7.369747189979359,0.7608059435366441,0.3205235310498468,3.2606694560669456,6.0,0.009498611159945151,0.05150645991313209,0.31458607795533317,0.05139505174754399,829.0,0.018483835005574135,5.526666666666666,5.446952256894574,2.0,56.0,4.0,7.794568455382851,0.7357572465339431,0.3426795074972571,3.573690078037904,6.0,0.00863654388603324,0.03519181409010987,0.28632456010602775,0.04609239680520914
45,BASELINE,0,0,60,60,30,7.0,3.0,600.0,0.02092050209205021,5.0,5.022449601539074,2.0,45.0,3.0,7.488556182363944,0.7197375944029755,0.289110005527916,4.955160390516039,9.0,0.01661832096855478,0.08080604383740508,0.20532513898743635,0.028096407594296807,2382.0,0.08305439330543933,19.85,15.295505875910088,2.0,98.0,16.0,7.592400731599285,0.7156628193761977,0.43523124357656734,2.9581589958158996,6.0,0.008227558805949156,0.03850086776194278,0.34443151205479816,0.04765678260323396,890.0,0.019843924191750278,5.933333333333334,5.916267592175173,2.0,54.0,4.0,7.757644773253796,0.7313919593951235,0.3547349859973032,3.6737569676700113,8.0,0.008972338817684592,0.03128636110201353,0.2793882482400697,0.04696425983123129
45,BASELINE,1,30,90,60,30,7.0,3.0,569.0,0.01983960948396095,4.741666666666666,5.953284574268411,2.0,65.0,3.0,7.428426693862145,0.7157527742580218,0.2049514258853024,4.0628661087866105,8.0,0.012869185331036172,0.0720190655205047,0.25601378748436193,0.04806870377701293,3078.0,0.10732217573221757,25.65,27.790331052364238,2.0,154.0,16.0,7.300827469025596,0.7131346642751313,0.3597885481373369,2.305753138075314,5.0,0.005486357723005519,0.017319590032329267,0.44687474539249106,0.07475383781681429,835.0,0.018617614269788182,5.566666666666666,4.739081017337527,2.0,43.0,3.0,7.853677158156475,0.7367550130380635,0.3767752715121136,4.015986622073578,8.0,0.010120760476756979,0.04137196903722311,0.25527592740058175,0.041746226086431255
45,BASELINE,2,60,120,60,30,7.0,3.0,560.0,0.019525801952580194,4.666666666666667,6.022642461762297,2.0,53.0,3.0,7.396465311134147,0.6898717142048743,0.19950046831095847,5.980404463040446,23.0,0.020926069172438843,0.07618312115143809,0.1923716821162174,0.047196142098589494,1542.0,0.05376569037656904,12.85,10.30141576030531,2.0,49.0,11.0,7.493941590306784,0.7111375230887185,0.439545908988293,3.52071129707113,7.0,0.010591223937273648,0.05024485428560966,0.29034044278136745,0.04310903546526433,897.0,0.02,5.98,5.089819905130894,1.0,30.0,4.0,7.8198849715934,0.7317741460263579,0.5322638572967796,4.599732441471572,9.0,0.012079639065340852,0.05227476105039871,0.22239677693861035,0.03451020678243001
45,BASELINE,3,90,150,60,30,7.0,3.0,586.0,0.020432357043235705,4.883333333333334,5.808303443251643,2.0,57.0,4.0,7.428770462335896,0.7244848596012953,0.21869070208728653,3.877231520223152,9.0,0.012089208068164504,0.06334572709878589,0.2677631683156335,0.0491720303906083,2396.0,0.08354253835425383,19.966666666666665,22.422248375714293,1.0,135.0,13.5,7.2625094805428105,0.6827669315783499,0.34715197352871663,2.559588563458856,8.0,0.00655289312377671,0.02381347226769961,0.40624322253258455,0.07323265829140019,957.0,0.021337792642140467,6.38,5.367395395658246,1.0,26.0,4.0,7.812537465803675,0.7416794790981491,0.5499472016895459,4.429520624303233,9.0,0.011508458470816219,0.04265436330307615,0.23066000996280095,0.035229460008344794
45,BASELINE,4,120,180,60,30,7.0,3.0,662.0,0.02308228730822873,5.516666666666667,7.150738112639531,2.0,63.0,4.0,7.3613244551713475,0.7605950677661759,0.210387902695595,3.676115760111576,7.0,0.011244183866015028,0.06270175604974247,0.2808229816545038,0.047921656119195515,3088.0,0.10767085076708507,25.733333333333334,21.76435669212904,2.0,122.0,20.0,7.491676543606218,0.6665768810711263,0.4111800869245378,2.4079149232914925,5.0,0.00591560892139282,0.032846436851120105,0.4238855058142396,0.06062882707386736,809.0,0.018037904124860647,5.3933333333333335,4.873597804041236,1.0,54.0,3.0,7.8369211484010295,0.7173653531119883,0.34818041309540537,3.907335562987737,10.0,0.009756159607341393,0.04197007109277769,0.263237683717199,0.04480357771999985
45,BASELINE,5,150,210,60,30,7.0,3.0,632.0,0.02203626220362622,5.266666666666667,7.041819524968119,2.0,66.0,4.0,7.355669624863473,0.7409513655049379,0.2022666820862727,4.91673640167364,12.0,0.016456875637284207,0.08057769991462288,0.21128946308847063,0.03639456665310279,3682.0,0.12838214783821478,30.683333333333334,21.088694970423266,5.0,115.0,25.0,7.616158109479991,0.6719406657084757,0.480444111101548,3.0376220362622037,7.0,0.008561437127152119,0.04992952497787458,0.33431057447389884,0.0401640905991637,791.0,0.017636566332218506,5.273333333333333,4.216470351161291,2.0,27.0,3.0,7.872907881926284,0.7252793519880724,0.38349594840416734,4.238952062430323,8.0,0.010868966652450747,0.041427295274635734,0.24136175911833543,0.03817500518937605
45,BASELINE,6,180,240,60,30,7.0,3.0,574.0,0.0200139470013947,4.783333333333333,6.083013690232463,2.0,64.0,3.0,7.435894965589126,0.7192633201986365,0.19782214156079855,4.365446304044631,8.0,0.01414053068926315,0.07976118847566416,0.23251514313419466,0.028938422332567593,2850.0,0.09937238493723849,23.75,19.27184907233,1.0,129.0,18.0,7.480640998778998,0.7280574788775331,0.5518710125587262,2.795536959553696,7.0,0.007544272939301244,0.03933667233213266,0.3727916514095753,0.06869352591087531,824.0,0.018372352285395764,5.493333333333333,4.3038690603791485,1.0,23.0,4.0,7.876960203252236,0.7276199825087293,0.39808671501311527,4.369030100334448,9.0,0.011305470135350507,0.03960735375941993,0.23462550980877206,0.03782511146543694
45,BASELINE,7,210,270,60,30,7.0,3.0,680.0,0.023709902370990237,5.666666666666667,8.865977416819623,2.0,98.0,4.0,7.305156715970623,0.7555748014716218,0.16658733936220846,4.61136680613668,14.0,0.015173810109817982,0.06381394134210254,0.23355954090016776,0.05518526720541053,2151.0,0.075,17.925,15.15182194765149,2.0,107.0,15.0,7.538648669124496,0.71109744368384,0.4170119615354546,2.912133891213389,6.0,0.008034176013501638,0.032288154999694924,0.3533355061069134,0.05974166853779432,801.0,0.01785953177257525,5.34,4.155847286254232,1.0,25.0,4.0,7.885855841818913,0.728495226064374,0.39657161694412396,4.169520624303233,8.0,0.010635975249339706,0.03767377759011075,0.24529349993068478,0.038475614414643575
45,BASELINE,8,240,300,60,30,7.0,3.0,612.0,0.021338912133891212,5.1,6.260191690355814,1.0,73.0,4.0,7.427123456277964,0.7179108490030914,0.23502495840266224,7.308856345885634,15.0,0.026507799772628723,0.10638068377882584,0.14002734440542172,0.020507458810569243,2215.0,0.07723152022315202,18.458333333333332,9.067244926412629,1.0,62.0,17.0,7.7464153723553775,0.706764053303983,0.5699480797758365,3.185774058577406,8.0,0.009183924615871458,0.04016445600189059,0.32061855578944826,0.046881473863848326,768.0,0.017123745819397993,5.12,3.901999487442304,1.0,30.0,3.0,7.898379204729717,0.7229337411231561,0.388215859030837,4.375451505016723,9.0,0.011327018473210482,0.044367893113519664,0.2340951839348948,0.037572175624450636
45,ANGER,0,0,60,60,30,4.0,4.0,587.0,0.020467224546722455,4.891666666666667,5.225411998642361,1.0,49.0,4.0,7.489341804352833,0.6818921587961374,0.2659593598273692,7.810739191073919,34.0,0.028616551222999668,0.08572572508328888,0.14935963087587087,0.039866581810853396,954.0,0.03326359832635983,7.95,7.861138594376771,1.0,48.0,5.0,7.3726612688558335,0.7368103056243617,0.3904314395557454,3.6773709902370992,11.0,0.011249457942172685,0.03125645656617103,0.28444214660248984,0.056193376282143714,865.0,0.019286510590858418,5.766666666666667,5.455170839569453,1.0,45.0,4.0,7.777771822484327,0.7350106274504691,0.3654361243740538,3.8126421404682276,8.0,0.009438396444524252,0.03223074792187143,0.26908118774555595,0.04481428732420179
45,ANGER,1,30,90,60,30,4.0,4.0,570.0,0.0198744769874477,4.75,6.288547792084699,1.0,81.0,4.0,7.423597880031818,0.6852993664617547,0.19787883190469271,9.351011157601116,29.0,0.03508828217479461,0.11661561284575671,0.11081050565844713,0.017409619030526725,964.0,0.03361227336122734,8.033333333333333,7.794691926062391,2.0,52.0,5.0,7.395528979118909,0.7445424326529652,0.4031696396844574,3.5608089260808926,7.0,0.010759701370087794,0.048511747714075126,0.2877300413529208,0.04624256523188042,797.0,0.017770345596432553,5.3133333333333335,4.2718250068195545,1.0,31.0,4.0,7.87172135784742,0.7257368689745239,0.37991902834008096,4.27154960981048,9.0,0.010978354395337165,0.03979494692760236,0.2393740692337793,0.037100968510488705
45,ANGER,2,60,120,60,30,4.0,4.0,605.0,0.02109483960948396,5.041666666666667,7.5690112006493635,2.0,82.0,4.0,7.362127350516796,0.7012657483287564,0.1696351931330472,12.872140864714087,35.0,0.049882944809723065,0.13329302135861368,0.08153239556451128,0.015439225809237553,2141.0,0.07465132496513249,17.841666666666665,19.448005824648334,1.0,127.0,12.0,7.306340195694111,0.7005777209444235,0.3450303886058076,2.7789400278940026,9.0,0.00747453793232775,0.030203954615004115,0.3741699251500543,0.06752930812508644,783.0,0.01745819397993311,5.22,3.8727595673713937,1.0,24.0,4.0,7.909990126697336,0.7337234175477882,0.393770255671588,4.708940914158306,8.0,0.012446110450195676,0.05262735819974249,0.21635208355709304,0.030922264204261668
45,ENTHUSIASM,0,0,60,60,30,7.0,4.0,543.0,0.018933054393305438,4.525,5.27961883093846,2.0,50.0,4.0,7.458662371630607,0.629861191800991,0.24130062749572162,17.28347280334728,55.0,0.06841795295524067,0.13853097466674677,0.06686262687947458,0.019399838988092666,2056.0,0.07168758716875871,17.133333333333333,19.798751363547037,1.0,126.0,9.0,7.160233534606179,0.6997161958239583,0.3655699485095189,2.617887029288703,6.0,0.006797844660876903,0.03175497972354386,0.394366444777062,0.06823080567156822,869.0,0.019375696767001113,5.793333333333333,5.535096104756347,2.0,44.0,4.0,7.77503858642026,0.7415749353976038,0.36536925008560667,3.741382385730212,8.0,0.00919926975077253,0.036211615301439216,0.27414168704426956,0.04517251663827963
45,ENTHUSIASM,1,30,90,60,30,7.0,4.0,554.0,0.019316596931659692,4.616666666666666,4.844555936535589,1.0,57.0,4.0,7.525783099517026,0.6765014030342668,0.2645228215767635,10.306799163179916,34.0,0.0391041981646215,0.1155656811082016,0.10474317175546283,0.02284538177320263,1624.0,0.056624825662482565,13.533333333333333,17.074070659596348,1.0,106.0,8.0,7.143201054636581,0.726735170761557,0.3169850190650017,2.8989539748953974,6.0,0.007978798213846207,0.020160102652232767,0.35822574333894136,0.06978608458766328,734.0,0.016365663322185062,4.8933333333333335,3.4334563084772496,2.0,21.0,4.0,7.94371780177484,0.739966057363116,0.38780804150453957,4.658974358974359,10.0,0.012278437446222694,0.051117906190330756,0.2190732937004897,0.032571720136194734
45,ENTHUSIASM,2,60,120,60,30,7.0,4.0,623.0,0.021722454672245466,5.191666666666666,5.411093286532358,2.0,53.0,4.0,7.499245943144485,0.7451523181011236,0.26693877551020406,4.576359832635983,8.0,0.01502672198586547,0.07781355704206236,0.22279795060484525,0.03207086057506311,1438.0,0.050139470013947,11.983333333333333,12.00137723578238,1.0,65.0,8.0,7.309149978196508,0.7240259802733297,0.4320696535461636,3.4249302649930264,7.0,0.010188782626021119,0.037033798828161844,0.29977494533891835,0.04939505612303544,787.0,0.01754738015607581,5.246666666666667,3.9588494400379624,1.0,28.0,4.0,7.912652447969563,0.7399370371190491,0.3894256103987353,4.176767001114827,8.0,0.010660291950049755,0.03773614488812516,0.24465421633697165,0.03771262144600352
45,LIKING,0,0,60,60,30,5.0,2.0,586.0,0.020432357043235705,4.883333333333334,5.122146902314389,2.0,49.0,4.0,7.49880807876892,0.7009215174716298,0.2704646017699115,13.183751743375174,31.0,0.051192234215862074,0.14031248127171414,0.07843863258462838,0.013444960854501456,861.0,0.03002092050209205,7.175,6.938014245204939,1.0,49.0,4.0,7.391831251901615,0.7515953669305233,0.4218876769133688,3.5600069735006974,7.0,0.010756331821431502,0.035067111019472685,0.288615368503736,0.04864942209629155,938.0,0.020914158305462654,6.253333333333333,5.853416855896126,1.0,48.0,4.0,7.786784140067311,0.7419231696489258,0.3856163703188636,3.8202229654403568,7.0,0.00946383545449784,0.03282016924590311,0.26833221014012254,0.04437249226836752
45,LIKING,1,30,90,60,30,5.0,2.0,590.0,0.020571827057182707,4.916666666666667,6.803900025393932,2.0,89.0,4.0,7.403178109233965,0.729908237025958,0.18039664378337147,3.700034867503487,10.0,0.01134468431724155,0.06576766913910213,0.28461523352032875,0.05693492392874914,730.0,0.025453277545327755,6.083333333333333,4.9076187934906095,1.0,26.0,4.0,7.520167632301094,0.7404981885418267,0.4217542796545978,4.343619246861925,9.0,0.014048820364966071,0.05454774185663731,0.23520693745292565,0.03560964883719556,790.0,0.017614269788182833,5.266666666666667,4.157990967870047,1.0,34.0,4.0,7.887652819704223,0.7230529240281562,0.37927565392354123,4.2273355629877365,8.0,0.010829985110697085,0.04660759175222859,0.24210011876766183,0.038138057651708135
45,FEAR,0,0,60,60,30,3.0,3.0,670.0,0.023361227336122732,5.583333333333333,6.812468144675776,2.0,48.0,4.0,7.379194669516265,0.7507696106911111,0.2375,3.7795676429567644,9.0,0.011678855642675493,0.05671222481975144,0.2733326322393606,0.04645088675553122,980.0,0.03417015341701534,8.166666666666666,8.788091690210997,1.0,67.0,5.0,7.3037302881271176,0.7330649145580616,0.3718003805782334,3.4020223152022315,9.0,0.01009253073614383,0.02911688676048108,0.30566815269285463,0.05790969289571826,789.0,0.017591973244147158,5.26,3.9655684754311498,2.0,24.0,4.0,7.904464542232332,0.7362249084054845,0.39335664335664333,4.253444816053512,8.0,0.010917600053870845,0.036295532735321843,0.2404938668563937,0.03801637642311109
45,FEAR,1,30,90,60,30,3.0,3.0,592.0,0.020641562064156207,4.933333333333334,5.755770051773167,2.0,58.0,4.0,7.451446532448828,0.7272090992794688,0.2289022842639594,4.157217573221757,9.0,0.013265620055553614,0.0628579416271449,0.24977476866137385,0.0470494112847032,730.0,0.025453277545327755,6.083333333333333,6.587973048585497,2.0,77.0,4.0,7.415491088556032,0.741447881288245,0.3081062899428187,3.284344490934449,6.0,0.009598086096363229,0.04754488564135784,0.3130980591986775,0.053999963630589606,782.0,0.017435897435897435,5.213333333333333,3.9108169081265984,2.0,26.0,4.0,7.909532353503209,0.7411929205870382,0.4106280193236715,4.402363433667782,8.0,0.011417326958616709,0.048107965419773566,0.23219730342563258,0.03568752643644809
45,FEAR,2,60,120,60,30,3.0,3.0,558.0,0.019456066945606695,4.65,5.410868691809107,1.0,61.0,4.0,7.45539199495462,0.6529169320578132,0.2410810810810811,12.75557880055788,45.0,0.04939318823763816,0.12117742533323628,0.08588575839341388,0.02103369605673752,705.0,0.024581589958158997,5.875,6.2935979375870525,2.0,67.0,4.0,7.4077878801657215,0.7416760804389875,0.3128205128205128,3.3685146443514644,6.0,0.009951742203157416,0.03886957304560204,0.30505092338964507,0.05220359662205189,751.0,0.016744704570791528,5.006666666666667,3.7354101366367907,1.0,28.0,4.0,7.916804115260201,0.7313620635702903,0.37573500588004705,4.341716833890747,9.0,0.01121381487882801,0.04454695224225973,0.23560314810656072,0.03688113201104286
45,AMUSEMENT,0,0,60,60,30,8.0,5.0,608.0,0.021199442119944213,5.066666666666666,5.58380595014627,1.0,44.0,4.0,7.460109662914025,0.7227158018998153,0.24766655938204055,3.7959902370990237,11.0,0.011747858139071529,0.05857587579902889,0.2709731865998145,0.04312368312612584,1504.0,0.05244072524407253,12.533333333333333,13.223674056613598,1.0,72.0,8.0,7.292967837367445,0.7185259566623554,0.3938429428645969,3.1406903765690375,7.0,0.008994497380542175,0.035404392148909454,0.329330676310004,0.06005805933620736,847.0,0.018885172798216276,5.6466666666666665,5.070353921462375,1.0,38.0,4.0,7.836876195284381,0.7303659951910673,0.35536447638603696,3.7571906354515052,7.0,0.00925231756862921,0.0307545099145301,0.272872218499673,0.04461847108100712
45,AMUSEMENT,1,30,90,60,30,8.0,5.0,532.0,0.018549511854951184,4.433333333333334,4.972814986392405,2.0,57.0,3.0,7.500303999945983,0.6464126129784641,0.24342928660826033,13.225418410041842,43.0,0.051367304243873285,0.11992226676941979,0.08860955571905184,0.026224726538070488,1182.0,0.041213389121338914,9.85,11.106417064022041,1.0,73.0,5.0,7.228274728470065,0.7183642478924831,0.3648022800142501,3.146059972105997,6.0,0.009017058706327718,0.03226808572128007,0.3269824325525324,0.057742247857777894,821.0,0.01830546265328874,5.473333333333334,4.376751712806606,2.0,28.0,4.0,7.872025658620231,0.7374917422950693,0.3923006416131989,4.1920401337792645,8.0,0.010711544073084797,0.0420891024606257,0.24413843059662996,0.03855066179586155
45,AMUSEMENT,2,60,120,60,30,8.0,5.0,573.0,0.01997907949790795,4.775,5.753205628169395,2.0,69.0,3.0,7.462503472340005,0.7174870470785265,0.21662591687041566,4.404044630404463,8.0,0.014302708531111184,0.07804334274419639,0.23315331585080426,0.03823593702116246,1941.0,0.06767782426778243,16.175,20.810118732642223,2.0,127.0,12.0,7.158602394188264,0.7137291967510211,0.2458303652575471,2.546338912133891,6.0,0.0064972223198903,0.02200130832454172,0.4048730626568469,0.06780037015643577,772.0,0.017212931995540692,5.1466666666666665,4.129385211169119,2.0,32.0,4.0,7.88430170234865,0.7334015887779564,0.3672512588991144,4.034024526198439,8.0,0.010181290356370611,0.035785247109723695,0.25355136908279596,0.04004601247793292
45,SADNESS,0,0,60,60,30,3.0,4.0,579.0,0.020188284518828453,4.825,5.574738409408403,2.0,49.0,4.0,7.470245421546615,0.7074842900958205,0.23771870794078062,10.338981868898188,31.0,0.03923941961721928,0.11548713424049596,0.10537673754269604,0.02519531046055149,972.0,0.033891213389121336,8.1,9.520066526378198,2.0,96.0,4.5,7.2612686046344255,0.7492294986311462,0.35945322607864094,3.285704323570432,8.0,0.009603799678867368,0.043685672617695286,0.31750640614473585,0.06232130734928718,943.0,0.021025641025641025,6.286666666666667,6.344905217749294,1.0,50.0,4.0,7.735676556407303,0.7322718899221092,0.3505079825834543,3.6834559643255296,7.0,0.009004885786327278,0.027490098667560806,0.27885641494209634,0.04751887959293266
45,SADNESS,1,30,90,60,30,3.0,4.0,598.0,0.02085076708507671,4.983333333333333,5.909009129193225,2.0,57.0,4.0,7.441255206866049,0.7279613135875168,0.22961046865489956,4.110704323570432,8.0,0.013070186233489208,0.07384906733272112,0.24908396130714533,0.039608157923726614,1107.0,0.03859832635983264,9.225,11.046464366483965,2.0,85.0,5.0,7.211633523211886,0.7432700582762283,0.3346387064173825,2.9116806136680613,5.0,0.008032271486000256,0.02859252153838443,0.35248235678227713,0.05867159944240297,747.0,0.01665551839464883,4.98,3.881528908389923,1.0,28.0,4.0,7.895091744701277,0.7243465361076524,0.37148862984903497,4.324191750278707,8.0,0.011155005873418477,0.039797076046848956,0.23644276654253313,0.036675069998269715
45,NEUTRAL,0,0,60,60,30,5.0,2.0,478.0,0.016666666666666666,3.9833333333333334,3.1727573006596153,1.0,22.0,3.5,7.605061649707695,0.5083918913330677,0.3952164009111617,34.725069735006976,108.0,0.1417019736764999,0.1814092105763412,0.03091051746378215,0.007686043897059443,723.0,0.025209205020920503,6.025,5.807269151675338,2.0,39.0,4.0,7.424193581030769,0.7474858893518203,0.4125,4.638179916317991,12.0,0.015286470236630227,0.04768016708671031,0.22774025776505172,0.048874509364410866,839.0,0.01870680044593088,5.593333333333334,5.451112017031225,1.0,44.0,4.0,7.77668818206776,0.7181188091307189,0.3479725664781615,3.773288740245262,8.0,0.009306338054514302,0.02763697621738234,0.2723661268533629,0.04681557534129545
45,NEUTRAL,1,30,90,60,30,5.0,2.0,528.0,0.018410041841004185,4.4,4.188078318274385,2.0,49.0,4.0,7.555740246946193,0.6200685571993898,0.30538461538461537,21.34013249651325,58.0,0.08546274158198844,0.16492102233421588,0.0509691893600232,0.01212229952022052,640.0,0.022315202231520222,5.333333333333333,4.756282395129858,1.0,38.0,4.0,7.4868131165233525,0.7277758583942543,0.3651603498542274,3.8891562064156204,7.0,0.012139311791662277,0.04480670504186444,0.2639791620907429,0.04464974684917933,778.0,0.01734671125975474,5.1866666666666665,4.591131547765637,2.0,52.0,4.0,7.860954022916523,0.7290104576652565,0.3341642000311575,3.827892976588629,8.0,0.009489573746941699,0.043666936253804516,0.26795700891828794,0.04426760531947826
45,NEUTRAL,2,60,120,60,30,5.0,2.0,622.0,0.021687587168758717,5.183333333333334,6.970154629242852,1.0,61.0,4.0,7.371929736062541,0.7455874913521436,0.18927893738140417,3.375836820083682,6.0,0.009982507647410432,0.0617638996162338,0.3026522511519403,0.045903906557574224,631.0,0.02200139470013947,5.258333333333334,5.1800833862872215,2.0,58.0,4.0,7.4770465922321305,0.7327594680009208,0.3042153377348908,3.55278940027894,6.0,0.01072600588352496,0.044151590930123705,0.28896089922618295,0.0487956285813265,769.0,0.01714604236343367,5.126666666666667,4.055114740122104,1.0,22.0,4.0,7.878990155194858,0.7201655774565991,0.3675531914893617,4.250746934225195,8.0,0.010908546759144946,0.03503718877422214,0.2406114380484749,0.03799994532003383
45,AWE,0,0,60,60,30,6.0,2.0,622.0,0.021687587168758717,5.183333333333334,6.14814786925479,2.0,48.0,4.0,7.421685689916572,0.7416983200694343,0.2252731857663211,3.82231520223152,7.0,0.011858467236266889,0.05896248174404362,0.2699813934850791,0.046274901574386906,1262.0,0.04400278940027894,10.516666666666667,10.869669830414455,2.0,79.0,7.0,7.344240353844965,0.7468262308519267,0.3983122040629296,3.256171548117155,9.0,0.009479712387046861,0.04644862963761974,0.31820102468021016,0.05715353410694496,830.0,0.01850613154960981,5.533333333333333,4.61398839279954,1.0,37.0,4.0,7.8637381107866595,0.732752416564723,0.37219666474985624,4.017948717948718,8.0,0.010127344691103083,0.04044019581847161,0.25483123883209113,0.04076706063300335
45,AWE,1,30,90,60,30,6.0,2.0,644.0,0.022454672245467225,5.366666666666666,6.354045080803951,2.0,50.0,4.0,7.418650724865176,0.7487235000064666,0.23037743241478387,6.462099023709903,15.0,0.022949995897940764,0.09495329808209571,0.15728334373769595,0.01973247561956837,1052.0,0.036680613668061364,8.766666666666667,8.357365347737023,1.0,73.0,6.0,7.4125988016407565,0.7625644611864063,0.430099081681972,3.2395746164574617,6.0,0.009409977380073375,0.044003226337161146,0.3164170433278548,0.050306946450021144,802.0,0.017881828316610924,5.346666666666667,4.466149223759646,1.0,32.0,4.0,7.8619174485888665,0.7361064177723853,0.3626119172584131,4.033534002229654,8.0,0.010179644302784065,0.03837273381721459,0.25371321056928337,0.04015895428428946
45,DISGUST,0,0,60,60,30,7.0,6.0,606.0,0.02112970711297071,5.05,5.745795564294528,2.0,51.0,4.0,7.457185356790759,0.7363461117008553,0.23659600997506233,4.224128312412831,10.0,0.013546757615179959,0.06864683777381053,0.2438503200512247,0.040657821138352264,2355.0,0.08211297071129707,19.625,17.772198560298236,2.0,125.0,15.0,7.4519780986348065,0.7150880770892696,0.41937772124651435,2.764086471408647,7.0,0.007412128031128773,0.03119699255684978,0.3724713613417855,0.05981191990011135,858.0,0.019130434782608695,5.72,4.819571211909486,2.0,36.0,4.0,7.845564503400523,0.7474261562492799,0.3794796920626493,3.950613154960981,8.0,0.009901386426043554,0.04179810743561783,0.25841498688429604,0.038900502504276215
46,BASELINE,0,0,60,60,30,5.0,7.0,587.0,0.020467224546722455,4.891666666666667,7.037750390256503,2.0,93.0,4.0,7.371675115431166,0.7181491569393176,0.17173067574137094,4.2866108786610875,14.0,0.013809289406139024,0.07063313851609271,0.25193315824152374,0.05435709639569237,949.0,0.03308926080892608,7.908333333333333,8.580497104221617,1.0,69.0,5.0,7.357415983372908,0.7445578385223366,0.3331167565460334,3.369700139470014,7.0,0.009956723275084092,0.03356319576382102,0.3060483509610492,0.0556002587758976,771.0,0.017190635451505017,5.14,4.42346771963656,1.0,42.0,3.0,7.859679385255276,0.7054915597469076,0.3642892116859801,4.193690078037904,8.0,0.010717080798784917,0.03756383592491405,0.24520121691269983,0.042472288403612536
46,BASELINE,1,30,90,60,30,5.0,7.0,633.0,0.02207112970711297,5.275,5.72780135246792,1.0,44.0,4.0,7.45615843400746,0.7156041457568457,0.2696071052235436,4.891248256624825,20.0,0.016349782590860614,0.05431368028105724,0.22832992303718627,0.050944434745142014,1489.0,0.05191771269177127,12.408333333333333,13.90772916602691,2.0,67.0,6.0,7.194410675449273,0.7359461969659417,0.39561669734812677,3.0385634588563457,7.0,0.00856539268427036,0.018896864164374905,0.3402790182034177,0.06397442090493773,735.0,0.016387959866220735,4.9,3.6810324638611926,1.0,24.0,3.0,7.914708428526744,0.697857708908153,0.385793018983466,4.599977703455965,9.0,0.012080462092134108,0.041523438123152456,0.2231605996231778,0.037463666263000156
46,BASELINE,2,60,120,60,30,5.0,7.0,676.0,0.023570432357043234,5.633333333333334,6.2013887333582165,2.0,61.0,4.0,7.4447513729492245,0.741830346641234,0.2664257131792952,3.454323570432357,8.0,0.010312283909379655,0.04215382636235147,0.2992095708869994,0.05227834003821649,902.0,0.03145048814504881,7.516666666666667,6.49099804002093,1.0,42.0,5.0,7.483578657228466,0.749957673380901,0.42335833180903604,4.605997210599721,10.0,0.015151248784032453,0.06428564743643293,0.221727683275949,0.03289363101336419,746.0,0.016633221850613156,4.973333333333334,3.8573681298119435,1.0,31.0,3.0,7.898182519478224,0.6891032427990134,0.3729792147806005,4.3590189520624305,10.0,0.011271875678061849,0.044499240324467074,0.23514618670838328,0.03833291027912334
46,BASELINE,3,90,150,60,30,5.0,7.0,634.0,0.02210599721059972,5.283333333333333,5.964734323970814,2.0,46.0,4.0,7.4298975961541345,0.7298718677335674,0.254688618468146,3.6182357043235704,8.0,0.01100099035430071,0.051316563939694734,0.28361494317414254,0.04416928479254563,1660.0,0.05788005578800558,13.833333333333334,15.161262773558438,1.0,65.0,6.5,7.172997831034468,0.6894377500528236,0.3655573056231718,3.282252440725244,7.0,0.009589295969433802,0.027572157681536327,0.31691803890775094,0.06279326843009005,746.0,0.016633221850613156,4.973333333333334,4.076676206039535,1.0,35.0,3.0,7.880492290259263,0.694082924222694,0.3507421660252886,4.112642140468227,7.0,0.01044510785392023,0.037751478970650634,0.24893610935685254,0.040142569819005845
46,BASELINE,4,120,180,60,30,5.0,7.0,583.0,0.020327754532775452,4.858333333333333,4.855917066379486,1.0,39.0,3.0,7.490169268503804,0.6712482388797042,0.2959243945658594,6.0872384937238495,26.0,0.02137495165430189,0.06792048356443432,0.18360296420909178,0.0416615446029142,1144.0,0.039888423988842396,9.533333333333333,8.541012170046878,2.0,58.0,7.0,7.439272156208535,0.7302021082820953,0.44345430978613093,4.23765690376569,9.0,0.013603600435990303,0.05398276674430007,0.24336673667066272,0.04274705420140539,812.0,0.01810479375696767,5.413333333333333,5.327521833731786,1.0,71.0,4.0,7.829159029769206,0.708953856792103,0.31564851422012496,3.707625418060201,8.0,0.009085991335772486,0.04521998916155229,0.27759041964868864,0.04865536341753869
46,BASELINE,5,150,210,60,30,5.0,7.0,621.0,0.021652719665271967,5.175,4.894150419974168,2.0,33.0,4.0,7.5133486524730095,0.7329227688577895,0.3001646241082861,4.224198047419804,10.0,0.013547050619410935,0.05870243758019274,0.2436887149152233,0.03996824257501246,1085.0,0.03783124128312413,9.041666666666666,9.121765027790522,1.0,73.0,5.0,7.362681978629599,0.7399501119528945,0.4130411544628541,3.2777545327754534,7.0,0.009570397196535518,0.04028244243825722,0.31407023754611013,0.05467294259466169,755.0,0.016833890746934223,5.033333333333333,4.651761912317621,1.0,53.0,3.0,7.846169309294215,0.701018298112809,0.3223652837386743,3.8031661092530658,7.0,0.009406597682057267,0.0379940858997349,0.2695862255412959,0.044569679850416474
46,BASELINE,6,180,240,60,30,5.0,7.0,608.0,0.021199442119944213,5.066666666666666,4.890864499815503,1.0,34.0,4.0,7.504266524661075,0.7245737572612144,0.29084783829309374,4.435495118549512,10.0,0.014434853439283666,0.0613360348336786,0.23259117748958466,0.039448142578275135,1156.0,0.0403068340306834,9.633333333333333,11.091613448407264,2.0,106.0,6.0,7.360105045360259,0.7765257661303029,0.3205755163076426,2.9043933054393305,5.0,0.008001652543862732,0.05322264895421185,0.3511599733597864,0.04824216663166701,796.0,0.017748049052396877,5.306666666666667,5.1054828915153125,1.0,59.0,3.0,7.816133263102652,0.7025655876825933,0.32256745707277185,3.7250390189520624,7.0,0.00914442623809417,0.04046100943395788,0.2755976345763039,0.04672549099945005
46,BASELINE,7,210,270,60,30,5.0,7.0,632.0,0.02203626220362622,5.266666666666667,6.153905715523725,1.0,61.0,4.0,7.427453687487075,0.719687061001109,0.24609860516503246,5.570327754532776,21.0,0.019203057792154518,0.07324545856910922,0.2009812980380533,0.04730779169754355,2560.0,0.08926080892608089,21.333333333333332,23.008271459532885,2.0,110.0,14.0,7.277438797384282,0.6550937951925583,0.3088536844928577,2.6521966527196654,6.0,0.006942002742519602,0.028102009220414524,0.39063613339833625,0.07007887658775735,770.0,0.01716833890746934,5.133333333333334,4.682117279844902,1.0,49.0,3.0,7.836078066767643,0.6985743437560912,0.32777005099675477,3.7911482720178373,6.0,0.009366269369187375,0.039867365970018866,0.27019859639738497,0.0440611119229795
46,BASELINE,8,240,300,60,30,5.0,7.0,738.0,0.025732217573221756,6.15,7.722963593509079,2.0,61.0,4.0,7.346475929191131,0.738891929165142,0.26063150209892316,4.5628661087866105,18.0,0.014970025667170627,0.05988249945826424,0.23522747226708626,0.049336032114747165,2879.0,0.10038354253835426,23.991666666666667,19.457858666587363,2.0,135.0,19.0,7.56365456542644,0.657434296270591,0.37523516026732123,2.424581589958159,5.0,0.005985636932597308,0.021956277254294554,0.4221027256959317,0.06299945716469746,843.0,0.018795986622073577,5.62,5.26645991155349,1.0,45.0,3.0,7.785786781282939,0.7121803658902729,0.3750465549348231,3.8602675585284283,8.0,0.009598213283652441,0.03890867332601271,0.2659721150443735,0.04483633089180755
46,ANGER,0,0,60,60,30,4.0,5.0,589.0,0.020536959553695954,4.908333333333333,5.628788847424364,2.0,60.0,4.0,7.453397580171323,0.7249737748752092,0.2314875491480996,4.655230125523013,9.0,0.015358109771105088,0.08105851903046267,0.21823031053832878,0.0281492815514816,1868.0,0.06513249651324965,15.566666666666666,16.033419958185952,2.0,120.0,11.0,7.36542778211475,0.7530736931548951,0.4359014106340102,2.866352859135286,6.0,0.007841818735862541,0.02983846201568105,0.3616036701469429,0.06519786834022956,797.0,0.017770345596432553,5.3133333333333335,4.6856328874075865,1.0,38.0,3.0,7.837380371480911,0.7026124533324112,0.359679096716684,3.935964325529543,8.0,0.009852229280300474,0.03240192527878833,0.260518231851831,0.043422590782587665
46,ANGER,1,30,90,60,30,4.0,5.0,663.0,0.02311715481171548,5.525,6.809873346839867,2.0,57.0,4.0,7.395523574631058,0.7586520617666347,0.22101576182136604,3.4421199442119943,8.0,0.010261008168957957,0.0514610181721339,0.29820061917969043,0.0493512207788119,2589.0,0.09027196652719666,21.575,19.257103667651233,3.0,124.0,16.0,7.502547968158516,0.7243764894854129,0.4563102824003519,2.8788702928870293,6.0,0.007894412995323655,0.03911553983976883,0.35579207425709497,0.05451337464539712,737.0,0.016432552954292086,4.913333333333333,3.616511517409499,1.0,26.0,3.0,7.924509040682668,0.6994034320799026,0.3962030540652084,4.637146042363434,11.0,0.012205188061622275,0.0441070563446816,0.22169946629025208,0.03775023013737731
46,ANGER,2,60,120,60,30,4.0,5.0,571.0,0.01990934449093445,4.758333333333334,5.336971415408639,2.0,46.0,4.0,7.462022118767539,0.6819639762316432,0.2501797268152408,10.709693165969316,39.0,0.04079703010911477,0.11030143191215624,0.1053471801690172,0.026285041227687052,2638.0,0.09198047419804742,21.983333333333334,15.332961952024215,2.0,107.0,17.0,7.592180806744859,0.7407705464929997,0.6002441184213675,3.0215829846582984,8.0,0.008494046154026458,0.03772284129670681,0.3461136865719106,0.05979537301725479,737.0,0.016432552954292086,4.913333333333333,3.5485897042189714,1.0,26.0,3.0,7.937331550122927,0.7051174780156204,0.38654934003771213,4.596923076923077,9.0,0.012070211667527092,0.0465899061200317,0.22314598746817144,0.03664637367230854
46,ENTHUSIASM,0,0,60,60,30,7.0,5.0,625.0,0.02179218967921897,5.208333333333333,6.186538926482956,2.0,51.0,4.0,7.408463693392752,0.7322737472229837,0.23715907517651946,5.422036262203626,16.0,0.018579984294973217,0.0791817461954996,0.19642375689084196,0.042125088023477225,1696.0,0.05913528591352859,14.133333333333333,15.32532399512505,1.0,121.0,9.0,7.29128559061811,0.7301478978425534,0.37290419755043797,2.7239888423988843,5.0,0.007243650598314642,0.036942258026343835,0.37773982464560946,0.06362693043090682,770.0,0.01716833890746934,5.133333333333334,4.407821331325589,1.0,36.0,3.0,7.856322959552919,0.7018455195533426,0.35181236673773986,4.0715719063545155,8.0,0.010307288276357435,0.03249572852187122,0.25229543481223593,0.04288608638998584
46,ENTHUSIASM,1,30,90,60,30,7.0,5.0,578.0,0.0201534170153417,4.816666666666666,5.019102398725183,2.0,49.0,4.0,7.498830962591266,0.7082896382578032,0.2621916236374068,5.228835425383543,15.0,0.01776821607304009,0.07453630348101964,0.20802192825174667,0.04629416314863045,2047.0,0.07137377963737797,17.058333333333334,21.208212180400515,2.0,124.0,7.0,7.083022698544381,0.7640920194201599,0.4389839485986689,2.65268479776848,7.0,0.00694405377213647,0.019763466211615923,0.3943306068609266,0.07734823013686068,739.0,0.016477146042363434,4.926666666666667,3.732910690362445,1.0,30.0,3.0,7.915272463005506,0.7017388695745694,0.37259615384615385,4.2210033444816055,8.0,0.010808736055307406,0.04105119849174616,0.24254598778865188,0.03906316159268477
46,ENTHUSIASM,2,60,120,60,30,7.0,5.0,608.0,0.021199442119944213,5.066666666666666,4.967785108968471,2.0,38.0,4.0,7.5118659701532176,0.7151239626399809,0.29205005520794997,4.944665271966527,20.0,0.016574223831792138,0.0685279160677837,0.2185639136427802,0.044116648595381384,1598.0,0.05571827057182706,13.316666666666666,13.80397487038506,1.0,91.0,8.0,7.331860308292235,0.7443573658630119,0.38948951772116197,3.052231520223152,7.0,0.008622821513542659,0.050809192882971366,0.3346252495792169,0.047513777674275046,698.0,0.01556298773690078,4.653333333333333,3.334639743993678,1.0,24.0,3.0,7.937464220337643,0.6908803832656977,0.36770981507823614,4.533422519509476,9.0,0.011857122548689522,0.04763344128819645,0.22540957934792247,0.034804547512603895
46,LIKING,0,0,60,60,30,8.0,7.0,438.0,0.015271966527196652,3.65,2.4157469514279293,1.0,19.0,3.0,7.681334874077011,0.48289633397218534,0.45298226759806554,41.71638772663877,123.0,0.1710772593556251,0.19253798207271663,0.025418084338736876,0.005801477641909172,1535.0,0.053521617852161786,12.791666666666666,15.001608710031366,2.0,90.0,6.0,7.157292607124097,0.7426188346199176,0.4406287411874252,3.0442817294281728,6.0,0.008589419031210811,0.02462147196199223,0.34089318484231385,0.06661556137232166,792.0,0.01765886287625418,5.28,4.549901097826194,1.0,32.0,3.0,7.839531740043136,0.7072329306872615,0.3829099307159353,4.0778149386845035,7.0,0.010328238049276866,0.03431387122070934,0.2513535867730433,0.041142813294312304
46,LIKING,1,30,90,60,30,8.0,7.0,565.0,0.019700139470013946,4.708333333333333,7.162862362367591,2.0,103.0,3.0,7.408366315508737,0.7215061520655406,0.15196316044595248,3.7258019525801953,8.0,0.011452949380589054,0.06901519160476127,0.28114631166022624,0.057139583042701954,837.0,0.02918410041841004,6.975,6.123673325709007,1.0,58.0,5.0,7.507067456761157,0.7382785729100275,0.38648563309125356,3.45965829846583,7.0,0.010334698733049704,0.036931280002617264,0.2967120395900185,0.05012877948747292,715.0,0.015942028985507246,4.766666666666667,3.4368913602588926,1.0,21.0,3.0,7.930772403082333,0.6986080978991196,0.38365061590145577,4.454425863991081,8.0,0.011592033100641228,0.03892167326621875,0.22991100166537218,0.03720867436290129
46,FEAR,0,0,60,60,30,2.0,7.0,604.0,0.02105997210599721,5.033333333333333,5.597519291813314,2.0,42.0,4.0,7.461132508511011,0.7172236230362059,0.25177533892834086,11.960285913528592,30.0,0.046051621485414244,0.1283473138658548,0.08692782958318004,0.017133955711698397,1735.0,0.06049511854951185,14.458333333333334,10.60416257367308,1.0,54.0,12.0,7.541379525295064,0.7278638085974927,0.5536043860601455,3.3831241283124127,6.0,0.010013126589547955,0.038587798325026845,0.3015836884393046,0.04415014924664518,851.0,0.018974358974358976,5.673333333333333,5.3491390792247016,1.0,45.0,4.0,7.804145462114549,0.7158239552623108,0.35445640343451446,3.7364102564102564,7.0,0.009182584753054552,0.03558841242203724,0.274356090503998,0.04510868395901588
46,FEAR,1,30,90,60,30,2.0,7.0,599.0,0.02088563458856346,4.991666666666666,5.922409185083006,2.0,50.0,4.0,7.437588172146013,0.7072799121007949,0.23454545454545456,11.238912133891214,35.0,0.04302063921803031,0.11237356376721876,0.09731897247803707,0.026031206328311532,1233.0,0.04299163179916318,10.275,9.94062581866286,1.0,72.0,7.0,7.419419944414246,0.7408156202750343,0.3840473941787585,3.0927824267782427,6.0,0.008793203473858162,0.02793941034479613,0.33232895022417763,0.05664617763676919,837.0,0.01866220735785953,5.58,5.04878863358991,2.0,53.0,4.0,7.8346883029538015,0.7217305404381945,0.35379391406556093,4.016387959866221,8.0,0.010122107247873236,0.04353823105674682,0.2563174520373977,0.04415055086811919
46,FEAR,2,60,120,60,30,2.0,7.0,581.0,0.020258019525801953,4.841666666666667,5.479500940373636,2.0,55.0,4.0,7.4746682142791725,0.7209565133224743,0.23187660668380464,3.7591352859135285,7.0,0.011593005402998022,0.06551773139229561,0.274583127157902,0.04804980217864323,1822.0,0.06352859135285914,15.183333333333334,15.004434529683401,2.0,127.0,11.0,7.354181345789292,0.7237211675761503,0.4047826251466192,2.6711645746164576,5.0,0.007021699893346458,0.03694934308547734,0.38499277705685464,0.06407298369287052,783.0,0.01745819397993311,5.22,4.043711166737802,1.0,28.0,4.0,7.897310055122836,0.717446191492575,0.38613861386138615,4.363991081382386,9.0,0.01128856067577981,0.0397029296317067,0.23473879505844508,0.037895376835052945
46,AMUSEMENT,0,0,60,60,30,6.0,5.0,573.0,0.01997907949790795,4.775,5.939223434086312,2.0,73.0,4.0,7.455655950907136,0.7072093299738801,0.20966228893058161,4.485076708507671,19.0,0.01464317944751122,0.06715531698831452,0.24537264559042266,0.05425869833970069,1600.0,0.05578800557880056,13.333333333333334,14.550391365488727,1.0,84.0,8.0,7.276007113480072,0.7318767228666971,0.40229070205365647,3.0574616457461645,7.0,0.008644796830866238,0.03230749837443619,0.3381510167616669,0.06095102844894768,819.0,0.018260869565217393,5.46,5.639893616017947,2.0,65.0,4.0,7.780153008028687,0.7129850081054298,0.31303418803418803,3.568004459308807,7.0,0.008617464628553048,0.03516032583251504,0.2876400481879986,0.04826965415607419
46,AMUSEMENT,1,30,90,60,30,6.0,5.0,525.0,0.018305439330543932,4.375,5.936556942650625,1.0,77.0,3.0,7.451522663548873,0.6650131820803814,0.17847025495750707,5.43476290097629,25.0,0.018633457567127268,0.07371918888996211,0.2126619683640784,0.05128318961387878,1442.0,0.050278940027894,12.016666666666667,11.7982931910604,1.0,70.0,8.0,7.370151021447574,0.7270790582324967,0.3830316047867444,3.418584379358438,7.0,0.010162119241001839,0.038359258899835894,0.30333271078293383,0.05716766603737919,834.0,0.018595317725752507,5.56,6.024372719766488,1.0,68.0,4.0,7.766167747975013,0.708547619295101,0.29977289931869794,3.6503901895206243,8.0,0.008893926810471893,0.044332911231141824,0.28193944198693344,0.04895320721241296
46,AMUSEMENT,2,60,120,60,30,6.0,5.0,632.0,0.02203626220362622,5.266666666666667,8.49041943735539,2.0,75.0,3.0,7.229474568002205,0.7283442124028778,0.16365559178637526,3.343549511854951,7.0,0.009846846688466184,0.047624624858437624,0.3118491207298,0.059243771050017845,1409.0,0.04912831241283124,11.741666666666667,11.28014171995291,1.0,76.0,8.0,7.386668838712684,0.7330441302824933,0.3941915537429286,3.0509414225941422,6.0,0.008617400935269503,0.03631572857071894,0.3365510650648301,0.05604172246896264,808.0,0.01801560758082497,5.386666666666667,5.794579842883827,1.0,77.0,3.0,7.782323046950411,0.7027143945807733,0.2877287029483743,3.5718840579710145,7.0,0.008630483416010117,0.043119898325673804,0.2879719392468566,0.05015220277131498
46,SADNESS,0,0,60,60,30,4.0,4.0,605.0,0.02109483960948396,5.041666666666667,6.992729359047787,2.0,74.0,4.0,7.361712797241004,0.7338477962486991,0.18007939372067847,3.4358437935843793,7.0,0.01023463778816966,0.05213256452212686,0.30192901947402134,0.05493930296761046,1674.0,0.05836820083682008,13.95,16.52692248020383,2.0,85.0,6.0,7.12647668392021,0.7366529755169078,0.4176475989349004,3.1126917712691773,8.0,0.008876856181803266,0.022673266679061603,0.3359268180286622,0.07059589626673253,809.0,0.018037904124860647,5.3933333333333335,4.846850065305874,2.0,43.0,3.5,7.837294727645639,0.7131598797489486,0.3475558067250636,3.837926421404682,8.0,0.009523243024847925,0.03665227090630736,0.2671108548334843,0.04387305717060271
46,SADNESS,1,30,90,60,30,4.0,4.0,612.0,0.021338912133891212,5.1,5.344623466625127,1.0,39.0,4.0,7.478869490889263,0.7316017708259029,0.2617483577564427,4.6553347280334725,9.0,0.015358549277451563,0.07464016433005756,0.2213646985056905,0.03758774431827369,756.0,0.026359832635983262,6.3,4.5863929181874505,1.0,29.0,5.0,7.586483607559655,0.7542615143380931,0.45016077170418006,4.1711297071129705,9.0,0.013324074399634341,0.048369841370934724,0.2459001666028296,0.040549405207559376,759.0,0.016923076923076923,5.06,4.627785647585679,1.0,49.0,3.0,7.84251705169485,0.697283171204208,0.330791229742612,3.917346711259755,8.0,0.009789754064630053,0.0383909206559378,0.2623441357710707,0.04495844149234043
46,NEUTRAL,0,0,60,60,30,5.0,4.0,683.0,0.02381450488145049,5.691666666666666,6.897216628627973,2.0,46.0,4.0,7.37916665036356,0.7601600975965339,0.23729384045775834,3.5062412831241283,8.0,0.010530425559345072,0.04837673139989258,0.2933309058194464,0.04707989782939966,1024.0,0.03570432357043236,8.533333333333333,8.871239422363082,2.0,64.0,5.0,7.366924104743773,0.7523967018567016,0.36280452267164004,3.300034867503487,6.0,0.00966401204833398,0.030776552249625826,0.3111183006390751,0.052277370874360546,763.0,0.017012263099219622,5.086666666666667,4.632402784253066,2.0,53.0,3.0,7.850639793280256,0.7104456633937518,0.3257061701120404,3.7705908584169454,6.0,0.009297284759788412,0.040999299597749,0.2717959669142177,0.04479818044677642
46,NEUTRAL,1,30,90,60,30,5.0,4.0,754.0,0.026290097629009763,6.283333333333333,7.699765508694983,2.0,58.0,4.0,7.361458542562209,0.7685546207545282,0.251937285997477,5.450488145048815,16.0,0.01869953002121351,0.08049011118145342,0.1904353572518276,0.033716254775450615,814.0,0.028382147838214782,6.783333333333333,5.791780574419427,2.0,40.0,5.0,7.513305940284382,0.7516845746987223,0.41222947440742014,4.054393305439331,9.0,0.012833585316971973,0.03807413655780373,0.25695589792279583,0.050454627214426624,733.0,0.016343366778149387,4.886666666666667,3.6350821479331414,1.0,23.0,3.0,7.9166939976584425,0.7012513335938427,0.3831504864417305,4.5082497212932,9.0,0.011772650071453705,0.04355773075903455,0.22734294962825957,0.036950787363344534
46,NEUTRAL,2,60,120,60,30,5.0,4.0,689.0,0.02402370990237099,5.741666666666666,6.643287129794172,2.0,51.0,4.0,7.412889050176907,0.7625360898624124,0.24839425435011095,4.351011157601116,8.0,0.014079878813450068,0.07118479553027138,0.23697950664014727,0.04102546306052267,786.0,0.027405857740585775,6.55,5.244600397869539,1.0,35.0,5.0,7.542610553475903,0.7500274217854888,0.44081952238026884,3.94023709902371,8.0,0.012353937390855937,0.04441271048121989,0.26056576676655163,0.0433254392869875,698.0,0.01556298773690078,4.653333333333333,3.3105622214696737,1.0,22.0,3.0,7.944209482344274,0.6964945760580435,0.37339055793991416,4.5085172798216275,9.0,0.011773547918864518,0.04374080194192379,0.22698341304472025,0.036276547084646116
46,AWE,0,0,60,60,30,6.0,5.0,577.0,0.02011854951185495,4.808333333333334,5.217432052477752,2.0,55.0,4.0,7.49039822712555,0.6942039021899882,0.26024890190336747,13.103347280334727,39.0,0.05085440033754087,0.13685761543749356,0.0801990695527016,0.015546579781548196,1130.0,0.03940027894002789,9.416666666666666,10.026284899646972,2.0,64.0,6.0,7.343301885894576,0.7484841028732002,0.38741077222582737,3.683507670850767,7.0,0.011275242314499024,0.041038664687124644,0.2817287421059935,0.05388982281162244,849.0,0.018929765886287624,5.66,5.705354210447118,1.0,47.0,4.0,7.773141767825123,0.7173794336015158,0.3492476524493721,3.6662653288740246,7.0,0.008947199090181298,0.03335627308559206,0.28007352226902743,0.04750076478677045
46,AWE,1,30,90,60,30,6.0,5.0,595.0,0.020746164574616456,4.958333333333333,6.961675843901061,2.0,85.0,4.0,7.369397792256667,0.7299040960314167,0.1802716925712887,3.555160390516039,7.0,0.010735968027378327,0.06426669419867478,0.2923177318075123,0.054717273409680925,842.0,0.029358437935843792,7.016666666666667,5.0957226071371755,1.0,34.0,6.0,7.58958498911656,0.7573524697528863,0.4715228550476656,4.911471408647141,11.0,0.016434753817845135,0.06616262253659576,0.2083490281476553,0.031975312518144665,875.0,0.01950947603121516,5.833333333333333,5.7305225668248525,1.0,64.0,4.0,7.787554581254222,0.7116100837830327,0.35423265974877116,3.907870680044593,9.0,0.009757955302163076,0.042193238728334484,0.26391439502669506,0.04739941784216427
46,DISGUST,0,0,60,60,30,3.0,6.0,660.0,0.02301255230125523,5.5,5.223345032958606,2.0,39.0,4.0,7.515447844681866,0.7487765519525259,0.30269058295964124,5.305613668061367,15.0,0.01809081373135028,0.07680286694011679,0.1974120311411743,0.03733833396184006,1019.0,0.035529986052998605,8.491666666666667,9.07652267605215,2.0,54.0,5.0,7.3039151049831785,0.7455102559021566,0.399486301369863,3.3245467224546723,6.0,0.009767003035523834,0.021045324509761962,0.31032823696809736,0.057650958949369446,754.0,0.01681159420289855,5.026666666666666,3.9865551823876992,1.0,25.0,3.0,7.880502934374467,0.695402359909326,0.38191881918819187,4.61701226309922,10.0,0.012137625043957101,0.041293217016157555,0.22284682460744365,0.03828552554184108
47,BASELINE,0,0,60,60,30,5.0,1.0,704.0,0.024546722454672244,5.866666666666666,7.3302266146567545,2.0,57.0,4.0,7.361848236905537,0.7688371080004374,0.2296941462426575,3.6473849372384937,8.0,0.011123466122850818,0.0516153167068604,0.2820437964137973,0.04741616349896863,2278.0,0.07942817294281729,18.983333333333334,10.125449235575784,3.0,48.0,16.0,7.710194288301988,0.7022515305427158,0.5942105164354503,3.473919107391911,8.0,0.01039461809828533,0.040671445718007376,0.2963222961712429,0.04906038963222251,813.0,0.018127090301003346,5.42,5.22017879642706,1.0,52.0,3.0,7.780273437970527,0.6945294868052035,0.3460486915766176,3.851794871794872,7.0,0.009569781448976081,0.039228588220786086,0.2667213724818333,0.0457635894075493
47,BASELINE,1,30,90,60,30,5.0,1.0,678.0,0.023640167364016737,5.65,7.327630358217223,1.0,57.0,4.0,7.3320664410820715,0.7214321859623113,0.22353063776573573,3.6898186889818687,15.0,0.011301759197402802,0.04334371086626247,0.2874864033579925,0.052858047410882215,2301.0,0.08023012552301255,19.175,11.673447434241522,4.0,75.0,16.0,7.665390483789953,0.6934707723258726,0.5756794389149605,3.630543933054393,9.0,0.01105270560106887,0.05292164018291727,0.28691462919396993,0.05354135454514448,724.0,0.016142697881828316,4.826666666666667,3.536941553878938,2.0,22.0,3.0,7.920606341652515,0.7018141368435487,0.37443511943189156,4.572976588628762,8.0,0.011989854324257587,0.04577825981154965,0.2237498337015244,0.03550682661729933
47,BASELINE,2,60,120,60,30,5.0,1.0,729.0,0.025418410041841005,6.075,8.009538584296434,1.0,50.0,3.5,7.237976195875613,0.6888287535867956,0.24793823477803123,3.322907949790795,11.0,0.009760117436095778,0.030824838153028226,0.31292492629170104,0.055741938602859024,2208.0,0.07698744769874477,18.4,9.966527312292214,4.0,62.0,17.0,7.710059315663699,0.7040203482990975,0.5809412185383103,3.6389470013947003,8.0,0.011088012610902113,0.04595769068423259,0.28393205749552697,0.049064517083238744,732.0,0.01632107023411371,4.88,3.586864926366757,1.0,25.0,3.0,7.916725680250753,0.6982024964142611,0.3867924528301887,4.921382385730212,10.0,0.013159001294396686,0.05155341002553798,0.20779670019566102,0.03203036679353668
47,BASELINE,3,90,150,60,30,5.0,1.0,787.0,0.027440725244072525,6.558333333333334,8.294873751634533,2.0,65.0,4.0,7.265127992601295,0.7095688598265872,0.27337502968886074,3.257147838214784,6.0,0.009483814446280603,0.034562149676073885,0.3154707689605382,0.05438131975378225,2114.0,0.07370990237099023,17.616666666666667,9.594862630016591,4.0,81.0,15.0,7.719642474553,0.7049493201959197,0.5508825121819166,2.9966875871687586,6.0,0.008389443643566223,0.03929314081560831,0.3413766950849304,0.05176275421723657,834.0,0.018595317725752507,5.56,5.6868034371985585,2.0,67.0,3.0,7.769451521211348,0.7073334836539981,0.3227409290501502,3.657324414715719,7.0,0.008917196022535968,0.042131845516437644,0.2811558981280138,0.04848445437286254
47,BASELINE,4,120,180,60,30,5.0,1.0,597.0,0.02081589958158996,4.975,4.436519844803281,1.0,27.0,3.0,7.520549869342336,0.6922849396408114,0.32439281942977827,4.7318340306834035,13.0,0.015679974918837845,0.06683494539433794,0.2167433022970068,0.0336440687389429,2384.0,0.08312412831241284,19.866666666666667,12.83934923930683,2.0,98.0,17.0,7.66260814262826,0.7013802420251377,0.5040148239654108,2.760181311018131,5.0,0.007395719794193826,0.024216878346551944,0.371047389574208,0.05849760320554682,795.0,0.017725752508361205,5.3,4.678675026115834,1.0,34.0,3.0,7.829797928189954,0.7061308497229078,0.35899731423455683,3.921293199554069,8.0,0.009802997313939835,0.02867301067997005,0.26140788003564114,0.04336985998981879
47,BASELINE,5,150,210,60,30,5.0,1.0,602.0,0.02099023709902371,5.016666666666667,4.598882714553853,2.0,28.0,3.0,7.513504644516297,0.7082288325261135,0.3093220338983051,3.963389121338912,7.0,0.012451214795541645,0.049860803212698125,0.2577602262697884,0.039128685735743386,2401.0,0.0837168758716876,20.008333333333333,11.77249324579217,5.0,110.0,18.0,7.700465291952953,0.7181437665534288,0.5316845993255179,2.817747559274756,6.0,0.007637594786868722,0.03784759189698563,0.3644098775417967,0.058029593559366155,834.0,0.018595317725752507,5.56,5.994975674123569,1.0,73.0,3.0,7.750582683748437,0.7047354180702818,0.3145529693278225,3.620557413600892,6.0,0.00879381682416407,0.03851033101984287,0.2842042983060394,0.05009397972357177
47,BASELINE,6,180,240,60,30,5.0,1.0,609.0,0.021234309623430963,5.075,5.077175231694621,1.0,40.0,3.0,7.462475722118962,0.689734885402131,0.2884304932735426,3.7560320781032077,9.0,0.01157996671471936,0.042529839582470336,0.2728884885181688,0.04423993203894448,2137.0,0.0745118549511855,17.808333333333334,9.013227162836234,4.0,47.0,16.0,7.732966339675601,0.7196903039008267,0.587741963738285,3.543444909344491,8.0,0.010686743316573492,0.04413173506266746,0.28980879405546295,0.04657547473049653,789.0,0.017591973244147158,5.26,4.95772797425057,2.0,58.0,3.0,7.822928027357982,0.7004758519481783,0.32732690124858116,3.8326198439241916,7.0,0.009505435717866413,0.04175957314990777,0.2680208749216499,0.045719964888238
47,BASELINE,7,210,270,60,30,5.0,1.0,587.0,0.020467224546722455,4.891666666666667,4.896930728074021,2.0,43.0,3.0,7.486531953662202,0.7051290805546873,0.2760557923285548,3.9000697350069733,9.0,0.012185166953810814,0.05410121580256197,0.263463990088963,0.042178784557597986,2598.0,0.0905857740585774,21.65,11.564781306478158,2.0,77.0,20.0,7.712850439538446,0.7166687194856801,0.5732876122700795,3.0907252440725244,8.0,0.00878455984904422,0.0366945208872145,0.33494907870985086,0.05607255680759078,733.0,0.016343366778149387,4.886666666666667,3.5327735405611396,1.0,21.0,3.0,7.922999567569484,0.7012868720260361,0.40478712137259054,4.984570791527314,10.0,0.013371042924588312,0.05259299513939209,0.2053718175761634,0.03240294864565189
47,BASELINE,8,240,300,60,30,5.0,1.0,624.0,0.021757322175732216,5.2,4.842692088773213,2.0,44.0,4.0,7.519489965728718,0.7148094311882202,0.3107635694572217,4.554532775453278,9.0,0.014935011661568413,0.062327244242320536,0.22682932843945008,0.04001176682102372,3082.0,0.10746164574616457,25.683333333333334,14.769610316081087,2.0,72.0,22.0,7.683620297476365,0.7362920811057639,0.60732902367703,2.994979079497908,7.0,0.00838226503990718,0.032734991533442344,0.34370476686082546,0.05529441222380214,743.0,0.016566332218506133,4.953333333333333,3.795324609159128,1.0,29.0,3.0,7.902995137949457,0.6972663503991037,0.3742644174185955,4.358327759197325,8.0,0.011269556238917193,0.04379413547219591,0.23504733007327228,0.038025516689856556
47,ANGER,0,0,60,60,30,3.0,6.0,602.0,0.02099023709902371,5.016666666666667,5.909009129193225,1.0,66.0,4.0,7.446346779049355,0.7232997344848283,0.22699757869249396,3.8737796373779636,10.0,0.012074704358730936,0.05944790175623418,0.2686784307542986,0.050465733045417245,3200.0,0.11157601115760112,26.666666666666668,28.09384076428299,1.0,163.0,19.0,7.279605113231396,0.709548596403318,0.40798439311261275,2.3730474198047418,7.0,0.005769106805902278,0.017565212484665464,0.4367698423167973,0.07817685736374173,805.0,0.017948717948717947,5.366666666666666,4.9239776152573596,1.0,45.0,3.0,7.819435034202426,0.7104512313389686,0.3573825503355705,4.068472686733556,9.0,0.010296888210515286,0.03495245885907062,0.2537326781856726,0.04608046911788503
47,ANGER,1,30,90,60,30,3.0,6.0,588.0,0.020502092050209204,4.9,4.827697864061779,2.0,33.0,4.0,7.503820951162288,0.6919735852642077,0.2882121807465619,6.913807531380753,28.0,0.02484793080412081,0.08069056635757436,0.16383437286207853,0.039967709286145174,2579.0,0.08992329149232915,21.491666666666667,21.347129328215434,2.0,152.0,15.0,7.418165846374476,0.7126343359227211,0.36248744559758955,2.478626220362622,6.0,0.006212715211607652,0.03897448222278273,0.41271810814864257,0.05765982546101882,713.0,0.015897435897435898,4.753333333333333,3.4601284497672755,2.0,22.0,3.0,7.932717013986478,0.7012674987264771,0.3689624329159213,4.337748049052397,8.0,0.011200496808900654,0.03632223776775847,0.23579807136195366,0.03731309298664487
47,ANGER,2,60,120,60,30,3.0,6.0,584.0,0.020362622036262202,4.866666666666666,5.211259178185463,1.0,49.0,4.0,7.479631632915707,0.7017118515899036,0.2653616095704187,6.972350069735007,23.0,0.025093907856029437,0.09377667506751886,0.15382784539923905,0.03284666365807733,3430.0,0.1195955369595537,28.583333333333332,27.414741573751076,2.0,150.0,20.0,7.379381011069993,0.6751251000428398,0.39948268118333974,2.261715481171548,5.0,0.005301325551140958,0.0248692322441827,0.45328550832541104,0.06830401519187783,696.0,0.01551839464882943,4.64,3.195371652875452,1.0,20.0,3.0,7.954683657932756,0.6990162994899837,0.385239852398524,5.217971014492754,10.0,0.014154265149304566,0.05442389186499131,0.1964215908351883,0.03175396973508833
47,ENTHUSIASM,0,0,60,60,30,7.0,6.0,679.0,0.023675034867503487,5.658333333333333,7.731424872270024,1.0,76.0,4.0,7.35671430810066,0.7521339462165393,0.20230263157894737,3.4204672245467225,8.0,0.01017003035523833,0.046136634221569155,0.30434207488044934,0.057598704779843635,3663.0,0.12771966527196651,30.525,27.05240670131464,2.0,138.0,21.0,7.464462406229748,0.7046159815567292,0.44706842884114917,2.6346931659693165,7.0,0.006868458680543348,0.028510836422751807,0.4002537656792525,0.07865909417445827,760.0,0.0169453734671126,5.066666666666666,4.177186719418811,1.0,29.0,3.0,7.8665522410206545,0.7015595534705729,0.37368605466012617,4.116967670011149,8.0,0.010459623053728682,0.031989186671563384,0.24886480048651194,0.040884658300011714
47,ENTHUSIASM,1,30,90,60,30,7.0,6.0,592.0,0.020641562064156207,4.933333333333334,5.457767146207524,1.0,50.0,4.0,7.4790093967454485,0.6973770727193219,0.2525834321531425,8.397001394700139,32.0,0.031079837792857733,0.09469854135504985,0.13283078244064506,0.03256564279693067,2358.0,0.08221757322175732,19.65,10.065742231284618,5.0,61.0,18.0,7.738191492964939,0.7480499455041387,0.6346842433419435,3.8160041841004184,8.0,0.011831950353363103,0.04594810019806182,0.2721397291912896,0.04922595370577486,812.0,0.01810479375696767,5.413333333333333,5.396525631263961,1.0,62.0,3.0,7.782378772389746,0.6925129298942682,0.3289738430583501,3.769319955406912,7.0,0.00929301998458695,0.04173467977409535,0.27285021185061537,0.047582936010868264
47,LIKING,0,0,60,60,30,7.0,6.0,615.0,0.021443514644351465,5.125,5.680467263644192,1.0,42.0,4.0,7.426575944568202,0.6865170657381046,0.2658761117178967,4.985320781032078,24.0,0.016745045298454116,0.05962772295674374,0.22378850097260722,0.04765023275223327,2386.0,0.08319386331938633,19.883333333333333,16.330025175186417,1.0,111.0,16.0,7.556067162881425,0.7115860375151354,0.41315406976744184,2.585460251046025,5.0,0.006661597693470694,0.025697510339536732,0.3965443013779531,0.062278377916998556,848.0,0.018907469342251952,5.653333333333333,5.972142738489167,2.0,58.0,3.0,7.742299226777652,0.7018275659305224,0.3130378657487091,3.6414269788182834,7.0,0.008863848922209004,0.030011983258377287,0.28224756853267735,0.04889757079837705
47,LIKING,1,30,90,60,30,7.0,6.0,617.0,0.021513249651324964,5.141666666666667,5.976754740009182,1.0,57.0,4.0,7.416801218342627,0.7210071358796583,0.23764980999707688,3.4531729428172944,8.0,0.010307449339568472,0.045796509746416275,0.29646594383809255,0.04559565977036032,2287.0,0.07974198047419805,19.058333333333334,10.473614334231629,2.0,60.0,18.0,7.681014698932568,0.7171434491297328,0.5765565613352184,3.301813110181311,7.0,0.009671483656223999,0.040884432314425644,0.311346472949775,0.050649851157181534,723.0,0.01612040133779264,4.82,3.6130688710107184,1.0,24.0,3.0,7.916875085648224,0.6939667654787791,0.3832627118644068,4.6811148272017835,10.0,0.012352734319469079,0.04468272662171794,0.21955460151153394,0.037288468261302984
47,FEAR,0,0,60,60,30,4.0,5.0,668.0,0.023291492329149233,5.566666666666666,5.411767014776433,2.0,37.0,4.0,7.51198143684711,0.7605638850235976,0.28880426504188883,4.083542538354254,8.0,0.012956061085522058,0.06037879701141689,0.2524475649674593,0.04367010028819785,2764.0,0.09637377963737796,23.033333333333335,12.569429404533667,1.0,71.0,20.0,7.707215204668382,0.7380437957332231,0.6049286868105035,3.052231520223152,8.0,0.008622821513542656,0.039917395827237544,0.33522601313013184,0.049493375159273566,766.0,0.017079152731326645,5.1066666666666665,4.453682621032721,1.0,37.0,3.0,7.844598853834787,0.6972924168663165,0.35484397974187226,4.0601783723522855,7.0,0.010269054940779477,0.03325028582375922,0.2528439715335365,0.04304053833552942
47,FEAR,1,30,90,60,30,4.0,5.0,637.0,0.022210599721059973,5.308333333333334,5.284877534584464,1.0,34.0,4.0,7.486651723247078,0.7344149519046986,0.2869094488188976,3.7003486750348675,8.0,0.011346002836280964,0.05287158745540976,0.2757212316352621,0.03982737444297458,2890.0,0.1007670850767085,24.083333333333332,14.539935427030695,2.0,73.0,20.0,7.664474090321803,0.7278761313913289,0.5556255430060817,2.746269177126918,6.0,0.007337265450113106,0.035966982326728375,0.3704834840002553,0.046803261220809564,713.0,0.015897435897435898,4.753333333333333,3.4018361055302013,1.0,23.0,3.0,7.9410223355609055,0.700478738205653,0.3739800543970988,4.476521739130435,8.0,0.011666180332652458,0.04641816384268125,0.22830144573478658,0.03534411637924274
47,FEAR,2,60,120,60,30,4.0,5.0,580.0,0.020223152022315203,4.833333333333333,4.773770929662303,1.0,34.0,4.0,7.5007127205680515,0.6883244944263882,0.291044776119403,5.299721059972106,22.0,0.018066054873832383,0.07766625771716926,0.2021865266912261,0.04007729859808325,2319.0,0.08085774058577405,19.325,16.81004783852007,2.0,117.0,14.0,7.507385556028469,0.7250840312096315,0.42016883711798964,2.688702928870293,7.0,0.007095390457438208,0.02884400508588249,0.3822015976776391,0.05605180011129502,698.0,0.01556298773690078,4.653333333333333,3.294412778562449,1.0,22.0,3.0,7.945960427655232,0.6956061039064135,0.3719483006223073,4.50314381270903,8.0,0.011755516150030308,0.04344306222078945,0.22722877479123815,0.03602183952047801
47,AMUSEMENT,0,0,60,60,30,7.0,7.0,569.0,0.01983960948396095,4.741666666666666,7.3569647651429975,2.0,71.0,3.0,7.314085647476334,0.7061630004541211,0.15166975881261596,5.443514644351464,16.0,0.018670229598115394,0.07585842552327908,0.2047456076507706,0.05105852156852935,1497.0,0.052196652719665275,12.475,10.975702331362065,2.0,84.0,9.0,7.470308697029314,0.734528891804814,0.45539609281153187,3.2284170153417016,7.0,0.009363096703116393,0.04715234729165791,0.3202263422250763,0.05673633051640662,927.0,0.020668896321070235,6.18,5.781084096718654,1.0,38.0,4.0,7.7699635178895985,0.7174129092010387,0.4337238920020377,4.1236343366778145,8.0,0.01048199441838193,0.047388555019999876,0.24756983804474544,0.0367937513285039
47,AMUSEMENT,1,30,90,60,30,7.0,7.0,595.0,0.020746164574616456,4.958333333333333,5.842225365579646,2.0,68.0,3.0,7.4509672330012435,0.7172546685284169,0.23066191288172377,4.784030683403068,10.0,0.015899288585727173,0.0793366732803517,0.21306835429971951,0.030629812708582,1296.0,0.045188284518828455,10.8,12.087941649980502,1.0,86.0,7.0,7.298127996944054,0.7254352749288786,0.35353067636844715,3.020258019525802,7.0,0.008488479073637827,0.0296506178813873,0.34146692228711434,0.06103076003839457,942.0,0.02100334448160535,6.28,5.869832479154181,1.0,38.0,4.0,7.768040404073229,0.7138853757544094,0.4454742654308815,3.8809364548494982,7.0,0.00966757199613926,0.03200887746303055,0.26411470880061866,0.04320857047348581
47,AMUSEMENT,2,60,120,60,30,7.0,7.0,670.0,0.023361227336122732,5.583333333333333,5.549899898997178,2.0,42.0,4.0,7.494609491799183,0.754277521801772,0.28816314467267623,4.120676429567643,9.0,0.013112085838519508,0.05548137057606436,0.2516989290133173,0.045302509215605274,3100.0,0.10808926080892609,25.833333333333332,29.90257328205867,1.0,186.0,17.0,7.319347476197089,0.668480959566926,0.2882088961000201,2.1884937238493722,8.0,0.004993671108610809,0.01985796412399158,0.47087915986559725,0.06921042505389097,769.0,0.01714604236343367,5.126666666666667,4.004658398526507,1.0,22.0,3.0,7.884859562447463,0.7037195650353545,0.3925434665710701,4.381159420289855,9.0,0.011346172551308235,0.04119320385010103,0.23326198806655601,0.035752591461341736
47,SADNESS,0,0,60,60,30,2.0,8.0,595.0,0.020746164574616456,4.958333333333333,6.112004353910607,2.0,53.0,4.0,7.409147925041125,0.7223848215432516,0.21453641415618602,3.950941422594142,9.0,0.012398913540311519,0.05658760141529563,0.2637006269566775,0.050588397927689585,2849.0,0.09933751743375174,23.741666666666667,16.385204623548514,2.0,102.0,20.0,7.609390622840596,0.6856633011081023,0.4786924789708065,2.522907949790795,6.0,0.006398772898280652,0.02712068474972501,0.4051583361026649,0.05668387218294724,825.0,0.01839464882943144,5.5,5.481179921634879,2.0,60.0,3.0,7.7899073922221636,0.7205781733598322,0.3281421097457112,3.671304347826087,6.0,0.008964108549751972,0.03341862606232232,0.27958281184293504,0.0472467065555289
47,SADNESS,1,30,90,60,30,2.0,8.0,674.0,0.023500697350069735,5.616666666666666,7.066568395543121,1.0,55.0,4.0,7.354708752932154,0.7542677600404503,0.22275922671353252,3.6904463040446305,9.0,0.011304396235481644,0.0534639922555017,0.27970751868268656,0.04781113491488353,2374.0,0.08277545327754533,19.783333333333335,8.688769891199916,5.0,68.0,19.0,7.776991946911101,0.7319334495801816,0.6186650761402397,3.1501046025104604,6.0,0.009034052951724618,0.03815365016616279,0.32471880829449135,0.04946409621495522,758.0,0.016900780379041247,5.053333333333334,3.8397685115410565,1.0,29.0,3.0,7.906239025287679,0.7111374803732815,0.413890991672975,4.422943143812709,9.0,0.011486386388633243,0.044993160741394506,0.23153578583333745,0.037036656970285464
47,SADNESS,2,60,120,60,30,2.0,8.0,645.0,0.022489539748953975,5.375,6.010494294703778,2.0,48.0,4.0,7.435202095199937,0.7346136859009939,0.2649154673745983,5.535564853556485,16.0,0.019056995183010444,0.07277094985492112,0.1990649408945443,0.04642737983802361,2609.0,0.09096931659693167,21.741666666666667,10.095787763000743,4.0,71.0,21.0,7.767236064328229,0.7627162311827803,0.6339040786181533,3.393863319386332,8.0,0.010058249241119026,0.04816855161916223,0.3011729155061474,0.04395273554682596,727.0,0.01620958751393534,4.846666666666667,3.677384336122015,1.0,24.0,3.0,7.914201691960289,0.6960820752112985,0.3643523316062176,4.401895206243032,9.0,0.011415755725647765,0.03612645585606934,0.23318247850773294,0.039091410146027676
47,NEUTRAL,0,0,60,60,30,5.0,1.0,635.0,0.02214086471408647,5.291666666666667,6.414041670862106,2.0,50.0,4.0,7.4080908467798094,0.751381060169868,0.21965544244322632,3.8542189679218968,9.0,0.011992516671940737,0.057773418589915526,0.2687092292178279,0.047504622426462306,1334.0,0.046513249651324966,11.116666666666667,9.586173492182489,1.0,61.0,9.0,7.468962326994544,0.7350945759314861,0.44297190392692576,3.4394700139470014,7.0,0.010249874008180674,0.04029168655913342,0.29984552562424055,0.0521114026221566,812.0,0.01810479375696767,5.413333333333333,5.432233017420695,1.0,47.0,3.0,7.764082968757235,0.701241558641393,0.3393258426966292,3.8206911928651057,6.0,0.0094654066874668,0.02872874336920571,0.26887682386014744,0.046799261300139804
47,NEUTRAL,1,30,90,60,30,5.0,1.0,631.0,0.02200139470013947,5.258333333333334,6.758323057945333,2.0,51.0,4.0,7.362841149433458,0.7433499335828572,0.2064152791380999,3.8287308228730823,7.0,0.011885423625517144,0.0635442278508499,0.2693030350464713,0.04522789785888128,1786.0,0.06227336122733612,14.883333333333333,13.35863224868308,1.0,96.0,11.0,7.470211627760369,0.7129334413269702,0.39770612421553775,2.9400976290097627,6.0,0.008151670710125057,0.02914858962776515,0.35058794642188074,0.060085635859561295,715.0,0.015942028985507246,4.766666666666667,3.44947661086271,1.0,23.0,3.0,7.929359020009331,0.6902347435136168,0.376507369361322,4.654760312151616,9.0,0.012264296349502086,0.0478403343985999,0.22006105456394318,0.035365316139952266
47,NEUTRAL,2,60,120,60,30,5.0,1.0,578.0,0.0201534170153417,4.816666666666666,5.10144315093506,2.0,42.0,3.0,7.494111270088718,0.7188340837003945,0.2510790016888722,4.031694560669456,8.0,0.01273821243978763,0.06897487244454499,0.25532900527578667,0.04263415319881912,2805.0,0.09780334728033473,23.375,15.63413066552364,4.0,120.0,19.5,7.650688656690052,0.7165018436798378,0.49837664100420226,2.639993026499303,6.0,0.006890727002097906,0.0377906791850569,0.3887500175036352,0.060596936834274535,744.0,0.016588628762541805,4.96,3.913020998325121,2.0,23.0,3.0,7.895160524668209,0.7113685623191613,0.3690635132557696,4.265284280936455,8.0,0.010957329801800189,0.03588200105425443,0.24018369303827125,0.03931676771661046
47,AWE,0,0,60,60,30,3.0,7.0,594.0,0.020711297071129706,4.95,5.200721103847043,1.0,54.0,4.0,7.5058553486788595,0.7190342531281715,0.25858369098712447,5.267642956764296,12.0,0.017931272927581083,0.08163292052778491,0.19801405076466475,0.037438725192680565,2411.0,0.08406555090655508,20.091666666666665,8.90411499751036,6.0,52.0,19.0,7.767532801474303,0.735470776772628,0.6200489701857986,3.1413877266387726,7.0,0.008997427422851971,0.04007587221497661,0.3251629561105684,0.04665501754968348,813.0,0.018127090301003346,5.42,5.432335286657725,1.0,52.0,3.0,7.770931651541584,0.7040412101128894,0.34301745635910225,3.744102564102564,7.0,0.009208397866115992,0.030683471092061654,0.27424665142394755,0.04698884958428772
47,AWE,1,30,90,60,30,3.0,7.0,577.0,0.02011854951185495,4.808333333333334,4.5328354506006745,1.0,38.0,4.0,7.548536304208139,0.655323400058921,0.32361140896418616,17.558019525801953,60.0,0.06957151061261325,0.14415318641773917,0.061146755063816075,0.014654236015977986,2748.0,0.09581589958158995,22.9,14.290672948931878,1.0,81.0,20.0,7.655455237834074,0.7325249332209046,0.5724541847723408,3.231555090655509,7.0,0.009376281893510537,0.04055519579470194,0.3170565150272785,0.04668190647875429,701.0,0.015629877369007804,4.673333333333333,3.336658341647956,1.0,21.0,3.0,7.9418076332106375,0.6947004568645436,0.37385159010600705,4.648874024526198,10.0,0.01224454370646376,0.04544544952123535,0.2205290865878791,0.035975865897838355
47,DISGUST,0,0,60,60,30,2.0,7.0,633.0,0.02207112970711297,5.275,5.560968890400305,2.0,44.0,4.0,7.475232565371926,0.6971203969850439,0.2861150070126227,12.608019525801952,35.0,0.04877319128488215,0.13045419474242892,0.08450019809975805,0.017248748130302104,2047.0,0.07137377963737797,17.058333333333334,15.609183105538296,2.0,122.0,13.0,7.466946843048249,0.723818379783258,0.40047336134859685,2.5786262203626222,5.0,0.006632883278834545,0.030365930631233905,0.39715849021642363,0.06114270523867346,868.0,0.01935340022296544,5.786666666666667,6.467958633826355,1.0,66.0,3.0,7.69335718282378,0.7069782437641048,0.337967401725791,3.623701226309922,6.0,0.008804366531241347,0.031093749898153375,0.2839829534958584,0.050554949756267405
48,BASELINE,0,0,60,60,30,5.0,1.0,638.0,0.022245467224546723,5.316666666666666,6.414155352724854,2.0,55.0,4.0,7.426892959698025,0.753168265985041,0.22116759849174358,3.6105997210599723,8.0,0.010968906391008289,0.05762497274441327,0.28619608835735605,0.04945102764098177,1350.0,0.04707112970711297,11.25,8.71469066194167,2.0,43.0,8.0,7.497498004198344,0.7281018289816131,0.4926582719707202,4.71694560669456,11.0,0.015617418515523378,0.06382133560607736,0.21649132035353727,0.03145550516798421,790.0,0.017614269788182833,5.266666666666667,4.58718020380955,2.0,42.0,3.0,7.843989600302352,0.708893623585087,0.35345487973035083,4.006822742474917,8.0,0.010090009202935958,0.03930314129695841,0.25578802755591507,0.041664924053679234
48,BASELINE,1,30,90,60,30,5.0,1.0,534.0,0.018619246861924687,4.45,4.963785517794525,2.0,42.0,4.0,7.470405221023071,0.6075033140277043,0.2606793081892061,23.42071129707113,66.0,0.0942046693154249,0.17543628411632994,0.0443223203924574,0.0082555811801357,2597.0,0.09055090655509065,21.641666666666666,22.483807444964082,1.0,112.0,13.5,7.25508939566668,0.6289522004808077,0.32470748847018877,2.6708507670850765,8.0,0.007020381374307046,0.01614823012518624,0.39141646555037163,0.07734059344318868,774.0,0.01725752508361204,5.16,4.560087718454548,2.0,41.0,3.0,7.856011601914327,0.7066745834797935,0.34879318504495976,4.315518394648829,10.0,0.011125900653184,0.04862233528269693,0.23894200172600885,0.041889106880277575
48,BASELINE,2,60,120,60,30,5.0,1.0,571.0,0.01990934449093445,4.758333333333334,5.8123372139689975,1.0,57.0,4.0,7.420917713343479,0.6660280655424863,0.22596774193548388,13.572977684797769,39.0,0.05282763733108307,0.13076549335908308,0.08143397990924456,0.020512856521512184,2828.0,0.09860529986052999,23.566666666666666,17.61000347025015,2.0,92.0,21.0,7.538542091470155,0.6212205904769099,0.40101156069364163,3.5021269177126917,7.0,0.010513138309717191,0.04783999249752863,0.29415734055982284,0.050292494049559835,802.0,0.017881828316610924,5.346666666666667,4.322015990509779,1.0,26.0,3.0,7.866597856232961,0.7160332296159392,0.4098282442748092,4.500267558528428,9.0,0.011745864290363848,0.04258911901540803,0.22791609782474145,0.03762782785413229
48,BASELINE,3,90,150,60,30,5.0,1.0,696.0,0.024267782426778243,5.8,8.95600357302296,1.0,83.0,4.0,7.272045270605329,0.7718600053057476,0.16635816751503935,3.2159693165969316,8.0,0.00931079544788626,0.051690294200839475,0.3211969077011491,0.05480600933217887,3172.0,0.11059972105997211,26.433333333333334,24.78818042714892,2.0,149.0,17.0,7.379894841708732,0.706883336401615,0.45865849788548596,3.182147838214784,11.0,0.009168688395860432,0.036096379961128564,0.3382682787719767,0.07754602310673038,1017.0,0.022675585284280937,6.78,9.173054743831702,1.0,107.0,4.0,7.580283910317858,0.7176237826135096,0.26675675675675675,3.2047045707915274,6.0,0.0073983374858776095,0.03506960466184052,0.32169736785326186,0.05722757554209503
48,BASELINE,4,120,180,60,30,5.0,1.0,711.0,0.0247907949790795,5.925,8.884126762565543,2.0,79.0,4.0,7.24667707243808,0.7471543549908423,0.17968087566484237,3.0702928870292885,7.0,0.008698709609366766,0.03885288746001036,0.334766756428103,0.054392039120470685,2049.0,0.07144351464435146,17.075,12.013299921337184,1.0,110.0,14.0,7.6355502487782,0.6969985641592641,0.4748686723973257,3.2880404463040445,7.0,0.009613615320605222,0.036651341698995296,0.31342349298541206,0.054700888555827894,945.0,0.021070234113712373,6.3,6.941421564300308,1.0,55.0,4.0,7.690612759608582,0.7205764075048761,0.3285387381497221,3.622809364548495,8.0,0.008801373706538575,0.0397207022760016,0.282772677614126,0.04540705633001063
48,BASELINE,5,150,210,60,30,5.0,1.0,620.0,0.021617852161785217,5.166666666666667,6.35915787576381,1.0,54.0,4.0,7.409191107928728,0.6922002989752597,0.22189349112426035,5.672559274755928,25.0,0.019632601994772812,0.06778659678311325,0.1978051758760257,0.046430731442712606,2032.0,0.0708507670850767,16.933333333333334,7.961609273395814,1.0,50.0,16.0,7.753106273181479,0.7004824378462395,0.6329690118300277,4.3639470013947,12.0,0.014134231098297045,0.049834799769673255,0.23840683625451797,0.046126239628787855,750.0,0.016722408026755852,5.0,3.8600518131237567,1.0,27.0,3.0,7.9063624003527835,0.7065620265393743,0.37077363896848137,4.30778149386845,8.0,0.011099937898887417,0.036484950096419236,0.23811064345614777,0.03944996949101663
48,BASELINE,6,180,240,60,30,5.0,1.0,625.0,0.02179218967921897,5.208333333333333,5.625678971367713,2.0,39.0,4.0,7.458024093996626,0.7311092518090602,0.2664903546981954,4.396478382147838,13.0,0.01427091757204974,0.062304753327256324,0.23938809269873634,0.04657481351460532,2085.0,0.07269874476987448,17.375,9.824342641283097,2.0,50.0,16.0,7.670348032030271,0.7046184720157973,0.5333522876388768,3.7430962343096232,8.0,0.011525614429872369,0.05012745431484323,0.27439678590213595,0.044622131869779695,795.0,0.017725752508361205,5.3,4.913586605864736,1.0,61.0,4.0,7.860107139933339,0.7142487776356061,0.32514204545454545,3.9290969899665553,8.0,0.009829184530089123,0.044886333327406006,0.26214482595452365,0.04609119035620694
48,BASELINE,7,210,270,60,30,5.0,1.0,601.0,0.020955369595536958,5.008333333333334,5.421401776498604,1.0,41.0,4.0,7.452161589855577,0.7010095220048189,0.26482479784366575,4.778138075313808,17.0,0.015874529728209272,0.06593847665498836,0.22178102984004056,0.04358977188838997,3019.0,0.1052649930264993,25.158333333333335,22.535710858299744,1.0,119.0,18.0,7.428599806631052,0.6846982062578242,0.4532369264324716,2.974825662482566,6.0,0.008297586817153646,0.03542687888133424,0.348283624938972,0.06245712247997048,802.0,0.017881828316610924,5.346666666666667,5.014627492535102,1.0,59.0,4.0,7.838844016646135,0.7103253123546682,0.331082942959493,3.888628762541806,8.0,0.009693385109200685,0.03804609465097811,0.26479136703644524,0.04598946023413001
48,BASELINE,8,240,300,60,30,5.0,1.0,555.0,0.019351464435146442,4.625,4.9649815373943404,2.0,35.0,3.0,7.4714462335198695,0.7058868524781705,0.24808853118712274,4.1355648535564855,11.0,0.013174642241833978,0.06545485203529039,0.24966844119426307,0.04217085806641441,2784.0,0.09707112970711297,23.2,16.44668152951632,2.0,83.0,20.0,7.5926797328059745,0.6809939987688833,0.46022871934142406,2.9612622036262204,8.0,0.008240597494227819,0.03466229772643448,0.34788701758650464,0.05354346206670045,876.0,0.019531772575250836,5.84,5.348619759651394,1.0,38.0,4.0,7.7913250598188375,0.7034538954160234,0.5067401242527253,4.473244147157191,10.0,0.011655181701869771,0.04796994087037029,0.230466513376736,0.03981968716322984
48,LIKING,0,0,60,60,30,6.0,3.0,568.0,0.0198047419804742,4.733333333333333,5.516993947995794,2.0,46.0,3.0,7.4542518651898115,0.7123719736675544,0.2239736705352503,4.4972454672245465,12.0,0.014694308685817422,0.06877443243803037,0.2295748807420977,0.03936264449668868,2090.0,0.07287308228730822,17.416666666666668,16.368202575590136,2.0,104.0,14.0,7.42251570414772,0.7253561250901636,0.4139269646860565,2.9045327754532777,7.0,0.008002238552324696,0.025489920462367276,0.3598824428873508,0.0692058736556609,882.0,0.019665551839464883,5.88,6.7556593559276905,1.0,61.0,3.0,7.653433661477997,0.706697706441171,0.35300448430493275,3.6023634336677817,8.0,0.008732763200227454,0.028267429130535534,0.285554594856725,0.0503103534300354
48,LIKING,1,30,90,60,30,6.0,3.0,601.0,0.020955369595536958,5.008333333333334,5.790071722833454,1.0,45.0,4.0,7.439672090735301,0.7159580932501726,0.23647388059701493,4.347140864714087,12.0,0.014063617078630615,0.061151363215162576,0.24515819094614452,0.04940085822183011,2943.0,0.10261506276150628,24.525,17.926685183453927,2.0,94.0,20.0,7.571665496742922,0.647913524937414,0.4049796842241971,2.7267085076708506,6.0,0.007255077763322905,0.020068474181396935,0.37817311855708957,0.06533128067868596,788.0,0.017569676700111482,5.253333333333333,4.535323092741636,1.0,35.0,4.0,7.850433446865078,0.7096390167317613,0.3691160478483766,4.165016722408026,9.0,0.010620861484590694,0.034531654842404176,0.2465989031607768,0.041892383372114754
49,BASELINE,0,0,60,60,30,5.0,1.0,555.0,0.019351464435146442,4.625,4.956582323873309,2.0,38.0,3.0,7.4886247285272995,0.6888880361525299,0.24919354838709679,6.043828451882845,20.0,0.02119255652051615,0.08054692231360204,0.17845536073617663,0.04090286735296074,2672.0,0.09316596931659693,22.266666666666666,15.838104544280403,1.0,89.0,17.0,7.575607575146572,0.6554212399892603,0.4925568874675011,2.8126569037656903,6.0,0.007616205478007103,0.027584768012664275,0.3651832965617688,0.06074476411952784,984.0,0.02193979933110368,6.56,7.029442841837941,2.0,70.0,4.0,7.710221186172237,0.7466111536140451,0.3367228130093922,3.5158974358974358,7.0,0.008442608845293428,0.042156920274563796,0.2914966631746605,0.04723453233144896
49,BASELINE,1,30,90,60,30,5.0,1.0,570.0,0.0198744769874477,4.75,6.009367687203039,2.0,67.0,3.0,7.424459247118553,0.7176585651876874,0.20074177097821047,4.544700139470014,9.0,0.014893698065000056,0.08003735324634348,0.2235961182929193,0.029245896825179897,2763.0,0.09633891213389122,23.025,19.123921538220134,1.0,95.0,16.5,7.486140713124337,0.6318421816191913,0.41679555479177405,3.141178521617852,10.0,0.008996548410159054,0.03709873974719074,0.335446238412257,0.06887256247324874,805.0,0.017948717948717947,5.366666666666666,5.631360601330928,1.0,67.0,3.0,7.759912899276852,0.7332602283737366,0.3086315280464217,3.569810479375697,6.0,0.008623525098576166,0.03854573267729434,0.2871245294845701,0.04745941515517224
49,BASELINE,2,60,120,60,30,5.0,1.0,605.0,0.02109483960948396,5.041666666666667,9.570262825834805,1.0,114.0,4.0,7.222332611887698,0.6890850360842681,0.12034831795177137,11.689435146443515,43.0,0.04491359305228368,0.10791059887305311,0.10180868105113487,0.03148243104828313,3573.0,0.12458158995815899,29.775,20.946941900907632,1.0,127.0,24.0,7.618159315590369,0.6968757654171548,0.48081895719964496,2.84581589958159,7.0,0.007755528989838609,0.0487988955432135,0.3593423749336057,0.04919258544953281,728.0,0.016231884057971015,4.8533333333333335,3.707445961245498,1.0,24.0,3.0,7.9016326908811125,0.7291632271536365,0.36244092870351347,4.361962095875139,8.0,0.011281751999581013,0.0417521002438715,0.23433006209674015,0.036473485489913936
49,BASELINE,3,90,150,60,30,5.0,1.0,616.0,0.021478382147838215,5.133333333333334,6.419285180004251,2.0,52.0,3.5,7.395870910386373,0.7275920950522476,0.22226672006407688,3.6581241283124126,7.0,0.01116858877442189,0.05390173295380251,0.2839598781166927,0.052432504243470346,3602.0,0.12559274755927474,30.016666666666666,21.73054046472128,2.0,110.0,25.0,7.580749387795824,0.6769911521661633,0.4593321917808219,2.579323570432357,6.0,0.006635813321144357,0.021580380915513283,0.4012916914875387,0.06616566497881782,739.0,0.016477146042363434,4.926666666666667,3.6698713268390706,2.0,23.0,3.0,7.904087876815519,0.7331923465139578,0.3766761479073547,4.471460423634337,8.0,0.011649196052464209,0.045613466319389846,0.22857752676970572,0.035650660831802954
49,BASELINE,4,120,180,60,30,5.0,1.0,784.0,0.027336122733612273,6.533333333333333,8.375990820328198,1.0,74.0,4.0,7.315214294863559,0.7546541234411319,0.23587050246923258,3.1489191073919107,8.0,0.00902907187979794,0.041471708702045966,0.32609316751751305,0.052089513457386515,2906.0,0.10132496513249652,24.216666666666665,16.66642499824789,4.0,107.0,20.0,7.634648159713659,0.6774264497278248,0.47711309523809525,3.2327057182705716,7.0,0.009381116463321737,0.04201124104677826,0.3211155256784047,0.0590598637692634,781.0,0.017413600891861763,5.206666666666667,4.253307209951125,2.0,33.0,3.0,7.865184993072389,0.7351702310324096,0.3665610935155859,4.136967670011148,8.0,0.010526737147688424,0.044261251686116936,0.2472058908427025,0.03863640004824624
49,BASELINE,5,150,210,60,30,5.0,1.0,1125.0,0.03922594142259414,9.375,13.32795464428057,1.0,71.0,4.0,7.012409794800655,0.6787216579651845,0.2871364434901425,3.0013249651324965,9.0,0.008408928424926458,0.022976351720239433,0.34620363836121193,0.06752624596897151,3065.0,0.10686889818688981,25.541666666666668,14.479235611346645,2.0,71.0,24.0,7.680499712914179,0.7176593320940085,0.6229651915758433,3.080753138075314,8.0,0.008742660244013923,0.022576400574490712,0.33663454663948233,0.059329546521235114,847.0,0.018885172798216276,5.6466666666666665,6.353620140430878,1.0,79.0,4.0,7.721390662058869,0.7335570499832816,0.30267240516464816,3.476164994425864,7.0,0.008309278504784783,0.04403161705485961,0.2953949177298229,0.0500139042769357
49,BASELINE,6,180,240,60,30,5.0,1.0,638.0,0.022245467224546723,5.316666666666666,5.023251492365832,1.0,33.0,3.0,7.484114645507965,0.6939289485003485,0.3341404358353511,3.805857740585774,7.0,0.011789318237755341,0.04087670032868973,0.2697754306446399,0.045178422413688996,2380.0,0.08298465829846582,19.833333333333332,7.853166381926606,3.0,52.0,20.0,7.790041996357326,0.7305414026812923,0.6629710477941176,3.4840655509065552,7.0,0.010437250213893091,0.04687773432306515,0.2925558007081178,0.041414243945794064,780.0,0.017391304347826087,5.2,4.899659852139398,1.0,41.0,3.0,7.797837381558627,0.7247196442744694,0.3332848625854297,3.8967447045707915,8.0,0.009720619813995949,0.03718777139623531,0.26309619785500177,0.043049661943405544
49,BASELINE,7,210,270,60,30,5.0,1.0,576.0,0.0200836820083682,4.8,3.8893015654056278,1.0,27.0,3.0,7.581830761723421,0.6929300854493708,0.3499000999000999,5.8560669456066945,19.0,0.020403642628599557,0.07808850553376834,0.17596791391419855,0.028120779629878658,2704.0,0.09428172942817294,22.533333333333335,11.696818180836853,4.0,107.0,20.0,7.746748438188991,0.7327758074866779,0.5835298215529714,3.234100418410042,8.0,0.00938697654794135,0.04502889208707364,0.32260795236171663,0.06315515303482849,870.0,0.01939799331103679,5.8,6.486396020390162,1.0,77.0,3.0,7.708401820033528,0.7384967428820391,0.3040907790597883,3.4549163879598663,6.0,0.008237974456241155,0.041389134711187735,0.2968158642392339,0.049465325034580045
49,BASELINE,8,240,300,60,30,5.0,1.0,634.0,0.02210599721059972,5.283333333333333,5.679910993042839,2.0,42.0,4.0,7.4300256300168925,0.7191936342389227,0.28100804615151054,3.888005578800558,9.0,0.012134477221851077,0.053374860704135434,0.2659335374696721,0.04667919135105975,2667.0,0.09299163179916319,22.225,11.166514302443117,3.0,56.0,20.0,7.734194265599687,0.7016937701189178,0.5598854268548275,3.328068340306834,7.0,0.009781799749188377,0.0345676777240823,0.31093475712050034,0.05507072856996472,952.0,0.021226309921962096,6.346666666666667,7.0517011343993365,2.0,67.0,3.5,7.678632841321172,0.7610144669591292,0.32918957685871386,3.3703010033444816,6.0,0.007954030212565367,0.03343465051106199,0.30368259742437875,0.04884537049176287
49,ANGER,0,0,60,60,30,2.0,4.0,992.0,0.034588563458856345,8.266666666666667,14.830280584743575,1.0,134.0,5.0,7.028254655970832,0.7951860451510879,0.16695931668700337,2.692608089260809,5.0,0.007111798694373147,0.030710296266909392,0.3825993656033153,0.06668196922553243,3235.0,0.11279637377963737,26.958333333333332,18.480573509018118,2.0,98.0,22.0,7.597001527785112,0.6984141179853331,0.5212829808177082,2.8860529986053,7.0,0.00792459243111471,0.037253657761350936,0.35566194566761405,0.055428831373662696,855.0,0.01906354515050167,5.7,6.923631031956185,1.0,96.0,3.0,7.7092331257081295,0.7386305050817301,0.2617539477205817,3.310055741360089,6.0,0.0077518649038929195,0.041021615572209125,0.3101756700040167,0.05217131975143217
49,ANGER,1,30,90,60,30,2.0,4.0,482.0,0.01680613668061367,4.016666666666667,3.250598235538943,1.0,30.0,3.0,7.613142026476341,0.5296092716687091,0.384643644379133,35.17416317991632,102.0,0.14358892092401815,0.1925574130593668,0.0298999759590956,0.006155354925790412,2989.0,0.10421896792189679,24.908333333333335,15.443173159108921,1.0,77.0,22.0,7.6456173195247334,0.6944770302792438,0.571337216854348,3.0850767085076707,8.0,0.00876082650633475,0.03532260047337972,0.33244880934823867,0.05203855760517861,736.0,0.01641025641025641,4.906666666666666,3.8433434518513807,2.0,22.0,3.0,7.882698987465313,0.7282922957675281,0.36947554507955216,4.500245261984392,8.0,0.011745789469746285,0.042619873489173746,0.22746885006793596,0.03597307453041497
49,ANGER,2,60,120,60,30,2.0,4.0,561.0,0.019560669456066944,4.675,5.725909680274976,2.0,55.0,4.0,7.4339355656735036,0.6693426090683225,0.22364909939959973,14.89302649930265,43.0,0.0583740609214397,0.14193697037988462,0.0711527251710969,0.015042763326311433,2185.0,0.07618549511854951,18.208333333333332,10.925425875248779,2.0,55.0,15.0,7.65810563367673,0.6955845717826532,0.5482435867806794,3.4304741980474196,10.0,0.010212076462384121,0.031110098151860287,0.3046220024073475,0.05714199155775832,748.0,0.016677814938684504,4.986666666666666,3.9757375276656393,2.0,25.0,3.0,7.8766394095632055,0.7331545311356457,0.36540257799364845,4.613311036789297,10.0,0.012125204821440593,0.04238116278412029,0.2240774502140339,0.040408513425009104
49,ENTHUSIASM,0,0,60,60,30,7.0,3.0,569.0,0.01983960948396095,4.741666666666666,5.597612338210721,2.0,53.0,3.0,7.461805267341917,0.7185638791664546,0.2185430463576159,4.595955369595537,9.0,0.015109056174771162,0.08056604706083517,0.2207765343757531,0.02701995201916797,3377.0,0.11774755927475593,28.141666666666666,20.34506321499695,2.0,92.0,22.0,7.569988874926569,0.6937532813845951,0.4909218272387637,2.8296373779637376,8.0,0.007687552008250997,0.02275608370937661,0.3725242560270497,0.07400567727967161,787.0,0.01754738015607581,5.246666666666667,4.765062667187308,1.0,49.0,3.0,7.831381326028561,0.7309580122898095,0.3427682276229994,3.9855741360089185,10.0,0.010018705154392345,0.0365685097852063,0.25865156658098715,0.0453363146525476
49,ENTHUSIASM,1,30,90,60,30,7.0,3.0,566.0,0.019735006973500696,4.716666666666667,5.556052755529074,2.0,53.0,3.0,7.46650103642863,0.7172224240257072,0.21797520661157024,3.818479776847978,8.0,0.011842352003562928,0.06997809155334403,0.2695231123319682,0.04379701991661835,2860.0,0.099721059972106,23.833333333333332,14.123758549180724,2.0,64.0,19.0,7.664885122755891,0.7014174867226713,0.5988166873970484,3.9108089260808927,9.0,0.012230289605381904,0.04826095806414724,0.2611552445179409,0.037717015442211906,729.0,0.016254180602006688,4.86,3.5590822787154934,1.0,20.0,3.0,7.915773097733935,0.7218322274560665,0.3831141281289775,4.68644370122631,11.0,0.012370616447068161,0.04970356613238107,0.2183487837589971,0.033767027695582486
49,ENTHUSIASM,2,60,120,60,30,7.0,3.0,498.0,0.017364016736401675,4.15,5.738248861804446,1.0,66.0,3.0,7.420909083427963,0.6141146098053992,0.17282608695652174,9.062029288702929,40.0,0.03387407264160895,0.09364372096540577,0.1326050265647921,0.03774363181158599,3794.0,0.13228730822873083,31.616666666666667,20.884876239890808,2.0,146.0,26.0,7.631345220953648,0.7063038483444111,0.5100325814090124,2.4480125523012553,7.0,0.006084086354206957,0.034650178989458005,0.4210073092487086,0.06329523625849466,763.0,0.017012263099219622,5.086666666666667,3.839160787926908,1.0,21.0,3.0,7.89612861567727,0.7270173575134875,0.38506286357665603,4.362943143812709,7.0,0.011285044106754061,0.03614230341516898,0.23426359948771866,0.03668674142137919
49,LIKING,0,0,60,60,30,7.0,4.0,661.0,0.02304741980474198,5.508333333333334,6.228290072100225,2.0,43.0,4.0,7.4119781245818155,0.7396407491088627,0.2593320235756385,3.828347280334728,8.0,0.011883812102246762,0.05358573250772939,0.2694010894535251,0.04492141062235331,3684.0,0.1284518828451883,30.7,26.047904586229837,2.0,122.0,21.0,7.44197056423934,0.6885470493343888,0.5300156156659714,3.138145048814505,10.0,0.00898380272611137,0.032671624386177905,0.3445259981761767,0.08225476447947196,828.0,0.018461538461538463,5.52,5.524756404886403,1.0,59.0,3.0,7.776153761674018,0.7364191381898261,0.3273644994591996,3.6883612040133777,6.0,0.009021346322192541,0.03890607855156961,0.278185216230701,0.046755949607748294
49,LIKING,1,30,90,60,30,7.0,4.0,634.0,0.02210599721059972,5.283333333333333,6.161957661508413,1.0,45.0,4.0,7.392217940394399,0.70442179075177,0.2524752475247525,4.271792189679219,16.0,0.013747026007055541,0.05876047987994768,0.24636446868276785,0.043844706429976996,2530.0,0.08821478382147838,21.083333333333332,15.003379248985507,3.0,125.0,18.0,7.6270992108433555,0.7026901076610662,0.4581935931536949,3.1965481171548116,8.0,0.00922919376955803,0.04838620331008999,0.3206703319962151,0.047486061833960785,875.0,0.01950947603121516,5.833333333333333,5.047001309908907,1.0,35.0,3.0,7.810202158295936,0.743657091456111,0.44645962732919253,4.4320624303233,8.0,0.01151698802121911,0.050699764695893386,0.23143634244359043,0.0381024274664011
49,FEAR,0,0,60,60,30,4.0,3.0,688.0,0.02398884239888424,5.733333333333333,7.747293434197232,2.0,62.0,4.0,7.320995702476997,0.7625906256641617,0.20938904292953436,4.225627615062762,12.0,0.013553057206146052,0.06582591549427515,0.2511500341123626,0.05054729307224753,2267.0,0.07904463040446304,18.891666666666666,11.885422326904875,2.0,67.0,16.0,7.649137176393186,0.664038711804672,0.46868479621644177,3.073047419804742,7.0,0.008710283276490517,0.032500807449176876,0.3359829755398628,0.05958894136206538,782.0,0.017435897435897435,5.213333333333333,4.533705867046173,1.0,36.0,3.0,7.830187275842432,0.738039435472172,0.3541862652869238,4.044392419175028,9.0,0.010216081943540366,0.04045243647938974,0.2524905679516587,0.038196452223092626
49,FEAR,1,30,90,60,30,4.0,3.0,653.0,0.022768479776847976,5.441666666666666,6.478549005928891,2.0,55.0,4.0,7.41330689442915,0.7468494621072477,0.24303893158624165,4.270362622036262,9.0,0.01374101942032043,0.06816001502624047,0.24237733049953908,0.04401419110472523,1816.0,0.06331938633193863,15.133333333333333,9.883431702714509,1.0,46.0,13.0,7.613304939641624,0.6932251440629192,0.5197924467743661,3.719944211994421,10.0,0.011428337025186638,0.04512293172126565,0.2779466844524377,0.04822678685036069,799.0,0.0178149386845039,5.326666666666667,5.372146270863774,2.0,51.0,3.0,7.780733055612917,0.7420786699932604,0.3067043411250963,3.7105908584169454,7.0,0.00909594247790921,0.03553868740420176,0.2762942310578043,0.04524187056332293
49,FEAR,2,60,120,60,30,4.0,3.0,619.0,0.021582984658298467,5.158333333333333,5.6124798935546805,2.0,65.0,4.0,7.496309223035643,0.7414724439869329,0.2507082152974504,3.688981868898187,8.0,0.011298243146631037,0.05468487912963757,0.2809562334974481,0.051830374419668486,1871.0,0.0652370990237099,15.591666666666667,12.251187584157798,2.0,88.0,12.0,7.5518927899538735,0.6989368084580243,0.4353151483050847,3.079497907949791,8.0,0.008737386167856263,0.027565836996039702,0.3365968183511715,0.05954433624835807,750.0,0.016722408026755852,5.0,4.524746770078226,2.0,48.0,3.0,7.840601488785262,0.7375622404813929,0.31823422829846815,3.8371014492753623,8.0,0.009520474661997862,0.04286922295787752,0.2666324249424743,0.042265984398725434
49,AMUSEMENT,0,0,60,60,30,6.0,4.0,549.0,0.01914225941422594,4.575,5.289395838215678,2.0,54.0,4.0,7.48073915095743,0.641243312392744,0.2475563909774436,21.05160390516039,58.0,0.08425043657630417,0.1712411274285963,0.04878875023892501,0.007567858757451268,2953.0,0.10296373779637379,24.608333333333334,16.51579841310199,2.0,87.0,20.0,7.643803966024079,0.6869106911516601,0.48021435264719664,2.859205020920502,6.0,0.0078117858021869825,0.025912821469250516,0.36053416736256805,0.060764377272301745,1078.0,0.02403567447045708,7.1866666666666665,10.378109440334283,2.0,101.0,4.0,7.508047334900299,0.7500547364310802,0.23802847754654985,3.10561872909699,6.0,0.007065834661399295,0.026925039127570317,0.33099761966275965,0.05747816600088348
49,AMUSEMENT,1,30,90,60,30,6.0,4.0,632.0,0.02203626220362622,5.266666666666667,6.864441386999787,1.0,54.0,4.0,7.36554603881595,0.7048243719461957,0.21446533349299485,13.837099023709902,38.0,0.05393739085592396,0.1437141896261399,0.07389304168333576,0.010183001415496567,3508.0,0.12231520223152022,29.233333333333334,23.679538753015347,1.0,138.0,24.0,7.559041315173884,0.6855524407552878,0.45206788954421656,2.5724198047419806,8.0,0.00660680590227723,0.03515535615898712,0.4011998038402852,0.061246736421558,731.0,0.01629877369007804,4.873333333333333,3.4972306504178734,1.0,23.0,3.0,7.929376419634622,0.7256945137080755,0.3838405486498071,4.745061315496098,10.0,0.012567319850658037,0.0483974159788323,0.21587475875870343,0.03456765280678801
49,AMUSEMENT,2,60,120,60,30,6.0,4.0,614.0,0.021408647140864715,5.116666666666666,5.955646247236501,2.0,46.0,4.0,7.423751232657292,0.738928078356777,0.23039504716981132,5.575941422594142,12.0,0.019226644632748487,0.08717778729596153,0.1843690486892908,0.029309688477407985,2359.0,0.08225244072524407,19.658333333333335,13.14628961173287,2.0,87.0,17.0,7.641631913824933,0.6527809952724499,0.4311857182567872,2.8777545327754535,5.0,0.007889724927627954,0.03414514572257246,0.35528347547586386,0.05362739194972255,755.0,0.016833890746934223,5.033333333333333,3.626599264079535,2.0,25.0,3.0,7.929145892243401,0.7509487331782997,0.3862096452770028,4.701404682274248,11.0,0.012420821081457187,0.04934809690184473,0.21812323267306505,0.03537190138635232
49,SADNESS,0,0,60,60,30,4.0,3.0,614.0,0.021408647140864715,5.116666666666666,7.101858129312983,2.0,86.0,4.0,7.384284590554292,0.7380938427133159,0.18181818181818182,3.6902719665271966,8.0,0.011303663724904189,0.0574270245459229,0.2836931112139313,0.056077493353162595,3978.0,0.1387029288702929,33.15,36.47114155968615,2.0,190.0,23.0,7.229382066681888,0.7075246210078084,0.3766303780738061,2.2949442119944212,7.0,0.005440942067203451,0.017443706888631283,0.4575679482395513,0.09146696507644532,845.0,0.01884057971014493,5.633333333333334,5.8593704629612064,1.0,67.0,3.0,7.7516690743532815,0.731663785866703,0.3213458356315499,3.612107023411371,6.0,0.008765459810105273,0.035412597988384725,0.2842735729998036,0.04846398122011866
49,SADNESS,1,30,90,60,30,4.0,3.0,525.0,0.018305439330543932,4.375,4.628827245282186,2.0,43.0,4.0,7.500134983539302,0.5831158023463084,0.2894312687082662,25.270223152022314,79.0,0.10197572752950552,0.17364152599351668,0.042587802278737555,0.009090274951454324,2020.0,0.07043235704323571,16.833333333333332,16.137602740872705,2.0,128.0,15.0,7.4716163864277005,0.697924404791624,0.3455261410000949,2.651150627615063,6.0,0.00693760767905489,0.030714235410883677,0.3878420643752454,0.06249016993034221,749.0,0.01670011148272018,4.993333333333333,3.947989643124995,1.0,23.0,3.0,7.871160504652991,0.7048811629173388,0.37098892850440984,4.635540691192865,9.0,0.01219980097715726,0.043904236436428865,0.22143748998941837,0.03703630409268875
49,NEUTRAL,0,0,60,60,30,5.0,2.0,621.0,0.021652719665271967,5.175,6.657905701745357,2.0,66.0,4.0,7.404381673720414,0.7035904433069383,0.21498988877654196,15.245048814504882,38.0,0.05985314627943228,0.14884565380136608,0.06778051822231716,0.011568218967216787,3102.0,0.10815899581589958,25.85,16.662407789192216,3.0,98.0,23.0,7.634363056858903,0.7062767685061855,0.5404570610773454,2.8612622036262203,7.0,0.00782042942700092,0.03581310711454744,0.36315458005762685,0.063097465426747,838.0,0.018684503901895206,5.586666666666667,5.6888038188083865,2.0,67.0,4.0,7.782658113429009,0.740154464974806,0.31317544263048974,3.6641248606466,7.0,0.008940016310894632,0.036816127051888595,0.2803181432904443,0.04806048861226681
49,NEUTRAL,1,30,90,60,30,5.0,2.0,587.0,0.020467224546722455,4.891666666666667,6.16278594107856,1.0,75.0,4.0,7.420413027376371,0.6878261061776116,0.21353405437006723,8.900278940027894,27.0,0.033194449327848305,0.10558794981052448,0.1250822000375425,0.03191990453553793,3090.0,0.10774058577405858,25.75,24.01188941614827,2.0,161.0,21.0,7.453224139609013,0.6955300637515927,0.39915285653481253,2.521931659693166,6.0,0.006394670839046916,0.03249968807880031,0.41070253303874993,0.07150308496645431,733.0,0.016343366778149387,4.886666666666667,3.6960098604967078,2.0,30.0,3.0,7.912448258384714,0.7307999185661458,0.3681094324213965,4.160557413600892,7.0,0.010605897361076816,0.038404652533849455,0.24569236368521885,0.038688079778427684
49,NEUTRAL,2,60,120,60,30,5.0,2.0,641.0,0.022350069735006972,5.341666666666667,10.660281291890108,1.0,124.0,4.0,7.165212472264443,0.7557949566956669,0.1048721071863581,2.7279986052998604,5.0,0.007260498341596047,0.04848371518415381,0.37633517992407134,0.060332927347043326,1353.0,0.04717573221757322,11.275,9.07281883797239,2.0,51.0,8.0,7.489986639515387,0.7160862542322682,0.49150546677880574,3.9660739191073917,10.0,0.012462495458434418,0.04332280355253566,0.26125213570388894,0.047794301858309955,783.0,0.01745819397993311,5.22,4.760770245804069,1.0,50.0,3.0,7.828737018972188,0.7380544593586832,0.33651551312649164,3.753578595317726,6.0,0.00924019662858297,0.04148704001738473,0.27263053700329515,0.04360320935130886
49,AWE,0,0,60,60,30,6.0,2.0,638.0,0.022245467224546723,5.316666666666666,7.0391563572790625,2.0,66.0,4.0,7.368412051014387,0.7524416999747505,0.19758620689655174,5.126255230125523,14.0,0.017337206849266894,0.07962884777214219,0.20146026303593073,0.03305497197609597,2477.0,0.08636680613668062,20.641666666666666,11.792508803850387,1.0,79.0,18.0,7.697292679414712,0.6863631468031338,0.5258034894398531,3.1955369595536958,7.0,0.009224945208208813,0.042689552999228865,0.32114605603419405,0.05029227377261023,871.0,0.019420289855072465,5.806666666666667,5.554213615705548,2.0,42.0,4.0,7.7766735798202795,0.7560262615075406,0.3488767869298843,3.79190635451505,8.0,0.009368813270184738,0.029088415128204575,0.2707271982820279,0.045353521530437556
49,AWE,1,30,90,60,30,6.0,2.0,629.0,0.021931659693165968,5.241666666666666,6.051853481005266,2.0,49.0,4.0,7.439321738687054,0.7479543064701003,0.2348860257680872,3.6456066945606693,7.0,0.011115994514960804,0.06169546854868158,0.2813531831828886,0.044693178251075175,2451.0,0.0854602510460251,20.425,11.65415698366896,2.0,63.0,18.0,7.680922664941488,0.6675388620285394,0.5325541003614515,3.1178172942817293,8.0,0.008898391992780376,0.03262201717125618,0.331283302887495,0.05494585815642623,908.0,0.02024526198439242,6.053333333333334,5.269771236864925,2.0,39.0,4.0,7.813845029177754,0.7569084308440942,0.455106237148732,3.8967447045707915,7.0,0.00972061981399594,0.042306583497224465,0.2624326772839338,0.04106130012647343
49,DISGUST,0,0,60,60,30,3.0,4.0,584.0,0.020362622036262202,4.866666666666666,4.979011503858527,1.0,41.0,4.0,7.505067411536547,0.7239146956785187,0.2608446397859736,3.720676429567643,7.0,0.011431413569611944,0.05772946078157847,0.2744164399059841,0.04053984089687373,3349.0,0.11677126917712692,27.908333333333335,19.806142074843574,2.0,106.0,24.0,7.588591440583539,0.7072222579625804,0.5045047015088563,2.660320781032078,6.0,0.0069761377354289,0.025348523441715527,0.38646312469100164,0.06152821399746287,847.0,0.018885172798216276,5.6466666666666665,5.599567443611654,1.0,42.0,3.0,7.751827355491019,0.7413041528320697,0.350387776363005,3.8038573021181716,7.0,0.009408917121201921,0.02712910192673207,0.26992165640110116,0.04631043823365214
50,BASELINE,0,0,60,60,30,5.0,1.0,604.0,0.02105997210599721,5.033333333333333,5.416692307631619,2.0,46.0,3.0,7.464889936412694,0.709722454420819,0.2679200940070505,4.20965829846583,9.0,0.013485959237251396,0.06399999369610106,0.24463631925936113,0.04059457295885616,2318.0,0.0808228730822873,19.316666666666666,11.354502288617596,2.0,58.0,17.0,7.669719233208488,0.6483572249148916,0.4907904503789121,3.199860529986053,6.0,0.009243111470529634,0.021914987660254036,0.32240237109329456,0.05855995535528783,859.0,0.01915273132664437,5.726666666666667,5.0469748915122965,2.0,31.0,3.0,7.798085960768619,0.7164132879051708,0.39588884659307194,4.0721962095875135,8.0,0.010309383253649374,0.035865802057381074,0.25163242295838567,0.04108857861239911
50,BASELINE,1,30,90,60,30,5.0,1.0,632.0,0.02203626220362622,5.266666666666667,5.8141111864917825,1.0,42.0,4.0,7.433789634941361,0.7101230136331149,0.26254997778764994,4.160599721059972,12.0,0.013279830760756183,0.056531898050740735,0.24815994951918055,0.04193244798260432,1884.0,0.06569037656903766,15.7,8.096398376232894,2.0,41.0,15.0,7.710914939964729,0.6655176253670978,0.5594049661145637,3.780718270571827,11.0,0.011683690212486664,0.03616554504016833,0.27440387136171507,0.04883682389264408,766.0,0.017079152731326645,5.1066666666666665,4.295961928240158,1.0,37.0,4.0,7.869807745163113,0.7030489385804054,0.3601623266824484,4.061226309921962,10.0,0.010272571509805234,0.03746448757653924,0.2529374854804246,0.042556991031827356
50,BASELINE,2,60,120,60,30,5.0,1.0,634.0,0.02210599721059972,5.283333333333333,6.065178388876036,1.0,51.0,3.0,7.402134873517439,0.7023249785930155,0.24782608695652175,3.423152022315202,7.0,0.0101813110181311,0.03819036220325871,0.29915872416144446,0.047873105356991186,2087.0,0.07276847977684797,17.391666666666666,6.99320602839324,1.0,39.0,17.0,7.783373072385577,0.6755791672965928,0.602425270722092,3.9299511854951183,9.0,0.012310719266786214,0.052754546539294636,0.25952386730584603,0.037313857211973556,781.0,0.017413600891861763,5.206666666666667,4.702193341646239,1.0,55.0,3.0,7.851224741600994,0.7075740497796741,0.3394425931535898,3.874314381270903,7.0,0.009645350272721155,0.04399098326745995,0.2652124963586942,0.045080220270689114
50,BASELINE,3,90,150,60,30,5.0,1.0,572.0,0.019944211994421198,4.766666666666667,4.119533414788082,1.0,33.0,3.0,7.572292494707282,0.7070413771277743,0.3185397279885469,4.307461645746165,9.0,0.01389689767120237,0.06543109097308364,0.23775386391518313,0.0374825368090435,1873.0,0.06530683403068341,15.608333333333333,6.8857290019930995,1.0,38.0,16.0,7.751391905433189,0.700111566614476,0.6436416447308705,4.006241283124129,10.0,0.012631265895479523,0.054476513974641504,0.2556740466622834,0.03829129759752394,775.0,0.017279821627647716,5.166666666666667,4.434586289109228,1.0,39.0,3.0,7.848678035348147,0.7045193427522408,0.36947726169283057,4.135785953177257,8.0,0.010522771654957247,0.03811349061203701,0.24831463744475016,0.042074254272061115
50,BASELINE,4,120,180,60,30,5.0,1.0,592.0,0.020641562064156207,4.933333333333334,4.735034905421031,1.0,37.0,3.5,7.518703113629884,0.6894773880338396,0.29826658696951586,5.060390516039051,20.0,0.017060464353105275,0.055340582541976116,0.21618551874093625,0.04793129174003439,1787.0,0.062308228730822875,14.891666666666667,8.597282354842656,2.0,49.0,14.0,7.683981505733028,0.6942903499077355,0.5091114144951624,3.333228730822873,7.0,0.009803482062280981,0.03374086516880031,0.3096708419844943,0.054596200136085925,757.0,0.016878483835005575,5.046666666666667,3.965411566141513,1.0,25.0,4.0,7.894577940124148,0.7048052436680045,0.3707119144227222,4.218416945373467,8.0,0.010800056863669347,0.03721115442508366,0.2428410064732079,0.03938875595769877
50,BASELINE,5,150,210,60,30,5.0,1.0,601.0,0.020955369595536958,5.008333333333334,4.394116963496636,2.0,32.0,4.0,7.558341805460557,0.722817395649341,0.3237410071942446,4.506101813110181,12.0,0.014731520223152026,0.06024775844545989,0.23143523167939248,0.043088357748397275,1969.0,0.06865411436541144,16.408333333333335,9.498680463914742,2.0,56.0,15.0,7.674219003684668,0.7364286295707313,0.6331438565806734,4.114714086471409,11.0,0.013087033976770631,0.059960795337004394,0.250765735934768,0.04044206624515805,798.0,0.017792642140468228,5.32,4.151015939903547,2.0,30.0,4.0,7.899556507629521,0.7237571109745905,0.3869363395225464,4.2614938684503905,8.0,0.010944610296813382,0.0457130308744853,0.2401915618497014,0.03823223567174373
50,BASELINE,6,180,240,60,30,5.0,1.0,551.0,0.019211994421199443,4.591666666666667,4.1633236589159015,1.0,28.0,4.0,7.541545588149436,0.6175570193671329,0.3296378418329638,13.613772663877267,52.0,0.052999044806207006,0.11945282830905536,0.08522388409748337,0.023103490796815625,2088.0,0.07280334728033473,17.4,10.071328942431911,2.0,56.0,15.0,7.67650719845579,0.7200823124570734,0.5916621781751589,3.56384239888424,9.0,0.010772447054135466,0.04922531621937973,0.28882750517883554,0.046251150309788124,752.0,0.016767001114827203,5.013333333333334,3.9149059872350556,1.0,26.0,3.0,7.895130484199555,0.7093758426091041,0.36956930599962384,4.241939799331104,7.0,0.010878992615205052,0.03886761525288339,0.24110362085483686,0.03776521097604923
50,BASELINE,7,210,270,60,30,5.0,1.0,627.0,0.02186192468619247,5.225,7.1051184601900435,2.0,67.0,4.0,7.3578536301964945,0.7398162468303473,0.19432640404272425,3.5109832635983262,8.0,0.010550349847051794,0.04772361587515949,0.2965438079241041,0.05548915544278627,1726.0,0.0601813110181311,14.383333333333333,8.131915860088295,2.0,47.0,13.0,7.688904579039226,0.6910397977644228,0.5252779120347995,3.5525801952580194,9.0,0.010725126870832002,0.04716930750534826,0.28805301415624335,0.042700743984990276,737.0,0.016432552954292086,4.913333333333333,3.5335282965079284,2.0,23.0,3.0,7.93179466408908,0.7048290731070379,0.38532688669329407,4.63736900780379,9.0,0.012205936267797953,0.045681125493822985,0.2206547007664767,0.03437913673311736
50,BASELINE,8,240,300,60,30,5.0,1.0,595.0,0.020746164574616456,4.958333333333333,4.912392209730634,1.0,37.0,4.0,7.49934929449886,0.6997494066918508,0.2822319558179394,4.730439330543933,19.0,0.0156741148342182,0.06715225168772603,0.22580780785030374,0.0440184556305929,1397.0,0.04870990237099024,11.641666666666667,7.224721255676389,1.0,40.0,10.0,7.630564066453598,0.7110715780798825,0.5963085660198769,4.385808926080893,11.0,0.014226087924709628,0.06083841624169364,0.233093816050701,0.034546010127858885,731.0,0.01629877369007804,4.873333333333333,3.676586581176742,2.0,26.0,3.0,7.904931227672359,0.6904177497081522,0.3827948137476847,5.039197324414716,11.0,0.01355435343763328,0.05233778399971121,0.20405643162171316,0.03451020113327874
50,ANGER,0,0,60,60,30,1.0,8.0,580.0,0.020223152022315203,4.833333333333333,4.898695971605323,2.0,46.0,4.0,7.52210320143641,0.6611540210685453,0.29747207524985303,20.21879358437936,58.0,0.08075123354781244,0.15717994444898337,0.052573323793097045,0.012417704614354564,2596.0,0.09051603905160391,21.633333333333333,25.239002005273946,1.0,137.0,9.5,7.1239741830541705,0.6956323129269812,0.3667705088265836,2.4960599721059973,5.0,0.00628596626935293,0.016367922097906173,0.41552467730282244,0.08005671772926506,852.0,0.018996655518394648,5.68,5.326437208240921,1.0,34.0,3.0,7.776242778970674,0.7065086952758781,0.3606696591046949,3.897324414715719,7.0,0.009722565150052752,0.026329457090288402,0.2630365100988094,0.04376024730288584
50,ANGER,1,30,90,60,30,1.0,8.0,555.0,0.019351464435146442,4.625,4.27602326934735,2.0,31.0,3.5,7.538868710001651,0.6656398881737492,0.3102710413694722,15.442538354253836,40.0,0.06068293426157074,0.1437681989937442,0.06928209302770037,0.015365357050086832,1549.0,0.05400976290097629,12.908333333333333,13.163710111092879,2.0,78.0,8.0,7.291477110458886,0.7149379782436153,0.36452599388379203,2.9313807531380753,6.0,0.008115045181252419,0.020701825850953277,0.35170831911382777,0.0623523827484086,718.0,0.01600891861761427,4.786666666666667,3.4738771167417855,1.0,20.0,3.0,7.9247729105048546,0.6924871905986457,0.3795539854272466,4.655763656633222,9.0,0.01226766327729268,0.049036649542811256,0.219462771244331,0.033490460265290074
50,ANGER,2,60,120,60,30,1.0,8.0,655.0,0.02283821478382148,5.458333333333333,7.591547748794196,2.0,61.0,4.0,7.308713972142769,0.7296106985011258,0.18940626270841807,3.409065550906555,9.0,0.010122124163472917,0.041210992563311476,0.30452639119681646,0.05488654860649592,3006.0,0.10481171548117155,25.05,26.23860069947837,2.0,143.0,18.0,7.346187447564558,0.6320062989627737,0.288651475050029,2.3922245467224545,6.0,0.005849682969422078,0.01899001533006011,0.43202752409528716,0.07440964016545798,828.0,0.018461538461538463,5.52,4.747939904140882,1.0,32.0,3.0,7.828527625049862,0.7136515822491815,0.4025828186412128,4.088361204013378,8.0,0.010363628201387177,0.03382270941554783,0.25062390550579283,0.04087469993816408
50,ENTHUSIASM,0,0,60,60,30,7.0,5.0,627.0,0.02186192468619247,5.225,5.441296567302074,2.0,53.0,4.0,7.500367928393473,0.734472718498948,0.2708803611738149,6.4397838214783825,20.0,0.02285623454402682,0.0861893243765563,0.16717507492896785,0.03620489453623225,2587.0,0.09020223152022315,21.558333333333334,12.522177548475966,2.0,67.0,19.0,7.673251925037995,0.6550329858828504,0.49024319106679076,2.8189330543933053,6.0,0.007642575858795401,0.024475128023365468,0.3614042746987486,0.049991476729737166,785.0,0.01750278706800446,5.233333333333333,4.398358279580639,2.0,39.0,3.0,7.855366033823519,0.7087845288526403,0.38072289156626504,4.142497212931995,8.0,0.01054529266084563,0.04046280678225049,0.2473197886605191,0.03995366978010701
50,ENTHUSIASM,1,30,90,60,30,7.0,5.0,590.0,0.020571827057182707,4.916666666666667,5.462879785933016,2.0,45.0,4.0,7.448091811367064,0.7127990409033039,0.24439918533604887,4.969281729428173,12.0,0.016677654325328452,0.06887564239486521,0.21649828297669246,0.04854224612978493,2473.0,0.08622733612273362,20.608333333333334,13.764262804653054,2.0,96.0,18.0,7.629124617641885,0.6305346468254104,0.42557493050290623,2.8824616457461647,6.0,0.007909502713219182,0.028966438779037644,0.3571521034209823,0.058034494603035,783.0,0.01745819397993311,5.22,4.274529213843321,2.0,26.0,3.0,7.850195577149515,0.7004683355471347,0.3970223325062035,4.706265328874024,10.0,0.01243713197608733,0.04611903612888753,0.2180554564181814,0.0359223506177649
50,ENTHUSIASM,2,60,120,60,30,7.0,5.0,560.0,0.019525801952580194,4.666666666666667,5.684530665665274,1.0,45.0,4.0,7.406374915108617,0.6379768361474201,0.2321699544764795,12.80965829846583,45.0,0.04962041301876399,0.1250095963883378,0.08785712977739665,0.023280783362053643,1943.0,0.06774755927475593,16.191666666666666,11.363168449962458,2.0,68.0,13.0,7.60947759393456,0.6736324930290171,0.4380165289256198,3.5081938633193865,8.0,0.010538629677812543,0.040189813058164436,0.2968699448537758,0.05735353604702672,824.0,0.018372352285395764,5.493333333333333,4.2821282351445555,1.0,27.0,3.0,7.87729647463045,0.7143892205283038,0.4202696420269642,4.590546265328874,10.0,0.012048812970902245,0.0485231405850211,0.22303422769302927,0.035114338053517505
50,LIKING,0,0,60,60,30,8.0,3.0,573.0,0.01997907949790795,4.775,8.219349629583434,1.0,91.0,4.0,7.278347993670069,0.6314960279005223,0.14138266796494645,13.02768479776848,56.0,0.05053649074692637,0.10628580035698933,0.09037474655572963,0.028880988304045528,2794.0,0.09741980474198048,23.283333333333335,20.718825309901675,1.0,137.0,16.0,7.4492721118200365,0.6657308545669309,0.36813099883978484,2.7451882845188282,6.0,0.007332723884532893,0.026883550152224933,0.3815352652148624,0.07555716327607281,991.0,0.0220958751393534,6.6066666666666665,7.156718677035044,1.0,66.0,4.0,7.682692675671248,0.7276430809316107,0.41196464989802856,3.4272909698996656,7.0,0.0081452717110727,0.031404607355612256,0.2993463353859083,0.049744072080625056
50,LIKING,1,30,90,60,30,8.0,3.0,589.0,0.020536959553695954,4.908333333333333,6.113503950727076,1.0,62.0,4.0,7.428554752621749,0.7084688422211336,0.21084426108737292,5.009483960948396,18.0,0.016846571264489057,0.07036384714286248,0.21869078832121172,0.049097295159408236,2021.0,0.07046722454672245,16.841666666666665,12.578749164982803,1.0,84.0,14.0,7.565941008067131,0.6725558885167816,0.46120816422563377,8.593828451882846,18.0,0.03190684223480187,0.11277554235658559,0.11869296509214508,0.01637993138160721,916.0,0.020423634336677814,6.1066666666666665,5.229591018638286,1.0,36.0,3.0,7.811751286690555,0.7104919116843333,0.5053530751708428,4.491170568561873,10.0,0.011715337478395527,0.05070506680383417,0.2281609942124625,0.0365978466515449
50,FEAR,0,0,60,60,30,4.0,3.0,575.0,0.02004881450488145,4.791666666666667,7.4233817914897955,2.0,112.0,3.5,7.417470099367053,0.722374562275878,0.14943705220061412,3.30986750348675,7.0,0.00970532564490232,0.06400013805834107,0.3166335699883648,0.06285966705628425,1748.0,0.06094839609483961,14.566666666666666,15.05862617313486,2.0,99.0,11.0,7.353360219127302,0.7324572572798628,0.37106782390134707,2.991178521617852,7.0,0.00836629630931871,0.02989068102846804,0.3466479332286305,0.06348333008956361,944.0,0.0210479375696767,6.293333333333333,6.379703929041082,2.0,52.0,3.5,7.724589902073291,0.7347617750758741,0.351017834624392,3.676164994425864,8.0,0.008980419444382095,0.028483479731153356,0.2793848756231998,0.04765781091023191
50,FEAR,1,30,90,60,30,4.0,3.0,615.0,0.021443514644351465,5.125,5.767816600181852,2.0,59.0,4.0,7.4918502889619685,0.7358966731394367,0.23985296370041354,3.9354602510460253,11.0,0.012333866601033716,0.05743626915635503,0.269078374648772,0.05465336785600904,1876.0,0.06541143654114366,15.633333333333333,13.536637527671175,1.0,75.0,11.0,7.437702093638547,0.714344301169739,0.4705001921482171,3.446513249651325,8.0,0.010279467435509773,0.04754946724687852,0.2989489149481045,0.04950275765565631,786.0,0.017525083612040134,5.24,4.036797410489327,2.0,25.0,3.0,7.885242886193186,0.7152415644363215,0.4086896312965207,5.034002229654403,10.0,0.013536920233739612,0.04806941523320327,0.20316597556452978,0.0312984285720926
50,FEAR,2,60,120,60,30,4.0,3.0,586.0,0.020432357043235705,4.883333333333334,5.450815433390575,2.0,50.0,3.0,7.462894495768161,0.7188221008406598,0.23882896764252695,3.7116457461645744,7.0,0.011393469521699891,0.055365236001515376,0.27771973415964685,0.046958216221462824,1583.0,0.0551952580195258,13.191666666666666,13.344347013706676,2.0,76.0,9.0,7.335026365995227,0.7409120800851979,0.46400118028917087,3.5852859135285913,9.0,0.010862545855162149,0.04306479022619406,0.2896205330658416,0.055474278936960296,768.0,0.017123745819397993,5.12,3.989018258502544,1.0,25.0,3.0,7.889262998690496,0.7156540647404425,0.3999279409115475,4.714960981047938,9.0,0.012466312016939386,0.05037187905971618,0.21694144248741035,0.03369772456174956
50,AMUSEMENT,0,0,60,60,30,6.0,5.0,586.0,0.020432357043235705,4.883333333333334,4.824733728979824,2.0,38.0,4.0,7.518793071375235,0.7258178252402511,0.278161373051884,4.569700139470014,10.0,0.014998740081806778,0.07466924365238353,0.22626620328309013,0.03967243742560499,1935.0,0.06746861924686193,16.125,17.15811882656915,2.0,107.0,12.0,7.356589482132216,0.6968759850505297,0.3070825915318523,2.7469665271966526,8.0,0.0073401954924229105,0.019558342500315594,0.3774914385563025,0.06709960307682229,845.0,0.01884057971014493,5.633333333333334,5.058216637863147,2.0,37.0,3.0,7.803005604654523,0.7019873303633798,0.3695343737907907,3.9163433667781495,8.0,0.009786387136839431,0.032861970739502346,0.2615443455152665,0.0420011049453843
50,AMUSEMENT,1,30,90,60,30,6.0,5.0,657.0,0.02290794979079498,5.475,7.938264398888883,1.0,86.0,4.0,7.363737980012454,0.7472711855715617,0.17596648257474767,5.143793584379359,19.0,0.017410897413358647,0.06320699903397285,0.2176534078063467,0.05340057735505057,2057.0,0.07172245467224547,17.141666666666666,10.383316613148656,2.0,60.0,14.0,7.667184280422666,0.7060393447228949,0.5309377776814547,3.6817294281729427,8.0,0.011267770706609006,0.04399405051049687,0.2783014142783229,0.04363696363664974,799.0,0.0178149386845039,5.326666666666667,4.311993609560302,1.0,28.0,3.0,7.86323410919415,0.6997969464440725,0.3909702209414025,4.435072463768116,9.0,0.011527088804590987,0.04390466668277104,0.23070270758215078,0.03610677089961504
50,AMUSEMENT,2,60,120,60,30,6.0,5.0,571.0,0.01990934449093445,4.758333333333334,5.483301671641113,2.0,57.0,4.0,7.484234091642748,0.7052895166314299,0.23096976016684045,5.2369595536959554,19.0,0.017802351065949393,0.0698085243584863,0.21320521146604285,0.050811144745293135,2370.0,0.08263598326359832,19.75,13.792661092044566,3.0,77.0,15.5,7.606744538201062,0.6926203174419193,0.5085630184640085,3.2025801952580197,7.0,0.009254538635537903,0.03946596568990779,0.3216198535705629,0.05457125343013757,794.0,0.01770345596432553,5.293333333333333,4.304333733446896,2.0,33.0,3.0,7.869898404529821,0.7059169841959473,0.3859082094376212,4.230122630992196,9.0,0.010839337687893276,0.04051859054940537,0.24290633908792236,0.04121438981879425
50,SADNESS,0,0,60,60,30,3.0,3.0,594.0,0.020711297071129706,4.95,5.254125363305803,2.0,34.0,4.0,7.464192242262372,0.6953659556183782,0.2677151440183778,11.703940027894003,35.0,0.04497453793232774,0.127360645922357,0.08877188890310259,0.015784189056089346,1862.0,0.06492329149232914,15.516666666666667,11.96556401605132,2.0,62.0,11.5,7.522719158575686,0.7115305083282913,0.49202687114066634,3.5765341701534172,10.0,0.010825773824174012,0.04997616455452091,0.2888927390750519,0.04921483895799494,772.0,0.017212931995540692,5.1466666666666665,4.250312406818534,1.0,23.0,3.0,7.857613501032029,0.6948964860887058,0.3704956860091355,4.430947603121516,10.0,0.011513246990340656,0.03761409505252104,0.23155258416345428,0.038099376558387285
50,SADNESS,1,30,90,60,30,3.0,3.0,634.0,0.02210599721059972,5.283333333333333,6.556400604667846,1.0,61.0,4.0,7.388284631961028,0.7391814189737299,0.2156464312928626,3.333647140864714,5.0,0.009805240087666868,0.046314462066919734,0.3069220602513193,0.048057861618892916,1706.0,0.05948396094839609,14.216666666666667,9.985976277871995,2.0,56.0,12.0,7.60161685057855,0.7188914849936545,0.5010140812423944,3.325697350069735,7.0,0.009771837605335017,0.028518059525963074,0.3101470792853191,0.05330762812288188,750.0,0.016722408026755852,5.0,3.792975964419847,1.0,25.0,3.0,7.904251021545933,0.6965079561477394,0.3844513377278015,4.736633221850613,11.0,0.012539037657216819,0.04929715978981637,0.21682197622551963,0.0359730073340086
50,NEUTRAL,0,0,60,60,30,5.0,1.0,689.0,0.02402370990237099,5.741666666666666,7.401008752565797,1.0,59.0,4.0,7.348798794817393,0.7552763941505669,0.2253048780487805,3.8346931659693166,8.0,0.011910475487266032,0.06580458941116699,0.2688937573609828,0.045081194132232445,2129.0,0.0742329149232915,17.741666666666667,18.98946893821824,2.0,102.0,12.0,7.294922757788116,0.6979877551400793,0.36711651777228665,2.84173640167364,8.0,0.007738388242326221,0.027912435228405877,0.3685813958194999,0.07158520813739239,771.0,0.017190635451505017,5.14,4.2237897674955365,1.0,35.0,4.0,7.880642212739565,0.7085014253124138,0.3619631901840491,3.9704347826086956,8.0,0.009967901955062733,0.036718353907377516,0.25791020466878856,0.04144528291325051
50,NEUTRAL,1,30,90,60,30,5.0,1.0,701.0,0.024442119944211995,5.841666666666667,7.1565772001860095,1.0,58.0,4.0,7.401426483509931,0.7633581834879907,0.23333333333333334,3.7865411436541145,10.0,0.011708156065773578,0.06370643004354712,0.27219634281566535,0.04451096252078902,1954.0,0.06813110181311018,16.283333333333335,13.366739401298368,2.0,69.0,12.0,7.4920731491515475,0.6796874640736411,0.4487954155621394,3.088389121338912,7.0,0.008774744207306355,0.03381567473177121,0.33393302302189837,0.05764836396461638,753.0,0.016789297658862876,5.02,4.033972401161582,1.0,29.0,3.0,7.877768865689198,0.7010687430337404,0.3840526700804682,4.481716833890747,9.0,0.011683613536546131,0.043370340069168935,0.22849425930809153,0.03656732339454397
50,NEUTRAL,2,60,120,60,30,5.0,1.0,614.0,0.021408647140864715,5.116666666666666,5.654177413401725,1.0,46.0,4.0,7.462852058971191,0.7197078236393757,0.24748585795097422,3.4112970711297073,6.0,0.010131500298864315,0.04668256080781796,0.2996816918442936,0.045742022693129124,1571.0,0.0547768479776848,13.091666666666667,9.756191054345383,2.0,47.0,10.0,7.544865356574068,0.7265846745071228,0.4976658557433099,3.9125523012552303,9.0,0.01223761471115643,0.054129416454171374,0.26211193296873353,0.04062129784088877,781.0,0.017413600891861763,5.206666666666667,4.194912262358879,1.0,23.0,3.0,7.855529184058863,0.6920049733124843,0.3929113924050633,4.51701226309922,10.0,0.01180205457415845,0.0391885378708281,0.22659829368902393,0.035879456025821155
50,AWE,0,0,60,60,30,6.0,2.0,612.0,0.021338912133891212,5.1,6.438038003408595,2.0,69.0,4.0,7.420971052555709,0.7411836392641732,0.20566617666711212,3.526255230125523,8.0,0.010614517773636652,0.06306230252847664,0.29319554581871105,0.05148819237268,1943.0,0.06774755927475593,16.191666666666666,11.430803291496574,1.0,66.0,14.0,7.5673718366753615,0.683352474392143,0.45792862358121117,2.930334728033473,6.0,0.008110650117787702,0.021397371124632962,0.3495988742891464,0.05561349967345186,825.0,0.01839464882943144,5.5,4.63429246667349,1.0,36.0,4.0,7.855780465460716,0.718335406260129,0.3729449091433516,3.9449052396878486,8.0,0.009882232347945798,0.03624432788655513,0.2593000095072708,0.040774066897128335
50,AWE,1,30,90,60,30,6.0,2.0,583.0,0.020327754532775452,4.858333333333333,5.571199501802901,1.0,46.0,4.0,7.454612204014997,0.709920386948419,0.23200535654502846,4.16115760111576,13.0,0.013282174794604034,0.0674572021470194,0.25289257352454186,0.04673482860029754,1673.0,0.058333333333333334,13.941666666666666,7.945434573108985,1.0,48.0,12.0,7.692887675695824,0.6928949978395116,0.5320080747254251,3.942154811715481,11.0,0.012361995007207903,0.04230303551675139,0.264777841161644,0.05148103576492955,807.0,0.0179933110367893,5.38,4.072951427814151,2.0,32.0,4.0,7.915053131244705,0.7340505353350986,0.40146106591399633,4.242720178372353,8.0,0.010881611336819974,0.043369205340398745,0.2413031600295345,0.038462050334398756
50,DISGUST,0,0,60,60,30,3.0,5.0,605.0,0.02109483960948396,5.041666666666667,6.276139781390751,2.0,59.0,4.0,7.397775742037624,0.7305413320063157,0.21123814835471277,3.590481171548117,7.0,0.010884374670370237,0.06391113235408256,0.286047498189233,0.04563329259124778,1664.0,0.05801952580195258,13.866666666666667,13.2752484806207,1.0,89.0,10.0,7.363854695193923,0.6919918381612561,0.3839701113774143,3.176429567642957,7.0,0.009144662048919993,0.031043727186950042,0.3249674043106001,0.05756735372745346,839.0,0.01870680044593088,5.593333333333334,4.8683969526825654,1.0,32.0,4.0,7.8350722274867035,0.7034177655717084,0.37940342826292345,3.9477146042363436,8.0,0.009891659745759536,0.029645057428842145,0.26003441443285347,0.04374365411023697
51,BASELINE,0,0,60,60,30,5.0,1.0,1361.0,0.047454672245467226,11.341666666666667,16.097357874991644,1.0,113.0,7.0,7.151075921253482,0.7115593264492992,0.21186628293114898,3.2678172942817296,12.0,0.009528644093620713,0.041012037645054816,0.3208784670008494,0.06218719996792752,2377.0,0.08288005578800559,19.808333333333334,12.215970307575063,2.0,54.0,18.0,7.6322926998202565,0.6678779492777224,0.5382416353908808,3.7047071129707114,9.0,0.011364315600717278,0.044854914063095025,0.27791568611457584,0.04516246165973798,1137.0,0.025351170568561874,7.58,7.888616270719895,2.0,63.0,5.0,7.738803998873845,0.7697866948207128,0.35305661274976213,3.61850613154961,8.0,0.008786933327347687,0.04137569514085985,0.2831326021868174,0.04472548290908404
51,BASELINE,1,30,90,60,30,5.0,1.0,1010.0,0.035216178521617854,8.416666666666666,10.47742281712869,2.0,74.0,5.0,7.270894667878904,0.771376503710376,0.3327526132404181,4.412273361227336,12.0,0.014337283030366967,0.0673511598759475,0.23857215003521898,0.04891844892281571,2821.0,0.09836122733612274,23.508333333333333,13.383133560152826,2.0,65.0,21.0,7.672418652119872,0.6643219590283899,0.5292331948840439,3.6610529986053,8.0,0.011180894952123094,0.0455192464633477,0.2789591872819521,0.03924592137375434,1055.0,0.023522853957636567,7.033333333333333,7.560349786146729,1.0,58.0,4.0,7.700079477705875,0.7376846405344121,0.35745364482227726,3.5255741360089186,7.0,0.008475080993318517,0.038357263832676715,0.29037561938214396,0.045728125800549746
51,BASELINE,2,60,120,60,30,5.0,1.0,903.0,0.031485355648535565,7.525,9.389233639298435,2.0,67.0,4.0,7.287098747454657,0.7593646366463698,0.3118207759091737,3.743584379358438,9.0,0.011527665459489245,0.0441268675833882,0.27960858394751475,0.05215616102841785,2910.0,0.10146443514644352,24.25,15.32549618555084,2.0,81.0,21.0,7.659486983935025,0.6822003564674646,0.5058638175330231,3.24581589958159,6.0,0.009436201258746179,0.04099464683085655,0.32055678743687355,0.06104510760181484,769.0,0.01714604236343367,5.126666666666667,4.317092643074607,1.0,44.0,4.0,7.877032020946659,0.7211630677660105,0.3628748534092813,4.24613154960981,10.0,0.010893058891308089,0.04423503380900875,0.2430766582718828,0.04349737870367695
51,BASELINE,3,90,150,60,30,5.0,1.0,914.0,0.031868898186889816,7.616666666666666,10.44803277602482,2.0,74.0,4.0,7.221258200591721,0.7385316948354193,0.23016660573457984,4.6684797768479775,10.0,0.015413780574991496,0.06843934751259773,0.21912900826969733,0.03330748823660388,2908.0,0.10139470013947001,24.233333333333334,12.514480501491951,1.0,58.0,22.5,7.71278668976056,0.6931772145889856,0.6096854879799898,3.039958158995816,8.0,0.008571252768889986,0.028502851035345972,0.3391872015119843,0.05575775458392007,736.0,0.01641025641025641,4.906666666666666,3.640231982839677,2.0,23.0,4.0,7.921078853548106,0.7224269902074115,0.3763109191856878,4.659955406911928,9.0,0.01228172955339574,0.05044885093231518,0.2190901382700227,0.03273234914465689
51,BASELINE,4,120,180,60,30,5.0,1.0,1072.0,0.03737796373779637,8.933333333333334,12.71857783803764,2.0,95.0,6.0,7.173088219269008,0.7518119178167368,0.2540478578592922,6.2373430962343095,13.0,0.022005643261488694,0.08815292761005583,0.1656942641559511,0.02880195636800215,3108.0,0.10836820083682008,25.9,13.998452295402755,2.0,68.0,23.5,7.693065249220494,0.6940007659211773,0.5915622770157773,2.8785564853556487,6.0,0.007893094476284241,0.03169455165889569,0.35503458435809954,0.05242246999842161,961.0,0.021426978818283166,6.406666666666666,6.704820819546352,1.0,56.0,4.0,7.7173435172882785,0.7423765721778949,0.35957785409163245,3.554938684503902,8.0,0.00857361974665739,0.02995421175012624,0.2887751678594376,0.0473687930213674
51,BASELINE,5,150,210,60,30,5.0,1.0,1171.0,0.04082984658298466,9.758333333333333,12.357855688679253,2.0,89.0,6.0,7.250330833053695,0.7558867073285694,0.2833951437967952,4.292608089260809,9.0,0.0138344877700034,0.06557220687055709,0.23914020857203522,0.038147295118706306,2737.0,0.0954323570432357,22.808333333333334,11.329751272154605,2.0,67.0,21.0,7.733182307097842,0.7090652190961187,0.5799608485478007,2.8728382147838216,5.0,0.007869068129343784,0.036625236630451766,0.3541740398126493,0.04795644339757478,914.0,0.020379041248606466,6.093333333333334,5.625355297420974,1.0,62.0,4.0,7.837513266023883,0.752506721353767,0.3551372048500319,3.741917502787068,8.0,0.009201065445594197,0.047971425414337514,0.27383577775449935,0.043455295473488614
51,BASELINE,6,180,240,60,30,5.0,1.0,905.0,0.031555090655509065,7.541666666666667,9.849192719315742,1.0,67.0,5.0,7.268876960067759,0.7331042353514418,0.24941632025511076,3.982252440725244,16.0,0.012530472440022037,0.04260972309407403,0.2718012528726792,0.060148143160949484,3063.0,0.10679916317991632,25.525,16.252929223168767,1.0,89.0,22.0,7.645296313302447,0.7033910979185476,0.5867776331925968,3.433054393305439,9.0,0.010222917618930414,0.047313557586733924,0.30222363786504153,0.05485526989542109,914.0,0.020379041248606466,6.093333333333334,6.368512821338712,1.0,63.0,4.0,7.748997941777398,0.7427452537947257,0.33243318744762085,3.4982608695652173,7.0,0.008383425736796027,0.03218310456631846,0.29248441556336935,0.04647471786483482
51,BASELINE,7,210,270,60,30,5.0,1.0,754.0,0.026290097629009763,6.283333333333333,8.129866064224075,2.0,61.0,4.0,7.327939581294313,0.7611754620469565,0.23113722198908937,6.3319037656903765,14.0,0.02240295699869906,0.09582079263245459,0.15933950012836542,0.015225608105870748,3238.0,0.11290097629009763,26.983333333333334,14.314027696245697,2.0,71.0,24.0,7.705486086581365,0.6585117689090694,0.5607012444697896,3.690516039051604,9.0,0.011304689239712628,0.05079154864281188,0.2790489823614196,0.04675308260031811,846.0,0.0188628762541806,5.64,4.9930351490851725,2.0,47.0,4.0,7.832616045196637,0.7456059519010109,0.3675146771037182,4.036722408026756,8.0,0.0101903436510965,0.04490502100694837,0.25350992051422805,0.039749396402783986
51,BASELINE,8,240,300,60,30,5.0,1.0,797.0,0.02778940027894003,6.641666666666667,10.16062320376506,1.0,110.0,4.5,7.224906842526844,0.7619439755498466,0.1899318922120225,4.496373779637378,23.0,0.01469064613293016,0.054533642664391986,0.24998237153087713,0.06217009606184208,3071.0,0.10707810320781032,25.591666666666665,17.22860791113303,2.0,84.0,22.0,7.61097448101015,0.6841102246754274,0.5043098794313479,3.37221059972106,9.0,0.009967271427399413,0.033406997053229325,0.3198215758322261,0.07054970711356276,841.0,0.01875139353400223,5.6066666666666665,5.137310147884354,1.0,48.0,4.0,7.810948672921114,0.7421431297835747,0.35695135963232477,3.776365663322185,7.0,0.009316663299738872,0.03553804873730106,0.271018170042451,0.04341696061524837
51,ANGER,0,0,60,60,30,3.0,5.0,634.0,0.02210599721059972,5.283333333333333,7.616520786349166,1.0,88.0,4.0,7.361484270360787,0.7398581045138063,0.1770176707657332,3.361889818688982,8.0,0.009923906801214218,0.05309140893265784,0.31042424670587787,0.05892128016951066,743.0,0.02590655509065551,6.191666666666666,6.4759759024326895,1.0,75.0,5.0,7.447736897681363,0.7418200384391045,0.33307086614173226,3.8592747559274754,9.0,0.012013759478686862,0.05639387451112318,0.2673986212272353,0.04708228540461486,806.0,0.017971014492753623,5.373333333333333,4.732929560243024,2.0,32.0,4.0,7.834359192085989,0.7337757876056742,0.3494553376906318,3.907179487179487,7.0,0.009755635863018414,0.029966883795528844,0.26204683768340525,0.04270107588982977
51,ANGER,1,30,90,60,30,3.0,5.0,655.0,0.02283821478382148,5.458333333333333,7.930842571183019,1.0,74.0,4.0,7.309972943694342,0.6999687279740707,0.1900076423385556,6.203591352859135,29.0,0.02186382921369385,0.0680684230668702,0.18896949493875048,0.049115791556959075,698.0,0.024337517433751742,5.816666666666666,7.447016554000371,2.0,102.0,4.0,7.400911525280467,0.7538725236476279,0.23240491165019467,3.0824267782426777,6.0,0.008749692345557464,0.052917025685100365,0.33410620289551207,0.05815580702630146,900.0,0.020066889632107024,6.0,5.217278984298233,2.0,36.0,4.0,7.823898961421439,0.7545607353838566,0.5071653268088081,4.3823634336677815,9.0,0.011350212864656976,0.045863363482242195,0.23310062419570773,0.03498553271005951
51,ANGER,2,60,120,60,30,3.0,5.0,574.0,0.0200139470013947,4.783333333333333,4.910334905980333,1.0,35.0,3.0,7.494817196279332,0.6836042931191497,0.2730503455083909,5.133403068340307,22.0,0.017367239782942478,0.05289737081186326,0.2185337390211031,0.04935082565171861,695.0,0.024232914923291493,5.791666666666667,6.449671610934071,1.0,77.0,4.0,7.43230683831899,0.7334767545334496,0.28478731074260993,3.377510460251046,10.0,0.009989539748953972,0.050063586270538786,0.30662030308978255,0.05468740552257938,834.0,0.018595317725752507,5.56,4.407538995856985,1.0,26.0,4.0,7.872853128327308,0.7413545846679108,0.48012505582849485,4.745930880713489,11.0,0.012570237854743243,0.05351413597430156,0.21574330205279035,0.03399729138247675
51,ENTHUSIASM,0,0,60,60,30,7.0,3.0,978.0,0.03410041841004184,8.15,12.460704902479097,2.0,92.0,4.5,7.141215072202966,0.780258643507785,0.19797073170731708,3.059937238493724,7.0,0.00865519848106607,0.032960139929775006,0.33845950533672897,0.05984894770846529,687.0,0.023953974895397488,5.725,4.032084861871502,2.0,23.0,5.0,7.598865233049758,0.7366652597149215,0.4416009236097749,4.853661087866109,11.0,0.016191853310361815,0.05758933550024241,0.21267679336404827,0.03813323403581345,847.0,0.018885172798216276,5.6466666666666665,5.698112747997261,1.0,70.0,4.0,7.799261441627047,0.7230956343029301,0.31717011128775835,3.587201783723523,7.0,0.00868188518028028,0.040466906469276614,0.2862930069928104,0.048451737163044115
51,ENTHUSIASM,1,30,90,60,30,7.0,3.0,620.0,0.021617852161785217,5.166666666666667,5.599603160542322,1.0,45.0,4.0,7.458665708639575,0.7297720387961615,0.2562243933186259,3.742364016736402,10.0,0.01152253788544706,0.06334714278553058,0.2739612994356218,0.04211709677575254,620.0,0.021617852161785217,5.166666666666667,3.699849846803095,1.0,24.0,4.0,7.603567263456207,0.7334352144530162,0.4039280643634643,4.289923291492329,8.0,0.013823207107110625,0.04802524275938391,0.23846155181890874,0.03760046850329869,729.0,0.016254180602006688,4.86,3.505291238494552,1.0,26.0,4.0,7.940882216548657,0.7117491971851105,0.37814043375563666,4.435117056856187,9.0,0.011527238445826133,0.043932233539966004,0.23076059722457748,0.0365459540677453
51,ENTHUSIASM,2,60,120,60,30,7.0,3.0,651.0,0.022698744769874477,5.425,6.434493634570892,1.0,51.0,4.0,7.402917871524914,0.7075096838903292,0.24308829150210218,5.189470013947002,21.0,0.01760281518465127,0.055262796599931,0.2172779566090036,0.05267013149895521,661.0,0.02304741980474198,5.508333333333334,4.870824422575254,1.0,30.0,3.5,7.494714205419967,0.7322048258443749,0.3814999141925519,3.815516039051604,8.0,0.011829899323746229,0.03288945405653375,0.2694422576858642,0.046799312347819255,722.0,0.01609810479375697,4.8133333333333335,3.5145159299997806,1.0,22.0,4.0,7.931405521897553,0.7112551359316065,0.392748588797221,5.1179487179487175,12.0,0.013818619858888305,0.05707240042491797,0.19938520355082498,0.029042768305335257
51,LIKING,0,0,60,60,30,9.0,4.0,618.0,0.021548117154811714,5.15,5.341894170922271,1.0,44.0,4.0,7.493542884460988,0.7347240774629186,0.26498580731340793,3.894700139470014,8.0,0.012162605628025269,0.06702163245941732,0.26306734865854,0.04090467626385126,783.0,0.027301255230125523,6.525,7.665357678108265,1.0,75.0,4.0,7.396231063014108,0.7652786908239885,0.27344642700184585,3.0489539748953973,6.0,0.008609050314686553,0.0434515871077318,0.33583790369509625,0.0526813598673071,772.0,0.017212931995540692,5.1466666666666665,4.276893992399416,1.0,37.0,4.0,7.8775743659989415,0.7237717729216697,0.35424726661059713,3.966109253065775,8.0,0.009953386755254279,0.03335342545799737,0.2582625993921019,0.0417743489576211
51,LIKING,1,30,90,60,30,9.0,4.0,638.0,0.022245467224546723,5.316666666666666,6.084794345105036,1.0,45.0,4.0,7.416879946460702,0.7121514162441694,0.25177157148812007,4.071931659693166,17.0,0.012907275881063726,0.05272421867233242,0.26342761974957923,0.0509717747987413,710.0,0.024755927475592746,5.916666666666667,7.027426429513311,2.0,94.0,4.0,7.435230394108649,0.7572408705559499,0.25708824466390573,3.0948047419804743,6.0,0.008801700596556617,0.04981204449361838,0.3319245365963265,0.0562279155629448,760.0,0.0169453734671126,5.066666666666666,4.17079795189788,1.0,35.0,4.0,7.874795876805523,0.712022194867396,0.3563157894736842,4.039264214046823,8.0,0.010198873201499406,0.03531579410505123,0.25374785560201124,0.04125344799268401
51,FEAR,0,0,60,60,30,3.0,3.0,561.0,0.019560669456066944,4.675,4.9693435180112075,2.0,41.0,3.0,7.500442293311629,0.6810960250614454,0.2662686567164179,15.210111576011158,32.0,0.05970635115971075,0.15420091302262487,0.06706111629482764,0.009003530287714105,1233.0,0.04299163179916318,10.275,10.251392181877868,2.0,55.0,6.0,7.320477085352212,0.7488769230713187,0.45436021125296294,3.3159693165969317,7.0,0.009730963515113163,0.038289335867244284,0.3097200163908712,0.0519410721590624,918.0,0.020468227424749165,6.12,5.516544812350088,1.0,52.0,4.5,7.827647908296535,0.7333029598052976,0.3879114948731786,4.296477146042363,11.0,0.011062003845779756,0.05086271291829946,0.23926254966688057,0.03960682686124725
51,FEAR,1,30,90,60,30,3.0,3.0,695.0,0.024232914923291493,5.791666666666667,8.976261130832194,1.0,81.0,4.0,7.2709991044565605,0.7586865387666197,0.16778213708746828,3.2193514644351464,8.0,0.009325006153088863,0.04027896202807151,0.32272500374825464,0.06025765256694778,937.0,0.03267085076708508,7.808333333333334,8.110482757244204,1.0,53.0,4.5,7.338377360960084,0.7251299964673535,0.38947663420444195,3.41952580195258,8.0,0.010166074798120085,0.026373463610508636,0.3014408823990067,0.05427372469497096,834.0,0.018595317725752507,5.56,4.651136061938703,1.0,34.0,4.0,7.856803791526277,0.7133151502379057,0.39032349602724176,4.023054626532887,9.0,0.010144478612526462,0.032682482339483385,0.2546512822561571,0.04122613356702001
51,FEAR,2,60,120,60,30,3.0,3.0,617.0,0.021513249651324964,5.141666666666667,5.34056150813959,1.0,53.0,4.0,7.4940697190921215,0.7275425934684487,0.27049180327868855,6.911331938633194,16.0,0.02483752915392098,0.09853224912047298,0.14899099555003978,0.02362472124340445,766.0,0.026708507670850767,6.383333333333334,7.219976146467213,1.0,90.0,4.0,7.39510731254015,0.7345659618117892,0.3072550342036805,3.3055090655509067,7.0,0.009687012880466,0.05245778577956376,0.3128982664182864,0.05765150079418987,781.0,0.017413600891861763,5.206666666666667,4.202057696996662,1.0,24.0,4.0,7.873051144856765,0.7054832226310555,0.37917087967644086,4.4909476031215165,9.0,0.011714589272219852,0.043144136940716026,0.22759861681184945,0.034841947105027825
51,AMUSEMENT,0,0,60,60,30,7.0,4.0,656.0,0.02287308228730823,5.466666666666667,6.60357647205075,1.0,53.0,4.0,7.41160736097749,0.7462280320910877,0.22601984564498345,3.4009414225941423,7.0,0.010087989170563609,0.04986075441292796,0.30142045428287684,0.04786005418153026,932.0,0.032496513249651325,7.766666666666667,9.017328996006647,1.0,55.0,4.0,7.229666723565549,0.7455833288283635,0.39741035856573703,3.303242677824268,6.0,0.009677490242959108,0.023968487769480646,0.3118965987597928,0.056495495113137374,883.0,0.01968784838350056,5.886666666666667,6.403682968070449,2.0,80.0,4.0,7.753719459266735,0.7444765972694894,0.2995413720619148,3.394180602006689,7.0,0.008034163093982177,0.03942128785090903,0.30202748301700305,0.04942570756651933
51,AMUSEMENT,1,30,90,60,30,7.0,4.0,610.0,0.021269177126917713,5.083333333333333,7.2123543697987795,2.0,77.0,4.0,7.372438270331665,0.7278000827975223,0.1782892476812092,5.706415620641562,14.0,0.019774855548914127,0.07773268467734555,0.18729392220646587,0.04449880476999175,620.0,0.021617852161785217,5.166666666666667,4.220650292181157,1.0,32.0,4.0,7.554661759737899,0.7375480590390524,0.3653886888371108,3.9578800557880056,8.0,0.01242806746129413,0.04325164955830506,0.259487132130145,0.04368597014737387,769.0,0.01714604236343367,5.126666666666667,3.7688135474649784,2.0,30.0,4.0,7.930311971463325,0.7513911901622214,0.3947963800904977,4.572329988851728,9.0,0.01198768452634806,0.047786813707467825,0.22373293227318508,0.03457469510639983
51,AMUSEMENT,2,60,120,60,30,7.0,4.0,518.0,0.01806136680613668,4.316666666666666,4.469308919981056,1.0,42.0,4.0,7.516451022379041,0.5846748382867465,0.284325637910085,21.507984658298465,72.0,0.08616800276595994,0.15557893570930026,0.05164851253663188,0.012925730673836275,620.0,0.021617852161785217,5.166666666666667,4.0616772671178865,2.0,26.0,3.0,7.565921173725187,0.7443287107342835,0.3793556870479947,3.9914225941422594,8.0,0.012569002496396047,0.041128671662069995,0.25660837978938955,0.04145281359102954,747.0,0.01665551839464883,4.98,3.7066966425646437,1.0,22.0,4.0,7.915679593693973,0.7335178582740502,0.38200238379022644,4.4226755852842805,9.0,0.011485488541222433,0.04475708718485921,0.23078069944451612,0.03435014660407665
51,SADNESS,0,0,60,60,30,4.0,2.0,593.0,0.020676429567642957,4.941666666666666,5.238154626286712,2.0,41.0,4.0,7.461042168177477,0.6683775834512056,0.2936056838365897,11.83776150627615,37.0,0.04553681305158046,0.12335080443679888,0.09280661532496144,0.023513547110374212,2311.0,0.08057880055788005,19.258333333333333,19.214575992083603,2.0,99.0,15.0,7.297638739379034,0.7259936129363403,0.4761211112267194,3.0278242677824267,7.0,0.008520270032699277,0.03490436687992975,0.3445511989290292,0.06960018031769878,946.0,0.02109253065774805,6.306666666666667,6.4595631087214835,2.0,56.0,4.0,7.724027053958437,0.744743397944075,0.3633300824541183,3.5943366778149386,7.0,0.008705827777902476,0.03058969193601914,0.2854541216824517,0.04780412687335562
51,SADNESS,1,30,90,60,30,4.0,2.0,1093.0,0.03811018131101813,9.108333333333333,12.759176980598012,1.0,94.0,4.0,7.074829494377502,0.687668192574863,0.29209803507289245,4.725069735006974,19.0,0.01565155350843266,0.05266549694179336,0.23993299463741155,0.06010706307374114,1049.0,0.03657601115760112,8.741666666666667,8.892877143472122,2.0,80.0,5.0,7.379410555032384,0.7521152425434783,0.4154789620123786,3.4412831241283124,8.0,0.010257492118186171,0.05689564511677335,0.29844662363444896,0.04855344053465052,926.0,0.02064659977703456,6.173333333333333,6.800241825765382,1.0,79.0,4.0,7.707963112026221,0.7394406055393468,0.35277564594525457,3.4821404682274246,7.0,0.008329330430293368,0.041914960057838534,0.29499548549183763,0.05009928367742776
51,SADNESS,2,60,120,60,30,4.0,2.0,852.0,0.029707112970711297,7.1,9.624534620783836,2.0,72.0,4.0,7.20651832493266,0.7218502184628348,0.2374180101759333,3.153172942817294,7.0,0.00904694513788779,0.03018415299111959,0.327559493028291,0.05738856425586289,948.0,0.03305439330543933,7.9,9.134549797335389,1.0,74.0,5.0,7.356974826923336,0.7659569512008801,0.3214932946719826,2.9860529986052997,6.0,0.00834476049834159,0.04112759447907727,0.3435563422888104,0.05486171350296808,770.0,0.01716833890746934,5.133333333333334,3.973523485382827,1.0,30.0,4.0,7.900744276638383,0.7363370325529501,0.3793911007025761,4.453935340022297,10.0,0.011590387047054685,0.04896468857481945,0.23008702365593986,0.036705419399623254
51,NEUTRAL,0,0,60,60,30,5.0,1.0,676.0,0.023570432357043234,5.633333333333334,7.708148646436157,2.0,62.0,4.0,7.323698936404452,0.7558820697217747,0.2058078347300721,3.6217573221757324,9.0,0.011015787067965264,0.04674189337551931,0.28835163665948776,0.05609194030794826,4024.0,0.1403068340306834,33.53333333333333,20.211355444128156,1.0,126.0,30.0,7.65462073207597,0.7227037803830234,0.5709260062022742,2.7316945606694563,7.0,0.007276027565838047,0.04234240657779691,0.37577956699558845,0.05593692198298248,857.0,0.019108138238573023,5.713333333333333,5.606349574862021,1.0,42.0,4.0,7.761583625480395,0.7293682011004683,0.35400959561343387,3.874738015607581,9.0,0.00964677186445497,0.026677784827864336,0.2655591841876383,0.046702545897244555
51,NEUTRAL,1,30,90,60,30,5.0,1.0,694.0,0.024198047419804743,5.783333333333333,6.396201129489979,2.0,46.0,4.0,7.429143225554224,0.7574484174986682,0.2807145461173897,5.0621338912133895,10.0,0.01706778945887978,0.08257554944083026,0.20144535996461582,0.028617996926843213,3555.0,0.12395397489539749,29.625,18.99366670761599,4.0,83.0,28.0,7.626661878426608,0.7454688537564057,0.6400281276498935,3.463284518828452,7.0,0.010349934953060726,0.046423059923070546,0.29910867074288655,0.054238517192465335,967.0,0.021560758082497213,6.446666666666666,7.458808364760568,1.0,91.0,4.0,7.719465901594879,0.7549309873252082,0.2909197766676462,3.38396878483835,7.0,0.007999895251135406,0.04488600726594165,0.30330755627616346,0.05039130575642056
51,NEUTRAL,2,60,120,60,30,5.0,1.0,754.0,0.026290097629009763,6.283333333333333,9.901753492297324,2.0,101.0,4.0,7.22693613377066,0.765630531478761,0.18210680043177344,3.6172245467224546,8.0,0.010996741792951495,0.05301452705944375,0.291897081612505,0.06056999558945628,2945.0,0.10268479776847977,24.541666666666668,17.21767301027897,4.0,93.0,21.0,7.600529900019403,0.7469114703191603,0.5718085106382979,3.405439330543933,9.0,0.0101068879434619,0.034714869162804994,0.31002299531811345,0.06510220483855471,992.0,0.022118171683389073,6.613333333333333,9.757586222467568,2.0,143.0,4.0,7.629420963757987,0.760516696188216,0.2084130982367758,2.9406465997770344,6.0,0.006512236912003472,0.043329428247968906,0.34978403464875735,0.059723977016057604
51,AWE,0,0,60,60,30,7.0,5.0,691.0,0.02409344490934449,5.758333333333334,6.751537890650462,2.0,54.0,4.0,7.391586909732772,0.7109085336884695,0.2593057775747888,8.53186889818689,27.0,0.031646507975575174,0.10343678621196661,0.12319264791593548,0.022883882836459722,4610.0,0.1607391910739191,38.416666666666664,29.712114065179247,1.0,157.0,30.0,7.534840781713283,0.6951609650087859,0.4874186504230896,2.2611227336122734,7.0,0.00529883501517762,0.03324526333793437,0.4524878756660101,0.06238365033200337,949.0,0.021159420289855072,6.326666666666667,7.1021092328656525,2.0,76.0,4.0,7.702856112663702,0.7314241947211296,0.3289755169954837,3.4134671125975475,7.0,0.00809888292817969,0.03438931109026227,0.30084212157047463,0.050918868669407875
51,AWE,1,30,90,60,30,7.0,5.0,1068.0,0.037238493723849374,8.9,11.382662254499163,2.0,74.0,5.0,7.21474585916739,0.7438256416433574,0.29718574108818013,6.032880055788006,15.0,0.02114655485625212,0.08687522607388817,0.173600326647478,0.03419579367428416,3676.0,0.12817294281729427,30.633333333333333,24.059625008622966,2.0,107.0,25.0,7.512956413005938,0.7184183578281448,0.5268952218659612,2.960181311018131,7.0,0.008236055928647611,0.042520262730927766,0.35166761913893424,0.06633616489372271,1020.0,0.02274247491638796,6.8,6.936377536822324,2.0,67.0,5.0,7.76634415558532,0.7490535544719805,0.3492728241833549,3.359509476031215,7.0,0.007917817033661805,0.03765182607679143,0.30421252051613984,0.04651107135452546
51,DISGUST,0,0,60,60,30,4.0,2.0,689.0,0.02402370990237099,5.741666666666666,6.215566256495774,1.0,57.0,4.0,7.445036914137379,0.7301950995761951,0.30937618625838287,4.701743375174337,18.0,0.015553543593169484,0.0676025880780791,0.2328092655953025,0.05137430286548068,1742.0,0.060739191073919105,14.516666666666667,17.908090970905366,2.0,102.0,7.0,7.105010012498805,0.711939421017306,0.32896985329679185,2.873012552301255,8.0,0.00786980063992124,0.015926611297104876,0.3627351047136472,0.0736291102207638,868.0,0.01935340022296544,5.786666666666667,5.350497380825658,2.0,41.0,4.0,7.808824508162484,0.7341514144608738,0.3586223221683039,3.6976365663322186,7.0,0.009052471699101403,0.03248706639396571,0.2766344626000396,0.04363671115130915
52,BASELINE,0,0,60,60,30,6.0,2.0,732.0,0.025523012552301255,6.1,7.447482796220479,2.0,60.0,4.0,7.368215797117708,0.7598295078497344,0.23419000866300896,3.5139470013947003,8.0,0.010562802526868495,0.04219412127137869,0.2952401971898259,0.05383373357047335,3238.0,0.11290097629009763,26.983333333333334,22.381906134693317,5.0,138.0,19.0,7.533501149335921,0.6905325780818808,0.44727136598081085,2.9146443514644353,8.0,0.008044724165816954,0.030196802816889842,0.36244070754944574,0.07479045091652904,861.0,0.01919732441471572,5.74,5.396826227824399,1.0,60.0,3.0,7.79147008716715,0.7115625316631236,0.363905325443787,3.802608695652174,7.0,0.009404727166618025,0.04295029655723848,0.27030509865859426,0.04657332655415316
52,BASELINE,1,30,90,60,30,6.0,2.0,644.0,0.022454672245467225,5.366666666666666,5.564670300705654,1.0,33.0,4.0,7.461981265832353,0.7159744547123803,0.28768382352941174,5.6971059972106,23.0,0.019735739484078148,0.07270263283682188,0.18990215847028338,0.039211340692545886,4421.0,0.1541492329149233,36.84166666666667,28.57621266990354,4.0,124.0,26.0,7.515295628756266,0.684237429883877,0.5477016783129524,2.7738493723849373,8.0,0.007453148623466129,0.04151529727205705,0.3740007916968305,0.0647398891609113,789.0,0.017591973244147158,5.26,4.570091173415837,1.0,47.0,3.0,7.851265602484359,0.7056506875601426,0.3520172466892516,4.111482720178373,8.0,0.010441217181806621,0.048467345491138854,0.2496618770303726,0.04154363040361705
52,BASELINE,2,60,120,60,30,6.0,2.0,632.0,0.02203626220362622,5.266666666666667,6.606478302057425,2.0,51.0,4.0,7.367915573975425,0.7218849096249762,0.22082177968237962,3.8925034867503485,8.0,0.012153375994749364,0.04955615717091718,0.26729197421364337,0.05114037354774053,4334.0,0.15111576011157601,36.11666666666667,22.94293040471412,2.0,110.0,29.0,7.643508260530327,0.7019584561171348,0.557984036106816,2.92081589958159,6.0,0.008070655040258784,0.03615892689512432,0.3539451791433918,0.06403407379124915,848.0,0.018907469342251952,5.653333333333333,4.544574298606587,1.0,29.0,4.0,7.854278661201629,0.708938314312098,0.4058773424190801,4.630880713489409,9.0,0.012184163468085261,0.046963332673001235,0.22143966302205972,0.036105333373180844
52,BASELINE,3,90,150,60,30,6.0,2.0,567.0,0.01976987447698745,4.725,5.376588912436335,2.0,42.0,3.0,7.447144773693749,0.7035942040714465,0.23275398674072748,5.664504881450489,16.0,0.01959876000609449,0.06998241399177171,0.19458346052977202,0.045337811347357086,2656.0,0.09260808926080892,22.133333333333333,9.600723352377617,3.0,50.0,22.0,7.761285977846617,0.7423331447221997,0.7074161718087244,3.407670850767085,7.0,0.010116264078853297,0.0397347001676278,0.3014770386351274,0.04821904716354517,834.0,0.018595317725752507,5.56,4.84214828356175,1.0,30.0,3.0,7.8013514119890495,0.7003766846516393,0.38934426229508196,4.37123745819398,8.0,0.011312877376489875,0.04274873625174875,0.23483856839444844,0.038998085631992446
52,BASELINE,4,120,180,60,30,6.0,2.0,560.0,0.019525801952580194,4.666666666666667,4.849112175325385,2.0,38.0,3.0,7.497888267980853,0.6788461816848153,0.26646153846153847,9.2413179916318,28.0,0.03462738651946134,0.10804497119020204,0.1180890962624564,0.02832583269132555,1980.0,0.06903765690376569,16.5,8.34715520402011,2.0,39.0,17.0,7.701907332888591,0.7081137965654745,0.6633632941537989,3.64989539748954,12.0,0.011134014275166138,0.028151742832858134,0.28464189133636725,0.051077313453495435,824.0,0.018372352285395764,5.493333333333333,4.816287182282865,2.0,33.0,3.0,7.806197181537721,0.7153809201465116,0.38763575605680867,4.094069119286511,9.0,0.010382782279484934,0.03641085521096874,0.2512331777408298,0.04292745509789888
52,BASELINE,5,150,210,60,30,6.0,2.0,567.0,0.01976987447698745,4.725,6.004807102091902,1.0,81.0,3.0,7.465115406210737,0.7018298193327315,0.20360304395092405,4.703626220362622,19.0,0.015561454707405976,0.07002130293339015,0.2341127913690137,0.054898463054602956,2072.0,0.07224546722454672,17.266666666666666,9.157176906060561,4.0,43.0,16.0,7.711636299962437,0.7082034246203535,0.6469943107820961,3.801255230125523,8.0,0.011769979958510608,0.038749697304895116,0.27072032939437374,0.045991787296799945,789.0,0.017591973244147158,5.26,4.408975693589914,1.0,34.0,3.0,7.848966100721525,0.7088910606812612,0.3699219372311614,4.288182831661093,9.0,0.01103417057604394,0.04538599191524373,0.23929482715505623,0.03971072951250486
52,BASELINE,6,180,240,60,30,6.0,2.0,590.0,0.020571827057182707,4.916666666666667,6.5974532123304135,2.0,58.0,4.0,7.396723489207583,0.7205571072373657,0.19113352800637112,5.856938633193863,19.0,0.02040730518148682,0.08248668330953167,0.18429678377982803,0.03923950350782665,2143.0,0.074721059972106,17.858333333333334,10.228469935538854,2.0,47.0,15.5,7.678711230698543,0.7208532876749421,0.6645577420812621,3.9347280334728034,8.0,0.012330790056608417,0.04597202682783165,0.26186487919189816,0.04460229953348729,810.0,0.018060200668896322,5.4,4.2047592083257275,2.0,27.0,4.0,7.876515686126086,0.72030642792145,0.40733590733590735,4.956053511705686,11.0,0.013275347354717087,0.05305895084945859,0.20756326171631503,0.035087689945804475
52,BASELINE,7,210,270,60,30,6.0,2.0,598.0,0.02085076708507671,4.983333333333333,5.740910690435407,2.0,52.0,4.0,7.449255631585299,0.7036125732749774,0.23954552627426226,9.035146443514645,24.0,0.033761119510565735,0.10249640900506761,0.124454239977374,0.032991583864659224,2877.0,0.10031380753138075,23.975,12.904109487549563,1.0,53.0,23.5,7.688897515655686,0.729053999817383,0.6898386403503677,3.5570083682008367,7.0,0.010743732639499308,0.03687873548615742,0.28755064643478623,0.04238879248413984,849.0,0.018929765886287624,5.66,5.11381136400891,1.0,45.0,3.0,7.811323160373413,0.7107871921841837,0.36514786140373146,4.02051282051282,8.0,0.010135949062123556,0.038676235824788976,0.2559628387514169,0.044484368084606894
52,BASELINE,8,240,300,60,30,6.0,2.0,652.0,0.022733612273361226,5.433333333333334,6.778315097098655,1.0,61.0,4.0,7.403661059324502,0.7402735504039389,0.22346501665873394,3.8859483960948396,11.0,0.01212583359703714,0.0624733364503361,0.2681693947712114,0.051944224558197125,3073.0,0.10714783821478382,25.608333333333334,12.108052302313348,3.0,53.0,28.0,7.728996508948233,0.7494481561351141,0.728227519471324,4.174546722454672,10.0,0.01333843160695239,0.05221365871156873,0.24594674100511446,0.03806034832537876,811.0,0.018082497212931994,5.406666666666666,4.396357077803799,2.0,29.0,3.0,7.8517223558033695,0.7110521464764343,0.3948710026262938,4.216187290969899,8.0,0.010792574801912412,0.04309212538875393,0.2426611971946511,0.0381750619986179
52,ANGER,0,0,60,60,30,1.0,8.0,619.0,0.021582984658298467,5.158333333333333,6.082756821997371,2.0,47.0,4.0,7.432713364952695,0.7113576088868656,0.24422583404619333,12.564783821478382,35.0,0.048591528661673884,0.13164951418491522,0.08243732953347441,0.014563257898338811,2917.0,0.10170850767085077,24.308333333333334,16.889985116104224,2.0,75.0,19.0,7.561920722115022,0.7432835538154166,0.5936726568384806,2.833821478382148,6.0,0.007705132262109867,0.031781813796912445,0.35991619301572325,0.050035759400099154,885.0,0.019732441471571906,5.9,4.96420520660995,2.0,39.0,5.0,7.851277501502682,0.7290406179336386,0.40109548114029625,3.962608695652174,7.0,0.009941639918295891,0.041519442478130025,0.25840650048508895,0.04118985925725607
52,ANGER,1,30,90,60,30,1.0,8.0,605.0,0.02109483960948396,5.041666666666667,5.986646018895351,2.0,54.0,4.0,7.440431389462903,0.7074845998705572,0.23436110287577824,10.889470013947001,29.0,0.041552395016584046,0.11630804469182207,0.09880110270360802,0.024391375510190372,4508.0,0.15718270571827056,37.56666666666667,26.513434749617453,6.0,139.0,29.0,7.595564598125909,0.6966148736942865,0.5308309055449884,2.5824616457461644,6.0,0.00664899851153851,0.03831129766732513,0.39697329394724196,0.060864455712429176,801.0,0.01785953177257525,5.34,4.435959122144086,1.0,47.0,4.0,7.875637478390882,0.7035253486917039,0.36776602364654637,4.009319955406912,8.0,0.010098389112103735,0.04546663092491901,0.25605337499720826,0.04279100755360227
52,ANGER,2,60,120,60,30,1.0,8.0,602.0,0.02099023709902371,5.016666666666667,5.563247452902147,2.0,47.0,4.0,7.479598673524952,0.7149511444667422,0.25048923679060664,9.025488145048815,20.0,0.03372053842457486,0.1098939224902134,0.11919598228434168,0.028222085956618483,5843.0,0.20373082287308228,48.69166666666667,41.461286326992905,5.0,181.0,37.0,7.463524481630404,0.7299255205626937,0.5126725188525756,2.6356694560669456,7.0,0.006872560739777089,0.03959067160741064,0.39889789796489744,0.07817462589317567,802.0,0.017881828316610924,5.346666666666667,4.093061880249986,1.0,30.0,4.0,7.897118766478915,0.7103287698322686,0.4040673445574262,4.590680044593088,10.0,0.01204926189460768,0.04960299546374384,0.2237257130667235,0.037330805335763
52,ENTHUSIASM,0,0,60,60,30,9.0,9.0,621.0,0.021652719665271967,5.175,5.697459229048214,2.0,50.0,4.0,7.456948706225516,0.7433959443459184,0.24737977805178793,5.241352859135286,12.0,0.017820810332501203,0.07927676846276728,0.19643980002323752,0.030564510849261737,2966.0,0.10341701534170153,24.716666666666665,23.298670682155997,5.0,132.0,18.5,7.487752382852047,0.6902379312084942,0.3633666216425677,3.3220013947001394,9.0,0.009756308381093022,0.045430985212244035,0.3148046306713355,0.060135061793238576,940.0,0.020958751393534,6.266666666666667,7.012528470926558,1.0,60.0,4.0,7.6874561476699395,0.713562809003751,0.3244098320759309,3.474871794871795,7.0,0.008304938908965756,0.027214238264580953,0.2957703717412572,0.05073817913375375
52,ENTHUSIASM,1,30,90,60,30,9.0,9.0,627.0,0.02186192468619247,5.225,5.928690833565197,1.0,50.0,4.0,7.4363682130803515,0.7207096738957693,0.24770642201834864,8.593828451882846,30.0,0.03190684223480186,0.10116577625777715,0.1245836670899549,0.02644635162104249,2449.0,0.08539051603905161,20.408333333333335,13.694887022372823,6.0,103.0,17.0,7.666875023947067,0.7277353961339338,0.5066893213587104,3.327510460251046,7.0,0.009779455715340517,0.046514134354386845,0.31419884618794625,0.05872454914814368,860.0,0.019175027870680046,5.733333333333333,4.626974053189501,1.0,40.0,4.0,7.867493627472552,0.7129560675580732,0.40455918703652843,4.287759197324415,9.0,0.01103274898431013,0.05057658947208246,0.23841555461118374,0.0366428174227934
52,ENTHUSIASM,2,60,120,60,30,9.0,9.0,630.0,0.021966527196652718,5.25,5.68660707276316,2.0,47.0,4.0,7.466356624991681,0.7221111055780208,0.2689844464775846,12.586750348675034,31.0,0.048683824994432925,0.13230727704921796,0.08200576865611671,0.014212071280893239,3914.0,0.13647140864714086,32.61666666666667,28.40823921955663,2.0,130.0,26.0,7.453662916991771,0.7154549824210102,0.4847387246079849,2.710913528591353,8.0,0.007188712305005681,0.033276011296354796,0.3879727101347709,0.07795398775448834,953.0,0.02124860646599777,6.3533333333333335,6.071393762738687,2.0,44.0,4.0,7.7582556246188386,0.7182694378480858,0.37842159721568996,3.7570791527313268,7.0,0.00925194346554136,0.03537169385297154,0.2733453132572363,0.046005364659863525
52,LIKING,0,0,60,60,30,9.0,7.0,628.0,0.02189679218967922,5.233333333333333,6.0321822106284415,1.0,51.0,4.0,7.434219579169877,0.708667497348966,0.24427046263345195,5.580230125523013,24.0,0.019244664392953817,0.0678930994490469,0.20207553592867286,0.04885296346313576,4515.0,0.1574267782426778,37.625,35.08123014281759,3.0,171.0,25.0,7.436303503503191,0.6473685449841657,0.3859189573384018,2.433507670850767,7.0,0.006023141474162889,0.03197025242225502,0.42770207568276586,0.07535709591577486,1004.0,0.022385730211817167,6.693333333333333,6.909362408275375,1.0,67.0,4.0,7.72241566411634,0.7269654993294783,0.37671817970024074,3.6087179487179486,9.0,0.00875408707623473,0.031036749275997477,0.2860679942533428,0.05087548105090325
52,LIKING,1,30,90,60,30,9.0,7.0,631.0,0.02200139470013947,5.258333333333334,5.963075036328898,2.0,62.0,4.0,7.472086017247979,0.728033478903588,0.2450388265746333,6.57339609483961,23.0,0.023417630650586597,0.08650071829832844,0.163184237736859,0.035933337998643074,4802.0,0.1674337517433752,40.016666666666666,31.944478743942938,7.0,157.0,28.5,7.516553613880307,0.6029268576264987,0.4235762333285993,2.449965132496513,6.0,0.006092290472674422,0.039663342397515865,0.4176330797201922,0.059289682628799675,811.0,0.018082497212931994,5.406666666666666,4.511609715192818,2.0,31.0,3.5,7.849112792458639,0.7099558278269866,0.38071525577184245,4.29984392419175,8.0,0.011073301759032724,0.039092148431781895,0.23890492910833824,0.040503670106201074
52,FEAR,0,0,60,60,30,2.0,7.0,613.0,0.021373779637377965,5.108333333333333,5.340561508139591,2.0,50.0,4.0,7.49824794070738,0.7218393722203845,0.2701565393031476,5.608856345885634,19.0,0.019364942629771568,0.0761256973980077,0.19443711826039098,0.04433858943547743,945.0,0.03294979079497908,7.875,8.23262058318411,2.0,39.0,4.0,7.314804197946561,0.7303860747952101,0.41729323308270677,3.7411087866108788,9.0,0.011517263809289406,0.03538466296219653,0.27698827315492014,0.05209231677790121,808.0,0.01801560758082497,5.386666666666667,4.845323059978102,2.0,49.0,4.0,7.837963750269052,0.7100157324942818,0.3388055476931786,3.8201337792642143,8.0,0.009463536172027562,0.03375594124435405,0.26858567972689046,0.04479523766737878
52,FEAR,1,30,90,60,30,2.0,7.0,591.0,0.020606694560669457,4.925,5.583700236700869,1.0,57.0,4.0,7.458500344880007,0.7159122321034086,0.24401913875598086,4.374546722454673,14.0,0.014178767741406183,0.07063476024810249,0.24021087582070288,0.04681198623602169,988.0,0.034449093444909346,8.233333333333333,8.076440360015598,1.0,54.0,5.0,7.350180048728227,0.7152154378637118,0.4153198878055296,3.8371687587168757,8.0,0.011920877137465863,0.04965510094249845,0.2675632313255457,0.043825717033593774,754.0,0.01681159420289855,5.026666666666666,3.882347514355486,2.0,24.0,3.0,7.892444479317641,0.6973453114565646,0.370398338682273,4.500735785953177,8.0,0.011747435523332801,0.042819215686671575,0.22725667905265695,0.0356292768333074
52,FEAR,2,60,120,60,30,2.0,7.0,521.0,0.018165969316596933,4.341666666666667,4.043504736680242,2.0,41.0,3.0,7.565860060784544,0.6310193398317391,0.32001080205238996,23.406311018131102,60.0,0.09414416394172732,0.17628297214104813,0.044998683815401994,0.00885297599784786,2272.0,0.0792189679218968,18.933333333333334,18.50641030081799,2.0,129.0,14.0,7.391336310412527,0.713338426895246,0.3960998497122539,2.6645746164574615,6.0,0.006994010993518746,0.038524783065461685,0.3866074356376798,0.06322477808194872,822.0,0.018327759197324416,5.48,4.735285982211986,1.0,35.0,4.0,7.844658741575648,0.7143194505424281,0.37553221686063015,4.24149386845039,9.0,0.010877496202853653,0.04334448916357007,0.2417053295434136,0.038963835232808726
52,AMUSEMENT,0,0,60,60,30,8.0,7.0,650.0,0.022663877266387727,5.416666666666667,6.016066452056157,2.0,61.0,4.0,7.473955772894389,0.751088482755678,0.25367341280842803,3.5667015341701536,7.0,0.010784460227605685,0.061131697011974996,0.2883738442479339,0.04807167131149308,2676.0,0.09330543933054393,22.3,21.94466525908594,2.0,153.0,17.0,7.407355065116807,0.7142948740546021,0.3824126425466298,2.4951882845188282,6.0,0.006282303716465665,0.024058611320246805,0.41470529623211816,0.07208986900005096,868.0,0.01935340022296544,5.786666666666667,6.117828227583888,1.0,79.0,4.0,7.766277920797205,0.7133155913874014,0.3258265943289999,3.578706800445931,7.0,0.00865337852498635,0.042296514459341225,0.2877324440887036,0.05059681345018625
52,AMUSEMENT,1,30,90,60,30,8.0,7.0,695.0,0.024232914923291493,5.791666666666667,6.234842731688498,2.0,43.0,4.0,7.454613294934996,0.7599417269449305,0.2716697936210131,5.100313807531381,12.0,0.01722820927534193,0.07841128379845491,0.20215203978204035,0.03220933280002368,1369.0,0.047733612273361224,11.408333333333333,11.830043556790296,2.0,89.0,7.0,7.312518094914271,0.745178333758783,0.4151660599813162,2.9947698744769875,7.0,0.008381386027214232,0.033803577400271595,0.3442452434423784,0.05941142862415291,728.0,0.016231884057971015,4.8533333333333335,3.570969367303817,1.0,23.0,3.0,7.920231928960307,0.692085756950308,0.37770241627808393,4.781159420289855,11.0,0.012688454430502866,0.04445583235098387,0.2150479958016021,0.0362851484003498
52,SADNESS,0,0,60,60,30,3.0,9.0,671.0,0.023396094839609485,5.591666666666667,7.716320186605934,2.0,72.0,4.0,7.334440673228327,0.7701382686816848,0.1886368081361236,3.4923291492329147,7.0,0.010471971215264338,0.06214473647731586,0.29344044486058857,0.04567980198795884,826.0,0.02880055788005579,6.883333333333334,7.292328541388927,2.0,73.0,5.0,7.396871183434395,0.7437719596043622,0.3293301307712837,3.337482566248257,8.0,0.009821355320370826,0.037701255523658474,0.308633515641597,0.05255059550710413,950.0,0.021181716833890748,6.333333333333333,6.493757686339158,1.0,50.0,4.0,7.72346417626324,0.7282551988984437,0.37052317415730335,3.6688071348940916,8.0,0.008955728640584209,0.030436619444871714,0.27980000293202717,0.04715267811434731
52,SADNESS,1,30,90,60,30,3.0,9.0,557.0,0.019421199442119945,4.641666666666667,5.545712808607705,2.0,66.0,3.0,7.470162341821154,0.7078936572545049,0.2124497289735968,4.04323570432357,8.0,0.012786704640015004,0.06572604139596809,0.25695067696572066,0.04766239607403446,1805.0,0.06293584379358438,15.041666666666666,18.971424051861675,1.0,135.0,12.0,7.271706924768484,0.7301858206102334,0.27655942219304,2.7117852161785216,7.0,0.007192374857892949,0.03513478999846622,0.38125039537977456,0.06549446828481784,867.0,0.019331103678929765,5.78,4.742530969851436,2.0,29.0,4.0,7.864334672119498,0.7284873519752508,0.3830806065442937,4.062630992196209,8.0,0.010277285208712118,0.03510164566586633,0.25219919589477946,0.0409611435725432
52,NEUTRAL,0,0,60,60,30,6.0,2.0,582.0,0.020292887029288702,4.85,5.4093283624987425,1.0,43.0,4.0,7.453491354654892,0.694444236354885,0.24408901251738527,5.286750348675035,22.0,0.01801155608686988,0.06997210332270509,0.20618557801889079,0.044482342169616405,1059.0,0.03692468619246862,8.825,9.46807134531632,2.0,59.0,5.0,7.317923165948912,0.752847420134349,0.38153749212350346,3.1699442119944212,6.0,0.009117412655438743,0.03175449282230271,0.32415740355010164,0.056160775724100054,877.0,0.01955406911928651,5.846666666666667,5.758746005473375,2.0,59.0,4.0,7.77774114581215,0.7171707742195624,0.33691056910569106,3.7282497212931998,7.0,0.009155200407024163,0.033926925944847766,0.2755788943610854,0.0470940872162708
52,NEUTRAL,1,30,90,60,30,6.0,2.0,561.0,0.019560669456066944,4.675,6.283128864931336,2.0,78.0,3.0,7.393671084246808,0.6963300602122441,0.18841006030298574,4.291527196652719,15.0,0.013829946204423193,0.06873180521193148,0.250987227134346,0.05356236385698485,919.0,0.03204323570432357,7.658333333333333,8.44294166087205,2.0,78.0,5.0,7.346433306833936,0.7578744441449394,0.35003066857493353,3.152615062761506,6.0,0.009044601104039941,0.042746519559670466,0.32474618490375845,0.050887024342055345,826.0,0.018416945373467112,5.506666666666667,4.486641901863303,2.0,32.0,4.0,7.860231109039303,0.7239069181496339,0.42806288935034115,4.257837235228539,7.0,0.010932339715532025,0.04264063914258226,0.2399027213522757,0.036787446060279255
52,NEUTRAL,2,60,120,60,30,6.0,2.0,637.0,0.022210599721059973,5.308333333333334,7.616096805815664,2.0,69.0,4.0,7.315161776332017,0.736112826221672,0.18701700154559506,5.761192468619247,15.0,0.020005010372349783,0.07793936645842758,0.18993720425008578,0.046735602613984746,837.0,0.02918410041841004,6.975,7.900382374712421,1.0,74.0,5.0,7.385362268065272,0.7511876440150463,0.2987751180850212,3.170397489539749,7.0,0.009119317182940116,0.04010310404126051,0.32397276814268317,0.05290332413009395,894.0,0.019933110367892977,5.96,5.185081162977747,1.0,37.0,3.0,7.814767167814329,0.7200683150161995,0.4322664462029054,4.074470457079153,9.0,0.01031701495664145,0.039638512878243555,0.25231057239586047,0.042868313133164984
52,AWE,0,0,60,60,30,9.0,7.0,525.0,0.018305439330543932,4.375,3.8025484875278055,1.0,27.0,4.0,7.567889160116778,0.5850822433548182,0.35072711719418304,27.596827057182704,77.0,0.11175137418984332,0.1839443266971926,0.037603110405871124,0.006867485007589817,1896.0,0.06610878661087866,15.8,14.875931343392699,1.0,66.0,11.0,7.336765162331848,0.7154258433042067,0.4943056979639666,3.2843096234309623,7.0,0.009597939594247743,0.0439567765181518,0.31243731915560896,0.04988664707982701,889.0,0.019821627647714606,5.926666666666667,5.081465230510673,2.0,36.0,4.0,7.8276578569542705,0.724823623802158,0.3944020356234097,4.183589743589744,8.0,0.010683187059025991,0.03797576849388087,0.2451619526276725,0.04060062461715193
52,AWE,1,30,90,60,30,9.0,7.0,508.0,0.017712691771269176,4.233333333333333,3.4356788104956624,1.0,27.0,4.0,7.600463555026312,0.5519970050493785,0.38738149722131415,29.59163179916318,96.0,0.12013290671917301,0.18015453832048653,0.035795901782871585,0.0075552015293734705,1514.0,0.05278940027894003,12.616666666666667,13.248700145884333,1.0,79.0,8.0,7.319680765352162,0.7240166740753208,0.37023621639802334,3.0143305439330543,6.0,0.008463573714004429,0.030756966006433302,0.34312888756664556,0.06203976762192333,847.0,0.018885172798216276,5.6466666666666665,4.814058117176771,1.0,33.0,4.0,7.833790168784021,0.7146710347856229,0.377630868861306,4.038238573021181,7.0,0.010195431453091213,0.03547162189960545,0.2537831750611112,0.0412140290163984
52,DISGUST,0,0,60,60,30,3.0,8.0,630.0,0.021966527196652718,5.25,8.409567963536137,2.0,94.0,4.0,7.302843923832338,0.7436968745567027,0.1499462558222859,4.344560669456067,12.0,0.014052775922084313,0.061502760087688256,0.24879696183278846,0.057570735080889564,3790.0,0.13214783821478382,31.583333333333332,25.124550852812384,2.0,122.0,26.0,7.494932447655615,0.6840482723096258,0.5021705102786184,2.5910739191073917,5.0,0.0066851845340646626,0.04421884086997847,0.3917941166660325,0.04759531455926419,998.0,0.02225195094760312,6.653333333333333,6.554374281517819,2.0,38.0,4.0,7.708307470148497,0.7236671148554378,0.45995366539798116,3.7698773690078036,7.0,0.009294890500026192,0.027051637918831497,0.2720194216773147,0.04501896863659196
53,BASELINE,0,0,60,60,30,1.0,5.0,624.0,0.021757322175732216,5.2,6.968500556073738,2.0,77.0,4.0,7.377915943631889,0.744288416597621,0.19566761363636365,3.385739191073919,7.0,0.010024114248209755,0.061639972291673784,0.3046852210897117,0.05325479958783811,1732.0,0.0603905160390516,14.433333333333334,9.029334908446407,2.0,65.0,14.0,7.644105619611631,0.7341330149685871,0.5603328290468986,3.3756624825662485,8.0,0.009981775136832986,0.040245296258083534,0.30391260115774876,0.04811407520606597,1085.0,0.024191750278706802,7.233333333333333,7.402627161277873,1.0,57.0,4.0,7.703924969120579,0.7170435995374856,0.4825468864713342,3.632263099219621,8.0,0.008833097648387985,0.036285560330644326,0.28246569037969893,0.04648904664842298
53,BASELINE,1,30,90,60,30,1.0,5.0,716.0,0.024965132496513248,5.966666666666667,7.640280681289719,2.0,53.0,4.0,7.342971876078334,0.7814038216850018,0.2218539910993277,3.7619595536959554,8.0,0.011604872074352757,0.06479356473440603,0.2728500441598863,0.04292864135311043,1647.0,0.05742677824267783,13.725,6.622515257312235,1.0,39.0,13.0,7.739880242646497,0.7238710694935997,0.634300751306205,3.9834379358437935,13.0,0.0125354535119487,0.05120456790601578,0.25980194529394113,0.044775255565912955,1063.0,0.023701226309921962,7.086666666666667,7.040773316113003,1.0,65.0,4.0,7.732030168418483,0.7238347393619106,0.48885373220192724,3.794113712374582,8.0,0.009376220511324099,0.0430351959186989,0.27138239661977404,0.04727391398931311
53,BASELINE,2,60,120,60,30,1.0,5.0,653.0,0.022768479776847976,5.441666666666666,6.663702466013587,2.0,51.0,4.0,7.381059405855847,0.7203225727113591,0.23988333940940576,5.380160390516039,23.0,0.018404035254269077,0.05833923068034811,0.21118503569685554,0.05068408227901232,1673.0,0.058333333333333334,13.941666666666666,7.7085405377556535,1.0,64.0,13.0,7.696079617791967,0.7419232921281635,0.6201792787158641,3.916910739191074,10.0,0.012255927475592742,0.04828495963175127,0.26759689742079806,0.05147983879716314,876.0,0.019531772575250836,5.84,4.613140651082152,2.0,34.0,4.0,7.8931400400114775,0.7366875255431533,0.40244886975242194,3.9712597547380155,7.0,0.009970670317912812,0.043126255146978446,0.2569558910617663,0.038075030389782924
53,BASELINE,3,90,150,60,30,1.0,5.0,561.0,0.019560669456066944,4.675,4.34676603925263,1.0,30.0,4.0,7.542605710261826,0.683075224358489,0.3063063063063063,12.108647140864715,37.0,0.04667498798682654,0.1234095037595326,0.09029617959709475,0.021383577198222863,1677.0,0.05847280334728033,13.975,7.928810860820597,1.0,52.0,12.0,7.688090524277602,0.7182461855054972,0.565744121762277,3.5706415620641563,8.0,0.010801014966656135,0.04868314443863806,0.285114949031433,0.039195031378306454,994.0,0.022162764771460425,6.626666666666667,5.672209054288775,1.0,41.0,5.0,7.844201437102555,0.7379105980394466,0.4074287359631443,3.851861761426979,9.0,0.009570005910828799,0.038888051978822585,0.2664157751930994,0.04360056654635221
53,BASELINE,4,120,180,60,30,1.0,5.0,582.0,0.020292887029288702,4.85,6.563979991844379,1.0,58.0,4.0,7.357653618682616,0.6602970756021295,0.19673458372689245,8.618165969316596,39.0,0.032009100711414266,0.09150543812372049,0.1364332005551547,0.03459475082782758,1677.0,0.05847280334728033,13.975,10.115139231205207,1.0,88.0,12.0,7.603673819073726,0.7121673967532632,0.46731498075623584,2.9768828451882845,6.0,0.00830623044196758,0.04293355041074647,0.3429560231900074,0.048857614980731635,1064.0,0.023723522853957638,7.093333333333334,6.410248738456947,2.0,49.0,5.0,7.822158542685187,0.7531138316953051,0.39969953348620224,3.598573021181717,7.0,0.008720043695240664,0.037314842024213535,0.283612084781439,0.04170338287960907
53,BASELINE,5,150,210,60,30,1.0,5.0,592.0,0.020641562064156207,4.933333333333334,7.3464655144875985,2.0,67.0,4.0,7.309121964519177,0.7151801451104743,0.16490630323679728,4.017189679218968,15.0,0.012677267559743558,0.05759899456992334,0.2679370058252839,0.05272220419002847,1736.0,0.060529986052998606,14.466666666666667,11.722793561642588,1.0,104.0,12.0,7.570164545394574,0.7362449039917287,0.4380847274825052,2.9458158995815897,7.0,0.008175697057065506,0.036720866292873584,0.34916844795328256,0.05742983158560348,1038.0,0.0231438127090301,6.92,6.735003093293029,1.0,60.0,4.0,7.780821252347934,0.7412253358881251,0.38134218858599117,3.63984392419175,7.0,0.008858536658361577,0.0336295706872542,0.28196092494849834,0.046818834904255834
53,BASELINE,6,180,240,60,30,1.0,5.0,582.0,0.020292887029288702,4.85,5.399305510896748,1.0,49.0,4.0,7.469179395664484,0.6928896404407076,0.2488238369053842,5.732147838214784,24.0,0.019882974110146147,0.06381824866301644,0.1994477034689975,0.04836683830074193,1525.0,0.05317294281729428,12.708333333333334,9.669880931129516,2.0,68.0,11.0,7.581362949052224,0.7135098685342756,0.43458522492777546,2.9754881450488146,6.0,0.008300370357347963,0.03067325179679741,0.3449418059327976,0.05491770427133763,936.0,0.020869565217391306,6.24,4.999573315127336,1.0,36.0,5.0,7.882035677969334,0.727060687885354,0.4163392650797319,4.143210702341137,9.0,0.010547686920607846,0.04135397572565522,0.24699739373594407,0.03869929887242224
53,BASELINE,7,210,270,60,30,1.0,5.0,574.0,0.0200139470013947,4.783333333333333,4.892482896126351,2.0,42.0,3.0,7.507520276036466,0.7141338844237308,0.2706185567010309,4.311401673640168,11.0,0.013913452410252805,0.06691353618988305,0.2413528767692523,0.04481209975458981,1511.0,0.05268479776847978,12.591666666666667,8.23154079677,2.0,61.0,11.0,7.632275684735486,0.7286994786906267,0.5375107229197535,3.6332287308228732,9.0,0.011063986263961668,0.0496050002124136,0.2833988504609644,0.0472164611889839,941.0,0.020981047937569677,6.273333333333333,4.905638479228661,1.0,36.0,5.0,7.8910456208938085,0.7297832836936107,0.41507232851143255,4.0546265328874025,8.0,0.01025042460700471,0.04306934713574687,0.2518083549937646,0.037361905676477083
53,BASELINE,8,240,300,60,30,1.0,5.0,631.0,0.02200139470013947,5.258333333333334,5.860881380437209,2.0,46.0,4.0,7.433925425097302,0.7231288028285692,0.26083125275370833,5.881241283124129,19.0,0.020509417155983735,0.0835464312919156,0.17825099712457698,0.032404301253324386,1663.0,0.05798465829846583,13.858333333333333,7.494771325545711,1.0,48.0,13.0,7.710517884317878,0.7355294278738682,0.5758071398094154,3.3785564853556487,7.0,0.009993934812418694,0.04033897301497398,0.3025170852482429,0.04467976916710852,915.0,0.02040133779264214,6.1,5.623462752907085,2.0,62.0,4.0,7.829168015699849,0.7332803998377807,0.36854410201912857,3.839397993311037,8.0,0.009528181185607505,0.04286621682207004,0.2676724208913644,0.04509641672535044
53,ANGER,0,0,60,60,30,3.0,9.0,598.0,0.02085076708507671,4.983333333333333,4.6912744063373175,2.0,35.0,4.0,7.5427447477805405,0.7174545786907147,0.30639060322516426,11.062377963737797,28.0,0.04227889900730166,0.11931105843951192,0.09878337291226086,0.02400018892740465,2107.0,0.07346582984658298,17.558333333333334,14.300813399554896,2.0,97.0,14.0,7.528026488550022,0.7079175948193177,0.4565875820292781,3.0286610878661087,9.0,0.008523786083471045,0.03528295571538469,0.34444717308139566,0.06266527822860093,972.0,0.021672240802675585,6.48,6.697482113948993,2.0,59.0,4.0,7.757590599952948,0.7263901622838871,0.3449191206968063,3.552396878483835,7.0,0.008565090196254482,0.03225872581763413,0.2885553479933182,0.046972234926209194
53,ANGER,1,30,90,60,30,3.0,9.0,602.0,0.02099023709902371,5.016666666666667,4.419621652987454,2.0,31.0,4.0,7.560581628741453,0.6964767150251442,0.3376732465350693,15.656311018131102,43.0,0.06158113873164329,0.13993351066856605,0.06775772502704415,0.0158200295519469,2167.0,0.07555788005578801,18.058333333333334,12.729425120125768,3.0,85.0,15.0,7.612948151994706,0.7215505772256677,0.5010281864917567,3.000836820083682,6.0,0.008406877395309594,0.04430722199841642,0.341226901910915,0.05198863981855808,971.0,0.021649944258639912,6.473333333333334,6.448975801543132,1.0,59.0,4.0,7.794615719929165,0.7206557309101969,0.35029862373409504,3.83685618729097,10.0,0.009519651635204594,0.04577523642858723,0.2692148780044963,0.046834817973655865
53,ANGER,2,60,120,60,30,3.0,9.0,575.0,0.02004881450488145,4.791666666666667,5.908180533990327,2.0,79.0,4.0,7.474140408943894,0.7025612094541346,0.2119642016015073,7.655648535564853,20.0,0.027964909813297703,0.10134808479708798,0.14136920060107755,0.03386709361211799,1834.0,0.06394700139470014,15.283333333333333,7.782655216712496,1.0,59.0,15.0,7.737142028287801,0.7287038737435161,0.5821778627779106,3.1630404463040445,6.0,0.009088405236571624,0.03789250277842173,0.3227483391124412,0.047100011773990626,994.0,0.022162764771460425,6.626666666666667,6.212939901706938,2.0,67.0,5.0,7.827313860500786,0.7488272907250213,0.3684441711323904,3.583991081382386,7.0,0.008671111011350282,0.04284418918273651,0.2859145644529861,0.04611907100601081
53,ENTHUSIASM,0,0,60,60,30,5.0,1.0,630.0,0.021966527196652718,5.25,7.184184017687743,2.0,70.0,4.0,7.354743006752797,0.7290282553944472,0.19343929658437606,8.35149930264993,22.0,0.03088865253214256,0.1025036919657815,0.12783680324647914,0.0290768978958946,1347.0,0.04696652719665272,11.225,11.32178026342736,1.0,94.0,8.0,7.391331797295007,0.7477102747963672,0.3797976333390499,3.0752092050209203,6.0,0.00871936640765093,0.035942338598759296,0.33328235918365273,0.05324601586659333,1141.0,0.02544035674470457,7.6066666666666665,9.376137560613943,2.0,102.0,5.0,7.656948978051618,0.7365007612684006,0.304270205066345,3.408717948717949,8.0,0.008082946136637405,0.04119617498963884,0.30318068313947105,0.054730899596208006
53,ENTHUSIASM,1,30,90,60,30,5.0,1.0,604.0,0.02105997210599721,5.033333333333333,5.581865478692784,2.0,65.0,4.0,7.480423701149559,0.718376062327852,0.25068825910931175,7.257601115760112,18.0,0.026292441662857616,0.09703031944599691,0.14921376591429591,0.03511018791887803,1488.0,0.05188284518828452,12.4,14.93145449490214,1.0,104.0,7.5,7.23280806779061,0.7384061099862861,0.34009652995402245,2.904741980474198,8.0,0.00800311756501764,0.030223797551943748,0.35746557521712463,0.06657894727628406,1253.0,0.02793756967670011,8.353333333333333,11.110137512900348,2.0,104.0,5.0,7.538823766247367,0.7326527797094858,0.30682678783944606,3.0626978818283166,6.0,0.006921804972578241,0.03046110643279122,0.33599937153948517,0.057907508421518095
53,ENTHUSIASM,2,60,120,60,30,5.0,1.0,566.0,0.019735006973500696,4.716666666666667,3.9055160421582644,2.0,33.0,4.0,7.59280327235849,0.6690787150442723,0.3546009150991357,18.73281032078103,51.0,0.07450760638983626,0.15923042435347287,0.05604480988233114,0.010645845280372147,1358.0,0.047350069735006974,11.316666666666666,10.149288426069857,2.0,68.0,8.0,7.460547484853556,0.748171603784723,0.41545637253043116,3.284344490934449,7.0,0.00959808609636323,0.04774292653799389,0.3099858200878305,0.04267574102921523,1146.0,0.025551839464882944,7.64,7.683992018042011,1.0,63.0,5.0,7.76186025073081,0.7255612298970283,0.36402283493258836,3.6886510590858417,7.0,0.009022318990220945,0.04617074514551702,0.27716533458608356,0.04202938243051816
53,LIKING,0,0,60,60,30,8.0,5.0,545.0,0.01900278940027894,4.541666666666667,5.464119071014304,1.0,69.0,3.0,7.47932833453551,0.6626861171294043,0.21984400507890442,7.842921896792189,32.0,0.028751772675597434,0.08491318498588041,0.15368660999664613,0.042749021824988125,2094.0,0.07301255230125522,17.45,18.941290874700172,2.0,131.0,13.0,7.323133298640229,0.7456095663982651,0.39975999690318587,2.6551952580195257,6.0,0.006954601924451788,0.030366497568192742,0.3872566643428769,0.06466394710219919,971.0,0.021649944258639912,6.473333333333334,6.378815633712021,2.0,43.0,4.0,7.739254526661786,0.7026335428687357,0.3791382028376248,3.7880490523968784,8.0,0.00935586930334523,0.026553665916280552,0.27159062897179165,0.0473937296474774
53,LIKING,1,30,90,60,30,8.0,5.0,607.0,0.02116457461645746,5.058333333333334,6.376775351922701,1.0,55.0,4.0,7.428519902058702,0.7258350028436507,0.21040446683916655,5.942015341701534,20.0,0.020764770343283757,0.0823214922987248,0.18074487784733215,0.037137846528540165,787.0,0.027440725244072525,6.558333333333334,5.905923344876359,2.0,53.0,5.0,7.513806523754678,0.7584591571569319,0.39287383177570095,3.547873082287308,7.0,0.010705349085240784,0.054286857172946776,0.28879950090519196,0.045471276534609965,816.0,0.01819397993311037,5.44,4.281713052817373,1.0,29.0,4.0,7.886406075827136,0.6907481465951893,0.40106700141220775,4.308517279821627,9.0,0.011102406979267213,0.03913350430540989,0.23793085086174182,0.039005733952773194
53,FEAR,0,0,60,60,30,3.0,6.0,629.0,0.021931659693165968,5.241666666666666,10.061060110920495,2.0,110.0,4.0,7.200937828375547,0.7498054613454781,0.11218359770502868,4.471722454672245,11.0,0.014587069137278343,0.06749460244437461,0.23767118081150115,0.05606222345202652,2092.0,0.07294281729428173,17.433333333333334,14.303981574683634,1.0,92.0,13.0,7.52546780391647,0.718744236589739,0.42212078532521086,2.710111576011158,6.0,0.007185342756349403,0.0258082700775969,0.3780165913942355,0.05780119130646628,1054.0,0.02350055741360089,7.026666666666666,7.495284443494382,2.0,74.0,4.0,7.7219911098736125,0.7315028837493199,0.35259489816631706,3.380490523968785,7.0,0.007988223234794579,0.03358986595947277,0.3030981856193405,0.049121389605094865
53,FEAR,1,30,90,60,30,3.0,6.0,571.0,0.01990934449093445,4.758333333333334,5.679635894041878,1.0,52.0,4.0,7.445953216444078,0.672462381324274,0.23234169852085756,13.396827057182705,42.0,0.052087508643624804,0.1296696530795953,0.08151787460026048,0.01943436685026302,1884.0,0.06569037656903766,15.7,10.789346597454362,1.0,85.0,14.0,7.638686604907449,0.7072085923480744,0.4782546082949309,3.6784518828451884,9.0,0.011253999507752886,0.055080915040910165,0.2814288625121814,0.04801494374731821,1041.0,0.023210702341137125,6.94,6.70495339282832,1.0,64.0,4.0,7.785287855513056,0.7345183784015357,0.3954513808308192,3.5911036789297657,7.0,0.008694978788354917,0.038911133097453185,0.285290883333729,0.04570973444715716
53,FEAR,2,60,120,60,30,3.0,6.0,564.0,0.019665271966527197,4.7,6.290998860806341,2.0,74.0,3.0,7.412636555192963,0.7143914657890366,0.18300175541252195,4.234274755927475,8.0,0.01358938973078771,0.07770867248164054,0.23964696715321412,0.030559358737578556,1770.0,0.06171548117154812,14.75,9.12939391927708,1.0,45.0,13.0,7.649521256119739,0.7409512674205793,0.5621014007396837,3.599442119944212,8.0,0.010922025714051304,0.05046755600429923,0.28317167966517304,0.03941600864491365,912.0,0.020334448160535118,6.08,5.378376458870589,2.0,56.0,4.0,7.8416115251504,0.7332012379051595,0.4176326348640214,4.04263099219621,8.0,0.01021017111475237,0.04579267014203335,0.2533393040562539,0.04009442943662372
53,AMUSEMENT,0,0,60,60,30,7.0,5.0,615.0,0.021443514644351465,5.125,6.872120609147272,1.0,71.0,4.0,7.384124506542489,0.6670500461830939,0.21209166260360798,17.562622036262205,52.0,0.069590848891858,0.14742807721965184,0.06323104110161197,0.01679119438127412,2130.0,0.07426778242677824,17.75,16.087132539185887,1.0,85.0,12.0,7.409265110633923,0.6804782642491166,0.4304916607975065,2.887691771269177,6.0,0.00793147803054276,0.025487851221459395,0.35723185554952946,0.06262961566689464,1175.0,0.026198439241917504,7.833333333333333,7.643225031940959,2.0,71.0,5.0,7.769622683233231,0.7384137700111919,0.43449261553120533,3.6424972129319957,8.0,0.008867440311852328,0.042099962534213595,0.2829513007403909,0.048843061301383925
53,AMUSEMENT,1,30,90,60,30,7.0,5.0,628.0,0.02189679218967922,5.233333333333333,6.102230921738559,2.0,61.0,4.0,7.433585760719778,0.7330679490912285,0.23572330573874,6.26415620641562,15.0,0.022118303388300918,0.0885843372080961,0.16783676423663252,0.03317097994518216,1490.0,0.051952580195258016,12.416666666666666,10.992484806549529,1.0,90.0,10.0,7.461661462774337,0.7183328209107628,0.3965281965028085,3.0029637377963736,7.0,0.008415814024354514,0.03675629473220122,0.34162683059460014,0.05462371876550913,1018.0,0.02269788182831661,6.786666666666667,6.491108448399926,2.0,58.0,5.0,7.790609701766227,0.7112526158750287,0.39063139791990825,3.7188628762541804,7.0,0.009123700927027455,0.03888182986545605,0.2763033963686505,0.046496107146426706
53,AMUSEMENT,2,60,120,60,30,7.0,5.0,658.0,0.022942817294281728,5.483333333333333,6.926378723562713,1.0,65.0,4.0,7.369599532539986,0.750823773429081,0.2222349833467325,5.903905160390516,12.0,0.020604643531052593,0.09107871531042185,0.17602010705011986,0.03279697295470509,1929.0,0.06725941422594142,16.075,14.347858434855937,2.0,92.0,12.0,7.475317600616711,0.7244516660714849,0.4248740308275849,2.774860529986053,6.0,0.007457397184815349,0.030231066288962157,0.3709142027537206,0.06284133797598176,1154.0,0.02573021181716834,7.693333333333333,9.484687073851669,1.0,118.0,5.0,7.62861553054471,0.7112352799349289,0.3546045810161184,3.3159197324414715,10.0,0.007771542726313663,0.041606236898717536,0.3139816997174176,0.061155128248935695
53,SADNESS,0,0,60,60,30,3.0,3.0,641.0,0.022350069735006972,5.341666666666667,6.09849138904223,1.0,62.0,4.0,7.443601421022641,0.7250751048940072,0.2562793265249793,10.310460251046026,36.0,0.039119580886748016,0.10352995113841108,0.10692275903538077,0.029664061843177873,2015.0,0.07025801952580195,16.791666666666668,11.208550183775875,2.0,72.0,14.5,7.632587330280968,0.7368455281213602,0.5120905834186285,3.0261854951185496,7.0,0.008513384433271213,0.03212989829368276,0.34034857138026997,0.055752434330607045,1345.0,0.02998885172798216,8.966666666666667,11.868960452466856,2.0,121.0,6.0,7.609561072158719,0.7544107750378702,0.29928405451234064,3.2812709030100335,7.0,0.007655271486610856,0.04107703164756493,0.31549869197711755,0.057524935565506204
53,SADNESS,1,30,90,60,30,3.0,3.0,661.0,0.02304741980474198,5.508333333333334,5.772053120183686,2.0,39.0,4.0,7.469388065008829,0.7563906378117984,0.27343078245915736,4.830020920502092,12.0,0.016092524876059205,0.07377699274363926,0.21732829919190808,0.041857119027458166,1857.0,0.0647489539748954,15.475,10.865819880094952,1.0,68.0,13.0,7.601411380946942,0.6953575566771567,0.4556860261157669,3.1655857740585773,9.0,0.009099099891002426,0.039484167856575075,0.32453303908442555,0.050088753777449056,1000.0,0.022296544035674472,6.666666666666667,6.480397793002799,2.0,54.0,4.0,7.7866604176936836,0.721415573702694,0.37080060170483037,3.579576365663322,7.0,0.008656296529071555,0.033792801272496245,0.2869149358797637,0.04839424480934792
53,SADNESS,2,60,120,60,30,3.0,3.0,608.0,0.021199442119944213,5.066666666666666,4.838617800800371,2.0,38.0,4.0,7.525388333454541,0.7250009909443292,0.2959106399091253,9.785216178521617,24.0,0.03691267301899839,0.1165394996035976,0.10527641106431031,0.01768783609767399,2272.0,0.0792189679218968,18.933333333333334,13.809256155041645,2.0,105.0,16.0,7.602332887508849,0.6978861566498915,0.44400264034701703,2.7920153417015343,6.0,0.007529476225636706,0.03828634964079894,0.36687060189314474,0.05636993919512517,943.0,0.021025641025641025,6.286666666666667,6.240551969889273,2.0,49.0,4.0,7.760793441455803,0.7060231308571179,0.3876420060958714,3.97917502787068,9.0,0.00999723163714993,0.04162935432178886,0.2590748123077668,0.046664324205103885
53,NEUTRAL,0,0,60,60,30,4.0,3.0,759.0,0.026464435146443515,6.325,11.161438452696556,1.0,101.0,4.0,7.168476800739166,0.7842814428672494,0.1421726080775104,3.0236401673640168,6.0,0.008502689778840411,0.04602050990233702,0.3400865056913218,0.057959012918094584,1072.0,0.03737796373779637,8.933333333333334,6.634798833088729,1.0,42.0,7.0,7.5810577717738035,0.7426344605789365,0.46674403423514904,3.7568688981868896,8.0,0.011583482765491142,0.04762421124077333,0.2736918575936752,0.04500544553832981,960.0,0.02140468227424749,6.4,5.383307533477908,1.0,41.0,5.0,7.868083662656259,0.7395063941369612,0.41328297135662573,3.921783723522854,8.0,0.00980464336752637,0.042389203063309316,0.2607066376921825,0.04010276254934322
53,NEUTRAL,1,30,90,60,30,4.0,3.0,615.0,0.021443514644351465,5.125,7.113440916087423,2.0,74.0,4.0,7.375340893368238,0.7351076839962939,0.1874782204669532,6.510913528591352,15.0,0.02315509885962753,0.09098172201505893,0.1614924367859101,0.034950171498192684,1594.0,0.05557880055788006,13.283333333333333,13.258760206830132,2.0,127.0,10.0,7.456714237725386,0.7566024087795648,0.38146281499692686,2.6979776847977686,6.0,0.007134360020158696,0.04252421263751656,0.3797953616342629,0.05915866607141829,921.0,0.02053511705685619,6.14,5.446748265402641,2.0,50.0,4.0,7.84373011147874,0.7350680019265512,0.3756533101045296,3.7315942028985507,7.0,0.009166423499659576,0.03986144541453797,0.27435382165234135,0.043995487260960524
53,NEUTRAL,2,60,120,60,30,4.0,3.0,595.0,0.020746164574616456,4.958333333333333,7.753919259889729,1.0,82.0,4.0,7.3228712810495935,0.7144193531620809,0.15517241379310345,8.267189679218967,22.0,0.03053441041688642,0.0976259255695371,0.13162068871632854,0.03497822737979959,1294.0,0.04511854951185495,10.783333333333333,11.0809019889578,2.0,115.0,9.0,7.469749451814135,0.7566361900883349,0.3346718259472877,2.6682705718270574,5.0,0.007009540217760745,0.03782069265237122,0.3824926351698375,0.054461123393567124,857.0,0.019108138238573023,5.713333333333333,4.143004814007448,1.0,32.0,4.0,7.93110654190545,0.7242282954633643,0.4177502267916541,4.326845039018952,10.0,0.01116390952690924,0.04186335976320229,0.23751612669217625,0.04025496169482948
53,AWE,0,0,60,60,30,7.0,5.0,598.0,0.02085076708507671,4.983333333333333,6.118255924326437,1.0,54.0,4.0,7.414592626975615,0.6873725978341699,0.22781495490253129,10.875767085076708,39.0,0.04149481968519626,0.10779922112273659,0.10380781094152068,0.026658361896593374,1669.0,0.058193863319386335,13.908333333333333,10.558168901639885,2.0,78.0,11.0,7.558813307522496,0.7097484836482155,0.446121245096074,2.9983960948396096,5.0,0.00839662224722525,0.03868980609083275,0.3401488180834926,0.04911890543702746,1016.0,0.02265328874024526,6.773333333333333,5.809930196559067,2.0,41.0,5.0,7.827640889580511,0.7380182680965505,0.4131210540763107,3.840022296544036,7.0,0.009530276162899446,0.036764046571104755,0.266545165111339,0.04208726071766616
53,AWE,1,30,90,60,30,7.0,5.0,616.0,0.021478382147838215,5.133333333333334,7.302320787865244,2.0,57.0,3.5,7.312277098594041,0.7226835769395478,0.1888205701509223,3.677649930264993,11.0,0.01125062995909661,0.05718263397389648,0.286699040144391,0.05195393500987221,1529.0,0.05331241283124128,12.741666666666667,11.748401191462417,2.0,84.0,10.0,7.482004909173791,0.704685056596315,0.3612237802758141,2.884170153417015,6.0,0.007916681316878216,0.02627987820459879,0.35627190464266906,0.0595263247872695,927.0,0.020668896321070235,6.18,4.742109235350869,1.0,35.0,4.0,7.895390816962052,0.7236847830337803,0.4297247706422018,4.256923076923077,9.0,0.01092927207021168,0.046611657859612556,0.2405836474243315,0.03840945097148006
53,DISGUST,0,0,60,60,30,3.0,3.0,653.0,0.022768479776847976,5.441666666666666,8.9687381436236,2.0,98.0,4.0,7.280397269003558,0.7562238895158278,0.14578188480841234,5.466352859135286,14.0,0.018766188483761704,0.07668592500968144,0.19620335329150962,0.04695043240010803,1342.0,0.04679218967921897,11.183333333333334,11.78804714766426,2.0,104.0,8.0,7.34488336728646,0.7356522742085853,0.3628753172275139,3.040969316596932,7.0,0.00857550133023921,0.03942588985193664,0.34061260927033216,0.06165371612745173,1064.0,0.023723522853957638,7.093333333333334,7.3610204606577625,1.0,51.0,4.0,7.717257531759953,0.7129556461977025,0.4083909383341318,3.708494983277592,9.0,0.009088909339857697,0.035691280977255574,0.27756295751140814,0.047342734291757976
54,BASELINE,0,0,60,60,30,5.0,1.0,649.0,0.022629009762900977,5.408333333333333,6.019407270561522,1.0,45.0,4.0,7.433800358928265,0.7478106622703151,0.25426550145651267,3.920432357043236,7.0,0.012270724189257294,0.0657945917402468,0.26017737758796233,0.037365725698148715,1352.0,0.04714086471408647,11.266666666666667,7.490809183407507,1.0,47.0,10.0,7.621644618677758,0.7352163529409597,0.5538954108858057,5.646931659693166,14.0,0.019524922939887248,0.07427823749882692,0.18410404660822569,0.03505957541443154,1080.0,0.024080267558528427,7.2,7.2539644333288535,1.0,77.0,5.0,7.7512590389959115,0.7556408546697287,0.4593872095414353,3.8575696767001113,8.0,0.009589159988926538,0.05025545679371409,0.2657763965098672,0.04227523477065674
54,BASELINE,1,30,90,60,30,5.0,1.0,591.0,0.020606694560669457,4.925,5.138356579037049,2.0,41.0,4.0,7.496032940955164,0.7205544157892159,0.2602040816326531,4.282914923291492,12.0,0.01379376018189702,0.06853907048385478,0.24229083948982186,0.042513785274683455,1745.0,0.06084379358437936,14.541666666666666,9.938054666561035,1.0,60.0,13.0,7.604346860869437,0.7222767714398401,0.5407812411927174,3.9504532775453276,12.0,0.01239686251069466,0.04494861110831503,0.2654262222297063,0.05336745777240431,971.0,0.021649944258639912,6.473333333333334,5.931494096955861,1.0,46.0,4.0,7.796174172114226,0.7296733339585867,0.38264728096676737,3.771192865105909,7.0,0.00929930491646277,0.040386823040251645,0.27134439467246674,0.042619743772099275
54,BASELINE,2,60,120,60,30,5.0,1.0,537.0,0.018723849372384936,4.475,3.8879353989832013,1.0,39.0,4.0,7.579484181378194,0.6188429469853619,0.34157608695652175,19.41617852161785,63.0,0.07737890135133552,0.15236950326194681,0.05683152908911459,0.013989986135844474,1792.0,0.06248256624825663,14.933333333333334,7.8588944656498745,2.0,45.0,14.0,7.712408953084997,0.7146315921466742,0.5664607782581841,3.732287308228731,9.0,0.0114801987740703,0.04581705304854182,0.2764268485690132,0.047520196452783395,983.0,0.021917502787068003,6.553333333333334,6.070185792507142,1.0,51.0,5.0,7.813697711259444,0.7528022745157494,0.3842162752594211,3.96479375696767,8.0,0.00994897233881769,0.04300058481036122,0.2591685145279925,0.04258665028909827
54,BASELINE,3,90,150,60,30,5.0,1.0,639.0,0.022280334728033473,5.325,6.642241714963404,2.0,58.0,4.0,7.398022090596966,0.73284348941063,0.22077438570364855,7.875627615062761,16.0,0.028889191659927576,0.10828271819164932,0.12895945133584302,0.015851237781364644,1756.0,0.061227336122733615,14.633333333333333,11.028699933456448,2.0,83.0,12.0,7.591066956833607,0.7330746228554406,0.5066431388831223,3.4831589958158995,7.0,0.010433441158890343,0.04543276505870246,0.29510423815150166,0.047860224871163405,922.0,0.02055741360089186,6.1466666666666665,5.125604571386893,2.0,49.0,5.0,7.880657784408575,0.758319171072751,0.3906285977434953,3.8550724637681157,7.0,0.009580780079758777,0.047495795827905245,0.26497400045151465,0.039569326893372475
54,BASELINE,4,120,180,60,30,5.0,1.0,658.0,0.022942817294281728,5.483333333333333,8.314629008894839,1.0,94.0,4.0,7.304467141277823,0.7227105971277327,0.1712608927618709,5.001778242677824,27.0,0.016814194296965644,0.05919294397303478,0.2247719838389259,0.05812419463008606,1480.0,0.05160390516039052,12.333333333333334,8.331999893316263,2.0,59.0,10.0,7.624462131538648,0.7360728272402021,0.5192399617590823,4.454323570432357,11.0,0.014513964581648556,0.057415648700119275,0.2331864400491293,0.04473815322189159,903.0,0.020133779264214047,6.02,5.027882257969055,1.0,36.0,4.0,7.857613906499565,0.7515367862930457,0.40324324324324323,4.5720624303232995,9.0,0.011986786678937248,0.054888052608817545,0.2234164908180931,0.033029558258123835
54,BASELINE,5,150,210,60,30,5.0,1.0,598.0,0.02085076708507671,4.983333333333333,6.354110655490838,2.0,66.0,4.0,7.417920725745841,0.7048207409888223,0.2146118721461187,12.234205020920502,31.0,0.047202542104708006,0.12790992364619702,0.08917836229626531,0.022084887345989655,1483.0,0.051708507670850765,12.358333333333333,10.07827352388405,2.0,93.0,11.0,7.562333263494159,0.7389026841160645,0.44194537250714705,3.3176429567642955,7.0,0.009737995616656702,0.0481736330824898,0.311877886120212,0.056772218071381754,965.0,0.021516164994425865,6.433333333333334,6.085410604242101,1.0,50.0,5.0,7.804601871444765,0.7430110660253807,0.35645489905538064,3.7574136008918617,8.0,0.009253065774804912,0.04317298186279019,0.2726002529344386,0.04325565217592453
54,BASELINE,6,180,240,60,30,5.0,1.0,571.0,0.01990934449093445,4.758333333333334,5.311145252098543,1.0,52.0,4.0,7.468249437523631,0.6358236754493625,0.26414753209184594,18.096129707112972,56.0,0.07183247776097887,0.14267849158348128,0.06342241842832383,0.01829124459605814,1874.0,0.06534170153417015,15.616666666666667,14.11481687998663,2.0,107.0,12.0,7.489769753174917,0.7253781695370523,0.3905924092087565,2.8498953974895396,6.0,0.007772669737351007,0.027342000537020215,0.3616837249655069,0.062468582003844184,991.0,0.0220958751393534,6.6066666666666665,6.625100418526164,1.0,57.0,4.0,7.75052044570041,0.744213355852321,0.36054365733113675,3.584392419175028,8.0,0.008672457782466529,0.03780545232374578,0.28611488962405146,0.04674934445518442
54,BASELINE,7,210,270,60,30,5.0,1.0,615.0,0.021443514644351465,5.125,9.22547424255252,2.0,105.0,4.0,7.244069054768376,0.7296653561537011,0.12329411764705882,3.215760111576011,11.0,0.009309916435193329,0.047764993982932095,0.32718042512976714,0.06342598984473487,1492.0,0.05202231520223152,12.433333333333334,8.759978437314913,2.0,51.0,10.0,7.594350012900637,0.7462615695905412,0.5451326759812692,4.136610878661088,9.0,0.01317903730529869,0.05726275349941347,0.25021970174254354,0.045730167484751894,1040.0,0.02318840579710145,6.933333333333334,7.150446761489024,2.0,52.0,4.0,7.721938645032916,0.7557632734289162,0.3615606936416185,3.7175473801560757,8.0,0.009119286510590862,0.04635067038222044,0.2755360147577675,0.04342216186093434
54,BASELINE,8,240,300,60,30,5.0,1.0,582.0,0.020292887029288702,4.85,5.8852216044371115,1.0,52.0,3.0,7.426372574254626,0.6972129734407589,0.2147881819602939,3.902649930264993,14.0,0.012196008110357093,0.06239090389219546,0.2662628361277061,0.04524926300983748,1481.0,0.051638772663877265,12.341666666666667,8.668425302338495,2.0,47.0,10.0,7.588568313400412,0.7359579739278832,0.506701789726505,3.537970711297071,8.0,0.010663742484441473,0.04031577637095286,0.2916063922800492,0.05031467706467004,1120.0,0.02497212931995541,7.466666666666667,7.4060035706775675,2.0,55.0,5.0,7.750842361523711,0.76664149065601,0.39017453135100194,3.936432552954292,9.0,0.009853800513269437,0.04348364305172671,0.26063995421881014,0.04188512959671598
54,ANGER,0,0,60,60,30,2.0,7.0,546.0,0.01903765690376569,4.55,7.392958361395886,2.0,82.0,3.0,7.318463293829751,0.7073676396854552,0.13487113098740733,3.738668061366806,8.0,0.011507008661205053,0.06795953356309206,0.27947740014379296,0.053991074908182286,2339.0,0.08155509065550906,19.491666666666667,12.178872302292833,2.0,72.0,16.0,7.64247163794227,0.712168180263726,0.5211216851484824,3.092852161785216,9.0,0.008793496478089143,0.03300825940838524,0.3341487993587775,0.055633010038067615,785.0,0.01750278706800446,5.233333333333333,4.339610837646876,1.0,38.0,4.0,7.879326061680602,0.6989959480548051,0.377195836044242,4.099531772575251,8.0,0.01040111333078944,0.03956454890559948,0.2508496404057058,0.04341999880232928
54,ANGER,1,30,90,60,30,2.0,7.0,599.0,0.02088563458856346,4.991666666666666,7.202425324538642,2.0,67.0,4.0,7.34295497523667,0.7037373770750309,0.17653203342618384,8.704602510460251,26.0,0.032372279455715344,0.10234293271228634,0.1269444361640647,0.032757494737086515,2486.0,0.08668061366806137,20.716666666666665,14.81226031217233,1.0,72.0,18.0,7.580377088312909,0.7157489301641426,0.5137237205351455,3.26673640167364,8.0,0.009524102528040502,0.04929119435712379,0.3144914651157569,0.048041889724038146,886.0,0.019754738015607582,5.906666666666666,5.640149722204979,1.0,53.0,4.0,7.806295765433716,0.7102825663217256,0.36253975216580764,3.843166109253066,9.0,0.009540825869976724,0.0406082908073902,0.2671537006628485,0.044411270752328105
54,ANGER,2,60,120,60,30,2.0,7.0,581.0,0.020258019525801953,4.841666666666667,4.900673139704608,2.0,41.0,4.0,7.509243581618924,0.721695068218784,0.2657411028549081,4.720571827057182,9.0,0.015632654735534376,0.07750456189089283,0.2172148127621948,0.03466870253065009,2410.0,0.08403068340306834,20.083333333333332,23.234164260607457,2.0,132.0,13.0,7.262770248798841,0.7262454534113315,0.3346393427823418,2.5542887029288703,6.0,0.006530624802222144,0.019659510189009837,0.4053771426298203,0.07459373405410459,868.0,0.01935340022296544,5.786666666666667,6.326754477788926,1.0,67.0,4.0,7.768562665982335,0.7163921846191954,0.303868490993208,3.54329988851728,8.0,0.00853456338428618,0.03449288597270557,0.290283232175621,0.049878843593917484
54,ENTHUSIASM,0,0,60,60,30,9.0,7.0,584.0,0.020362622036262202,4.866666666666666,4.734506896769246,2.0,33.0,4.0,7.516040931449257,0.6745198426930905,0.30618431689571546,18.50495118549512,54.0,0.07355021506510555,0.15778998874953348,0.056317706729749534,0.010019464982490997,1900.0,0.06624825662482567,15.833333333333334,7.792981172539528,2.0,44.0,14.5,7.738650015004552,0.7112202400998305,0.5916946237771701,3.7353905160390517,9.0,0.011493237462348966,0.046763657769869765,0.27526152649919644,0.04505710122671774,926.0,0.02064659977703456,6.173333333333333,6.059974330712045,1.0,62.0,4.0,7.773302935269092,0.7512597779066393,0.3553743081852607,3.5681159420289856,8.0,0.008617838731640891,0.04251977642803252,0.28683177757203937,0.045765062816100106
54,ENTHUSIASM,1,30,90,60,30,9.0,7.0,569.0,0.01983960948396095,4.741666666666666,6.738565417719776,2.0,92.0,4.0,7.400631420375353,0.6901644325866922,0.1749802058590657,6.192782426778242,22.0,0.021818413557891776,0.08099006469594419,0.1865134437268908,0.04948444869588803,1858.0,0.06478382147838214,15.483333333333333,8.989330094926737,2.0,60.0,13.0,7.700972085611179,0.7463535105190625,0.6104570164176251,3.44442119944212,8.0,0.010270677308580336,0.04526017277022321,0.2975118562533002,0.047062135985552415,805.0,0.017948717948717947,5.366666666666666,4.602052682107071,2.0,39.0,4.0,7.863656373748773,0.7502414296988601,0.34787806335923493,3.859108138238573,7.0,0.009594322611538838,0.036329182074764946,0.2652475389830636,0.04241422841405695
54,LIKING,0,0,60,60,30,5.0,5.0,596.0,0.02078103207810321,4.966666666666667,6.197356067083947,2.0,82.0,4.0,7.454483235860098,0.720645114821944,0.20995267460203643,5.585564853556486,14.0,0.019267079216623892,0.08354610066180969,0.19389259366364364,0.04666864097055807,1113.0,0.03880753138075314,9.275,9.949424187693813,1.0,64.0,6.0,7.351205684819849,0.7351763809700144,0.36232158945421783,3.3415271966527196,8.0,0.009838349565767724,0.036341268043720835,0.309275093471976,0.05556188628200312,891.0,0.019866220735785953,5.94,6.135937852792622,1.0,69.0,4.0,7.768707409808027,0.7354536949492262,0.3197333067966962,3.5141360089186175,6.0,0.008436698016505428,0.03543933136657633,0.29201349280997874,0.04884103340979829
54,LIKING,1,30,90,60,30,5.0,5.0,565.0,0.019700139470013946,4.708333333333333,5.936322982752502,1.0,72.0,4.0,7.433965477596972,0.6725752732467037,0.21157495256166983,9.013772663877266,34.0,0.03367131371377003,0.10296740273809128,0.1254623620753407,0.031138546737083096,750.0,0.02615062761506276,6.25,4.639055219905593,2.0,30.0,5.0,7.5841931457676655,0.7528232407875877,0.47024539877300614,5.947663877266388,16.0,0.02078850368599323,0.07868502689450353,0.1730925372447259,0.02791683445754353,842.0,0.018773690078037905,5.613333333333333,4.516321019984691,2.0,28.0,4.0,7.870741721257345,0.7302744013724966,0.38839285714285715,4.1813823857302115,9.0,0.010675779817886609,0.03559165478624693,0.24503661190157772,0.039572291295883244
54,FEAR,0,0,60,60,30,5.0,1.0,645.0,0.022489539748953975,5.375,5.455215394464274,2.0,41.0,4.0,7.486101865814707,0.7372332002257178,0.28343500703894886,3.7309623430962344,8.0,0.011474631693681661,0.05049070104732123,0.2754179773945272,0.044111859713809556,1584.0,0.055230125523012555,13.2,14.222107204396027,1.0,111.0,10.0,7.402995619936273,0.7418922181872358,0.3230038764135147,2.759239888423989,7.0,0.007391764237075584,0.030840921454682157,0.37172391882170275,0.05756047355647965,945.0,0.021070234113712373,6.3,6.619919435562138,1.0,62.0,4.0,7.730221256299886,0.7313204170768963,0.3465722673113452,3.497324414715719,7.0,0.00838028327085812,0.03441199694146752,0.2926771717857569,0.04632457374875808
54,FEAR,1,30,90,60,30,5.0,1.0,653.0,0.022768479776847976,5.441666666666666,7.509766788803913,2.0,82.0,4.0,7.356134265368675,0.7318466632290865,0.19362846503930492,6.022698744769874,23.0,0.021103776238528892,0.07962295124715471,0.18578915425965398,0.043084942395136404,1439.0,0.050174337517433755,11.991666666666667,9.905802872839512,1.0,58.0,9.0,7.493822804658136,0.7091055718606776,0.4280588576398956,4.0798117154811715,10.0,0.012940385359164579,0.05476217956400505,0.2546881764688712,0.046169051518637205,794.0,0.01770345596432553,5.293333333333333,4.666971418620669,2.0,47.0,4.0,7.858384277931283,0.722953242563338,0.3451168364289994,3.8819397993311036,7.0,0.009670938923929878,0.03808197661720803,0.2637492805766205,0.04216916899329863
54,FEAR,2,60,120,60,30,5.0,1.0,581.0,0.020258019525801953,4.841666666666667,5.597612338210721,2.0,42.0,4.0,7.446436658936175,0.6969929151468139,0.23781708945260346,6.594874476987448,23.0,0.02350787595372877,0.08529538735829537,0.16762733310666877,0.037177655444119995,1493.0,0.05205718270571827,12.441666666666666,11.472645606930524,2.0,58.0,9.0,7.406012030473034,0.7176915681254741,0.41545761474587095,3.36792189679219,8.0,0.009949251667194077,0.030056389930893535,0.30828480521035345,0.05876810886281353,796.0,0.017748049052396877,5.306666666666667,4.353460947593561,1.0,28.0,4.0,7.874136549978687,0.715200370982688,0.38080051028544093,4.263099219620959,10.0,0.010949997381278402,0.04142181253477059,0.24029924155534393,0.038236144794504254
54,AMUSEMENT,0,0,60,60,30,5.0,5.0,604.0,0.02105997210599721,5.033333333333333,5.184003172152664,2.0,52.0,4.0,7.512510290970402,0.7335002549885806,0.2649708532061473,4.305160390516039,9.0,0.013887228531579992,0.07006567158569613,0.24058723510160634,0.04358452255089887,1570.0,0.054741980474198045,13.083333333333334,11.698706006316348,2.0,114.0,10.5,7.525192026671931,0.735589407937556,0.4159179521952873,2.8913179916317993,6.0,0.007946714250553774,0.038392166623732,0.3560619556529384,0.05955550458315671,947.0,0.021114827201783724,6.3133333333333335,7.14575553893514,1.0,67.0,4.0,7.6598096447360495,0.7151581507421487,0.3590733590733591,3.6870903010033445,7.0,0.00901708154699109,0.038252812585084735,0.27869264158209317,0.04706487180845323
54,AMUSEMENT,1,30,90,60,30,5.0,5.0,629.0,0.021931659693165968,5.241666666666666,6.463997516157389,1.0,66.0,4.0,7.435090517343058,0.7057964388071319,0.22298880499869825,7.009239888423989,30.0,0.025248907094218443,0.0751108537487261,0.16442361340923944,0.045979991474405804,2391.0,0.08336820083682009,19.925,12.13511605493193,1.0,69.0,17.0,7.64790892719798,0.7319208922759279,0.5741962143004721,3.2731171548117155,7.0,0.009550912415175259,0.04947786552336629,0.3126402148838745,0.04668606066140139,852.0,0.018996655518394648,5.68,5.908547480839376,2.0,76.0,4.0,7.785066734448649,0.716895823619454,0.3138551604509974,3.664526198439242,9.0,0.00894136308201088,0.04230758090768119,0.28136722768668554,0.05009034243102883
54,AMUSEMENT,2,60,120,60,30,5.0,5.0,616.0,0.021478382147838215,5.133333333333334,5.732121965051183,2.0,49.0,4.0,7.463246754203501,0.7365709546117222,0.2445677300046232,4.373256624825663,9.0,0.01417334716313303,0.06736296497254234,0.23646144257116444,0.04224236123116998,2499.0,0.08713389121338912,20.825,13.11116731390967,2.0,67.0,18.0,7.63496904604694,0.7389551459501114,0.593493038434681,3.2910041841004185,8.0,0.009626068000421917,0.037786212135338344,0.31107687530277767,0.04666442668356904,807.0,0.0179933110367893,5.38,5.40391216311541,1.0,55.0,3.0,7.776445718187195,0.7121233354593498,0.32293114339861023,3.7224972129319958,8.0,0.009135896687691259,0.03642728629611227,0.27550293039729257,0.04552121958449051
54,SADNESS,0,0,60,60,30,3.0,6.0,606.0,0.02112970711297071,5.05,5.971948314132219,1.0,62.0,4.0,7.465226557354991,0.676317876332606,0.24146124146124145,12.413249651324966,47.0,0.047954830467751966,0.12134080768176934,0.0877377850239052,0.021306377059626687,1133.0,0.039504881450488145,9.441666666666666,6.71043445356227,1.0,45.0,8.0,7.5996232348976545,0.7342650018681228,0.4844334580438268,4.965725244072525,12.0,0.016662711109548416,0.06281180717121894,0.20875492269512258,0.0363376280530389,869.0,0.019375696767001113,5.793333333333333,6.331715582859215,2.0,59.0,4.0,7.72694651241925,0.724052591805913,0.31152372531682876,3.503166109253066,7.0,0.008399886272661299,0.032190070292255055,0.2926478343806533,0.048125759739395944
54,SADNESS,1,30,90,60,30,3.0,6.0,643.0,0.022419804741980475,5.358333333333333,6.5374508708585255,2.0,63.0,4.0,7.43065275416576,0.7309212691506126,0.22733577102509142,8.461122733612273,23.0,0.03134925518324486,0.09833566825979355,0.13187268256868662,0.0338420783117774,1912.0,0.06666666666666667,15.933333333333334,13.077482768314226,1.0,69.0,11.5,7.488481168585895,0.7075543031718344,0.49210392256749874,4.908891213389121,11.0,0.016423912661298813,0.07051117102950524,0.2077474908198348,0.027677996930643774,764.0,0.017034559643255294,5.093333333333334,3.8821757931460144,1.0,29.0,4.0,7.913283590582138,0.7347516580061417,0.3903118040089087,4.254158305462654,7.0,0.010919994313633054,0.0448988790249233,0.24016097611827406,0.03692500564536235
54,NEUTRAL,0,0,60,60,30,5.0,1.0,631.0,0.02200139470013947,5.258333333333334,7.851746974753807,2.0,99.0,4.0,7.341088109726535,0.7477377054495716,0.17223599405057016,3.1618200836820085,7.0,0.009083277662529447,0.060950426161193255,0.32680096211700477,0.05777169384529469,1577.0,0.0549860529986053,13.141666666666667,9.729933053326844,1.0,64.0,11.0,7.5713561932115265,0.7280101550294165,0.5077028976006294,3.2055439330543933,7.0,0.009266991315354597,0.04060574669906312,0.319690632682231,0.04983843154534305,884.0,0.01971014492753623,5.8933333333333335,5.943227705174651,2.0,65.0,4.0,7.778149237597908,0.7473861723647581,0.34008728179551123,3.5693645484949834,8.0,0.008622028686224779,0.036432634859158194,0.28767945123865585,0.04855613756033528
54,NEUTRAL,1,30,90,60,30,5.0,1.0,707.0,0.024651324965132497,5.891666666666667,7.179015523655656,2.0,53.0,4.0,7.380624855071419,0.7578744735415894,0.24297417816032355,3.6632845188284517,9.0,0.011190271087514502,0.046360924923391715,0.2839146949586254,0.05214867227445301,1761.0,0.06140167364016737,14.675,10.385215853959577,1.0,67.0,12.0,7.576246712424094,0.7292572377818822,0.5840535868625756,4.1140516039051604,9.0,0.013084250436576295,0.0628620634601088,0.24904530833062138,0.03823657471790025,765.0,0.01705685618729097,5.1,4.14447423283903,1.0,27.0,4.0,7.874367101988165,0.7168660226937811,0.3738841239278838,4.2328651059085844,8.0,0.010848540623854323,0.04109329924887935,0.2415765928590336,0.03774921388284144
54,NEUTRAL,2,60,120,60,30,5.0,1.0,628.0,0.02189679218967922,5.233333333333333,4.934965946071856,1.0,33.0,4.0,7.519657267292466,0.7298873165151101,0.30370901272173445,5.349023709902371,16.0,0.018273208865136007,0.07640959473444116,0.19802255598667612,0.0406189904780189,2581.0,0.08999302649930264,21.508333333333333,15.401025849670607,3.0,83.0,17.5,7.581786938592261,0.6905237763526273,0.4992321395663124,2.992852161785216,7.0,0.00837332841086225,0.024542212550862336,0.3458309611739811,0.06304259498167442,752.0,0.016767001114827203,5.013333333333334,3.6267279406588457,1.0,21.0,4.0,7.926428349199039,0.7281340837811425,0.39611300340613104,4.989966555183947,11.0,0.013389149514040109,0.05334031839058775,0.20498360853099556,0.031598309373067526
54,AWE,0,0,60,60,30,6.0,7.0,514.0,0.017921896792189678,4.283333333333333,3.6904907833812866,2.0,38.0,3.5,7.592149467830426,0.5903572738012097,0.3440698374473209,24.683821478382146,71.0,0.09951185495118549,0.17023945635695845,0.04448845706624751,0.010801575517228388,983.0,0.03427475592747559,8.191666666666666,6.504224054839712,1.0,40.0,6.0,7.552062390226498,0.7452566057578828,0.4589165157253417,3.6405509065550907,7.0,0.011094751708214666,0.0404210427756329,0.2809131884341473,0.043969739178728824,866.0,0.01930880713489409,5.773333333333333,5.307412007958514,1.0,33.0,4.0,7.799639096840062,0.7338460550561163,0.38688838377796386,3.978885172798216,7.0,0.009996258969121529,0.03195934566285311,0.25847930434181987,0.04450332607895484
54,AWE,1,30,90,60,30,6.0,7.0,589.0,0.020536959553695954,4.908333333333333,6.664577797746997,2.0,78.0,4.0,7.409392753825089,0.7313880417439348,0.18199685534591195,3.3860878661087868,7.0,0.010025579269364645,0.0625006226184883,0.3024236265662073,0.047050109500590166,1002.0,0.03493723849372385,8.35,6.518115780908876,2.0,46.0,6.0,7.558813328720247,0.7430921955885047,0.4612051672951938,3.6975244072524407,7.0,0.011334136164926218,0.038522404724216926,0.27728832998970393,0.04553250304003706,866.0,0.01930880713489409,5.773333333333333,5.411280398903346,1.0,56.0,4.0,7.81999273983524,0.7376298227402884,0.35327234342012664,3.705083612040134,7.0,0.009077461785369573,0.03824997258065218,0.2768433645009463,0.04572658506608699
54,DISGUST,0,0,60,60,30,2.0,6.0,593.0,0.020676429567642957,4.941666666666666,5.309262085157305,2.0,41.0,4.0,7.47061347813718,0.7054801469307269,0.25961538461538464,10.70320781032078,27.0,0.04076978071563353,0.12187889161104304,0.099381347501978,0.02161855882939825,1168.0,0.040725244072524404,9.733333333333333,8.866823306887058,1.0,67.0,7.0,7.463348786413324,0.7378328073157517,0.41741787624140564,4.171373779637378,10.0,0.01332509991444277,0.055572987444918766,0.24845415122598732,0.044402711219838305,1031.0,0.02298773690078038,6.873333333333333,7.774571084989549,1.0,74.0,4.0,7.660480605940516,0.736680008409991,0.3537230525062822,3.3926198439241917,7.0,0.008028925650752325,0.03345710014493411,0.30229380732520744,0.05013272205729406
55,BASELINE,0,0,60,60,30,7.0,3.0,604.0,0.02105997210599721,5.033333333333333,7.381207368867388,2.0,78.0,4.0,7.359119291609851,0.7193953531466432,0.17249832850456875,10.753800557880055,26.0,0.040982355285210326,0.12129417441727472,0.09844717577534876,0.021250373729376236,1545.0,0.05387029288702929,12.875,15.946819170814807,2.0,104.0,9.0,7.209523451076563,0.7212768201576412,0.30470908458342716,2.984797768479777,7.0,0.008339486422183936,0.031920741662175595,0.34853999165923566,0.06549428328217227,911.0,0.020312151616499442,6.073333333333333,5.194351633157779,1.0,30.0,4.0,7.814258366556478,0.7332629848197265,0.4114661437305341,4.134136008918618,8.0,0.010517234929257118,0.043836128177146855,0.24686392470844903,0.036731942488295505
55,BASELINE,1,30,90,60,30,7.0,3.0,553.0,0.019281729428172942,4.608333333333333,6.203891028128144,2.0,67.0,3.0,7.420109968737959,0.7056225230770472,0.17916540671303297,4.303661087866109,8.0,0.013880928940613903,0.07957422711253656,0.23609740251853897,0.030383405298568953,1400.0,0.04881450488145049,11.666666666666666,11.737996232558416,2.0,61.0,7.0,7.3053766379257175,0.7185958673800208,0.40613976546858616,3.1455020920502093,6.0,0.009014714672479874,0.03251154040706854,0.3261903698252559,0.054094743162573906,933.0,0.020802675585284282,6.22,5.906911206375122,2.0,46.0,4.0,7.773355029838568,0.7427214595252275,0.3853919239904988,4.0259308807134895,8.0,0.010154130472192918,0.040618610550094324,0.25580661459371784,0.044902700129967485
55,BASELINE,2,60,120,60,30,7.0,3.0,557.0,0.019421199442119945,4.641666666666667,4.794607793020081,1.0,46.0,4.0,7.513680370147312,0.6228529296332407,0.29266764152914143,24.690202231520225,70.0,0.09953866483832027,0.1751085980047909,0.04239482987787544,0.008535596536174314,1962.0,0.06841004184100419,16.35,19.638673580463625,2.0,98.0,9.0,7.137869940085037,0.698087133285951,0.3117097306212204,2.7554044630404464,7.0,0.007375649004371622,0.016262050300619963,0.377664529314921,0.07335467135433839,855.0,0.01906354515050167,5.7,4.754296302643887,1.0,35.0,4.0,7.851247122592998,0.731551767138377,0.3785936023754893,4.111460423634337,8.0,0.01044114236118905,0.04487067736567945,0.24831834326573538,0.03735217512902504
55,BASELINE,3,90,150,60,30,7.0,3.0,612.0,0.021338912133891212,5.1,6.2468658808504385,2.0,61.0,4.0,7.420877202995456,0.7328902979055326,0.21732480533926585,4.033856345885635,15.0,0.012747295570948043,0.06452823701375851,0.2636040583047914,0.05177406079939881,1531.0,0.05338214783821479,12.758333333333333,11.697931322341665,1.0,55.0,9.0,7.394184877930422,0.7113445524880878,0.4221596025912907,3.8996513249651326,8.0,0.012183408928424922,0.05429570871876125,0.26168177122156216,0.037062720506858986,876.0,0.019531772575250836,5.84,5.459035323815616,2.0,46.0,3.0,7.786933773683048,0.729321104314263,0.35614236509758895,3.859375696767001,8.0,0.009595220458949665,0.03313093778563411,0.265966683749212,0.04497982083641535
55,BASELINE,4,120,180,60,30,7.0,3.0,623.0,0.021722454672245466,5.191666666666666,5.382527029400059,2.0,46.0,4.0,7.488870892570826,0.7393764040582252,0.2695466491458607,4.078835425383542,9.0,0.012936283299930847,0.06755547076935864,0.25378361977827585,0.04508367695106069,1047.0,0.03650627615062761,8.725,9.205489757023614,1.0,77.0,6.0,7.34732491956305,0.7442435799330946,0.4134304650271129,3.343549511854951,7.0,0.009846846688466178,0.049972246720137045,0.30715152022541437,0.050354492858177224,811.0,0.018082497212931994,5.406666666666666,4.513825674771039,1.0,42.0,4.0,7.868523239172438,0.7310751278056312,0.36561085972850677,3.9782831661092533,7.0,0.009994238812447154,0.04019249279558419,0.257166845870233,0.04093935834960236
55,BASELINE,5,150,210,60,30,7.0,3.0,646.0,0.022524407252440724,5.383333333333334,5.528235603598032,1.0,35.0,4.0,7.477147157903849,0.7229523556494993,0.2880443145099246,10.553486750348675,32.0,0.040140700631717124,0.11670279336059389,0.1014162723631103,0.02224870245920087,1257.0,0.04382845188284519,10.475,13.153873003796258,2.0,90.0,4.0,7.107570584771968,0.727156366063444,0.3789367367551189,2.95418410041841,6.0,0.008210857564783238,0.02558846680346678,0.34976649846766283,0.06472751663779439,833.0,0.018573021181716835,5.553333333333334,4.960560004228912,1.0,47.0,4.0,7.830455875212436,0.728591517357162,0.3583645109567076,3.9840356744704573,8.0,0.010013542531780066,0.04233804747443109,0.25745190139282337,0.0423979129824386
55,BASELINE,6,180,240,60,30,7.0,3.0,579.0,0.020188284518828453,4.825,6.018253484192902,2.0,57.0,4.0,7.429227937063468,0.7240296079836314,0.20484682213077274,4.357357043235704,8.0,0.014106542198469345,0.0769078884125919,0.23413346856174608,0.03406452107847599,1091.0,0.03804044630404463,9.091666666666667,8.615872787413291,1.0,57.0,5.0,7.383487621522724,0.7367253781058596,0.41491880920162383,3.3853207810320782,7.0,0.010022356222823858,0.033964123548539484,0.30431180275037695,0.05371335446217303,883.0,0.01968784838350056,5.886666666666667,5.43879480113829,2.0,48.0,4.0,7.801382691078919,0.732897912522251,0.3684872029250457,3.7829877369007803,7.0,0.009338885023156983,0.039361610496777465,0.2706130218833841,0.04335061945335715
55,BASELINE,7,210,270,60,30,7.0,3.0,643.0,0.022419804741980475,5.358333333333333,8.009157085625317,1.0,76.0,4.0,7.330377996672491,0.7466464198003963,0.16885714285714284,3.620013947001395,9.0,0.011008461962190725,0.06003559282566158,0.28752127870647554,0.05481311789919789,866.0,0.0301952580195258,7.216666666666667,6.6038919501222075,1.0,53.0,4.0,7.446796741726153,0.7386496439999138,0.4165018366770274,3.485355648535565,7.0,0.010442670792166242,0.03905236798106515,0.29476481588910464,0.049875768735178606,1005.0,0.022408026755852843,6.7,7.0863718972875445,1.0,60.0,4.0,7.693608535413233,0.7522642186439715,0.37327501696704624,3.7874247491638795,9.0,0.00935377432605328,0.04012426957557349,0.27190105247263957,0.04785150978597728
55,BASELINE,8,240,300,60,30,7.0,3.0,636.0,0.022175732217573223,5.3,5.530370692819786,2.0,46.0,4.0,7.480701439941853,0.743850708902326,0.2782201405152225,4.640202231520223,9.0,0.015294967359328669,0.0772516561765079,0.22100986020267116,0.03541268036903897,1485.0,0.05177824267782427,12.375,14.06565705302576,1.0,76.0,6.0,7.184719452738933,0.6944014706711584,0.3145226786109812,3.1918061366806136,9.0,0.00920926948185132,0.02426319365825645,0.32771511561713046,0.06637340712746555,863.0,0.01924191750278707,5.753333333333333,4.438373075300853,1.0,33.0,4.0,7.903949082250644,0.7459227016919936,0.40725520759529543,4.436945373467113,10.0,0.011533373736466788,0.049674920357591544,0.2315837129369379,0.03849602868666122
55,ANGER,0,0,60,60,30,2.0,8.0,574.0,0.0200139470013947,4.783333333333333,5.909291177647471,2.0,71.0,4.0,7.452555638210461,0.6966074670040571,0.2150267211568689,9.760704323570433,26.0,0.036809682031808545,0.11291530109733279,0.11122877031013569,0.0258565030787549,2069.0,0.07214086471408647,17.241666666666667,11.256846682007454,1.0,67.0,15.0,7.616230175172879,0.7097607635010054,0.5364474492931777,4.0400627615062765,9.0,0.012773372947505357,0.05797298373470885,0.2523743963407518,0.03405026047362274,905.0,0.020178372352285395,6.033333333333333,5.997128942715469,2.0,42.0,4.0,7.74029683717102,0.7330796508843873,0.34884422110552765,3.74066889632107,8.0,0.0091968754910103,0.025343851439647794,0.27477955814324134,0.047372468480198084
55,ANGER,1,30,90,60,30,2.0,8.0,602.0,0.02099023709902371,5.016666666666667,6.685161844629409,2.0,54.0,4.0,7.377466694222171,0.7016733146641054,0.20203058732810691,13.438981868898187,38.0,0.05226462970125289,0.13608143750109397,0.07773478611105585,0.015604689655343435,3668.0,0.12789400278940027,30.566666666666666,21.483417377647864,4.0,135.0,24.0,7.618604923444271,0.6605912834905543,0.4578142643513291,2.471234309623431,5.0,0.0061816567631236665,0.03050225272819691,0.4130904455732563,0.057841429185852944,772.0,0.017212931995540692,5.1466666666666665,3.9713753565008463,2.0,23.0,4.0,7.892862518227227,0.7255734889639857,0.383150709538351,4.481583054626533,10.0,0.01168316461284071,0.041989817034304495,0.228980844290795,0.037231971717302366
55,ANGER,2,60,120,60,30,2.0,8.0,530.0,0.018479776847977684,4.416666666666667,5.3464682008052975,2.0,50.0,4.0,7.4461011213252375,0.6066380036863229,0.2358328563251288,21.180125523012553,69.0,0.08479044337400231,0.15463508142634422,0.05166499882115645,0.012552121559106968,3351.0,0.11684100418410041,27.925,21.970875608404867,2.0,137.0,23.0,7.550301063077408,0.682024872775303,0.4526364814514823,2.6627615062761505,7.0,0.0069863928835132375,0.035714153125987746,0.38825082083131707,0.06551259723865592,767.0,0.017101449275362317,5.113333333333333,3.953119724414574,2.0,27.0,4.0,7.893222496629999,0.7273325962806265,0.37424986361156576,4.449319955406912,8.0,0.01157489917921783,0.047488531941483114,0.22953432974863744,0.03491013764333515
55,ENTHUSIASM,0,0,60,60,30,8.0,3.0,603.0,0.02102510460251046,5.025,5.864387578142041,2.0,56.0,3.0,7.427303112220573,0.7148014112642618,0.24259993896856882,3.9457461645746164,8.0,0.01237708472510343,0.053345177628206474,0.2639014908995244,0.05031213286077881,1236.0,0.04309623430962343,10.3,12.294375407749133,1.0,62.0,4.0,7.140144309987552,0.735458101838208,0.3924003644585428,3.032880055788006,6.0,0.008541512839445401,0.018378013102088867,0.3400658157649673,0.06231320550086738,931.0,0.02075808249721293,6.206666666666667,7.326933571116607,1.0,83.0,4.0,7.663115155290205,0.7281266579189224,0.3116279069767442,3.345685618729097,6.0,0.00787142825076878,0.03360052064668834,0.3066029483287632,0.05168448369466206
55,ENTHUSIASM,1,30,90,60,30,8.0,3.0,607.0,0.02116457461645746,5.058333333333334,5.6425405527022034,1.0,46.0,4.0,7.43572505319467,0.6864411877069237,0.26161680458306813,6.099337517433752,25.0,0.02142578788837711,0.06634540986827328,0.18690303427972124,0.046597084608469154,1486.0,0.05181311018131102,12.383333333333333,14.683144153151336,1.0,100.0,9.0,7.247627345447318,0.7345724297593823,0.32996003458994555,2.8344490934449094,7.0,0.007707769300188695,0.02657285986238586,0.3646438892521656,0.0661060454470355,767.0,0.017101449275362317,5.113333333333333,3.8799255433863964,2.0,28.0,4.0,7.90556701208885,0.7250490032556597,0.3829669314612969,4.45288740245262,9.0,0.011586870478028916,0.04647399078277526,0.2298477460625683,0.03623303196091524
55,ENTHUSIASM,2,60,120,60,30,8.0,3.0,553.0,0.019281729428172942,4.608333333333333,4.217613530053327,1.0,30.0,4.0,7.548172000471505,0.6519766306490445,0.31234866828087166,11.224128312412832,41.0,0.04295852232106232,0.10802340831203641,0.1019866015199298,0.027626274272148376,1825.0,0.06363319386331939,15.208333333333334,12.87885594901797,2.0,81.0,12.0,7.442739127042895,0.722542420819124,0.4745385521665139,2.9612622036262204,6.0,0.008240597494227812,0.038319348220580515,0.34530545553787195,0.05176607454476183,761.0,0.01696767001114827,5.073333333333333,3.8342259830230256,1.0,26.0,4.0,7.9081337240442116,0.7254011467434067,0.3828463713477851,4.27901895206243,8.0,0.01100341930222292,0.03940588927606968,0.23898279866952124,0.0373188261777151
55,LIKING,0,0,60,60,30,9.0,5.0,700.0,0.024407252440725245,5.833333333333333,7.4193815255870375,1.0,59.0,4.0,7.345416419689837,0.720462430022039,0.24086495144659126,3.6979776847977686,13.0,0.0113360406924276,0.048216460341488555,0.28359006617732213,0.053676557028436316,662.0,0.02308228730822873,5.516666666666667,4.365553293175512,1.0,27.0,4.0,7.556190142055511,0.7377998348337532,0.39283683911313244,4.137691771269177,8.0,0.013183578870878888,0.05352060097545082,0.24722985609245243,0.038505866320099426,935.0,0.02084726867335563,6.233333333333333,6.904024591175466,1.0,69.0,4.0,7.718307818646961,0.7408331013601014,0.3108859918624927,3.406042363433668,6.0,0.008073967662529087,0.032769826333282306,0.30093721959409947,0.04987078494145679
55,LIKING,1,30,90,60,30,9.0,5.0,566.0,0.019735006973500696,4.716666666666667,5.210859387428867,2.0,38.0,3.0,7.45822280384664,0.6975292883572615,0.24281984334203655,4.19442119944212,13.0,0.013421937812782007,0.05865114666200356,0.2495705918590046,0.042831859533019094,708.0,0.024686192468619247,5.9,5.289770001301255,1.0,33.0,4.0,7.4730711668125664,0.7367050525224279,0.40383770323714663,4.710669456066945,9.0,0.015591048134735053,0.060282775914614006,0.2172322867784886,0.034051928255325194,783.0,0.01745819397993311,5.22,3.8294821233860508,1.0,23.0,4.0,7.909270828145456,0.7282947653768087,0.40061773255813954,4.656833890746935,10.0,0.01227125466693602,0.049459120902901325,0.2192505975748683,0.032711478361098535
55,FEAR,0,0,60,60,30,1.0,8.0,613.0,0.021373779637377965,5.108333333333333,6.4598707847414065,2.0,58.0,4.0,7.412568159846873,0.7048899802557488,0.21644964124368854,12.079707112970711,35.0,0.046553391230969375,0.12568102813171395,0.08691199259966265,0.017077322605018996,2507.0,0.08741283124128313,20.891666666666666,11.403432110066202,3.0,97.0,19.0,7.709055301137404,0.7143982360928764,0.5720220548928566,2.8411785216178522,6.0,0.00773604420847837,0.03566032267175306,0.3613078689222974,0.05919800602666353,839.0,0.01870680044593088,5.593333333333334,5.480385225713811,1.0,40.0,4.0,7.761598098805542,0.7136904903546227,0.34920445029309727,3.8091192865105907,8.0,0.009426574786948291,0.029276554149626183,0.2689870082102037,0.044029626817516404
55,FEAR,1,30,90,60,30,1.0,8.0,572.0,0.019944211994421198,4.766666666666667,4.746460669687351,2.0,51.0,4.0,7.533206818576626,0.6839849639341657,0.28406751749691234,15.483089260808926,34.0,0.06085331622188625,0.15401168602588933,0.06599692550213933,0.009367255239352768,2984.0,0.10404463040446305,24.866666666666667,14.63895108567854,2.0,85.0,22.0,7.669375012709235,0.7253065499446528,0.5975302783337116,3.0682357043235706,9.0,0.008690065984552813,0.0320791424440867,0.3398089550269582,0.06352521747071019,768.0,0.017123745819397993,5.12,4.350356307246568,2.0,35.0,3.0,7.855468513680539,0.7148686644548357,0.3588205897051474,3.9842140468227423,8.0,0.010014141096720613,0.034559301684968256,0.2567853706381258,0.04104938241995107
55,FEAR,2,60,120,60,30,1.0,8.0,576.0,0.0200836820083682,4.8,4.798610910114162,2.0,45.0,4.0,7.523463587257023,0.6811014977153415,0.2865508885298869,13.411820083682008,38.0,0.05215050455328575,0.13386636026218895,0.07871788617477297,0.015209884414604314,2417.0,0.08427475592747559,20.141666666666666,11.27703849519998,1.0,51.0,18.0,7.6827580874109005,0.7480181570133567,0.7340311413061145,3.5901324965132497,10.0,0.010882909649215337,0.039498005477525897,0.28765707037114563,0.049888725302604145,800.0,0.017837235228539576,5.333333333333333,4.388115262337073,1.0,28.0,4.0,7.854927715990925,0.7148663554114714,0.38332022029897717,4.5080044593088076,9.0,0.011771827044660425,0.04706030649538049,0.22778722461995532,0.03791877943333757
55,AMUSEMENT,0,0,60,60,30,7.0,6.0,570.0,0.0198744769874477,4.75,4.808412766530483,2.0,53.0,4.0,7.531216692545266,0.7046395938572249,0.2699511400651466,7.931834030683403,20.0,0.02912535307009834,0.09913966440799492,0.1366486543173489,0.03233069945667507,1611.0,0.05617154811715481,13.425,17.600503070461745,2.0,103.0,5.0,6.995940287201124,0.7671540507267303,0.44488546948767266,2.630439330543933,5.0,0.0068505854224534994,0.022345267496634912,0.39159640914170274,0.06999405061539471,883.0,0.01968784838350056,5.886666666666667,6.452944203143933,2.0,77.0,4.0,7.745126880935044,0.7366630165855798,0.29485844143547013,3.403835005574136,6.0,0.008066560421389715,0.0349201996253339,0.30109366767539075,0.04953002109164137
55,AMUSEMENT,1,30,90,60,30,7.0,6.0,559.0,0.019490934449093444,4.658333333333333,5.2938578140667465,2.0,54.0,3.0,7.481381984529552,0.6904770014339554,0.23354289940828402,4.882984658298466,20.0,0.016315061589489352,0.07246576637816392,0.22391475815145245,0.047377175841394684,798.0,0.02782426778242678,6.65,8.058277317971463,1.0,94.0,4.0,7.369258016242216,0.7438263502518961,0.27046581578733436,3.071757322175732,6.0,0.008704862698217365,0.04662100867797569,0.33481883618845815,0.0568543035766692,770.0,0.01716833890746934,5.133333333333334,4.0998644964058135,1.0,36.0,4.0,7.889120458469648,0.7228511529463542,0.37184431977559607,4.228561872909699,9.0,0.010834100244663419,0.04392619492815726,0.24275156112856175,0.04025639196210029
55,AMUSEMENT,2,60,120,60,30,7.0,6.0,547.0,0.01907252440725244,4.558333333333334,7.325521407305344,2.0,111.0,3.0,7.4028328422509055,0.6889128494391651,0.14238015740519913,5.459902370990237,23.0,0.018739085592395965,0.07681082655128661,0.21018417940348327,0.05455360156910089,825.0,0.028765690376569036,6.875,8.253345281359149,2.0,99.0,4.0,7.34143905369696,0.7485666646130659,0.3094232393825359,3.081659693165969,6.0,0.008746469299016678,0.04616752028691841,0.3346193780220021,0.05920252094497268,807.0,0.0179933110367893,5.38,4.997559404349287,1.0,46.0,4.0,7.817915886699992,0.7276030370842819,0.3353934899052328,3.792530657748049,8.0,0.009370908247476679,0.03277390434654116,0.27026446676129784,0.04412909907654172
55,SADNESS,0,0,60,60,30,5.0,2.0,628.0,0.02189679218967922,5.233333333333333,5.6031737038535185,2.0,45.0,4.0,7.461592962256117,0.7407319658523963,0.2637721755368814,4.1810320781032075,9.0,0.013365681000433642,0.06762847130022971,0.24724114420214255,0.044299028140183494,861.0,0.03002092050209205,7.175,8.676752944890541,1.0,103.0,4.0,7.31133688857653,0.7483054644116087,0.3127308201519058,2.9991283124128314,5.0,0.008399698791650553,0.047372666696997766,0.3431080309086775,0.0594988671095816,939.0,0.020936454849498326,6.26,5.926696662841227,2.0,47.0,4.0,7.78847980352332,0.7412074095305915,0.35648510971786834,3.721516164994426,7.0,0.009132604580518209,0.038611882351085244,0.27483844595722484,0.04256583465741981
55,SADNESS,1,30,90,60,30,5.0,2.0,675.0,0.023535564853556484,5.625,6.056762749192014,1.0,42.0,4.0,7.4586772402383,0.7497698464802622,0.2647527910685805,6.645362622036262,18.0,0.023720011016959083,0.08917939307191436,0.15663674799984506,0.029253454908950916,687.0,0.023953974895397488,5.725,5.01574603955716,1.0,36.0,4.0,7.494455613763689,0.7340095669257553,0.3773343974461293,3.8175383542538355,8.0,0.01183839644644469,0.04433095222742751,0.26858907593689474,0.04411880190519461,881.0,0.019643255295429207,5.873333333333333,5.726309651269499,2.0,52.0,4.0,7.7822174230906285,0.7469998663821517,0.3494355188884064,3.5824972129319956,7.0,0.008666098029973137,0.03346939583296614,0.2855865103696552,0.04540521410798043
55,SADNESS,2,60,120,60,30,5.0,2.0,624.0,0.021757322175732216,5.2,5.297955580536074,2.0,42.0,4.0,7.511294687779335,0.7217289845265945,0.2825179495742194,9.906380753138075,30.0,0.03742176787032805,0.11245834187443475,0.10561191769718388,0.01963589336560554,693.0,0.02416317991631799,5.775,6.506359068890476,1.0,84.0,4.0,7.451823584142269,0.7470352332483995,0.2750029800929789,3.2317642956764296,7.0,0.00937716090620348,0.048660022468758446,0.318210401806902,0.05431287062854266,750.0,0.016722408026755852,5.0,3.827967258654825,1.0,28.0,4.0,7.908343044416798,0.7240272798859756,0.3728357060407849,4.210746934225195,8.0,0.010774318571225482,0.03938367817534545,0.24305991197215263,0.03848339837301962
55,NEUTRAL,0,0,60,60,30,7.0,1.0,636.0,0.022175732217573223,5.3,6.684683986547158,2.0,53.0,4.0,7.394104397547427,0.7445416515384183,0.2163764357169322,5.322629009762901,12.0,0.018162306763709654,0.08255163379698881,0.19346842095598937,0.03156589427429654,757.0,0.026394700139470016,6.308333333333334,6.30977526453113,1.0,32.0,4.0,7.3767670619337276,0.7273669667641385,0.3727830832196453,3.6356694560669456,7.0,0.011074241412045993,0.026746900403747078,0.2826303435244085,0.04895328577142267,876.0,0.019531772575250836,5.84,5.930238893445468,2.0,55.0,4.0,7.754529897801292,0.745339873284676,0.353757225433526,3.555005574136009,6.0,0.008573844208510097,0.03284291548417927,0.28795371743954024,0.04635820588576073
55,NEUTRAL,1,30,90,60,30,7.0,1.0,654.0,0.02280334728033473,5.45,6.614189292725148,2.0,61.0,4.0,7.41516389267643,0.7487624080993951,0.22977941176470587,3.692956764295676,7.0,0.011314944387796956,0.06126126626375887,0.2795187148817739,0.04969581414663926,730.0,0.025453277545327755,6.083333333333333,7.501759052974768,2.0,103.0,4.0,7.414115119676189,0.7587984725831087,0.2551605504587156,3.035878661087866,6.0,0.008554112021377588,0.053096415760937106,0.33893961312363385,0.05865682855056875,776.0,0.017302118171683388,5.173333333333333,3.8768486629678436,1.0,31.0,4.0,7.9220717894018655,0.7356157758797828,0.3812124522119061,4.09402452619844,9.0,0.010382632638249794,0.04102846991696606,0.24956551309058456,0.038110232333441914
55,NEUTRAL,2,60,120,60,30,7.0,1.0,662.0,0.02308228730822873,5.516666666666667,8.11683778053717,1.0,87.0,4.0,7.354689311463388,0.7499734209814387,0.1731828193832599,5.543898186889819,15.0,0.01909200918861269,0.07787036534986451,0.19083215313564775,0.04173458670111297,728.0,0.025383542538354256,6.066666666666666,6.97284415110187,1.0,88.0,4.0,7.4124160954883,0.7410069880931417,0.28635934054394624,3.2393305439330544,7.0,0.009408951865264938,0.04666566798280471,0.3183994394522432,0.05662494257248907,772.0,0.017212931995540692,5.1466666666666665,3.9147356942143046,2.0,30.0,4.0,7.916794584532397,0.7383321084138689,0.3714545454545455,4.042274247491639,7.0,0.01020897398487128,0.04168279794605578,0.252340475916907,0.0373225722427531
55,AWE,0,0,60,60,30,7.0,3.0,609.0,0.021234309623430963,5.075,5.559020447285055,2.0,43.0,4.0,7.464819953800022,0.7199944926141701,0.2578352180936995,9.215690376569038,21.0,0.03451970746457579,0.11455051934771021,0.11471134096572697,0.02434563037354349,733.0,0.025557880055788004,6.108333333333333,7.671696719471878,2.0,104.0,4.0,7.394820961703449,0.742493839160172,0.2440085130008328,3.1335774058577406,7.0,0.008964610948982115,0.05115523471786304,0.3295859666232072,0.05907589954549998,822.0,0.018327759197324416,5.48,5.146157142308553,2.0,48.0,4.0,7.802201718853511,0.7350964360988702,0.34918354016982367,3.7499665551839465,7.0,0.009228075688536728,0.03573164553936668,0.2733467792952473,0.044950509216160554
55,AWE,1,30,90,60,30,7.0,3.0,574.0,0.0200139470013947,4.783333333333333,4.817819931139902,2.0,42.0,4.0,7.5146695997485615,0.674862449187149,0.29110349001412145,17.658193863319386,46.0,0.06999241119041759,0.15491787013786862,0.05877173443652272,0.010964297669613838,704.0,0.024546722454672244,5.866666666666666,7.70220026283976,2.0,103.0,4.0,7.356841173677422,0.7421895207916874,0.2361308677098151,3.0442119944211994,6.0,0.008589126026979827,0.04759028084613389,0.33810860229961,0.058396752199156264,727.0,0.01620958751393534,4.846666666666667,3.4847030799704517,1.0,23.0,4.0,7.93794828079645,0.7253490277302702,0.3813339107838891,4.414247491638796,9.0,0.011457206347781189,0.0429939854569154,0.23205030759912523,0.03698001605444404
55,DISGUST,0,0,60,60,30,7.0,4.0,634.0,0.02210599721059972,5.283333333333333,6.223186929183114,2.0,47.0,4.0,7.419861564652635,0.7310964904855576,0.2387613744397664,9.415934449093445,23.0,0.03536106911383799,0.11604237451533533,0.10895676812416678,0.017114111873871875,591.0,0.020606694560669457,4.925,3.6632465109517267,1.0,28.0,4.0,7.606635441410145,0.7204884811992656,0.3709923664122137,4.482287308228731,10.0,0.014631459278271983,0.057673916029467504,0.22943465685793918,0.038313110775715836,882.0,0.019665551839464883,5.88,5.798758487814439,1.0,50.0,4.0,7.759459325886481,0.7328984072374144,0.35622593068035946,3.6929988851727984,7.0,0.009036909010646974,0.028041291781682486,0.2776746481950061,0.04618747944415255
56,BASELINE,0,0,60,60,30,4.0,2.0,838.0,0.029218967921896793,6.983333333333333,13.069993199012087,2.0,101.0,4.0,7.044659955479345,0.7485824532331106,0.13687139889468114,3.467294281729428,11.0,0.010366782696342138,0.04247186298071599,0.31438623980551056,0.0698041840647886,1296.0,0.045188284518828455,10.8,10.483797022071727,2.0,78.0,8.0,7.402640267621809,0.7417665081619418,0.4077636152954809,3.0888075313807533,7.0,0.008776502232692237,0.030171998380514323,0.33325908536057575,0.05653587381030006,1407.0,0.03137123745819398,9.38,13.178603871427354,2.0,111.0,5.0,7.493975638880994,0.7531616132008148,0.28658633264626604,2.8882720178372354,6.0,0.006336483281333004,0.023392260242079563,0.35594164535943257,0.060120594173422096
56,BASELINE,1,30,90,60,30,4.0,2.0,575.0,0.02004881450488145,4.791666666666667,4.440149834809131,2.0,30.0,4.0,7.5328500895006485,0.6922609193997974,0.31544214694236694,11.492747559274756,29.0,0.0440871746188015,0.12290079392107181,0.09399522770699908,0.022117985887349142,991.0,0.0345536959553696,8.258333333333333,6.554255403086523,1.0,41.0,7.0,7.5342884736873685,0.739282385010858,0.43853255587949463,3.8496513249651323,8.0,0.011973324894811494,0.048701272976199785,0.2673093074698959,0.045459068572183334,1056.0,0.02354515050167224,7.04,7.811854239978282,1.0,65.0,5.0,7.705717806173216,0.7420520887893417,0.33646664949781097,3.8911482720178374,8.0,0.009701839838986037,0.046720575704308875,0.2640050104357875,0.04411455375351276
56,BASELINE,2,60,120,60,30,4.0,2.0,613.0,0.021373779637377965,5.108333333333333,6.6867977305201105,2.0,58.0,4.0,7.38441280514019,0.7006979439809143,0.20776255707762556,10.22949790794979,29.0,0.03877940297457896,0.11230965758248936,0.10776264115944453,0.02771524231376079,1321.0,0.04605997210599721,11.008333333333333,12.05577028738613,1.0,67.0,5.0,7.225766681818566,0.7262057048537838,0.4074098232339704,3.2326011157601116,6.0,0.00938067695697526,0.033009337033530595,0.3202306236754739,0.059953343537320146,1062.0,0.023678929765886286,7.08,8.805695126829379,2.0,89.0,5.0,7.66427492801545,0.7381091879809681,0.28527200353825743,3.5170791527313265,8.0,0.008446574338024586,0.03551642126994017,0.294074164104352,0.05446983558823023
56,BASELINE,3,90,150,60,30,4.0,2.0,587.0,0.020467224546722455,4.891666666666667,8.259132151073072,2.0,87.0,3.0,7.273967107142402,0.725249905240737,0.1346704871060172,3.0986750348675036,7.0,0.008817962331376059,0.05056197197225958,0.33359707229326485,0.05698717308884916,1104.0,0.038493723849372385,9.2,8.057191404784508,1.0,50.0,6.0,7.445853554742463,0.733804874580023,0.43958914682657485,3.642468619246862,7.0,0.011102809324566643,0.04988379828385803,0.28179678260081925,0.046306385583033134,1065.0,0.02374581939799331,7.1,10.454823448214386,1.0,140.0,5.0,7.602642615045327,0.7215717019578172,0.22042634981652978,3.034671125975474,7.0,0.006827755456293535,0.04061662249181136,0.3409287684404693,0.0621457981590939
56,BASELINE,4,120,180,60,30,4.0,2.0,539.0,0.01879358437935844,4.491666666666666,6.212884238061704,1.0,77.0,3.0,7.422782376873462,0.6978827688552632,0.16948111759287687,3.596478382147838,9.0,0.010909573034234616,0.06864726079212152,0.28642413288550383,0.04694675437446227,1707.0,0.059518828451882846,14.225,15.238363046381764,2.0,78.0,8.0,7.237035926190569,0.7034118656267015,0.3725614591593973,2.9271617852161786,7.0,0.008097318425278064,0.019660744486945752,0.354131062488798,0.0667637988101356,971.0,0.021649944258639912,6.473333333333334,7.959226651433473,2.0,89.0,4.0,7.699513399926339,0.7251261525250616,0.2751569143551326,3.414470457079153,7.0,0.008102249855970314,0.03268834604338075,0.3021115607704365,0.05490245836246692
56,BASELINE,5,150,210,60,30,4.0,2.0,634.0,0.02210599721059972,5.283333333333333,7.501314699585815,2.0,75.0,4.0,7.3559268020000905,0.7386424954223206,0.18567807351077312,3.8103556485355647,12.0,0.011808217010653639,0.05630426324177671,0.2754326501549841,0.05457799040647661,1102.0,0.038423988842398886,9.183333333333334,6.901066745237451,1.0,38.0,7.0,7.535790816153776,0.7286776372603578,0.47892486255345146,4.523570432357043,9.0,0.014804917783012801,0.059251213450369905,0.22558115617660376,0.03275305760100254,777.0,0.017324414715719064,5.18,4.333697420602104,2.0,37.0,4.0,7.882921202834018,0.7006357161272022,0.3605935696619951,4.0659531772575255,9.0,0.010288433480729964,0.040648155387154675,0.25266726691874997,0.04235710392500748
56,BASELINE,6,180,240,60,30,4.0,2.0,700.0,0.024407252440725245,5.833333333333333,6.540047570333279,2.0,58.0,4.0,7.435813126310447,0.758436352911756,0.2603334899013621,5.179916317991632,12.0,0.017562673605006844,0.07222343149536034,0.2010581866296358,0.04066167807726845,1409.0,0.04912831241283124,11.741666666666667,12.99839466583812,1.0,71.0,6.0,7.221186126363915,0.7277933291184883,0.38124823496187515,3.0676778242677822,7.0,0.008687721950704967,0.022864417882810267,0.33692904892257347,0.06208540032709644,908.0,0.02024526198439242,6.053333333333334,6.793415112363508,2.0,80.0,4.0,7.754343865391576,0.7211037111374295,0.30258014073494915,3.4127090301003347,7.0,0.008096339027182327,0.03383958509907412,0.3011987209224706,0.05157942165078904
56,BASELINE,7,210,270,60,30,4.0,2.0,688.0,0.02398884239888424,5.733333333333333,7.06721695970596,2.0,62.0,4.0,7.395617839251631,0.7583679838579424,0.23059459459459458,6.025557880055788,15.0,0.02111578941199911,0.09009529194083186,0.17032188615406507,0.026786316670643635,983.0,0.03427475592747559,8.191666666666666,7.478074432781625,2.0,48.0,5.0,7.421409248385,0.7532872490999217,0.47264150943396227,3.662133891213389,7.0,0.01118543651770331,0.04394621918707656,0.2806835949008923,0.048109387716746124,875.0,0.01950947603121516,5.833333333333333,7.0912308914289035,1.0,103.0,4.0,7.747846343251192,0.7068874101839044,0.2619775739041794,3.261850613154961,6.0,0.007590102728707923,0.04551379848962083,0.3152143116459399,0.0544124890973895
56,BASELINE,8,240,300,60,30,4.0,2.0,647.0,0.022559274755927474,5.391666666666667,7.528054012971893,1.0,64.0,4.0,7.339155829253121,0.725498687193181,0.19508400746733043,3.8197350069735005,12.0,0.011847626079720593,0.04978592024192114,0.2807528005378239,0.058659089605009304,1202.0,0.041910739191073916,10.016666666666667,9.157859405389935,2.0,59.0,7.0,7.417309650725576,0.7507731803893111,0.4521098459477562,3.4172245467224545,8.0,0.010156405658497713,0.04031124302850461,0.3024031440180568,0.05473620255877599,878.0,0.019576365663322184,5.8533333333333335,6.707097401675001,2.0,98.0,4.0,7.789368079231594,0.715458861614578,0.28367699155236625,3.456499442586399,7.0,0.00824328672008859,0.04635432264703888,0.2988930508094461,0.054904538011333784
56,ANGER,0,0,60,60,30,6.0,3.0,654.0,0.02280334728033473,5.45,7.235733088867591,2.0,53.0,4.0,7.3110316950447025,0.722354985216571,0.2153812683563581,4.39281729428173,16.0,0.014255534849923228,0.046963308567034484,0.24966920582973953,0.05587209005159149,2319.0,0.08085774058577405,19.325,19.177531340955575,2.0,93.0,11.5,7.309506093709984,0.7284195920446,0.437001466021771,2.778486750348675,6.0,0.007472633404826365,0.019781416243842973,0.3723316319645857,0.06723599872794656,914.0,0.020379041248606466,6.093333333333334,7.035004540786657,1.0,91.0,4.0,7.738894087248973,0.7116764149723663,0.3005215663548307,3.443232998885173,8.0,0.008198768452634812,0.041326877360474315,0.29943013810303143,0.05341221903076647
56,ANGER,1,30,90,60,30,6.0,3.0,569.0,0.01983960948396095,4.741666666666666,5.0224426881305035,1.0,41.0,4.0,7.4765307164557,0.6791960232111426,0.2635764158262219,5.921652719665272,26.0,0.020679213107837283,0.07831458441096976,0.1872698093761592,0.041738113935614586,2438.0,0.08500697350069734,20.316666666666666,19.251616093778264,2.0,156.0,13.0,7.376322675683102,0.7066574863134524,0.42358221668905416,2.4134588563458856,6.0,0.00593890275775582,0.0368475825405046,0.42461152095028437,0.06410044227147449,881.0,0.019643255295429207,5.873333333333333,6.484645111509358,2.0,86.0,4.0,7.781948508439702,0.725932142986087,0.2886520139609471,3.4129765886287626,7.0,0.008097236874593166,0.042006285462167336,0.30125857377196047,0.05179542745110447
56,ANGER,2,60,120,60,30,6.0,3.0,542.0,0.01889818688981869,4.516666666666667,6.167770171535973,1.0,62.0,3.0,7.371962089861402,0.6836582109063973,0.17385257301808066,3.606415620641562,10.0,0.010951326137149418,0.059601922465743376,0.28502444975164193,0.04635849019175536,2027.0,0.07067642956764296,16.891666666666666,17.819603359471525,1.0,111.0,9.0,7.258517242457419,0.7014594387103769,0.39220956525449036,2.652963737796374,6.0,0.006945225789060396,0.020571091637434858,0.38839437675153454,0.06682493367403648,870.0,0.01939799331103679,5.8,5.644466316668034,2.0,68.0,4.0,7.837339446146471,0.7287422878860752,0.3336683417085427,3.6623857302118172,7.0,0.008934180302724228,0.03886758383344859,0.2809318403924012,0.04884927860340135
56,ENTHUSIASM,0,0,60,60,30,7.0,5.0,629.0,0.021931659693165968,5.241666666666666,5.7727749441283045,2.0,54.0,4.0,7.473656623462642,0.7450495383080451,0.2515374231288436,3.9362622036262205,12.0,0.012337236149689996,0.06225353196003766,0.26434933489748946,0.04694197160411805,1970.0,0.06868898186889819,16.416666666666668,16.796866440566294,2.0,85.0,10.0,7.310757915758268,0.7133997898110743,0.4015133822224298,3.0852859135285913,9.0,0.008761705519027694,0.02637172099259722,0.3414375936780889,0.07151964344740858,904.0,0.02015607580824972,6.026666666666666,7.216136239167206,1.0,86.0,4.0,7.6883486763436455,0.7125908669630142,0.29113719142047756,3.415942028985507,7.0,0.008107188016729888,0.03493221220400862,0.3013143059006162,0.053063405034104116
56,ENTHUSIASM,1,30,90,60,30,7.0,5.0,635.0,0.02214086471408647,5.291666666666667,5.896179318470186,2.0,55.0,4.0,7.458152389141922,0.7283793460593838,0.2601130926489778,4.393270571827057,15.0,0.014257439377424604,0.055305534774241334,0.24704704986881917,0.05334130246953748,1804.0,0.06290097629009762,15.033333333333333,14.470333636635873,2.0,93.0,11.0,7.396067528496006,0.7102009029794372,0.38651547291001725,2.926534170153417,6.0,0.00809468138719923,0.03309255846384285,0.3509123203031216,0.05645062296994583,749.0,0.01670011148272018,4.993333333333333,3.3950879550053226,1.0,22.0,4.0,7.96976152638811,0.7080655134625723,0.40614406779661016,4.755183946488295,10.0,0.012601288411034552,0.044006032116440996,0.216200282648455,0.03657690117157149
56,ENTHUSIASM,2,60,120,60,30,7.0,5.0,603.0,0.02102510460251046,5.025,5.048865384090437,2.0,35.0,4.0,7.491405393886783,0.7117679159227742,0.2887349617207437,5.390760111576011,20.0,0.0184485718973782,0.07051234332852059,0.20118041443329418,0.04425243758610089,1993.0,0.06949093444909345,16.608333333333334,15.150520251426645,1.0,130.0,13.0,7.442585238094866,0.7055473298273263,0.42085521380345087,2.7259065550906554,7.0,0.007251708214666612,0.042917770355873124,0.3780645929738948,0.06282463972898371,747.0,0.01665551839464883,4.98,3.5608425969143878,2.0,25.0,4.0,7.9478718908645,0.7073703543503853,0.3883076923076923,4.575473801560758,10.0,0.011998234233425362,0.04725162732279192,0.22387555340972762,0.035801778839090144
56,LIKING,0,0,60,60,30,6.0,3.0,587.0,0.020467224546722455,4.891666666666667,6.003881846124408,1.0,65.0,4.0,7.4555971064492494,0.7227638913631095,0.21104387291981846,3.4644351464435146,8.0,0.010354769522871909,0.05673688605717221,0.29836928682022607,0.051805024042501965,1280.0,0.044630404463040445,10.666666666666666,12.444432043644618,2.0,71.0,5.5,7.193688794569909,0.7415236693731172,0.4246535517007462,3.2985704323570433,7.0,0.009657858959483376,0.036101634892603075,0.31445914234091105,0.061543245309606434,911.0,0.020312151616499442,6.073333333333333,6.065307540063863,1.0,44.0,4.0,7.766017715826726,0.7270630133157693,0.3449704142011834,3.6803790412486066,8.0,0.008994560541102708,0.027820650681375736,0.2787465598404384,0.04647690443903407
56,LIKING,1,30,90,60,30,6.0,3.0,633.0,0.02207112970711297,5.275,6.854393359979666,2.0,65.0,4.0,7.387060304881261,0.7432606800119309,0.20745445829338446,3.889644351464435,8.0,0.012141362821279146,0.058140609966885526,0.2680902089384483,0.05248580916006154,787.0,0.027440725244072525,6.558333333333334,5.261963881374414,2.0,43.0,5.0,7.535776077336809,0.751940479143999,0.440821099129531,4.375418410041841,9.0,0.014182430294293447,0.05668143524192898,0.23682854143281393,0.04364583503303057,809.0,0.018037904124860647,5.3933333333333335,4.22752357244233,1.0,28.0,4.0,7.908117385371314,0.7188441754954139,0.3887730553327987,4.132329988851728,9.0,0.010511174459233986,0.031426659768505276,0.24843715528289712,0.04190718263756978
56,FEAR,0,0,60,60,30,3.0,2.0,566.0,0.019735006973500696,4.716666666666667,4.239070914979156,2.0,33.0,4.0,7.571290917156265,0.7105115308866677,0.30633802816901406,6.669002789400279,20.0,0.023819339451261672,0.08770769128558831,0.16270179135535312,0.03652627148020397,2316.0,0.08075313807531381,19.3,16.621321648212373,1.0,135.0,15.5,7.5002373705046885,0.7129065960067285,0.4565036075991262,2.7563110181311017,7.0,0.00737945805937438,0.03842644369296846,0.37590340961827656,0.06584691710445079,1023.0,0.022809364548494984,6.82,6.4472940060152375,1.0,51.0,4.0,7.78188435129782,0.7599689744200508,0.3930593157765198,4.228338907469342,9.0,0.010833352038487742,0.04898721103894975,0.24396955785957966,0.04228281802387703
56,FEAR,1,30,90,60,30,3.0,2.0,573.0,0.01997907949790795,4.775,4.421467516560537,2.0,30.0,4.0,7.536104603236736,0.676223030097016,0.3180306054557552,17.22768479776848,46.0,0.06818354957045579,0.15283045045673557,0.060493170018874,0.011446022516271874,2289.0,0.07981171548117155,19.075,14.874845937577527,1.0,105.0,16.0,7.575067444031951,0.7099254169026952,0.42916451969083547,2.7156903765690377,6.0,0.007208783094827893,0.032015316899242134,0.378716323818506,0.0613995800014896,954.0,0.021270903010033444,6.36,6.595735996333794,2.0,69.0,4.0,7.770313335501433,0.7522453254652581,0.32451241515594126,3.4434113712374583,7.0,0.008199367017575364,0.03104985119180532,0.29753657034962816,0.04829188288246664
56,FEAR,2,60,120,60,30,3.0,2.0,653.0,0.022768479776847976,5.441666666666666,7.87326259494048,1.0,82.0,4.0,7.322525759911059,0.7564338666242348,0.17380791179030855,3.691666666666667,7.0,0.011309523809523806,0.05434735950053305,0.28287853787185285,0.05553696465385085,2613.0,0.09110878661087866,21.775,16.56701667973648,2.0,115.0,17.0,7.561705553437947,0.72356211950459,0.4838055055548549,2.6971408647140866,7.0,0.007130843969386926,0.04270204875414409,0.37828290280361887,0.050709587789862696,797.0,0.017770345596432553,5.3133333333333335,4.145096165618142,2.0,36.0,4.0,7.925881842677645,0.7322849932435792,0.37007481296758105,3.9389966555183946,7.0,0.009862404884289914,0.036982198287493995,0.2597569109433231,0.04098028823987642
56,AMUSEMENT,0,0,60,60,30,7.0,3.0,551.0,0.019211994421199443,4.591666666666667,5.58568980122917,2.0,57.0,3.0,7.456119355320549,0.6947045544339757,0.2133496417962607,6.0836122733612275,23.0,0.02135971543429086,0.07765037807470748,0.18638670602145122,0.04731653123780584,1708.0,0.05955369595536959,14.233333333333333,18.931117828121565,1.0,119.0,6.0,7.0642400788113875,0.7328768922837379,0.32579371732536694,2.8225592747559274,6.0,0.00765781207880642,0.021066984474740303,0.3688235642086587,0.07492153865108811,826.0,0.018416945373467112,5.506666666666667,5.182980695399983,1.0,43.0,4.0,7.812105201778861,0.7276710950335873,0.3463622291021672,3.7600222965440357,7.0,0.009261819787060525,0.029785938678794983,0.27225727477387435,0.044042724510994516
56,AMUSEMENT,1,30,90,60,30,7.0,3.0,515.0,0.017956764295676428,4.291666666666667,4.7773699761363355,2.0,50.0,3.0,7.502741486859665,0.6229373120265976,0.2442489851150203,12.671373779637378,48.0,0.04903938562872848,0.1227767354863947,0.08948898646801749,0.02352236180604716,1223.0,0.04264295676429568,10.191666666666666,12.492861850761908,2.0,103.0,7.0,7.274559725457101,0.7380250559817021,0.3045045045045045,2.945571827057183,7.0,0.008174671542257074,0.032888316985142114,0.3506351856660915,0.0628604254728124,780.0,0.017391304347826087,5.2,4.209513035969838,1.0,44.0,4.0,7.90496223354523,0.7289114750258822,0.3705763397371082,3.98561872909699,9.0,0.01001885479562748,0.03953842455522849,0.2572638042706949,0.042215750855015235
56,SADNESS,0,0,60,60,30,3.0,3.0,564.0,0.019665271966527197,4.7,4.343769484368771,2.0,30.0,4.0,7.552402580718885,0.650156368269874,0.32820041369800046,21.061227336122734,65.0,0.08429087116017955,0.15719948289113292,0.051470077886251867,0.012066853145449464,2134.0,0.07440725244072524,17.783333333333335,20.350136499678708,1.0,95.0,8.0,7.123692811351701,0.7314081471207635,0.4243313725719498,2.7760460251046024,6.0,0.007462378256742027,0.015660904290933413,0.374387193766265,0.07622898364764967,893.0,0.0199108138238573,5.953333333333333,6.163155757312068,1.0,53.0,4.0,7.7519097943660356,0.7398956967336234,0.32753680466357077,3.477614269788183,6.0,0.008314141844926787,0.03253212449356505,0.29406452033614533,0.046571626270952
56,SADNESS,1,30,90,60,30,3.0,3.0,602.0,0.02099023709902371,5.016666666666667,5.887816988399766,2.0,69.0,4.0,7.474995507659182,0.7272083530937634,0.23168136211614473,5.0052301255230125,14.0,0.016828698006399207,0.07752614342228673,0.21244373390086344,0.04221047498668153,1724.0,0.0601115760111576,14.366666666666667,14.82589701239767,2.0,111.0,11.0,7.37811860293161,0.7248387476109183,0.35080229052427103,2.748291492329149,5.0,0.0073457625728115495,0.028234621666186347,0.3741071534933914,0.06303926782725772,778.0,0.01734671125975474,5.1866666666666665,3.966336120681431,2.0,29.0,4.0,7.918542668672787,0.7434068789980582,0.3861491899590529,4.10778149386845,8.0,0.01042879695929011,0.03845753723002182,0.24938886871759075,0.04041990042354514
56,NEUTRAL,0,0,60,60,30,5.0,1.0,617.0,0.021513249651324964,5.141666666666667,6.99320602839324,1.0,71.0,4.0,7.375975437339315,0.7083588268667406,0.19907407407407407,12.40965829846583,38.0,0.047939740749856435,0.1300375004914324,0.08514108987253971,0.01623530538526085,2292.0,0.0799163179916318,19.1,18.960441274752373,2.0,115.0,13.0,7.289426918748227,0.7059375416240641,0.41392023633677993,2.6503486750348677,6.0,0.006934238130398603,0.018591610774580415,0.3910475854095376,0.0704437419479619,840.0,0.018729096989966554,5.6,5.068859174738763,1.0,55.0,4.0,7.859542146589808,0.745162990192902,0.3408914226483545,3.7113489409141582,7.0,0.009098486378906563,0.03994927861425342,0.27647249475371827,0.04566786788602376
56,NEUTRAL,1,30,90,60,30,5.0,1.0,582.0,0.020292887029288702,4.85,5.520643078482795,1.0,53.0,4.0,7.4574185680606675,0.6876815686931842,0.245676500508647,14.07918410041841,36.0,0.054954555043774826,0.14457311390987962,0.07289320558260798,0.011303661960254362,1285.0,0.0448047419804742,10.708333333333334,12.272527472185814,1.0,60.0,5.0,7.1951023158791685,0.743725190106529,0.4024354316016891,3.0391910739191075,6.0,0.00856802972234919,0.01846842273246192,0.3395522060343622,0.06355910231131759,878.0,0.019576365663322184,5.8533333333333335,5.697235196908136,2.0,67.0,4.0,7.828197717307525,0.751038256771539,0.34370208105147865,3.5918171683389075,7.0,0.00869737304811714,0.03940263668340972,0.2857394023761772,0.047851500300437666
56,NEUTRAL,2,60,120,60,30,5.0,1.0,593.0,0.020676429567642957,4.941666666666666,6.254059792557863,1.0,66.0,4.0,7.423195698621878,0.6759733775500564,0.21974114635187028,15.339435146443515,46.0,0.06024972750606518,0.13764070341064663,0.07076354361693774,0.018177985911642186,2072.0,0.07224546722454672,17.266666666666666,18.289219654090097,1.0,150.0,12.0,7.314723721705022,0.7310925163794678,0.4078868967011538,2.472663877266388,6.0,0.006187663349858774,0.03700240385647776,0.4148024556496785,0.06360652176486137,882.0,0.019665551839464883,5.88,5.664415239016292,1.0,57.0,4.0,7.815256592577911,0.7425668735196397,0.3405725567620928,3.525061315496098,7.0,0.008473360119114422,0.03668311749342938,0.290102385961552,0.045737079800709096
56,AWE,0,0,60,60,30,6.0,2.0,595.0,0.020746164574616456,4.958333333333333,5.5907599861040564,1.0,57.0,4.0,7.4732901624723524,0.7147376763788671,0.2427120864723223,7.862796373779638,16.0,0.028835278881427052,0.11144046425807237,0.12895499145347647,0.015552883850433801,2504.0,0.08730822873082288,20.866666666666667,19.752608829102943,2.0,157.0,18.0,7.481862786961897,0.7400046579753604,0.3896402460493341,2.453940027894003,7.0,0.00610899171384035,0.0360516103664953,0.42365812261665536,0.06772239400692151,849.0,0.018929765886287624,5.66,4.907585964606223,1.0,37.0,4.0,7.855786363082608,0.7470320802910586,0.3737613951644867,3.756655518394649,6.0,0.009250521873807538,0.03437633223278679,0.27199911512263675,0.04197162294962968
56,AWE,1,30,90,60,30,6.0,2.0,597.0,0.02081589958158996,4.975,6.363257158615129,2.0,70.0,4.0,7.452947270478169,0.7034177192633077,0.21612278761061948,13.425767085076709,43.0,0.05220910539948197,0.12204773135593634,0.08336645185295904,0.02323886333778075,2263.0,0.07890516039051604,18.858333333333334,21.254331257939455,2.0,163.0,12.0,7.339928384335815,0.7723971414367043,0.3377825687200786,2.2961994421199443,4.0,0.005446216143361112,0.03871410185115352,0.4405139141529241,0.04830833939452507,795.0,0.017725752508361205,5.3,3.769615364994153,1.0,23.0,4.0,7.946236301628474,0.7484943304005088,0.40864864864864864,4.297502787068004,8.0,0.011065445594187932,0.038795183928938944,0.23785542981180413,0.03687823033799042
56,DISGUST,0,0,60,60,30,6.0,2.0,591.0,0.020606694560669457,4.925,6.328062499691356,2.0,55.0,4.0,7.410578607026894,0.7142149056493632,0.208,7.996827057182705,16.0,0.029398433013372707,0.10973994850230226,0.12878492599666203,0.02136540534852287,2097.0,0.07311715481171548,17.475,15.224411592351718,1.0,92.0,14.0,7.449626204183293,0.7232368621662921,0.45931817452936086,2.789783821478382,8.0,0.0075201000902453035,0.025401386680201827,0.37076096812306425,0.06503602391132113,841.0,0.01875139353400223,5.6066666666666665,5.488043569635924,1.0,60.0,4.0,7.8184434439465065,0.741844690431756,0.3260247855100095,3.63520624303233,7.0,0.008842973969907146,0.03632004311047681,0.2822781441864886,0.04706421102819571
57,BASELINE,0,0,60,60,30,4.0,5.0,642.0,0.022384937238493725,5.35,6.773908276123418,2.0,56.0,4.0,7.381001602792018,0.7297183591240711,0.2230389203518496,5.391317991631799,12.0,0.01845091593122605,0.07285421856003138,0.1994593979700437,0.04660999575867334,2786.0,0.09714086471408648,23.216666666666665,15.345022718204824,3.0,101.0,19.0,7.6549705208900125,0.7561080518565425,0.5526000532434111,2.8448047419804743,6.0,0.007751280428489385,0.038643585042498395,0.36144060297464287,0.058586906629079956,784.0,0.017480490523968786,5.226666666666667,4.327657821757887,1.0,44.0,4.0,7.888894479225556,0.6937008916749179,0.3674669279764821,3.993422519509476,8.0,0.010045042011776766,0.04033985834380577,0.2570577955122229,0.04330301659188378
57,BASELINE,1,30,90,60,30,4.0,5.0,621.0,0.021652719665271967,5.175,5.397009202635599,1.0,42.0,4.0,7.484723946186527,0.7036934776100187,0.27989487516425754,4.52639470013947,19.0,0.014816784454367512,0.05381567429221886,0.23804823250834556,0.04879648185709774,2481.0,0.08650627615062761,20.675,12.38625750580053,1.0,75.0,19.0,7.676034290421654,0.7258984539046572,0.5653338093538022,3.323884239888424,9.0,0.009764219495329515,0.042351249611518545,0.3129465080037035,0.05863548001894309,759.0,0.016923076923076923,5.06,3.8819754421342405,1.0,29.0,4.0,7.914277606446576,0.6914854213560486,0.3796330962186447,4.448539576365663,10.0,0.011572280457602896,0.04480576425619125,0.2312449208345299,0.03952517607617605
57,BASELINE,2,60,120,60,30,4.0,5.0,624.0,0.021757322175732216,5.2,5.378351668184842,1.0,45.0,4.0,7.465751926173609,0.69396133566499,0.2895600787918582,5.358228730822873,22.0,0.018311885423625517,0.06131369121470279,0.20590797534213676,0.04794692138139289,2206.0,0.07691771269177126,18.383333333333333,11.280649606984325,3.0,63.0,16.0,7.6639763354742785,0.7206604044819608,0.5581148121899362,3.298152022315202,8.0,0.00965610093409749,0.042776404179670956,0.3114735239702668,0.050046000190856754,798.0,0.017792642140468228,5.32,4.224247467498403,1.0,36.0,4.0,7.9041560223139715,0.7063529350571124,0.3840627041149575,4.445685618729097,9.0,0.011562703418554037,0.0496213987275554,0.2302403780047671,0.03642289857886842
57,BASELINE,3,90,150,60,30,4.0,5.0,681.0,0.023744769874476986,5.675,7.692704877566364,1.0,57.0,4.0,7.280365393760849,0.7183919112536397,0.20797277588721438,3.3463389121338913,7.0,0.009858566857705421,0.044065614727313594,0.3066997181069067,0.049157157662784806,2406.0,0.08389121338912134,20.05,10.999128753375576,4.0,55.0,17.5,7.707328216388985,0.7540941811742956,0.6187698833510075,3.5806136680613667,9.0,0.01084291457168642,0.04203459148544797,0.29116577172048996,0.052119373787035427,784.0,0.017480490523968786,5.226666666666667,4.275740351746766,1.0,28.0,4.0,7.884892206129491,0.6857719660112849,0.380449141347424,4.346666666666667,11.0,0.011230425055928413,0.04459027391040934,0.23615835913250738,0.03869994582462153
57,BASELINE,4,120,180,60,30,4.0,5.0,622.0,0.021687587168758717,5.183333333333334,6.022158158740841,2.0,39.0,3.0,7.382345631581019,0.70202733831099,0.25107851596203623,3.936889818688982,9.0,0.012339873187768838,0.05042593610471172,0.26371908682165596,0.049206573787306127,2673.0,0.09320083682008368,22.275,12.086467984210001,4.0,74.0,19.0,7.712401525133814,0.7398302388303839,0.5959434393397672,3.1831589958158997,6.0,0.009172936957209664,0.03980786214500721,0.32180831420865535,0.049327603945230405,780.0,0.017391304347826087,5.2,4.471390536883726,2.0,42.0,4.0,7.874346791661267,0.6967758910322591,0.3652589641434263,4.17736900780379,9.0,0.010662312106724133,0.03553424197162964,0.24668804593606766,0.043739742016230855
57,BASELINE,5,150,210,60,30,4.0,5.0,652.0,0.022733612273361226,5.433333333333334,5.414076303694124,2.0,37.0,4.0,7.476017976788601,0.733175804508336,0.2991573033707865,4.882217573221757,16.0,0.01631183854294856,0.06432931423033886,0.21876546653792991,0.044818460873657096,2675.0,0.09327057182705718,22.291666666666668,15.894126710482992,3.0,97.0,17.0,7.605213746698177,0.7338540574981803,0.5509453420419388,3.04870990237099,7.0,0.008608024799878107,0.03991548187363355,0.34047186464705725,0.06310150329213576,786.0,0.017525083612040134,5.24,4.104761462821764,1.0,39.0,4.0,7.908720919375744,0.7011042637559666,0.3824232081911263,4.291215161649944,9.0,0.011044346180033382,0.043860361920027326,0.23967018726120845,0.04131705682189576
57,BASELINE,6,180,240,60,30,4.0,5.0,638.0,0.022245467224546723,5.316666666666666,6.006917308866134,2.0,46.0,4.0,7.427243320231856,0.7294744141147463,0.24647092038396387,3.823326359832636,12.0,0.011862715797616118,0.0499633353045277,0.27363236346082487,0.04875400545181247,2783.0,0.09703626220362623,23.191666666666666,19.794273512531067,3.0,116.0,18.0,7.517767116419016,0.706214569597479,0.4109876168675363,2.5387377963737796,6.0,0.006465284858713357,0.03032407271440224,0.40517457078749575,0.06373633596689825,929.0,0.020713489409141583,6.193333333333333,5.953370660577268,1.0,58.0,4.0,7.779113878709879,0.7101942621020818,0.4014397002268021,3.784437012263099,7.0,0.009343748363298992,0.03942761992630517,0.27124759791931496,0.04533119585943818
57,BASELINE,7,210,270,60,30,4.0,5.0,600.0,0.02092050209205021,5.0,5.684041989054385,2.0,43.0,3.0,7.4369387082302705,0.712986889842062,0.23992353034889277,5.126743375174337,13.0,0.017339257878883765,0.07225182835616432,0.2090692529320192,0.045905545089442217,1846.0,0.06436541143654115,15.383333333333333,11.097810094288372,2.0,81.0,13.0,7.6083132713603625,0.723668389125582,0.4774624373956594,3.191666666666667,6.0,0.009208683473389356,0.037760166164420586,0.3229277365415725,0.05692159108282088,845.0,0.01884057971014493,5.633333333333334,4.9253313481317065,1.0,38.0,4.0,7.846586701268844,0.7126008675846625,0.3784749801429706,3.994671125975474,8.0,0.010049231966360648,0.04134323783272864,0.2564649784045352,0.04119218196375321
57,BASELINE,8,240,300,60,30,4.0,5.0,594.0,0.020711297071129706,4.95,5.13622753909261,2.0,38.0,4.0,7.487832447240584,0.6960052803629,0.2862844702467344,16.203695955369597,35.0,0.06388107544272942,0.15649503827554306,0.06318784139411156,0.009570060887566952,2044.0,0.07126917712691772,17.033333333333335,8.916214941828674,5.0,59.0,16.0,7.734277050515136,0.741026961144987,0.5963556437889961,3.4171896792189678,7.0,0.010156259156382212,0.041099351827026925,0.30088620382444914,0.049658446949206764,814.0,0.018149386845039018,5.426666666666667,4.163086461856022,2.0,27.0,4.0,7.9031001233676665,0.7170456525986655,0.397065935837498,4.325685618729097,9.0,0.011160018854795617,0.04238150278292845,0.23655790760476264,0.0374182844285551
57,ANGER,0,0,60,60,30,1.0,9.0,622.0,0.021687587168758717,5.183333333333334,5.972832010212762,2.0,50.0,4.0,7.432211914492994,0.7425834633778869,0.23754176957721923,4.642015341701534,9.0,0.015302585469334181,0.07299589212783035,0.21981909990510498,0.03216538716456519,4727.0,0.1648186889818689,39.391666666666666,41.109466840241176,1.0,197.0,26.5,7.264160684515474,0.6854559705266695,0.401633201136683,2.037970711297071,4.0,0.004361221476038113,0.014336754776959622,0.5055134827923419,0.08597483671547128,784.0,0.017480490523968786,5.226666666666667,3.965932705205955,1.0,32.0,4.0,7.9323649575286765,0.719385816149058,0.38286620835536755,4.1353623188405795,9.0,0.010521350063223436,0.042105172006610174,0.24807569989078673,0.04053895382457603
57,ANGER,1,30,90,60,30,1.0,9.0,656.0,0.02287308228730823,5.466666666666667,8.629825542204713,1.0,94.0,4.0,7.266503593018543,0.698905549584931,0.17089407600910086,7.955543933054393,37.0,0.029224974508631908,0.08094960754239562,0.14745946310281816,0.042595190250456126,2567.0,0.08950488145048814,21.391666666666666,22.378485141363395,2.0,149.0,15.0,7.284918767232821,0.7008767984571013,0.3753168328278831,2.4359832635983265,5.0,0.006033543124362716,0.02874703907637839,0.4224469560525239,0.0689152148574951,785.0,0.01750278706800446,5.233333333333333,4.670355684765585,2.0,53.0,4.0,7.864104675142154,0.7046943080121821,0.3461713419257013,3.8169676700111483,7.0,0.009452911644332715,0.04129248359173419,0.2688211866188515,0.045135354038195734
57,ENTHUSIASM,0,0,60,60,30,8.0,6.0,561.0,0.019560669456066944,4.675,6.158547583102151,2.0,57.0,3.0,7.3840209111916,0.6630505422143725,0.1977922274308181,13.800139470013947,32.0,0.053782098613504,0.13743749034023364,0.0789432579749524,0.019967350452719683,3297.0,0.11495815899581589,27.475,25.025474520975624,1.0,146.0,20.0,7.459230812891316,0.680700074382661,0.4022014146674793,2.4380055788005577,5.0,0.006042040247061168,0.01984219425898848,0.42459423300396076,0.07475833913801223,895.0,0.019955406911928653,5.966666666666667,5.310890278998009,2.0,41.0,4.0,7.829719258990522,0.7140180422848134,0.3751728907330567,3.875317725752508,8.0,0.009648717200511775,0.0274943743645445,0.2649310521529779,0.0452835800544608
57,ENTHUSIASM,1,30,90,60,30,8.0,6.0,529.0,0.018444909344490935,4.408333333333333,5.146189258945777,2.0,41.0,3.0,7.43943536472708,0.6419172178275372,0.22344910660509937,11.586576011157602,34.0,0.04448141181158656,0.11180989480914191,0.10077884777193608,0.029281789696598042,2503.0,0.08727336122733612,20.858333333333334,15.636919897757643,4.0,92.0,16.5,7.6007752640914585,0.7007509953966301,0.46407833314357283,2.9477336122733613,7.0,0.00818375467341748,0.03881433780539807,0.3481749265976718,0.05436003326367246,869.0,0.019375696767001113,5.793333333333333,4.9696366958650895,2.0,51.0,4.0,7.863928346120152,0.7144709916529048,0.3815756035578145,3.924860646599777,8.0,0.00981496861275092,0.04078474355411449,0.2619732883541614,0.04517029330930192
57,LIKING,0,0,60,60,30,7.0,6.0,709.0,0.024721059972105996,5.908333333333333,8.66890596070551,1.0,80.0,4.0,7.286844177329475,0.7630560668066951,0.1872299567930869,3.6464783821478384,11.0,0.011119657067848053,0.05374109611180944,0.28630221361180935,0.052893438157497565,1573.0,0.0548465829846583,13.108333333333333,15.687466246090292,2.0,128.0,9.0,7.272289306020889,0.7564267109000488,0.3234180081518383,2.6814853556485354,5.0,0.007065064519531663,0.02603359034987471,0.3839528227519434,0.06516788568793143,963.0,0.021471571906354514,6.42,7.34281508233275,2.0,62.0,4.0,7.656687456975399,0.7141095052062935,0.3440294581799053,3.592463768115942,7.0,0.008699542846026649,0.024442445475824474,0.28664767166875094,0.0519419630539838
57,LIKING,1,30,90,60,30,7.0,6.0,627.0,0.02186192468619247,5.225,5.343941273379913,2.0,41.0,4.0,7.485006740843108,0.7348898286483643,0.2725477287689269,4.073640167364017,8.0,0.012914454484722762,0.05543267410843308,0.25490820726063207,0.04716545505302049,1949.0,0.06795676429567643,16.241666666666667,17.502378806576232,1.0,132.0,11.0,7.304369594360914,0.7300292869137958,0.4000391177444107,2.6307880055788004,6.0,0.006852050443608412,0.03852274484934208,0.39036835735930037,0.06140376328809223,723.0,0.01612040133779264,4.82,3.23227474079788,1.0,21.0,4.0,7.972238020815778,0.6935232566997273,0.40817740817740816,4.998394648829431,10.0,0.013417431707481307,0.05553913532225351,0.20468023441272518,0.03207785291413761
57,FEAR,0,0,60,60,30,3.0,7.0,575.0,0.02004881450488145,4.791666666666667,4.567814636733364,2.0,34.0,4.0,7.518782491601947,0.6296523765478874,0.33368915456874465,22.76802649930265,70.0,0.09146229621555736,0.1656489262401759,0.04627229884047157,0.009767675810839075,3737.0,0.13029986052998604,31.141666666666666,31.184209634934724,6.0,161.0,20.0,7.418634123073018,0.7374509896821254,0.37983029119101397,2.263633193863319,5.0,0.005309383167492938,0.01971783602878393,0.455824195230699,0.07657184539287329,853.0,0.019018952062430323,5.6866666666666665,5.6055171235330485,1.0,61.0,4.0,7.820230665327876,0.7175814301358557,0.3299276776489496,3.5670457079152733,7.0,0.008614247341997562,0.03369429022784091,0.28754360868839485,0.04764276153083335
57,FEAR,1,30,90,60,30,3.0,7.0,675.0,0.023535564853556484,5.625,7.190923097906137,2.0,69.0,4.0,7.370960584194701,0.7267906182647974,0.2293341910582181,6.566178521617852,27.0,0.023387304712680055,0.07913751920215899,0.17471690325613778,0.04389410147756921,2659.0,0.09271269177126917,22.158333333333335,15.847973494705528,2.0,97.0,18.0,7.604961907029211,0.7366647748620271,0.5284783388696629,3.002649930264993,6.0,0.008414495505315091,0.05294138372886518,0.3391953171779304,0.04487316146966893,750.0,0.016722408026755852,5.0,4.015802119958933,1.0,44.0,4.0,7.914914290757259,0.6945122739711302,0.3498800516700498,4.05685618729097,8.0,0.01025790666876164,0.04469287416914697,0.2526877780740414,0.041484531692992335
57,FEAR,2,60,120,60,30,3.0,7.0,597.0,0.02081589958158996,4.975,4.974036757671445,1.0,35.0,4.0,7.504982627789143,0.7245364304660593,0.2740546611755897,4.162691771269177,11.0,0.013288620887685617,0.06350171693410539,0.2477578474608385,0.04075907293470903,3575.0,0.1246513249651325,29.791666666666668,26.64641809366171,6.0,157.0,22.0,7.506093421476023,0.7367428388823323,0.4226827686648878,2.474163179916318,8.0,0.006193962940824863,0.02864208612230762,0.4223432081723809,0.07787468892960764,729.0,0.016254180602006688,4.86,3.5487650434106417,2.0,32.0,3.0,7.9416588140925155,0.6929938851207826,0.375717627046566,4.401293199554069,10.0,0.011413735568973392,0.04378661599861525,0.23344665145199078,0.03932161050246172
57,AMUSEMENT,0,0,60,60,30,8.0,7.0,567.0,0.01976987447698745,4.725,5.633179238523601,2.0,69.0,3.0,7.46927616738208,0.7148975064734,0.21486486486486486,4.490167364016736,8.0,0.014664568756372842,0.07880859429813737,0.22533155330401602,0.025316977308739625,846.0,0.029497907949790795,7.05,5.984493852170513,1.0,41.0,5.0,7.4919044798738526,0.7429312248699955,0.42725148683092606,4.3834728033472805,10.0,0.014216272282971757,0.05250867498382734,0.2338602188672419,0.03748132783941036,831.0,0.018528428093645483,5.54,5.16479105740655,2.0,33.0,4.0,7.801826203939755,0.7046299911058549,0.36853614612811936,3.8922630992196208,8.0,0.009705580869864497,0.026377542216070526,0.26406734963860806,0.04572312994011344
57,AMUSEMENT,1,30,90,60,30,8.0,7.0,604.0,0.02105997210599721,5.033333333333333,5.758954380402362,2.0,48.0,4.0,7.443067764458383,0.7213636345801265,0.24501246882793018,5.5598326359832635,19.0,0.019158960655391855,0.06866049442105808,0.20188826793766806,0.04812580644074275,1931.0,0.06732914923291493,16.091666666666665,15.838242659953014,2.0,108.0,12.0,7.399950514770886,0.7419045636065195,0.41943487948146646,2.902370990237099,6.0,0.007993155421164277,0.03640283433060448,0.3523388969303229,0.05222494828096931,925.0,0.020624303232998884,6.166666666666667,6.392095813494107,2.0,58.0,4.0,7.764746344678673,0.7307552200558151,0.33773377337733773,3.9707692307692306,9.0,0.009969024264326283,0.039331576089265456,0.26035487392530093,0.04768802803038948
57,AMUSEMENT,2,60,120,60,30,8.0,7.0,750.0,0.02615062761506276,6.25,9.150819635420643,1.0,75.0,4.0,7.254981928951023,0.779496795658431,0.18833118833118834,3.249198047419805,6.0,0.00945041196394875,0.05177426291970932,0.31581823171309736,0.051336286230666286,2882.0,0.10048814504881451,24.016666666666666,13.71129907128505,3.0,79.0,21.0,7.6843332992059326,0.7295866536526797,0.5760456273764258,2.8795676429567645,7.0,0.00789734303763347,0.033583851333199195,0.35694494676782124,0.05439172706925721,914.0,0.020379041248606466,6.093333333333334,5.63423661397196,2.0,53.0,4.0,7.820058005265628,0.7345813364500615,0.3673144313475629,3.781716833890747,7.0,0.009334620247955524,0.04418573167249367,0.2708683983599739,0.04367656516729613
57,SADNESS,0,0,60,60,30,1.0,8.0,614.0,0.021408647140864715,5.116666666666666,5.817621698101572,2.0,66.0,4.0,7.466043719188624,0.7297512338091632,0.2463196236151161,6.875,18.0,0.024684873949579824,0.0965348330125484,0.15348107064304958,0.030289777713437136,3394.0,0.11834030683403068,28.283333333333335,21.082252936744897,2.0,126.0,23.5,7.518611482967464,0.7325917018507542,0.5700071949840683,2.5682705718270573,6.0,0.006589372150533843,0.036613327175185,0.3983298034570501,0.056767838876029736,905.0,0.020178372352285395,6.033333333333333,6.356012027119592,2.0,54.0,4.0,7.720934185810132,0.7208127153559567,0.3606217616580311,3.7028316610925307,7.0,0.009069904902995071,0.02919989997268623,0.27763017437005794,0.048661201938173824
57,SADNESS,1,30,90,60,30,1.0,8.0,598.0,0.02085076708507671,4.983333333333333,5.085900990865718,2.0,46.0,4.0,7.501295118538203,0.6954123195190867,0.28053226394458625,6.86084379358438,27.0,0.02462539409069067,0.07864008939107536,0.1705502758351405,0.043839549363433566,2646.0,0.09225941422594142,22.05,17.235307752788554,2.0,105.0,18.0,7.546267683532635,0.7310137009696348,0.5113908807269144,2.9256276150627616,8.0,0.00809087233219648,0.03920551474985984,0.3539555633398963,0.061794883149959345,732.0,0.01632107023411371,4.88,3.352451839077384,1.0,20.0,4.0,7.963783940416463,0.7106119149455062,0.39505081749889526,4.680646599777035,9.0,0.012351163086500116,0.04410403436297681,0.21878222731636848,0.035148376843540656
57,SADNESS,2,60,120,60,30,1.0,8.0,473.0,0.016492329149232914,3.941666666666667,2.9729217764497085,1.0,30.0,3.0,7.638602072379907,0.5295445039852935,0.3976345840130506,35.27817294281729,96.0,0.14402593673452646,0.20039448638444676,0.02960328395773486,0.005418257588226623,2700.0,0.09414225941422594,22.5,15.18853734454594,3.0,89.0,18.0,7.620011910993981,0.7466977054154975,0.5624322023024972,2.9182008368200836,7.0,0.008059667381596993,0.036660051006490425,0.353437155464704,0.05880856832098409,847.0,0.018885172798216276,5.6466666666666665,4.9981818916704315,2.0,40.0,3.5,7.8294953775414395,0.7108908971240127,0.46583365872705973,4.138238573021182,8.0,0.010531001922889874,0.04138332877928342,0.24771976888769834,0.040153194466808345
57,NEUTRAL,0,0,60,60,30,5.0,1.0,567.0,0.01976987447698745,4.725,5.647953169069305,2.0,61.0,3.0,7.464882261201625,0.6959822294200599,0.21767676767676766,4.101080892608089,15.0,0.013029751649613822,0.06608017454160121,0.2606752026417977,0.05117777415445498,2025.0,0.07060669456066945,16.875,15.425661790233399,2.0,79.0,12.0,7.38084207186619,0.7405544425854461,0.47406138284377525,3.0209205020920504,6.0,0.008491262613832148,0.03758548025842185,0.33738093899107346,0.047231530274309416,852.0,0.018996655518394648,5.68,5.423799406320259,2.0,40.0,4.0,7.78960275012292,0.7104198956358398,0.34714285714285714,3.80396878483835,8.0,0.00940929122428977,0.029646559359672635,0.2699243641893452,0.0456052787223262
57,NEUTRAL,1,30,90,60,30,5.0,1.0,606.0,0.02112970711297071,5.05,6.9956534124173615,2.0,84.0,4.0,7.387342667908614,0.7258448968038957,0.18662183259277051,5.152615062761506,12.0,0.01744796244857776,0.07812973470386254,0.20875192107376797,0.04909999332631237,2938.0,0.10244072524407252,24.483333333333334,21.517428336634985,1.0,106.0,17.0,7.407672117284706,0.6898370660062534,0.48781251505371165,2.7652719665271968,7.0,0.007417109103055449,0.0313078384580914,0.37453740572087474,0.06889783464749431,952.0,0.021226309921962096,6.346666666666667,5.723619678334875,1.0,32.0,4.0,7.784795836116953,0.7383546515357509,0.6204518192722911,4.240178372352285,8.0,0.010873081786417067,0.04563510200003019,0.2407218597243164,0.03585960736008632
57,NEUTRAL,2,60,120,60,30,5.0,1.0,649.0,0.022629009762900977,5.408333333333333,7.522738678315381,1.0,70.0,4.0,7.343320970140463,0.7329794200159901,0.19301699129714048,7.144386331938633,19.0,0.025816749293859798,0.08957745899478342,0.15012013835445917,0.0373023170366361,2431.0,0.08476290097629009,20.258333333333333,15.15887849486967,2.0,69.0,16.0,7.5488618454123335,0.730875599482922,0.5434858586944833,3.3818688981868896,8.0,0.010007852513390285,0.05517047243543833,0.30291441257283813,0.044235748538384426,983.0,0.021917502787068003,6.553333333333334,6.648846182275204,1.0,44.0,4.0,7.689715618321603,0.7171228973704045,0.6191066997518611,3.9065997770345597,8.0,0.009753690526961609,0.04022597296576622,0.2623047387626319,0.042687844828528373
57,AWE,0,0,60,60,30,8.0,7.0,615.0,0.021443514644351465,5.125,9.649751723921883,2.0,110.0,4.0,7.2133760009070915,0.7087099057656889,0.11946612209175114,8.074372384937238,34.0,0.029724253718223688,0.08046309936708511,0.14890435141274652,0.04428098498624239,3507.0,0.12228033472803347,29.225,27.91265020858225,6.0,159.0,21.0,7.437080082137919,0.7532702825475913,0.42617116672468164,2.5320432357043234,6.0,0.006437156452539176,0.02485328198521846,0.4136893945482836,0.07866948062520221,870.0,0.01939799331103679,5.8,5.172362451852473,1.0,39.0,4.0,7.829774503313859,0.7089323857545167,0.36817682256685796,3.9043478260869566,8.0,0.009746133644587103,0.0337076139181094,0.26274571123758933,0.04368254110814913
57,AWE,1,30,90,60,30,8.0,7.0,577.0,0.02011854951185495,4.808333333333334,6.475975902432689,1.0,67.0,3.0,7.396808381892286,0.6957185150144342,0.1892116182572614,6.689470013947002,17.0,0.02390533619305462,0.08717354010717909,0.16430753491887268,0.041684307384461924,2886.0,0.10062761506276151,24.05,16.87717887167955,6.0,93.0,20.0,7.616836762913198,0.7305985916750293,0.5223776848753264,3.225139470013947,6.0,0.009349325504260276,0.056337245940949306,0.31377129673504356,0.03537951391393948,747.0,0.01665551839464883,4.98,3.944565882324695,1.0,26.0,3.0,7.896963131502935,0.7002121487044087,0.37535330695308083,4.250791527313266,9.0,0.010908696400380093,0.036424824541172594,0.24155298036312406,0.04093315897881781
57,DISGUST,0,0,60,60,30,2.0,8.0,618.0,0.021548117154811714,5.15,6.370701164968683,2.0,48.0,4.0,7.3861382682581045,0.7382913415063436,0.21627437794216545,4.24979079497908,11.0,0.013654583172180998,0.064026597496076,0.2447276927140835,0.04410601437501081,1956.0,0.06820083682008368,16.3,20.151344041196527,2.0,97.0,7.0,7.044280093672205,0.7352790670475308,0.4280538039056143,2.7438633193863318,5.0,0.0073271568041442525,0.016140441346411835,0.3778503744270588,0.0740764516973544,902.0,0.020111482720178372,6.013333333333334,5.771177426564607,1.0,48.0,4.0,7.797091597104265,0.718515879065002,0.3741332212649716,3.824459308807135,9.0,0.00947805137183602,0.03411398092161168,0.2698424165347554,0.04754298216509521
58,BASELINE,0,0,60,60,30,4.0,2.0,563.0,0.019630404463040447,4.691666666666666,4.92831247881959,1.0,38.0,3.0,7.4791148141161505,0.6760870687683055,0.26016422992189064,4.592224546722455,18.0,0.015093380448413673,0.06069696503621924,0.2307098413145508,0.04251806936834026,2702.0,0.09421199442119944,22.516666666666666,18.305501601673985,2.0,108.0,18.0,7.5118102965841125,0.6273670345880151,0.3558856724521856,2.505439330543933,5.0,0.006325375338419888,0.01744075639753499,0.408909341842927,0.06455128686577005,876.0,0.019531772575250836,5.84,6.234933840867921,1.0,69.0,3.0,7.73685490966287,0.7246219701317685,0.32082216264521896,3.6272463768115943,8.0,0.00881626300943488,0.044219744374476434,0.28368048212703484,0.04910327399991242
58,BASELINE,1,30,90,60,30,4.0,2.0,623.0,0.021722454672245466,5.191666666666666,6.180339571756735,2.0,46.0,3.0,7.3702299344827065,0.7149192143129369,0.23808200138985405,3.4753486750348674,8.0,0.010400624685020446,0.04399267239880225,0.2949310278958306,0.04556617074978456,2030.0,0.07078103207810321,16.916666666666668,11.345765240339185,2.0,53.0,15.5,7.576059297020014,0.6542984860719883,0.47238159051886597,4.153207810320781,9.0,0.013248772312272195,0.054254659861084416,0.24776454251390934,0.04055382065019685,886.0,0.019754738015607582,5.906666666666666,5.786013788054394,2.0,42.0,3.0,7.749144406602956,0.726418913171729,0.3483829650976625,3.735674470457079,7.0,0.009180115672674767,0.02745676678328278,0.2745033076878152,0.04567782203678331
58,BASELINE,2,60,120,60,30,4.0,2.0,557.0,0.019421199442119945,4.641666666666667,5.370126990015124,1.0,37.0,3.0,7.405347254121126,0.6489875460877204,0.23282929495354346,5.247559274755927,25.0,0.017846887709058512,0.059052126734058984,0.2135716170624353,0.04531679564618461,2655.0,0.09257322175732217,22.125,19.02763888838199,2.0,114.0,19.0,7.474023281841962,0.6711602534067898,0.389780273879015,2.8088214783821477,7.0,0.007600090245303143,0.022115339659836208,0.3700399104559471,0.06717694570131168,756.0,0.0168561872909699,5.04,3.9612792546516253,1.0,26.0,3.0,7.869180390133123,0.702931984756443,0.3921967455621302,4.421716833890747,8.0,0.011482271254666923,0.04250052891860268,0.23129338610002861,0.03656180692899906
58,BASELINE,3,90,150,60,30,4.0,2.0,595.0,0.020746164574616456,4.958333333333333,6.506914057796949,2.0,46.0,3.0,7.329671091445396,0.7063861577829408,0.21342119419042496,3.9709902370990235,13.0,0.012483152256718592,0.05305841973286766,0.2639509836992816,0.04955910901935147,2674.0,0.09323570432357044,22.283333333333335,13.867337724147182,3.0,82.0,19.0,7.63746118177748,0.7047069632014132,0.5818997849677452,3.4862273361227336,7.0,0.010446333345053505,0.04884484319357198,0.29369169163320874,0.04479142694476691,791.0,0.017636566332218506,5.273333333333333,4.262857674794639,1.0,24.0,3.0,7.849177076978286,0.7149639288076157,0.3856862102849656,4.3705908584169455,8.0,0.011310707578580352,0.03551518330630179,0.2346615647146378,0.039003130427661736
58,BASELINE,4,120,180,60,30,4.0,2.0,566.0,0.019735006973500696,4.716666666666667,4.911183383078076,2.0,40.0,3.0,7.483664183300848,0.7109510952315332,0.25630252100840334,4.737099023709902,12.0,0.015702096738276904,0.07128992998039921,0.21911590504660652,0.03984448705117882,2677.0,0.09334030683403069,22.308333333333334,15.231160950134067,1.0,83.0,18.0,7.600489939057505,0.6841999767429423,0.5127649297251446,3.0110529986053,7.0,0.008449802515148317,0.03693837239346078,0.33797537250828963,0.04566557748770112,790.0,0.017614269788182833,5.266666666666667,4.697753600274166,1.0,53.0,3.0,7.831252796805864,0.7025849133055891,0.3488998652896273,3.9964548494983276,8.0,0.010055217615766204,0.043275151489881064,0.25756173148681866,0.04543042812416567
58,BASELINE,5,150,210,60,30,4.0,2.0,579.0,0.020188284518828453,4.825,4.444401909518684,1.0,35.0,4.0,7.536123938130892,0.687198811502967,0.3075245365321701,8.126673640167365,30.0,0.029944006891459516,0.09642638039259674,0.13402988154146284,0.030786562095931187,2203.0,0.07681311018131101,18.358333333333334,12.102200787001053,1.0,60.0,15.0,7.614598539140966,0.7056331089072153,0.5480686541493479,3.7368200836820082,8.0,0.011499244049084074,0.05849803424418085,0.27328789501593465,0.04052757830075659,788.0,0.017569676700111482,5.253333333333333,3.8629637441851417,2.0,23.0,3.0,7.888926270717785,0.7167602896771694,0.44973166368515205,5.044191750278706,11.0,0.013571113255968801,0.05419848506285771,0.20358431536595475,0.03356169721222278
58,BASELINE,6,180,240,60,30,4.0,2.0,628.0,0.02189679218967922,5.233333333333333,5.373132750598626,2.0,42.0,4.0,7.498206855080014,0.7336224287795695,0.27535521803037727,6.5839958158995815,16.0,0.023462167293695723,0.0942056468594656,0.1570319288819491,0.02639405836496895,2508.0,0.08744769874476988,20.9,17.82058734535238,2.0,108.0,16.0,7.522179176889077,0.6727553132078835,0.384023722420414,2.994804741980474,6.0,0.008381532529329732,0.034810714413478404,0.34597882466961244,0.06279683728998968,771.0,0.017190635451505017,5.14,4.076812480357663,2.0,25.0,3.0,7.854936103394882,0.7104195851219071,0.41213720316622693,4.7159643255295425,9.0,0.01246967894473,0.04851920055967876,0.21653334415703032,0.0328216464670339
58,BASELINE,7,210,270,60,30,4.0,2.0,624.0,0.021757322175732216,5.2,5.506965286495518,2.0,49.0,4.0,7.4919899581228595,0.7368878055098924,0.2650159744408946,6.035146443514645,16.0,0.021156077493759008,0.085699602851798,0.1749030492190805,0.03456258077105535,2913.0,0.10156903765690377,24.275,17.822253177792458,3.0,106.0,19.0,7.5933020637738835,0.6641972905260133,0.44860077797499903,3.582287308228731,9.0,0.010849946673229952,0.044429927545263134,0.2936788176680698,0.06054417204626786,764.0,0.017034559643255294,5.093333333333334,3.84681108914326,2.0,23.0,3.0,7.886966332787641,0.7101076486766351,0.3910604077052553,4.534581939799331,8.0,0.01186101322080313,0.04207154045597003,0.22555509969749715,0.03558583796249985
58,BASELINE,8,240,300,60,30,4.0,2.0,566.0,0.019735006973500696,4.716666666666667,4.2331692881601395,1.0,30.0,4.0,7.55203445263516,0.6397069435585325,0.3307475317348378,20.43852859135286,55.0,0.08167448987963384,0.1662407407261365,0.050529330588877854,0.007988101299948789,2934.0,0.10230125523012552,24.45,15.051494942363698,2.0,68.0,20.5,7.635253171480797,0.7039204166820495,0.5712901612701587,3.344839609483961,9.0,0.009852267266739346,0.05215205432936868,0.3054726109022949,0.042063558345964404,772.0,0.017212931995540692,5.1466666666666665,4.44655172265231,1.0,32.0,3.0,7.827047894890464,0.6997520997930241,0.3648451435057564,4.308405797101449,9.0,0.011102032876179363,0.03748820806654417,0.23841106970053536,0.04038718038252335
58,ANGER,0,0,60,60,30,2.0,4.0,580.0,0.020223152022315203,4.833333333333333,6.735271998137038,2.0,67.0,3.0,7.368179227359457,0.7232418283825949,0.1788183122472936,4.183856345885634,8.0,0.013377547671788377,0.07755297382170757,0.24320053015283694,0.03309129672843019,1501.0,0.052336122733612274,12.508333333333333,15.595135904790599,2.0,90.0,4.0,7.058774879278258,0.7373421315108353,0.38078736089885706,3.142747559274756,8.0,0.00900314100535612,0.021747642469938166,0.3345257484723341,0.07219039214573489,713.0,0.015897435897435898,4.753333333333333,3.5617161905775454,1.0,25.0,3.0,7.915291731784394,0.7000650374679787,0.3727888185193274,4.468026755852843,9.0,0.011637673677358525,0.04198604888819392,0.2295503612650324,0.03820451060077906
58,ANGER,1,30,90,60,30,2.0,4.0,531.0,0.018514644351464434,4.425,3.966867992089813,2.0,31.0,4.0,7.555628626220137,0.5968015181794109,0.33827893175074186,27.806589958158995,73.0,0.11263273091663445,0.18324234830854585,0.03745639095022355,0.007411794350172099,710.0,0.024755927475592746,5.916666666666667,5.569385563556859,1.0,35.0,4.0,7.453299012611561,0.739024915225364,0.3689172327741578,3.589365411436541,7.0,0.010879686602674543,0.02985906377967122,0.286003259022815,0.04857530387103483,698.0,0.01556298773690078,4.653333333333333,3.235195340143913,1.0,21.0,3.0,7.951731064426059,0.6943988179290037,0.3837378640776699,4.700735785953177,11.0,0.01241857646293011,0.04273126099366912,0.2184766446475867,0.03645828286972495
58,ANGER,2,60,120,60,30,2.0,4.0,568.0,0.0198047419804742,4.733333333333333,4.133669341181298,2.0,36.0,4.0,7.5692125331404085,0.6634803957172882,0.33732917765523857,17.798849372384936,47.0,0.07058340072430647,0.15271333545725044,0.05935801683999709,0.012221643018688206,810.0,0.028242677824267783,6.75,7.516371021532487,1.0,40.0,3.0,7.281189234178916,0.7376520443728622,0.3690653143306811,3.3857043235704323,6.0,0.010023967746094254,0.022470488076135775,0.30352146191675344,0.053001435891985936,690.0,0.015384615384615385,4.6,3.0155154341063044,2.0,20.0,3.0,7.9740789056011225,0.7003048952251739,0.3898128898128898,5.026220735785953,12.0,0.013510807838207899,0.05302554766379909,0.20461541586858267,0.03390206689533636
58,LIKING,0,0,60,60,30,6.0,3.0,638.0,0.022245467224546723,5.316666666666666,6.188676936326716,2.0,53.0,4.0,7.4248894599166775,0.7303790630343838,0.24653061224489795,5.471234309623431,16.0,0.01878669877993038,0.06986558161069478,0.20353044921597224,0.049475330375196774,1201.0,0.04187587168758717,10.008333333333333,12.003121700439248,2.0,65.0,4.0,7.143684867252463,0.7551761301528167,0.379002419240074,3.0069386331938635,6.0,0.008432515265520435,0.019228600861699807,0.3424396734663767,0.06159288635273061,748.0,0.016677814938684504,4.986666666666666,3.7523089188154835,1.0,25.0,3.0,7.900525809022311,0.6978402464866861,0.38869257950530034,4.481739130434782,10.0,0.011683688357163697,0.04296486246343738,0.22895984907273714,0.03805267620066548
58,FEAR,0,0,60,60,30,3.0,6.0,585.0,0.020397489539748955,4.875,5.248908616718971,2.0,56.0,4.0,7.514021696195206,0.7230259190505595,0.2486990848734972,3.741910739191074,8.0,0.011520633357945682,0.06684035465081314,0.275600447332315,0.04630924532097934,1113.0,0.03880753138075314,9.275,11.523861115095063,2.0,76.0,4.0,7.139420466272538,0.7774735626487427,0.4064662371748986,3.1731171548117154,8.0,0.009130744347948385,0.023245769472208685,0.3272978053173084,0.06356713811783778,803.0,0.0179041248606466,5.3533333333333335,4.554319073387615,2.0,27.0,3.0,7.828364867780715,0.7149952136437039,0.4032087180263357,4.357725752508361,7.0,0.01126753608224282,0.04165641117170374,0.23448034695439238,0.03615352616320664
58,FEAR,1,30,90,60,30,3.0,6.0,667.0,0.023256624825662483,5.558333333333334,10.654651435979602,1.0,122.0,4.0,7.212184748068843,0.7604082519955472,0.11306487427233991,3.430020920502092,11.0,0.010210171934882743,0.048868312375745286,0.3094757541456892,0.06840975580006411,1460.0,0.05090655509065551,12.166666666666666,16.310698602110485,1.0,111.0,8.0,7.146065353335684,0.7253693669425229,0.2590818611594924,2.838214783821478,7.0,0.007723591528661674,0.021467878243546065,0.36547754447052766,0.06878617630616478,735.0,0.016387959866220735,4.9,3.955165398985652,1.0,36.0,3.0,7.883992128359484,0.6992407002182544,0.36140418185305967,4.176989966555184,8.0,0.010661040156225453,0.03612264393964394,0.24544412681051664,0.04054367066957042
58,FEAR,2,60,120,60,30,3.0,6.0,644.0,0.022454672245467225,5.366666666666666,7.337612387933527,2.0,68.0,4.0,7.359936453107978,0.7291014980269597,0.19993529602070528,5.254218967921897,24.0,0.017874869613117215,0.06873729372465605,0.21665584576313435,0.0512130221905291,1315.0,0.04585076708507671,10.958333333333334,10.789575086886208,2.0,69.0,8.0,7.4148089987081365,0.7209509112976905,0.3491594309994458,3.6590306834030684,7.0,0.01117239782942465,0.048181635036974826,0.2800058860625093,0.04461680347953977,735.0,0.016387959866220735,4.9,3.5697805721547278,1.0,21.0,3.0,7.914881672769704,0.703733956131015,0.39179573043114274,4.561828316610925,8.0,0.0119524440154729,0.044662037113237116,0.22397383363565182,0.03457135355175091
58,AMUSEMENT,0,0,60,60,30,6.0,3.0,567.0,0.01976987447698745,4.725,6.616850333303099,1.0,62.0,3.0,7.3526746799837,0.6923152248990537,0.17716535433070865,4.9255230125523015,17.0,0.016493794170387824,0.0622630113056289,0.22677911337035417,0.05377719015660384,1777.0,0.06195955369595537,14.808333333333334,17.605536928919705,2.0,99.0,6.0,7.117510894678356,0.7276453430489401,0.37410095250437375,2.8755230125523012,7.0,0.007880348792236558,0.019024992378474274,0.3626069108385605,0.0729926167718347,763.0,0.017012263099219622,5.086666666666667,4.20465879181124,2.0,40.0,3.0,7.871406752797099,0.7086484697456563,0.3608318890814558,4.091794871794872,8.0,0.010375150576492857,0.03966134614101924,0.2509895315838386,0.042675209328357236
58,AMUSEMENT,1,30,90,60,30,6.0,3.0,531.0,0.018514644351464434,4.425,6.724535299929654,1.0,75.0,4.0,7.3456261145238875,0.5523512624832956,0.1784679089026915,20.25428870292887,86.0,0.08090037270138183,0.13041358300282777,0.05804839351718539,0.018774249553536,819.0,0.028556485355648534,6.825,7.68186446552311,2.0,78.0,4.0,7.354412061117371,0.7586154052180192,0.3267802902463719,3.17639470013947,7.0,0.0091445155468045,0.03886561099453864,0.32345687440550297,0.05482637225853242,718.0,0.01600891861761427,4.786666666666667,3.415819407144093,1.0,21.0,3.0,7.9269979038355665,0.6896975752432409,0.3792794808682032,4.5203567447045705,9.0,0.011813277666793862,0.04096908986427252,0.22643311597279847,0.03623432760540291
58,AMUSEMENT,2,60,120,60,30,6.0,3.0,593.0,0.020676429567642957,4.941666666666666,5.989290210218756,1.0,74.0,4.0,7.446686874311198,0.6806773511715154,0.23306233062330622,8.692329149232915,32.0,0.03232071071106267,0.09630757621312998,0.13508682841181083,0.03834418375419233,1369.0,0.047733612273361224,11.408333333333333,13.915216990363064,2.0,98.0,8.0,7.253926728611925,0.7331401073319893,0.301000400160064,3.3117852161785217,7.0,0.009713383261254288,0.04725455710819482,0.3096146144843856,0.0489218836286609,720.0,0.016053511705685617,4.8,3.2700662582481925,2.0,19.0,3.0,7.9449434745310406,0.7050920429473061,0.40368663594470044,5.087982162764772,10.0,0.01371806094887508,0.05360124984190875,0.20161687254006413,0.03295027305160536
58,SADNESS,0,0,60,60,30,4.0,4.0,550.0,0.019177126917712693,4.583333333333333,5.113028022175857,1.0,63.0,4.0,7.50333849778356,0.6537647440757378,0.25430696945967113,16.187970711297073,47.0,0.06381500298864316,0.14534385985877413,0.06690263335716656,0.015302583647495075,2032.0,0.0708507670850767,16.933333333333334,19.132099263338098,2.0,103.0,8.0,7.164303747501554,0.7383971645918854,0.3894837551277179,2.8338912133891214,7.0,0.007705425266340846,0.020124622261887444,0.368429917911331,0.07225589856510811,773.0,0.017235228539576364,5.153333333333333,4.4094393697561545,1.0,39.0,3.0,7.838581419617742,0.6922699293310749,0.36379957564876775,4.174604236343367,9.0,0.010653034350145528,0.03759274242073116,0.24630418201093845,0.04269472926850745
58,SADNESS,1,30,90,60,30,4.0,4.0,637.0,0.022210599721059973,5.308333333333334,8.441263563919538,1.0,91.0,4.0,7.314114136211876,0.7292735398075632,0.1548472775564409,6.648988842398884,27.0,0.023735247236970104,0.07968240640448067,0.16813274520343366,0.04431212782427827,711.0,0.0247907949790795,5.925,5.637172015588431,1.0,33.0,3.0,7.4467366259703445,0.7498508481020225,0.3666438824333561,3.6357740585774057,8.0,0.011074680918392461,0.02884488762421998,0.2827068870658389,0.04893819865686803,753.0,0.016789297658862876,5.02,3.6650966335600668,1.0,25.0,3.0,7.9062207881657365,0.6993336782813563,0.40341134470448237,4.48479375696767,8.0,0.011693938781770703,0.044564042115804156,0.22806365653032146,0.03594676965333661
58,SADNESS,2,60,120,60,30,4.0,4.0,620.0,0.021617852161785217,5.166666666666667,6.121455890735653,2.0,58.0,4.0,7.4390514669794925,0.7390858854135672,0.22627118644067798,3.9368200836820084,8.0,0.012339580183537847,0.05754528144860108,0.26376941434322126,0.049963822482123624,761.0,0.026534170153417014,6.341666666666667,6.1596750906376725,2.0,38.0,3.0,7.411272199209546,0.7430531438262771,0.36795080064980273,3.619281729428173,8.0,0.011005385417765435,0.02859810364623995,0.2841270533192391,0.04940397108268588,736.0,0.01641025641025641,4.906666666666666,3.570894690254655,1.0,22.0,3.0,7.9089863434034156,0.6903262728556846,0.3840852130325815,4.665150501672241,9.0,0.012299162757289383,0.043935108637591244,0.21933974708918433,0.034865606247842816
58,NEUTRAL,0,0,60,60,30,7.0,3.0,620.0,0.021617852161785217,5.166666666666667,6.277384451788465,2.0,51.0,4.0,7.42105538190882,0.7191610641245663,0.22647702407002188,10.488389121338912,30.0,0.039867181182096284,0.11104284043252405,0.10594365748304421,0.02748195273230172,3935.0,0.1372036262203626,32.791666666666664,35.677816598304084,2.0,164.0,20.5,7.145175167266757,0.7250427061810372,0.4479339497352879,2.40976290097629,6.0,0.005923373533513824,0.015436155103513514,0.43795946056556334,0.09363362919098488,774.0,0.01725752508361204,5.16,4.241194800210589,1.0,31.0,3.0,7.851025875665484,0.6944993469594847,0.3654950996958432,4.193355629877369,8.0,0.010715958489521374,0.03395847130131485,0.24438356935703023,0.04032764104618932
58,NEUTRAL,1,30,90,60,30,7.0,3.0,645.0,0.022489539748953975,5.375,6.239741581187477,2.0,62.0,4.0,7.429275850468045,0.7476713105178981,0.2377902321857486,6.6334728033472805,15.0,0.023670053795576806,0.09126508436406207,0.15577604288200106,0.02764011583518733,925.0,0.03225244072524407,7.708333333333333,9.359839593829706,2.0,83.0,4.0,7.252231323785777,0.7627277675550762,0.3364636918291662,2.9900627615062763,6.0,0.008361608241623008,0.03421734020974804,0.3432080406939119,0.05720481235432323,736.0,0.01641025641025641,4.906666666666666,3.479169760477666,2.0,21.0,3.0,7.9204884071432975,0.7038254506644599,0.4009806011511405,4.638528428093646,8.0,0.012209826939911548,0.04308273751848079,0.22077963219349775,0.035709974637931206
58,NEUTRAL,2,60,120,60,30,7.0,3.0,650.0,0.022663877266387727,5.416666666666667,6.705201132122901,2.0,66.0,4.0,7.415454102797806,0.7411258318794507,0.22138882167916768,6.070397489539749,21.0,0.021304191132519953,0.07693736015414165,0.17739977867659298,0.042443236066286645,761.0,0.026534170153417014,6.341666666666667,7.2720880006287665,1.0,73.0,4.0,7.405749104421073,0.7710996617555459,0.2944962059360292,3.25697350069735,7.0,0.009483081935703162,0.049567642287139245,0.3158508993091677,0.05384274422873978,765.0,0.01705685618729097,5.1,3.7072002014098637,1.0,20.0,3.0,7.898312781552912,0.7028577143817082,0.4103501346671797,4.862653288740245,9.0,0.012961923787718958,0.051439733534477415,0.2099761036061685,0.03173878995685964
58,DISGUST,0,0,60,60,30,3.0,4.0,630.0,0.021966527196652718,5.25,7.2321619635256145,1.0,74.0,4.0,7.368423222020159,0.7346622457708223,0.19097610006700916,6.490725244072524,19.0,0.023070274134758505,0.08666380306043672,0.16540100507250635,0.038098429923532885,684.0,0.02384937238493724,5.7,6.5154943532065674,2.0,86.0,4.0,7.435019054371129,0.7410380268073405,0.2722349259838729,3.40826359832636,8.0,0.010118754614816634,0.052547912536278794,0.3046213062889335,0.05770334193875355,823.0,0.01835005574136009,5.486666666666666,4.929823075482076,1.0,41.0,3.0,7.8145423567488255,0.7129105427288078,0.3605887162714636,3.9527759197324417,8.0,0.009908644025947795,0.03293741728786653,0.2595888256142107,0.043575385028804335
59,BASELINE,0,0,60,60,30,6.0,2.0,619.0,0.021582984658298467,5.158333333333333,4.524002345514669,2.0,28.0,3.0,7.529852367187741,0.7067867637982924,0.3345924453280318,3.954218967921897,7.0,0.012412684739167639,0.04978982005300904,0.258376162698443,0.03926988741410497,2983.0,0.10400976290097629,24.858333333333334,22.297718804597228,2.0,148.0,20.0,7.5037110837047685,0.6330531879811648,0.3463602176837471,2.495536959553696,7.0,0.006283768737620576,0.031271708651964124,0.4127979072891451,0.0668942579996046,941.0,0.020981047937569677,6.273333333333333,5.6384355592270055,1.0,49.0,4.0,7.808559353443199,0.7102894583805313,0.4716884184564793,4.151661092530658,9.0,0.010576043934666641,0.042516580000957045,0.24811541308283472,0.04325599643075739
59,BASELINE,1,30,90,60,30,6.0,2.0,552.0,0.019246861924686193,4.6,4.142060678776526,2.0,29.0,3.0,7.545667727156781,0.6505586333200883,0.3166089965397924,8.003277545327755,33.0,0.029425535904738474,0.0818026482730804,0.14399939349542343,0.03530022742496534,3155.0,0.11000697350069735,26.291666666666668,23.080437543994314,2.0,125.0,21.0,7.444885234041867,0.645522461642953,0.39167826328973004,2.6530334728033473,6.0,0.006945518793291374,0.03946519417275791,0.3856089710388241,0.05596860627703003,792.0,0.01765886287625418,5.28,4.0638569528630475,1.0,27.0,4.0,7.8984587460603715,0.7118180492690812,0.4162263507755241,4.605440356744705,10.0,0.01209879314343861,0.04673922792016462,0.22257677513269716,0.03611434383545224
59,BASELINE,2,60,120,60,30,6.0,2.0,618.0,0.021548117154811714,5.15,5.666642156809739,2.0,47.0,4.0,7.452855579863351,0.7269303234081061,0.2636335306949205,4.481032078103208,16.0,0.014626185202114327,0.05584047736912496,0.2420294479082716,0.050962573449066025,1504.0,0.05244072524407253,12.533333333333333,13.663475237126006,1.0,95.0,9.0,7.318945913485381,0.7049068787597307,0.32332888877707616,3.2320781032078103,7.0,0.009378479425242902,0.03207196308194225,0.3217198426517411,0.06259574173051809,737.0,0.016432552954292086,4.913333333333333,3.3733003950961074,2.0,22.0,4.0,7.960034407937964,0.6963617527696474,0.39925942060553254,4.8561872909699,11.0,0.012940225808623822,0.04676480470335953,0.21165563115416888,0.035837239303517766
59,BASELINE,3,90,150,60,30,6.0,2.0,616.0,0.021478382147838215,5.133333333333334,6.236229273812466,2.0,53.0,4.0,7.403252872666226,0.7281927317159076,0.2295854706779426,3.686331938633194,8.0,0.011287108985853762,0.06022535871094932,0.2798058614914263,0.04613395631285151,2012.0,0.0701534170153417,16.766666666666666,13.156261711528174,1.0,67.0,14.0,7.5127714453318655,0.6729957882606848,0.4190844493551521,3.148082287308229,8.0,0.009025555829026168,0.036818633802526375,0.3287128735491123,0.05710301264287574,883.0,0.01968784838350056,5.886666666666667,5.0352579101990615,2.0,36.0,4.0,7.826463827466915,0.7128452298849055,0.5347376201034738,4.925574136008919,11.0,0.01317306757049971,0.05502424471542059,0.20912617800343827,0.035651047529822545
59,BASELINE,4,120,180,60,30,6.0,2.0,551.0,0.019211994421199443,4.591666666666667,4.903223146280641,2.0,53.0,3.0,7.5107937553125295,0.6741144072137892,0.2590460526315789,13.885739191073919,33.0,0.05414176130703328,0.1410993901632563,0.07646258119368714,0.016729647000483273,1678.0,0.058507670850767086,13.983333333333333,13.426021583311847,2.0,73.0,10.0,7.355526281749003,0.6999603924356548,0.3978625883870373,3.1199442119944214,7.0,0.0089073286218253,0.027863679050046903,0.33353759474921946,0.06272696394419247,965.0,0.021516164994425865,6.433333333333334,5.747366546708347,1.0,37.0,4.0,7.779009407269441,0.7223251479034161,0.5342223965483428,4.145707915273133,8.0,0.010556066829775614,0.041527750453073504,0.24739532066116,0.04044779108857569
59,BASELINE,5,150,210,60,30,6.0,2.0,563.0,0.019630404463040447,4.691666666666666,4.817149629766088,2.0,53.0,4.0,7.524235869387411,0.6855169788955126,0.27082048118445406,10.022977684797768,28.0,0.03791167094452844,0.10904882226400175,0.1130955906885253,0.030899721032625557,3195.0,0.11140167364016737,26.625,27.394209394201056,2.0,158.0,19.0,7.377581759346815,0.6180673974404992,0.28693907226988513,2.3065550906555092,7.0,0.005489727271661804,0.016289970144155792,0.44713939112048234,0.07034843583198318,863.0,0.01924191750278707,5.753333333333333,5.041741321761317,2.0,29.0,4.0,7.812510741821487,0.6987684220568637,0.39115603284902084,4.331683389074693,9.0,0.011180145600921794,0.03076614297101597,0.23836929259667428,0.043581044905359384
59,BASELINE,6,180,240,60,30,6.0,2.0,591.0,0.020606694560669457,4.925,7.634529564201495,1.0,99.0,4.0,7.324577398704713,0.6900556383446749,0.1645909383723427,7.067433751743375,28.0,0.02549341912497217,0.0851626728836498,0.16789780584401506,0.04550797593834928,2289.0,0.07981171548117155,19.075,13.162232903272908,2.0,83.0,17.0,7.6147024833679255,0.6717119657021751,0.4497852420249988,3.443688981868898,7.0,0.010267600764155043,0.05569889033255919,0.29481520218133983,0.036272305889305856,856.0,0.019085841694537347,5.706666666666667,4.7512056949321355,2.0,35.0,4.0,7.838725687201892,0.6995194894372913,0.4252191503708699,4.6755852842809364,11.0,0.012334178806311862,0.049235533229532585,0.2197431560387429,0.0369505384645774
59,BASELINE,7,210,270,60,30,6.0,2.0,569.0,0.01983960948396095,4.741666666666666,7.981223625206574,2.0,118.0,3.0,7.351274353972197,0.7186365694098745,0.13107541184897165,3.2383542538354253,6.0,0.009404849806031202,0.06471957895218527,0.3223568611673328,0.06251160370116601,2255.0,0.07862622036262204,18.791666666666668,17.015138276122105,2.0,114.0,15.5,7.489711366115521,0.6868150034685068,0.37200448825839544,2.8921199442119945,7.0,0.007950083799210061,0.0470880187166855,0.35325116186842415,0.04960636824991742,959.0,0.02138238573021182,6.3933333333333335,5.644934799347897,1.0,31.0,4.0,7.7901504977508935,0.7074092295071615,0.501306270096463,4.47654403567447,10.0,0.011666255153270055,0.045462816132590955,0.22893842331228995,0.03692040367702225
59,BASELINE,8,240,300,60,30,6.0,2.0,564.0,0.019665271966527197,4.7,5.730910340716676,1.0,51.0,3.0,7.4289030557305695,0.6649466750549237,0.21997345719973457,5.7293584379358435,28.0,0.019871253940906906,0.0709169244710472,0.20071334372806712,0.04802730835980133,2960.0,0.10320781032078104,24.666666666666668,18.602568520383294,2.0,94.0,19.0,7.55810268888167,0.6898198755599364,0.4628248790105754,3.036889818688982,7.0,0.008558360582726817,0.03913589155517138,0.3388900601984199,0.05429920926620949,905.0,0.020178372352285395,6.033333333333333,5.21205866770085,2.0,29.0,4.0,7.81076068936814,0.707782454915778,0.5252607184241019,4.648428093645485,11.0,0.012243047294112368,0.04664722445774985,0.22087617601267615,0.03625874686564965
59,ANGER,0,0,60,60,30,5.0,1.0,625.0,0.02179218967921897,5.208333333333333,7.646236365399358,2.0,78.0,4.0,7.340973539769719,0.747962004353721,0.16794526228488493,3.7506624825662485,8.0,0.011557405388933824,0.05584874563101355,0.27750139669025053,0.05173213219322813,1284.0,0.04476987447698745,10.7,13.254307475936518,1.0,113.0,6.0,7.174747725155116,0.7550632983638421,0.4067569179389313,2.8427126917712693,6.0,0.007742490301559951,0.039064058008280715,0.3628224452051991,0.06373806315700253,817.0,0.01821627647714604,5.446666666666666,4.352067197193638,1.0,37.0,4.0,7.892000418400306,0.6849548564771991,0.3827618164967563,4.1958751393534,8.0,0.010724413219306717,0.0336072787092079,0.24500991112829676,0.04204531042072893
59,ANGER,1,30,90,60,30,5.0,1.0,610.0,0.021269177126917713,5.083333333333333,5.690025385610234,1.0,41.0,4.0,7.443085679745155,0.7270592358703383,0.2512547051442911,3.918410041841004,9.0,0.01226222706655884,0.06212991531992434,0.26323335637352563,0.044410617619868975,926.0,0.03228730822873082,7.716666666666667,9.354752208844918,1.0,98.0,5.0,7.28325481885633,0.7469686626180632,0.32456192811434725,3.130160390516039,7.0,0.008950253741664024,0.04378971781371515,0.32917989072116605,0.0570344441247174,774.0,0.01725752508361204,5.16,3.467140993191172,1.0,25.0,4.0,7.97101693337253,0.6988350457591944,0.41688234123034046,4.424392419175028,8.0,0.01149124972877525,0.039934175834378395,0.2315735565463326,0.037660178395949005
59,ANGER,2,60,120,60,30,5.0,1.0,631.0,0.02200139470013947,5.258333333333334,5.58568980122917,2.0,38.0,4.0,7.465387879665418,0.7426765544934717,0.2682320012439745,3.9991283124128314,8.0,0.012601379463919454,0.06540842579287183,0.25649065068821936,0.04002695165482556,911.0,0.03176429567642957,7.591666666666667,7.4004457448333625,2.0,45.0,5.0,7.373083681411268,0.7420043885110398,0.4419972966526199,3.8206415620641563,8.0,0.011851435134723342,0.04430609979958837,0.26851167376770435,0.044156162380686266,757.0,0.016878483835005575,5.046666666666667,3.819837111128635,1.0,29.0,4.0,7.9239421958918,0.6808541740764181,0.39242193450114243,4.333422519509476,8.0,0.011185981609092198,0.036683141277243425,0.23712341564609668,0.0404797175782663
59,ENTHUSIASM,0,0,60,60,30,5.0,1.0,589.0,0.020536959553695954,4.908333333333333,5.587181509690036,1.0,47.0,4.0,7.453566723634383,0.7021124978553741,0.24404761904761904,7.02618549511855,20.0,0.02532010712234685,0.08888030388984945,0.15759602990935384,0.04012542877971094,1439.0,0.050174337517433755,11.991666666666667,11.54988876810316,2.0,75.0,8.0,7.351524113564317,0.7172295336273721,0.4275883739198743,3.1559274755927476,7.0,0.00905851880501154,0.03443006729862793,0.328186699702749,0.06012686260783999,931.0,0.02075808249721293,6.206666666666667,6.021956123682367,1.0,49.0,4.0,7.761359384014185,0.706343422680118,0.38291046952464275,3.7576142697881827,7.0,0.009253739160363029,0.030566469700194384,0.27332550204151757,0.04630128404967668
59,ENTHUSIASM,1,30,90,60,30,5.0,1.0,616.0,0.021478382147838215,5.133333333333334,5.117670911220803,2.0,42.0,4.0,7.510698391297733,0.7331072119602955,0.2794867287748286,4.267119944211994,8.0,0.013727394723579795,0.061545510452903726,0.24273443536676698,0.044844617492906615,942.0,0.03284518828451883,7.85,8.50308767448625,2.0,50.0,4.0,7.293677349469444,0.728312117932745,0.3852865357921872,3.255718270571827,6.0,0.009477807859545495,0.025509192295825503,0.31585717129143015,0.05484311920503212,755.0,0.016833890746934223,5.033333333333333,3.7048016890996416,2.0,27.0,4.0,7.932036710161984,0.6935304848879669,0.3961598746081505,4.762965440356744,9.0,0.012627400806566262,0.044525740011733934,0.21608435627182218,0.03790475626870871
59,ENTHUSIASM,2,60,120,60,30,5.0,1.0,661.0,0.02304741980474198,5.508333333333334,6.080016218911116,2.0,62.0,4.0,7.470281225456883,0.7465949737490901,0.25161812297734626,5.632112970711297,17.0,0.01946265954080377,0.07114214208521821,0.19058815876389434,0.044687876428190644,1162.0,0.040516039051603905,9.683333333333334,10.701233054601179,2.0,74.0,7.0,7.317835974668675,0.7465268888087422,0.3557401812688822,3.305334728033473,8.0,0.00968628036988854,0.05381798885479822,0.3109654619280854,0.049476415066051285,787.0,0.01754738015607581,5.246666666666667,4.019015910504572,1.0,27.0,4.0,7.905742782547153,0.6913029548212615,0.39444926279271464,4.314693422519509,9.0,0.01112313229033393,0.03822954074266165,0.23791897310034377,0.04003042009517807
59,LIKING,0,0,60,60,30,8.0,3.0,565.0,0.019700139470013946,4.708333333333333,4.436394619758506,2.0,49.0,4.0,7.5559945886810285,0.6779196711707216,0.3069329145164909,13.820048814504881,40.0,0.05386575132144908,0.1351447692830579,0.07857420135116618,0.01861716985343711,2302.0,0.08026499302649931,19.183333333333334,23.02461846710072,2.0,114.0,11.0,7.126570908084025,0.7309721850993791,0.38065305193697024,2.7390167364016738,6.0,0.007306793010091065,0.024321233261985986,0.38092630123114024,0.07651649606595097,975.0,0.021739130434782608,6.5,7.139327699440614,2.0,89.0,4.0,7.741842057742109,0.7288253827044964,0.3191881918819188,3.50644370122631,8.0,0.008410884903443999,0.03884168716862443,0.294412842287852,0.0537842565221364
59,LIKING,1,30,90,60,30,8.0,3.0,593.0,0.020676429567642957,4.941666666666666,5.791223004589695,1.0,72.0,4.0,7.468337359144794,0.7143710692408994,0.2310594152782144,6.05160390516039,22.0,0.021225226492270547,0.08370044406384619,0.18231308670187724,0.04317122775547799,1745.0,0.06084379358437936,14.541666666666666,17.093320251555056,1.0,112.0,9.0,7.140187382606946,0.7281402875333413,0.40502964628910243,2.757112970711297,6.0,0.00738282760803066,0.03443780564226053,0.3734215787867656,0.06292849845452564,736.0,0.01641025641025641,4.906666666666666,3.328356284347509,1.0,25.0,4.0,7.969493540587134,0.679743604446236,0.40665638086841527,4.8126644370122635,11.0,0.012794175963128413,0.048524167102046,0.213659984713548,0.03666764014581851
59,FEAR,0,0,60,60,30,7.0,3.0,586.0,0.020432357043235705,4.883333333333334,5.031042525052724,2.0,40.0,3.0,7.48760485343448,0.717847728976734,0.26312817617165446,3.831276150627615,7.0,0.011896118279947961,0.05680697629659489,0.2659302096627174,0.03795040726537519,1703.0,0.05937935843793584,14.191666666666666,12.71468693633032,2.0,61.0,11.0,7.394324668548753,0.7049727843343444,0.43855249014690073,3.378451882845188,7.0,0.00999349530607221,0.04289797676013471,0.3050566775005478,0.05311624704904584,837.0,0.01866220735785953,5.58,5.620521921197947,2.0,61.0,4.0,7.776686401779659,0.7062077190388565,0.34227718152123193,3.8455964325529544,10.0,0.009548981317291795,0.035161120644412146,0.26866704305614336,0.04929486396509744
59,FEAR,1,30,90,60,30,7.0,3.0,608.0,0.021199442119944213,5.066666666666666,5.358378693431645,1.0,46.0,4.0,7.475790055323955,0.7178429600961912,0.26765799256505574,3.8131799163179916,8.0,0.011820083682008365,0.053277699950569586,0.2687430136074493,0.042966630805249054,1737.0,0.06056485355648535,14.475,14.088389131953068,2.0,69.0,11.0,7.328374214538872,0.6956691334379973,0.38840420125359987,3.1531380753138074,7.0,0.009046798635772308,0.0277159800249582,0.3284810971609863,0.06136229791213226,756.0,0.0168561872909699,5.04,3.7137223015908627,1.0,23.0,3.0,7.915314855290068,0.6964286013787292,0.39351942221354674,4.574760312151617,9.0,0.011995839973663141,0.04114456406325435,0.22439601922193622,0.03747464508484727
59,FEAR,2,60,120,60,30,7.0,3.0,603.0,0.02102510460251046,5.025,4.154239802097772,2.0,26.0,4.0,7.580884241449931,0.7230573889932401,0.3401511783014673,4.387587168758717,10.0,0.014233559532599657,0.059623636134862615,0.23536812534865556,0.040300882112936226,1677.0,0.05847280334728033,13.975,15.337026276302717,2.0,90.0,10.0,7.285952097229233,0.7244628548525455,0.3809866762693554,2.9100069735006975,5.0,0.008025239384456711,0.027448622552032502,0.3537385529439444,0.059732367272488214,738.0,0.016454849498327758,4.92,3.4833317384366365,2.0,21.0,4.0,7.936538521493745,0.7045389418802731,0.40420114576702737,4.876833890746934,10.0,0.013009509700493064,0.05233827468092295,0.20942902889015869,0.03188723446064903
59,AMUSEMENT,0,0,60,60,30,2.0,4.0,573.0,0.01997907949790795,4.775,5.245573530765409,1.0,48.0,3.0,7.463224062492618,0.6601133246047045,0.26020128087831657,7.828591352859135,34.0,0.028691560306130834,0.07454768576490087,0.15104938949800512,0.04117867671159754,1983.0,0.06914225941422594,16.525,14.904955831311051,1.0,90.0,12.0,7.378707908953009,0.7220541084949711,0.48526416572373576,2.8943863319386334,5.0,0.007959606436716945,0.03737118409350016,0.35412572063755676,0.0565924621432799,816.0,0.01819397993311037,5.44,5.068175214019341,1.0,47.0,4.0,7.828865328445903,0.7063937039553084,0.33547351524879615,3.8053288740245264,7.0,0.0094138552819615,0.030833096856215752,0.269919487563671,0.04580696528105731
59,AMUSEMENT,1,30,90,60,30,2.0,4.0,655.0,0.02283821478382148,5.458333333333333,6.602267076963455,1.0,56.0,4.0,7.384386152631482,0.6793882348452136,0.24107471475892528,5.063598326359832,26.0,0.01707394254773039,0.051516164222180444,0.2255898938109255,0.05260608670766238,2268.0,0.0790794979079498,18.9,21.633654337628677,1.0,96.0,9.0,7.128344467419705,0.7178817729462946,0.46584813815769077,2.8517782426778244,7.0,0.007780580851587496,0.028457422908978666,0.3671241137431466,0.07582640584925213,865.0,0.019286510590858418,5.766666666666667,5.249656073390798,1.0,41.0,4.0,7.798468049798973,0.70179719705889,0.37931452101247426,4.16711259754738,9.0,0.010627894622642228,0.04806835505264559,0.24596334781578322,0.03972102179977853
59,AMUSEMENT,2,60,120,60,30,2.0,4.0,659.0,0.02297768479776848,5.491666666666666,5.523428635267129,1.0,39.0,4.0,7.486096509845135,0.7238217525510865,0.29859537834164024,7.564853556485356,21.0,0.02758341830456033,0.09799908549302307,0.1389955918148436,0.02693745360043035,1433.0,0.04996513249651325,11.941666666666666,10.17046035776596,1.0,58.0,9.0,7.446253487443196,0.7148651626131205,0.44307988039299445,3.5897140864714085,7.0,0.010881151623829447,0.052665009303992545,0.28432334706993234,0.04126474114042695,864.0,0.019264214046822742,5.76,5.423012692836581,1.0,58.0,4.0,7.80191289874229,0.70634876227832,0.3579305490380103,3.829855072463768,8.0,0.009496157961287811,0.03747132729250222,0.26865484816085256,0.04684954195457038
59,SADNESS,0,0,60,60,30,4.0,3.0,583.0,0.020327754532775452,4.858333333333333,5.464729077354969,1.0,45.0,4.0,7.4403402439785795,0.6597679351350172,0.2602434424824276,7.395153417015342,34.0,0.02687039250846782,0.07152807022778043,0.16157223696487436,0.04317290811485242,1632.0,0.05690376569037657,13.6,16.566482225666782,2.0,91.0,7.0,7.109411577439875,0.7293539564086932,0.4039852702020674,3.2070432357043237,7.0,0.00927329090632069,0.029395483329979592,0.3254654853895359,0.06872124018863487,895.0,0.019955406911928653,5.966666666666667,6.204210040143887,1.0,66.0,4.0,7.746237194159546,0.6942054395455651,0.33555142381837755,3.715072463768116,8.0,0.009110981422040662,0.03428576388303169,0.27743354069770165,0.04999061134212404
59,SADNESS,1,30,90,60,30,4.0,3.0,649.0,0.022629009762900977,5.408333333333333,5.917482338141976,1.0,42.0,4.0,7.442066577856855,0.7308799354477888,0.2658926801642362,3.785983263598326,12.0,0.011705812031925729,0.04658625903681019,0.2763507180947264,0.05024173689108076,1427.0,0.049755927475592744,11.891666666666667,18.079129695744637,1.0,123.0,7.5,7.037938351582037,0.7034192209783269,0.2044919200219118,2.763284518828452,6.0,0.007408758482472489,0.02108404335772747,0.3753147791386572,0.07345126399427489,750.0,0.016722408026755852,5.0,3.409789827345179,2.0,25.0,4.0,7.96408277289625,0.7043530210530211,0.40029510961214165,4.709253065774805,9.0,0.01244715793884163,0.04744892290606953,0.21741723389109513,0.03457441681926258
59,SADNESS,2,60,120,60,30,4.0,3.0,721.0,0.025139470013947,6.008333333333334,7.672457052484701,2.0,66.0,4.0,7.3627521356118875,0.7697746869739163,0.22313817330210772,3.983089260808926,11.0,0.012533988490793816,0.05098846065398903,0.2694924606923175,0.058025252924364716,1509.0,0.05261506276150628,12.575,12.284246347795754,1.0,73.0,10.0,7.36775770188021,0.7032611207028512,0.3864792691496838,3.717852161785216,8.0,0.011419546898257223,0.050342299438161646,0.2765816223428324,0.04600654252670924,745.0,0.01661092530657748,4.966666666666667,3.62015960360252,1.0,25.0,4.0,7.932192005385313,0.6862205957555803,0.39321276163381425,4.626086956521739,9.0,0.012168077035307853,0.038748501864877605,0.22220370680778218,0.03788674426485892
59,NEUTRAL,0,0,60,60,30,8.0,4.0,619.0,0.021582984658298467,5.158333333333333,5.452821644698173,1.0,41.0,4.0,7.461075024497799,0.7309534843958759,0.2622924128948225,3.6984309623430964,8.0,0.011337945219928976,0.05956403235532727,0.27611253894424487,0.040949307060633953,1078.0,0.03758716875871688,8.983333333333333,8.496061178896698,2.0,70.0,6.0,7.434243501199135,0.7601106357492863,0.43102849200833915,3.525557880055788,8.0,0.010611587731326836,0.04933114078062614,0.2912382104777474,0.046492235985422056,901.0,0.0200891861761427,6.006666666666667,5.782729075060974,1.0,46.0,4.0,7.77120256078893,0.7120028252005997,0.3684265770966726,3.8003790412486063,8.0,0.009397245104861097,0.03309693731569697,0.270552701326352,0.04635457715011389
59,NEUTRAL,1,30,90,60,30,8.0,4.0,597.0,0.02081589958158996,4.975,4.92436544135384,1.0,34.0,4.0,7.4921899662446965,0.6810052430937229,0.29585462805224305,7.106415620641562,27.0,0.025657208490090597,0.07428913452108199,0.1643343057949327,0.04273928402079919,957.0,0.033368200836820086,7.975,8.454744723132292,2.0,72.0,5.0,7.338674582304292,0.759587952389144,0.382744378155117,3.3271617852161786,7.0,0.009777990694185628,0.04137377850647415,0.3078507858003917,0.048089929122636155,802.0,0.017881828316610924,5.346666666666667,4.475841323768701,2.0,36.0,3.0,7.859516578921674,0.7024254541754541,0.37898628870744105,4.211772575250836,7.0,0.010777760319633687,0.03953853651440721,0.2439188595861315,0.04176206153920171
59,NEUTRAL,2,60,120,60,30,8.0,4.0,578.0,0.0201534170153417,4.816666666666666,5.163143960374876,2.0,57.0,3.0,7.495790163421692,0.7040146167185642,0.25975948196114707,5.470153417015342,17.0,0.018782157214350174,0.07957430469788415,0.1980588713008949,0.04502549571829235,1003.0,0.0349721059972106,8.358333333333333,7.977881750328355,2.0,49.0,6.0,7.37272717203602,0.7437372349575584,0.42169396723931285,3.597036262203626,8.0,0.010911917068082462,0.038872498418472796,0.2863700321368429,0.0501004420977833,898.0,0.020022296544035676,5.986666666666666,6.6251909825721675,1.0,86.0,3.5,7.7344044991724585,0.7147104281646995,0.31459048996564815,3.4812931995540692,7.0,0.00832648724682573,0.04400324164580843,0.29580250402295294,0.05227994537595255
59,AWE,0,0,60,60,30,7.0,3.0,737.0,0.025697350069735007,6.141666666666667,9.14949528055449,2.0,81.0,4.0,7.245470491226759,0.7699568232799403,0.19147090711962414,4.490829846582985,15.0,0.014667352296567161,0.059365754138909016,0.24529325432990412,0.05933855032352315,2158.0,0.07524407252440725,17.983333333333334,23.882344710871436,2.0,160.0,11.5,7.180960843621471,0.7121349026165472,0.25696995071079226,2.5962691771269175,7.0,0.006707013349272761,0.022092909242248805,0.403017581883818,0.07777080274852648,941.0,0.020981047937569677,6.273333333333333,7.482777262190526,1.0,89.0,4.0,7.698963753046019,0.7182642502557535,0.2894244442781229,3.3567447045707914,7.0,0.007908539277083192,0.033195157395667085,0.30658536601717173,0.05335746580602294
59,AWE,1,30,90,60,30,7.0,3.0,622.0,0.021687587168758717,5.183333333333334,6.353454878165806,2.0,46.0,4.0,7.392564770100101,0.7016281752316889,0.23408541498791297,8.452022315202232,31.0,0.03131101813110182,0.09242865763881497,0.13552798166106422,0.03447729254722608,2347.0,0.08183403068340307,19.558333333333334,16.308635664034625,1.0,98.0,15.0,7.493695465928512,0.702822123104751,0.42623189749976814,3.4384937238493722,8.0,0.010245771948946946,0.055240236850743744,0.29587369729354535,0.038571649523825205,933.0,0.020802675585284282,6.22,7.108558222312032,2.0,90.0,4.0,7.722587254931112,0.707344338453094,0.3043373493975904,3.4255964325529544,7.0,0.008139585344137439,0.04110945289910369,0.30097637505921987,0.05394080718898712
59,DISGUST,0,0,60,60,30,2.0,4.0,629.0,0.021931659693165968,5.241666666666666,7.128576100612397,2.0,86.0,4.0,7.383240136207859,0.7470567500494961,0.19062286105407256,3.333786610878661,7.0,0.009805826096128841,0.061365891986924395,0.3090475483268804,0.05290188277590089,1072.0,0.03737796373779637,8.933333333333334,10.936737274993042,1.0,88.0,4.5,7.1942013818278925,0.748823370656464,0.3474057222854143,3.0533821478382146,6.0,0.008627656083353844,0.0264339340231857,0.33779781840583734,0.06183733721281294,816.0,0.01819397993311037,5.44,5.002639303407752,1.0,54.0,4.0,7.842004027456469,0.6961759386133551,0.3505490036600244,4.011125975473801,9.0,0.010104449582126852,0.033025379489640364,0.2574708253674196,0.046996329499890695
60,BASELINE,0,0,60,60,30,5.0,1.0,590.0,0.020571827057182707,4.916666666666667,4.521399734103982,2.0,34.0,4.0,7.5398684525637165,0.6875864373212243,0.31801007556675065,14.216317991631799,42.0,0.05553074786399915,0.1336536228778609,0.07476270355454714,0.016700515784811052,1995.0,0.06956066945606694,16.625,17.396868731661645,1.0,109.0,12.0,7.330741388435209,0.720930386291631,0.3801896577270707,2.9576359832635983,7.0,0.008225361274216803,0.0354626489492522,0.3521196427916985,0.06585500280447303,948.0,0.021137123745819397,6.32,7.148258529180376,2.0,85.0,3.0,7.7025771020391876,0.7390935700223485,0.32223796033994334,3.519777034559643,7.0,0.008455627632750484,0.039630411749894644,0.2928210493488075,0.05238919926682089
60,BASELINE,1,30,90,60,30,5.0,1.0,551.0,0.019211994421199443,4.591666666666667,5.700140105490585,2.0,65.0,3.0,7.434062684455114,0.6980959806475258,0.20210956107519565,5.742991631799163,12.0,0.01992853626806371,0.08888645661173761,0.1832712191576342,0.038572216235444955,1467.0,0.05115062761506276,12.225,11.924388523805598,2.0,67.0,9.0,7.360870940327878,0.7321627882767606,0.39994035192365046,3.323152022315202,8.0,0.009761142950904212,0.046464719332262316,0.30890285848805427,0.04922654817065449,760.0,0.0169453734671126,5.066666666666666,4.029336863003087,1.0,23.0,3.0,7.86539677390027,0.6951565697704478,0.38382193268186754,4.435540691192865,10.0,0.01152866003755995,0.03779248527045962,0.2314880737130117,0.03899116367163283
60,BASELINE,2,60,120,60,30,5.0,1.0,545.0,0.01900278940027894,4.541666666666667,5.508169437803776,2.0,50.0,4.0,7.439817753620319,0.6243827060454443,0.23209477652127086,19.657775453277544,58.0,0.07839401450956952,0.15414343064469954,0.05503706827961562,0.01317861743098021,1832.0,0.06387726638772664,15.266666666666667,12.800868026123158,1.0,66.0,12.0,7.451931551708426,0.6866857336171189,0.4389301310043668,3.33476290097629,7.0,0.00980992815536257,0.03736501744978966,0.3090354897914552,0.054330953889376775,747.0,0.01665551839464883,4.98,3.7048976594052725,1.0,24.0,3.0,7.901050420937956,0.6981477689737213,0.39288553259141495,4.722920847268673,11.0,0.012493022977411661,0.0460352040600872,0.21750365279231357,0.0361900686621221
60,BASELINE,3,90,150,60,30,5.0,1.0,552.0,0.019246861924686193,4.6,5.316483800407935,2.0,73.0,4.0,7.514231722696904,0.6678574426459093,0.23703290574456218,13.936680613668061,38.0,0.05435580089776497,0.1341383469012892,0.08073404957130095,0.022342502330076463,1386.0,0.04832635983263598,11.55,12.011695689341007,2.0,61.0,6.0,7.279753869638977,0.7178004711876992,0.4162387274549098,3.3704672245467227,10.0,0.009959946321624882,0.030345070901815388,0.31036683739605236,0.06010998262640926,754.0,0.01681159420289855,5.026666666666666,3.8435169080182567,1.0,23.0,3.0,7.883247217415716,0.6983166846626598,0.39185072353389183,4.4512597547380155,9.0,0.011581408572946367,0.03955173977451579,0.22979804646117258,0.0361867834952689
60,BASELINE,4,120,180,60,30,5.0,1.0,491.0,0.01711994421199442,4.091666666666667,3.0523101451559964,2.0,24.0,4.0,7.632718825931734,0.5408147166842819,0.41198786039453716,37.17046722454672,98.0,0.15197675304431396,0.19888879496788522,0.028022997961839515,0.0055082516766735345,2301.0,0.08023012552301255,19.175,24.45273076093275,1.0,139.0,13.0,7.140796437329096,0.7138734607961811,0.30258071900891936,2.775244072524407,7.0,0.007459008708085748,0.022666740652556278,0.3777648548551021,0.0796131951079789,775.0,0.017279821627647716,5.166666666666667,4.415754622812378,1.0,26.0,3.0,7.833212887676728,0.6983888350498259,0.36805329866753334,4.183366778149387,8.0,0.010682438852850295,0.03058156463473193,0.24523004604077214,0.04131719075135858
60,BASELINE,5,150,210,60,30,5.0,1.0,572.0,0.019944211994421198,4.766666666666667,6.19641473398574,1.0,80.0,4.0,7.423678680952943,0.6751034239131859,0.20408163265306123,7.657322175732218,30.0,0.027971941914841255,0.09426154909432052,0.14744339413374014,0.03622932249219669,2443.0,0.0851813110181311,20.358333333333334,19.321100655903525,1.0,91.0,15.0,7.338050481805665,0.70655565136648,0.42747776607412397,2.981450488145049,7.0,0.008325422219096846,0.04775100617725438,0.3415185357714647,0.045011208646822634,866.0,0.01930880713489409,5.773333333333333,4.943206336871737,1.0,32.0,3.0,7.814668950532497,0.7187625946176667,0.4615976407231696,4.488004459308807,10.0,0.011704712950700693,0.04531289981018352,0.2288497844844364,0.038550784542585426
60,BASELINE,6,180,240,60,30,5.0,1.0,616.0,0.021478382147838215,5.133333333333334,5.513518739325086,2.0,54.0,4.0,7.474229250955842,0.7132999289948505,0.27510494026477234,11.838668061366807,31.0,0.04554062210658323,0.12772324958659503,0.09128460403655168,0.021761623577248233,2258.0,0.07873082287308229,18.816666666666666,20.16679752023663,2.0,112.0,10.5,7.222794228333445,0.7157615291899971,0.42954376979580833,2.689400278940028,6.0,0.007098320499748017,0.035604946435292814,0.3832020326383161,0.06519081025877187,810.0,0.018060200668896322,5.4,4.71805044483418,1.0,46.0,3.0,7.826572619201974,0.7047853020184424,0.39765319426336376,4.407290969899665,10.0,0.011433862315099557,0.04841304232393088,0.2335779998172959,0.04080734668512423
60,BASELINE,7,210,270,60,30,5.0,1.0,638.0,0.022245467224546723,5.316666666666666,5.503004230014326,2.0,49.0,4.0,7.478608365328381,0.7321516047467632,0.28318722604884156,7.273709902370991,20.0,0.026360125640214237,0.09415724992472037,0.1492578901098872,0.033883113489740956,1643.0,0.05728730822873082,13.691666666666666,13.917492490467607,2.0,72.0,9.0,7.262906144297181,0.7593097512835314,0.4823566763425254,3.6996164574616457,8.0,0.01134292629185565,0.041332720384787885,0.27862618831710306,0.04706859085082259,743.0,0.016566332218506133,4.953333333333333,3.902711308251682,1.0,26.0,3.0,7.875852482541219,0.6998438609405631,0.3745691306013022,4.546845039018952,9.0,0.011902164560466279,0.042958310487078294,0.22536532803150316,0.03667240745183536
60,BASELINE,8,240,300,60,30,5.0,1.0,610.0,0.021269177126917713,5.083333333333333,6.4621762760096715,2.0,77.0,4.0,7.39918577071592,0.7315569069846155,0.21394294854705412,3.649302649930265,8.0,0.011131523739202794,0.06547008733463916,0.2846485650733277,0.053084402407060076,1392.0,0.048535564853556486,11.6,11.888299570025422,1.0,61.0,6.0,7.277422979739556,0.7423826434679055,0.4599085606180041,3.2675732217573223,7.0,0.009527618578812276,0.024346861041963694,0.31659779343061184,0.059319898499579436,771.0,0.017190635451505017,5.14,4.032418629061224,1.0,27.0,3.0,7.872937951013888,0.7066821582747795,0.37773042088438996,4.43438127090301,10.0,0.011524769365446358,0.03900097760048461,0.23154018808562407,0.03851731234267805
60,ANGER,0,0,60,60,30,2.0,7.0,593.0,0.020676429567642957,4.941666666666666,6.275343062777967,1.0,62.0,4.0,7.391873150121098,0.6370392868372953,0.23063853886450517,15.054428172942817,61.0,0.05905221921404545,0.12296313169316407,0.07662155668157222,0.022014068260033465,2087.0,0.07276847977684797,17.391666666666666,22.818594695749535,1.0,132.0,10.0,7.057454039365578,0.7526353674827505,0.33160964712695984,2.4955020920502093,6.0,0.00628362223550508,0.018312234193120513,0.41404465806879265,0.0747894785969163,969.0,0.02160535117056856,6.46,7.008689844281407,2.0,58.0,3.0,7.675704154033124,0.7120299821125882,0.38320562445690814,3.6043032329988853,6.0,0.00873927259395599,0.02895188853101664,0.28536195697982625,0.05000918630059592
60,ANGER,1,30,90,60,30,2.0,7.0,566.0,0.019735006973500696,4.716666666666667,5.796095429012726,1.0,54.0,3.0,7.416032310928817,0.672512967843867,0.2136919315403423,5.349198047419804,23.0,0.018273941375713462,0.07289861238703321,0.2028695346239705,0.04134400854946621,1543.0,0.05380055788005579,12.858333333333333,13.455975025574658,1.0,70.0,8.5,7.26068426739347,0.700671209712137,0.38863210493441597,3.5323570432357045,8.0,0.010640155643847493,0.04269207136370195,0.290687907703852,0.047695234622715875,816.0,0.01819397993311037,5.44,4.732131302771159,1.0,32.0,3.0,7.820731561863392,0.6996869098936084,0.46405041535376684,4.689966555183947,9.0,0.012382438104644115,0.04418895729946031,0.21816283279399548,0.03411598155985544
60,ENTHUSIASM,0,0,60,60,30,7.0,6.0,574.0,0.0200139470013947,4.783333333333333,6.189619446209022,2.0,70.0,3.0,7.429529753036782,0.722924468821923,0.1923474663908997,3.262168758716876,6.0,0.00950491075091124,0.0574451028086774,0.313192739606123,0.04689745994612104,2626.0,0.09156206415620642,21.883333333333333,12.937789180879742,3.0,67.0,21.0,7.662621911177178,0.7113518169092898,0.5803325948268959,3.1298465829846585,7.0,0.008948935222624617,0.036413275542821026,0.3311986661729963,0.05747732704896032,978.0,0.02180602006688963,6.52,7.901662272374508,1.0,81.0,4.0,7.667247039502874,0.7261697908226172,0.29829314548902736,3.475094760312152,8.0,0.008305687115141442,0.03361385282322403,0.29732611152405347,0.05402312697487503
60,ENTHUSIASM,1,30,90,60,30,7.0,6.0,594.0,0.020711297071129706,4.95,5.032146659230035,2.0,49.0,4.0,7.50563346271046,0.7089120968596215,0.2763231197771588,7.848047419804742,23.0,0.028773308486574542,0.10233135850301306,0.1340122236910687,0.02584071405316182,3491.0,0.12172245467224546,29.091666666666665,21.891206694825105,2.0,106.0,24.0,7.540530748504892,0.7205851620985837,0.5338004178049173,2.976115760111576,7.0,0.008303007395426795,0.03958045049531708,0.3503505157276047,0.06852356786567264,975.0,0.021739130434782608,6.5,7.863629357152247,1.0,103.0,4.0,7.685593567761488,0.7269683701829148,0.2856947670446782,3.284503901895206,7.0,0.007666120476158409,0.04477954672143871,0.3126002689707436,0.05174467284897069
60,LIKING,0,0,60,60,30,8.0,6.0,747.0,0.02604602510460251,6.225,9.531056692028786,2.0,84.0,4.0,7.229529480504251,0.766896476689581,0.18197784382599297,3.5353905160390515,9.0,0.010652901327895177,0.059373153170229134,0.2944414694789093,0.05446589798479853,2603.0,0.09076011157601116,21.691666666666666,19.504613058339704,2.0,100.0,15.0,7.363470311535887,0.743689455189691,0.5299260390706648,2.974163179916318,7.0,0.008294803276959318,0.04235032606336904,0.3462232521609751,0.055526604532909155,922.0,0.02055741360089186,6.1466666666666665,6.719510564187113,1.0,55.0,3.0,7.693239093642063,0.7186516018616841,0.3409446084389651,3.6558528428093644,8.0,0.008912257861776391,0.027670980182350178,0.2816057236532293,0.04989886258025974
60,LIKING,1,30,90,60,30,8.0,6.0,766.0,0.026708507670850767,6.383333333333334,8.616537716636666,1.0,63.0,4.0,7.295757855345503,0.7727907704552912,0.21982659403053786,4.386576011157601,11.0,0.014229310971250431,0.07172300288272228,0.23172906238311644,0.02936189254462785,1663.0,0.05798465829846583,13.858333333333333,14.83677628582286,1.0,95.0,10.0,7.294626488193902,0.7321506550158384,0.36283185840707965,2.723919107391911,5.0,0.007243357594083666,0.03537834207579462,0.37715662706829056,0.061420436466917035,734.0,0.016365663322185062,4.8933333333333335,3.6608681423339404,1.0,35.0,3.0,7.923755494738278,0.7031549553530977,0.3771569433032046,4.516566332218506,9.0,0.01180055816180707,0.04844827276267884,0.2269218217515152,0.03698750291046669
60,FEAR,0,0,60,60,30,3.0,7.0,588.0,0.020502092050209204,4.9,5.191980996369947,2.0,54.0,4.0,7.5018806788473995,0.7257243863478126,0.2534370477568741,4.704497907949791,9.0,0.015565117260293249,0.08061151170381228,0.2162386686700532,0.02905587995061688,3711.0,0.12939330543933053,30.925,21.13415974987729,1.0,121.0,26.0,7.58360558688431,0.6679114294038615,0.48863650167020956,2.4246513249651325,7.0,0.005985929936828288,0.032543415706212844,0.421567842204387,0.06083474210260835,870.0,0.01939799331103679,5.8,5.691514151202062,1.0,51.0,4.0,7.76818337899584,0.711486676217825,0.3596015495296071,4.021560758082497,8.0,0.01013946563114932,0.04822250585789408,0.25478036592543646,0.04111365562385998
60,FEAR,1,30,90,60,30,3.0,7.0,552.0,0.019246861924686193,4.6,3.893156388673163,1.0,30.0,4.0,7.575577267443689,0.6116877563791597,0.372044140830268,23.7292189679219,77.0,0.0955009200332853,0.1619893175507969,0.04517302909774243,0.011065421196444407,3913.0,0.1364365411436541,32.608333333333334,34.31661304026893,2.0,169.0,22.5,7.197833152276163,0.6813686119232883,0.38212219668753467,2.1764644351464435,5.0,0.004943127878766569,0.013815870350826235,0.4750398376426753,0.08583670435795686,764.0,0.017034559643255294,5.093333333333334,4.558284277615378,1.0,47.0,3.0,7.843852871886558,0.6982241188643361,0.34401024983984624,3.9633221850613154,8.0,0.009944034178058099,0.03677540607461129,0.25942680360359366,0.04483698669469473
60,FEAR,2,60,120,60,30,3.0,7.0,596.0,0.02078103207810321,4.966666666666667,5.3071230959490245,1.0,50.0,4.0,7.4899983135927055,0.6440970719658249,0.2903899721448468,21.22824267782427,63.0,0.0849926162933793,0.16426422890133444,0.049451252320188814,0.010095937278507754,2850.0,0.09937238493723849,23.75,25.61745823977599,1.0,150.0,17.0,7.328961080724653,0.6958445788410403,0.32599520851324626,2.489923291492329,6.0,0.006260181897026593,0.039742877550210366,0.4094719318407682,0.0556454843510737,719.0,0.016031215161649945,4.793333333333333,3.3799342531409624,1.0,22.0,3.0,7.93701583954531,0.6971533854862028,0.39180364782706595,5.297993311036789,12.0,0.014422796345761034,0.05716300782415572,0.19299959696971505,0.02937399328797384
60,AMUSEMENT,0,0,60,60,30,7.0,5.0,578.0,0.0201534170153417,4.816666666666666,5.082622901175687,1.0,39.0,4.0,7.477463206847718,0.6904360472607569,0.2612137203166227,5.536645746164575,20.0,0.019061536748590655,0.060699668767327825,0.2044225412268114,0.04861366442238393,2363.0,0.08239191073919107,19.691666666666666,13.05615808302308,2.0,74.0,17.0,7.6128833894841295,0.6919006512089828,0.5151491705867789,3.3910041841004186,8.0,0.010046236067648819,0.05338051818169918,0.30144851452684845,0.04354197779827577,848.0,0.018907469342251952,5.653333333333333,5.526887812222072,1.0,56.0,3.0,7.782836552852468,0.7191203851301046,0.3415806754221388,3.83041248606466,8.0,0.009498028476727045,0.034740807573602664,0.2683968494160768,0.046226673024762625
60,AMUSEMENT,1,30,90,60,30,7.0,5.0,603.0,0.02102510460251046,5.025,5.170368297648953,1.0,39.0,4.0,7.4851309757913755,0.6793682318092186,0.28535936113575866,8.654741980474197,36.0,0.032162781430563864,0.0914445850419292,0.13112974638480138,0.033054066768261316,1772.0,0.06178521617852162,14.766666666666667,10.213743464350157,2.0,49.0,12.0,7.575208484333939,0.7193319548131579,0.5310324276000326,3.6712691771269177,8.0,0.01122382007196183,0.04880483436147531,0.2802531059035818,0.046867044614194546,759.0,0.016923076923076923,5.06,4.3607797467884115,1.0,47.0,3.0,7.8560527022023185,0.6937081301519472,0.3437815975733064,4.005039018952062,8.0,0.010084023553530407,0.04241628080144308,0.25641874161757233,0.04357696790356959
60,AMUSEMENT,2,60,120,60,30,7.0,5.0,642.0,0.022384937238493725,5.35,6.926579242310017,1.0,58.0,4.0,7.3555813089250295,0.7332713450985779,0.21157894736842106,3.322489539748954,8.0,0.009758359410709887,0.044313681146222424,0.30849760522534597,0.04767868778998974,2506.0,0.08737796373779637,20.883333333333333,20.05853240449615,2.0,124.0,14.5,7.411815584197045,0.6681726957269283,0.34837782466440387,2.627231520223152,7.0,0.00683710722782837,0.020011454790767907,0.39567287524967953,0.0721019960683307,736.0,0.01641025641025641,4.906666666666666,3.7795002609104578,2.0,22.0,3.0,7.901099872141068,0.7004712865966737,0.3670785173375847,4.312753623188406,8.0,0.011116622896605387,0.03390614828482784,0.2377783558542698,0.03941305856527617
60,SADNESS,0,0,60,60,30,3.0,6.0,623.0,0.021722454672245466,5.191666666666666,5.2524531305751685,2.0,44.0,4.0,7.493836741433574,0.7326449925488394,0.281661600810537,3.7889470013947,8.0,0.011718264711742437,0.055199857841217635,0.27094732841818814,0.04348488024644173,2339.0,0.08155509065550906,19.491666666666667,11.679038083487677,2.0,66.0,17.0,7.6574167436143945,0.7157999610047387,0.5654813820865482,3.3722454672245465,8.0,0.009967417929514905,0.03864973792022966,0.30332338821562776,0.046296289739790365,841.0,0.01875139353400223,5.6066666666666665,5.54183683949244,1.0,61.0,3.0,7.783006046985417,0.7066911269964161,0.3427661832331093,3.8016722408026755,8.0,0.009401584700680119,0.03576674165681581,0.27066393764397145,0.04745527491107934
60,SADNESS,1,30,90,60,30,3.0,6.0,630.0,0.021966527196652718,5.25,6.720305052599919,2.0,62.0,3.0,7.353682070378666,0.7197895271760465,0.22452760281585774,3.5720013947001394,8.0,0.010806728549160257,0.05005921760226596,0.28770492272006426,0.04651501821774475,2367.0,0.08253138075313808,19.725,12.79450565672625,2.0,69.0,19.0,7.601425200277994,0.7292725289977007,0.571897570584373,3.3391562064156206,9.0,0.00982838742191437,0.03407136345301961,0.3118346308540552,0.057011607004859306,773.0,0.017235228539576364,5.153333333333333,4.192432335636306,2.0,37.0,3.0,7.878329694306004,0.7069751063357201,0.36223704463827605,4.096231884057971,8.0,0.010390039879389173,0.037099189014310384,0.25020047777441917,0.04106709762466096
60,NEUTRAL,0,0,60,60,30,5.0,2.0,620.0,0.021617852161785217,5.166666666666667,6.295280419135874,1.0,61.0,4.0,7.40173518351615,0.7014184054237812,0.23054912113366943,5.710355648535565,24.0,0.01979141028796456,0.06230932650896339,0.20149944902561032,0.0502524795877063,2435.0,0.0849023709902371,20.291666666666668,20.30225596386328,1.0,106.0,15.0,7.317704265563798,0.7201675066026131,0.4576044464261642,3.156241283124128,10.0,0.009059837324050959,0.043643991730886185,0.3304701024088199,0.0595371835033808,924.0,0.020602006688963212,6.16,6.614710878035412,1.0,58.0,3.0,7.688046806913526,0.7081650865079829,0.35424940428911833,3.6853957636566332,7.0,0.00901139518005581,0.028137095640348105,0.27919009742768436,0.04916708652320463
60,NEUTRAL,1,30,90,60,30,5.0,2.0,564.0,0.019665271966527197,4.7,5.000999900019996,1.0,33.0,3.0,7.459241423712876,0.65430217698196,0.2641509433962264,6.395327754532776,29.0,0.022669444346776372,0.07048700870414527,0.18006737928382816,0.04292569441240048,815.0,0.028417015341701535,6.791666666666667,8.091555097068108,2.0,98.0,4.5,7.3558578248594735,0.750954957193153,0.30603482547507355,3.1065202231520224,6.0,0.008850925307361443,0.0441944858923642,0.33144200995433837,0.05753388478493115,905.0,0.020178372352285395,6.033333333333333,5.062169056398211,2.0,33.0,3.0,7.82365503886831,0.7226932634645483,0.53649243957614,4.949855072463768,11.0,0.01325454722303278,0.052872913216216184,0.20684422343118355,0.032528181602837596
60,NEUTRAL,2,60,120,60,30,5.0,2.0,582.0,0.020292887029288702,4.85,5.6864605277213816,1.0,52.0,3.0,7.413127820140983,0.6952054907465699,0.2298644012416272,3.546617852161785,8.0,0.010700075009083137,0.05241856514333135,0.28851887635257895,0.04414789389852391,693.0,0.02416317991631799,5.775,5.581909022308885,1.0,63.0,4.0,7.495497138637802,0.7432556781403433,0.32604994324631104,3.4224546722454674,6.0,0.010178380975821287,0.04947255310456389,0.2994329819258847,0.04875984344341948,903.0,0.020133779264214047,6.02,5.463783792696535,1.0,34.0,3.0,7.769669881400128,0.7140567100244531,0.5363444678726002,4.120780379041249,7.0,0.010472417379333052,0.03756157846853956,0.248570227486402,0.04031607536131296
60,AWE,0,0,60,60,30,7.0,4.0,635.0,0.02214086471408647,5.291666666666667,8.003015924567993,2.0,71.0,4.0,7.282057835810704,0.7248856523406199,0.17692824896743828,7.4081938633193865,23.0,0.026925184299661287,0.09136863065084415,0.15263334095956332,0.04055028750024338,2349.0,0.08190376569037656,19.575,19.699899534430795,2.0,86.0,13.0,7.275380012783452,0.722029387146381,0.4685764331563252,2.743828451882845,7.0,0.00732701030202876,0.026061396762438717,0.3776759742452087,0.06957435087847633,890.0,0.019843924191750278,5.933333333333334,6.444291185917105,1.0,81.0,3.0,7.736915854297132,0.710834113477185,0.31186440677966104,3.5428316610925306,7.0,0.00853299215131722,0.03883022734039629,0.2905698463833397,0.051298251105212606
60,AWE,1,30,90,60,30,7.0,4.0,606.0,0.02112970711297071,5.05,5.14676273658177,1.0,45.0,4.0,7.501350146632722,0.7206251599596387,0.27108112906089116,5.139574616457462,12.0,0.017393170657384292,0.0796708044076673,0.2013333684122872,0.0342430022389189,1870.0,0.06520223152022316,15.583333333333334,13.703760635517373,1.0,83.0,11.0,7.405131587473749,0.7256663372449715,0.4996385977593061,3.1161436541143654,6.0,0.008891359891236824,0.04133600018532424,0.3290149739044709,0.05159048056391137,931.0,0.02075808249721293,6.206666666666667,6.938584549859975,1.0,74.0,3.0,7.686903691211627,0.7028560298096331,0.3131991051454139,3.61438127090301,7.0,0.008773091513097355,0.03734454543196334,0.28519542653047986,0.050946499060088475
60,DISGUST,0,0,60,60,30,2.0,7.0,547.0,0.01907252440725244,4.558333333333334,5.3483577437897285,1.0,68.0,3.0,7.475738768500544,0.6290297976862037,0.23703290574456218,16.627859135285913,46.0,0.06566327367767191,0.1455373885959318,0.06684763480246701,0.017309335501902265,2997.0,0.10449790794979079,24.975,22.477382150360242,2.0,100.0,17.0,7.384115844512208,0.7190909324604597,0.4683841456510745,2.897803347280335,8.0,0.007973963644035019,0.04882299074105853,0.3561277001183204,0.05303138914761355,867.0,0.019331103678929765,5.78,5.740348421481052,1.0,55.0,3.0,7.755340172875261,0.7138006936404645,0.3717398481346979,3.7307915273132664,7.0,0.009163729957427064,0.03516976013801132,0.2750412958571203,0.04648901790679246
61,BASELINE,0,0,60,60,30,5.0,1.0,638.0,0.022245467224546723,5.316666666666666,6.471711949365142,1.0,62.0,4.0,7.429906965316119,0.7411809769237648,0.21709511568123394,3.5127963737796373,7.0,0.010557967957057313,0.04686568106672693,0.2920605790294419,0.04767822014610286,1264.0,0.04407252440725244,10.533333333333333,11.002600702662177,1.0,67.0,5.0,7.27274370176662,0.7152206259202478,0.3727282989050683,3.4123779637377964,8.0,0.010136041864444523,0.026774882766938294,0.30532924983996695,0.060138572913509644,875.0,0.01950947603121516,5.833333333333333,5.806222715520153,1.0,67.0,4.0,7.784729868519787,0.7036255645030599,0.336635795821667,3.735607580824972,7.0,0.009179891210822057,0.04078448559743755,0.2755786282717874,0.04838321193479888
61,BASELINE,1,30,90,60,30,5.0,1.0,604.0,0.02105997210599721,5.033333333333333,7.158250872633311,1.0,64.0,4.0,7.346272253161565,0.6869386613684475,0.1848573092603378,10.918235704323571,38.0,0.041673259261863736,0.11114168553220403,0.10241599077487926,0.024281593613328826,1662.0,0.05794979079497908,13.85,15.400838721749322,2.0,75.0,6.5,7.170491955396127,0.7119579827691978,0.3722073907545314,2.9106694560669455,6.0,0.008028022924651034,0.01964847092198624,0.35543473187325225,0.06678582549158017,783.0,0.01745819397993311,5.22,4.424733513632958,2.0,41.0,3.0,7.8720102477942335,0.7065027598754945,0.35619291780163437,4.120133779264214,8.0,0.01047024758142354,0.034908975812216234,0.249139852447146,0.04183923286673386
61,BASELINE,2,60,120,60,30,5.0,1.0,685.0,0.02388423988842399,5.708333333333333,8.575542580825747,2.0,67.0,4.0,7.265807166206777,0.7458494525253653,0.1762655601659751,3.9074616457461646,12.0,0.012216225402294808,0.05190161450841159,0.2737942857029371,0.05830340798488036,939.0,0.03274058577405858,7.825,8.645964858437337,2.0,73.0,4.5,7.324274055223181,0.7465880360322893,0.35307887378893293,3.2082635983263597,6.0,0.009278418480362855,0.04400779894784045,0.3197968889639446,0.05232001851002103,759.0,0.016923076923076923,5.06,3.9953806660525686,1.0,32.0,3.0,7.891188192482475,0.6918708127532405,0.3763696128560993,4.296722408026755,9.0,0.011062826872573008,0.042571938448945607,0.23849470322960206,0.038762912163434436
61,BASELINE,3,90,150,60,30,5.0,1.0,556.0,0.019386331938633195,4.633333333333334,3.863144947952237,1.0,26.0,4.0,7.575916078829037,0.6325305484276071,0.37155602204145893,18.667119944211993,58.0,0.0742315964042521,0.15144481687438158,0.05817892364173927,0.013461505208179562,725.0,0.025278940027894003,6.041666666666667,6.336265768486111,2.0,54.0,4.0,7.42969327619277,0.7497847482611213,0.315826743774342,3.5024407252440724,8.0,0.010514456828756593,0.053045911359843045,0.29286695028093107,0.04660918183008777,759.0,0.016923076923076923,5.06,4.0244751210561605,1.0,35.0,3.0,7.895095205107657,0.6937396852660012,0.371801850843767,4.262274247491638,9.0,0.010947229018428317,0.037490923502426006,0.24095738999558766,0.04074751066038761
61,BASELINE,4,120,180,60,30,5.0,1.0,618.0,0.021548117154811714,5.15,6.239190652640773,2.0,58.0,4.0,7.439753917435078,0.7234239955030607,0.22885572139303484,4.327928870292887,15.0,0.013982894412995325,0.053038881502321014,0.2512824111306059,0.0559355124344835,2234.0,0.07789400278940029,18.616666666666667,22.056247540222145,1.0,121.0,12.0,7.145427293596526,0.6805219481332543,0.3142336774682042,2.586297071129707,6.0,0.006665113744242468,0.015766196284926086,0.39971974736404453,0.0728101457139408,738.0,0.016454849498327758,4.92,3.4737491753627423,2.0,23.0,3.0,7.943161745451496,0.702999882801673,0.3910270040399745,4.458082497212932,9.0,0.011604303681922591,0.03948835162789612,0.22976627822458298,0.03722674036393423
61,BASELINE,5,150,210,60,30,5.0,1.0,615.0,0.021443514644351465,5.125,5.480362670480851,2.0,50.0,4.0,7.494053439701219,0.7323577252729554,0.2535417684416219,3.678591352859135,8.0,0.011254585516214848,0.05614017107926689,0.2790412054331653,0.04497196281019367,1268.0,0.04421199442119944,10.566666666666666,10.277996994659135,2.0,59.0,7.0,7.360861363884447,0.7085079300853935,0.4293143064457613,4.160774058577406,9.0,0.013280563271333633,0.05949003355410051,0.24506497230444804,0.034986624757480635,798.0,0.017792642140468228,5.32,4.4239047608796165,2.0,35.0,3.0,7.861563304640104,0.7115194311937346,0.39902866990443364,4.245819397993311,9.0,0.010892011402662116,0.036581859920833126,0.24247330161148484,0.04288487238737571
61,BASELINE,6,180,240,60,30,5.0,1.0,593.0,0.020676429567642957,4.941666666666666,5.211039297064987,1.0,38.0,4.0,7.476323195490214,0.6917483780776525,0.26483202287348107,6.130404463040446,23.0,0.021556321273279184,0.08043241677938012,0.1779386077122765,0.04114918560549404,747.0,0.02604602510460251,6.225,5.518095232958561,1.0,29.0,4.0,7.454603800491773,0.7246928830123726,0.3870583564906709,3.938423988842399,7.0,0.01234631928085042,0.03900268524773381,0.2604303472992697,0.04327575464195984,757.0,0.016878483835005575,5.046666666666667,4.037881732900171,1.0,27.0,3.0,7.8809773972559825,0.6921732872100239,0.368124886549283,4.290724637681159,7.0,0.011042700126446859,0.04474533954143479,0.2386037918017811,0.03823278635706171
61,BASELINE,7,210,270,60,30,5.0,1.0,568.0,0.0198047419804742,4.733333333333333,4.654269246855216,2.0,30.0,3.0,7.513952301809232,0.7076326739180345,0.27584745762711865,4.659449093444909,13.0,0.015375836527079452,0.0675901583578483,0.22553518139907017,0.04271123969437873,1017.0,0.035460251046025106,8.475,10.684461068923099,1.0,96.0,4.0,7.201196455721348,0.7431599306551565,0.3260410309375147,3.0853556485355647,6.0,0.008761998523258678,0.030517290249335624,0.3346576682976998,0.0604916195049966,775.0,0.017279821627647716,5.166666666666667,4.847565253700964,1.0,63.0,3.0,7.8485801876527885,0.7024386109006603,0.3251406573882144,3.8129096989966555,7.0,0.009439294291935086,0.045226066976930455,0.26975712302198085,0.04693759101948046
61,BASELINE,8,240,300,60,30,5.0,1.0,609.0,0.021234309623430963,5.075,4.867686822300711,2.0,36.0,4.0,7.517344187514018,0.7165220990181337,0.3047887323943662,6.9610529986053,21.0,0.0250464411706105,0.08295097682634094,0.15759403340047604,0.03862047864689522,2236.0,0.07796373779637378,18.633333333333333,19.26241302525609,2.0,94.0,13.0,7.321941830398499,0.6760882710449241,0.32321656164758855,2.6947698744769872,5.0,0.007120881825533563,0.027105146166759173,0.37806347035009163,0.05166979530826201,818.0,0.018238573021181717,5.453333333333333,5.301052306434597,2.0,62.0,3.0,7.812884977412715,0.7102391581407316,0.3306184779842199,3.8259308807134893,8.0,0.009482989532595605,0.03871741577864601,0.2691386490444559,0.04749517346154999
61,ANGER,0,0,60,60,30,2.0,7.0,665.0,0.023186889818688983,5.541666666666667,7.1015207682736685,1.0,59.0,4.0,7.3905049481700225,0.7452988378793343,0.21924603174603174,5.4260808926080895,17.0,0.018596978540370124,0.07947517930797926,0.1960399062026875,0.03813591129587759,590.0,0.020571827057182707,4.916666666666667,3.534551676741416,1.0,24.0,4.0,7.6161462844665655,0.7301109419809362,0.38346456692913383,5.053905160390516,11.0,0.017033214959624017,0.06316525354514564,0.20449465189490273,0.03690869991498139,849.0,0.018929765886287624,5.66,5.166339774605099,1.0,48.0,3.0,7.816300535083956,0.7015657972968882,0.3663316582914573,3.8490746934225193,7.0,0.009560653333632624,0.031522207949167436,0.2668289721904411,0.04538142474059063
61,ANGER,1,30,90,60,30,2.0,7.0,590.0,0.020571827057182707,4.916666666666667,5.903506490966949,1.0,58.0,4.0,7.457971361809985,0.6766096449678574,0.2393346681041121,21.657775453277544,52.0,0.08679737585410734,0.17613702036179568,0.047426180692258305,0.007345854669320623,770.0,0.02684797768479777,6.416666666666667,6.781203596871445,1.0,52.0,4.0,7.387023222953212,0.7219384249665723,0.3235628031788626,3.988702928870293,8.0,0.012557575331387787,0.048655570979190724,0.2576440706872732,0.04349215295413455,993.0,0.02214046822742475,6.62,7.9348766005947855,2.0,104.0,4.0,7.682145724973619,0.7249971370336837,0.314675540765391,3.3320401337792642,6.0,0.00782563803281632,0.04221550810635974,0.3098657084144241,0.05655816785895967
61,ANGER,2,60,120,60,30,2.0,7.0,572.0,0.019944211994421198,4.766666666666667,4.585726647859518,2.0,35.0,4.0,7.526340236846459,0.6396419173408885,0.3180846515604959,19.877301255230126,66.0,0.07931639182869803,0.1458122246179634,0.05527407225840107,0.015467935257262106,905.0,0.031555090655509065,7.541666666666667,8.558033100868187,1.0,42.0,4.0,7.247163327883558,0.736486320938589,0.421986538853763,3.7424337517433752,9.0,0.011522830889678046,0.032906136869112985,0.27780399659107413,0.05554562242117124,879.0,0.01959866220735786,5.86,6.391170993383503,2.0,71.0,4.0,7.747457967238553,0.7028673181734837,0.3138763342629099,3.7139576365663323,7.0,0.009107240391162194,0.03473224428000075,0.27789263493563854,0.051206350997534046
61,ENTHUSIASM,0,0,60,60,30,8.0,5.0,611.0,0.021304044630404462,5.091666666666667,6.15019760296818,2.0,58.0,4.0,7.444120673165718,0.7300739668482275,0.2250319647677227,6.301743375174338,16.0,0.02227623266879974,0.08841314177840438,0.17069894812090639,0.03886326057799751,574.0,0.0200139470013947,4.783333333333333,4.611910907879968,2.0,46.0,4.0,7.535890020576715,0.7299726800326224,0.28831498729889926,4.857880055788006,16.0,0.01620958006633616,0.05598571614427779,0.2226109228650527,0.05023877345877723,825.0,0.01839464882943144,5.5,5.34072404579504,1.0,67.0,4.0,7.82353380326594,0.7041078948678439,0.32999624577649855,3.784437012263099,9.0,0.009343748363298994,0.039693284319396956,0.27238714474493253,0.04857166942984116
61,ENTHUSIASM,1,30,90,60,30,8.0,5.0,580.0,0.020223152022315203,4.833333333333333,5.586193297367676,1.0,51.0,4.0,7.468621727023714,0.6653162184909199,0.25134048257372654,17.23988842398884,57.0,0.0682348253108775,0.1491093437817646,0.060743277723918375,0.011692346513349192,498.0,0.017364016736401675,4.15,2.821494875652503,2.0,30.0,3.0,7.663153618132451,0.7129504403642334,0.3815372424722662,16.394351464435147,41.0,0.06468214901023171,0.1531721173435745,0.06247902754890976,0.009134934636067434,794.0,0.01770345596432553,5.293333333333333,4.196898325615663,2.0,27.0,3.5,7.886189522169438,0.7006531379841447,0.3891918691125434,4.2438795986622075,8.0,0.01088550200893358,0.0402289059246797,0.24147577870615336,0.03950301691490178
61,LIKING,0,0,60,60,30,9.0,7.0,608.0,0.021199442119944213,5.066666666666666,6.758615900381445,2.0,73.0,4.0,7.383146646678421,0.7357418236438865,0.19650490319336184,4.425941422594143,8.0,0.01439471185963925,0.07956845342370197,0.22922534585834983,0.027837720822072948,607.0,0.02116457461645746,5.058333333333334,4.366149778567942,1.0,38.0,4.0,7.534992962452842,0.7237504032669719,0.3315091559671648,4.895955369595537,11.0,0.01636956037645183,0.06448138632741847,0.2101654865777611,0.03595042640741323,866.0,0.01930880713489409,5.773333333333333,5.964502400778198,1.0,44.0,4.0,7.729003978913861,0.7153790225662933,0.3560718057022175,3.721025641025641,8.0,0.009130958526931682,0.025921316920262064,0.27599307843651355,0.04746056708904684
61,LIKING,1,30,90,60,30,9.0,7.0,687.0,0.023953974895397488,5.725,9.307221658475743,2.0,102.0,4.0,7.290832283979995,0.7713116095368384,0.14954915328788213,3.7543933054393306,8.0,0.011573081115291307,0.05624670684507597,0.27961153960434776,0.057981402671473,562.0,0.019595536959553697,4.683333333333334,3.976982384784837,1.0,33.0,4.0,7.5571278336235075,0.7142606865558783,0.3243447580645161,5.748884239888424,15.0,0.019953295125581624,0.0747869942133794,0.1810800327080778,0.03436243147264892,753.0,0.016789297658862876,5.02,3.7057972601497418,1.0,27.0,4.0,7.926998712339611,0.7188542264886434,0.3774326715156281,4.235117056856187,7.0,0.010856097506228816,0.04086679419066157,0.24150137354399134,0.03798664462814807
61,FEAR,0,0,60,60,30,6.0,5.0,632.0,0.02203626220362622,5.266666666666667,5.187699126030944,2.0,46.0,4.0,7.535954692356809,0.7403736935698493,0.2804589942625717,4.723884239888424,9.0,0.01564657243650598,0.07981839963300562,0.21482528254956706,0.02676880959374404,737.0,0.025697350069735007,6.141666666666667,8.215124094552003,1.0,92.0,4.0,7.301749099914533,0.7481949431612857,0.24327052489905787,3.0964435146443514,6.0,0.00880858619598467,0.0500901354017771,0.33228380015315223,0.057011577541384785,763.0,0.017012263099219622,5.086666666666667,3.8095260714279,1.0,33.0,3.0,7.9194128141212285,0.6935558801936511,0.38413597733711047,4.425641025641026,9.0,0.011495439683359142,0.041643977879627175,0.23240368187317045,0.04022282070459219
61,FEAR,1,30,90,60,30,6.0,5.0,647.0,0.022559274755927474,5.391666666666667,5.995548116913267,2.0,58.0,4.0,7.477006058692568,0.7550209222700272,0.2431865828092243,3.4471757322175733,6.0,0.0102822509757041,0.06133230156179005,0.29637671575030067,0.04549206160192898,669.0,0.023326359832635982,5.575,8.165641942513357,1.0,110.0,4.0,7.331488727707527,0.7440154688940465,0.18604230699692642,2.979741980474198,6.0,0.008318243615437806,0.05478084852080938,0.3455334884494285,0.05956301613843324,742.0,0.016544035674470457,4.946666666666666,3.4472920129026234,1.0,21.0,4.0,7.941745603322347,0.6931423141129023,0.4069199745277011,4.976767001114827,10.0,0.013344855708439015,0.04911353600235296,0.20582740447044537,0.0331150584238427
61,FEAR,2,60,120,60,30,6.0,5.0,651.0,0.022698744769874477,5.425,6.267857821191118,2.0,50.0,4.0,7.439762718436356,0.7461587976426544,0.24094799210006584,8.89163179916318,22.0,0.033158116803206635,0.11022928579459967,0.116950589466656,0.02123785399436212,531.0,0.018514644351464434,4.425,4.108248815898732,1.0,49.0,4.0,7.558298204131006,0.7119684732219745,0.28251821019771073,6.184344490934449,17.0,0.021782960045943066,0.08091290166422807,0.1720252717233868,0.03841881661803845,772.0,0.017212931995540692,5.1466666666666665,3.9401974005823055,1.0,35.0,4.0,7.904417802042228,0.6851395581829018,0.38191681735985533,4.375183946488295,8.0,0.011326120625799645,0.042381650706084094,0.23472748541545532,0.03994332808041318
61,AMUSEMENT,0,0,60,60,30,8.0,6.0,598.0,0.02085076708507671,4.983333333333333,5.594615466877256,1.0,39.0,4.0,7.444984277796688,0.675347734248663,0.26050830889540566,16.71440027894003,46.0,0.06602689192831944,0.14791682150414098,0.06284789458058042,0.013335372944432723,840.0,0.029288702928870293,7.0,10.455859601199702,1.0,111.0,4.5,7.188894201383792,0.7559677401206629,0.2311250619527507,2.832287308228731,5.0,0.007698686169028279,0.04108693404851492,0.36285073514884253,0.06066705003300615,915.0,0.02040133779264214,6.1,6.791906948714772,2.0,80.0,4.0,7.735809323245286,0.7214707019339057,0.3063179699637493,3.5329542920847268,6.0,0.008499846617733986,0.04017648790806089,0.29124999161536247,0.051148734523524815
61,AMUSEMENT,1,30,90,60,30,8.0,6.0,620.0,0.021617852161785217,5.166666666666667,5.077455618275314,2.0,38.0,4.0,7.515689002069175,0.7108692183199496,0.29857319006517524,13.231903765690376,35.0,0.051394553637354526,0.1353409331799131,0.07867413558555113,0.014635190593888693,637.0,0.022210599721059973,5.308333333333334,7.61719090099639,1.0,109.0,4.0,7.371109450199777,0.7322166266187595,0.18605130318326982,3.0506276150627616,6.0,0.008616082416230091,0.05552615402090007,0.33804878189951565,0.05963346895411796,758.0,0.016900780379041247,5.053333333333334,3.5417258818579143,1.0,22.0,4.0,7.940929341336377,0.6938483078668838,0.4057327412192168,5.076053511705686,10.0,0.013678031918475468,0.05402195749436036,0.20129687628806522,0.03074470260476136
61,AMUSEMENT,2,60,120,60,30,8.0,6.0,667.0,0.023256624825662483,5.558333333333334,5.999021911019236,1.0,50.0,4.0,7.4610488655277205,0.7543073474032784,0.25927435792906645,4.8756624825662485,9.0,0.016284296145236337,0.07710367120081607,0.20784514612429922,0.02466385590272711,574.0,0.0200139470013947,4.783333333333333,4.958466384769478,1.0,49.0,4.0,7.494755367303309,0.7238208860619347,0.2571261226083561,3.7460251046025106,7.0,0.011537920607573563,0.04555284624240837,0.2745009855634063,0.047363918598006566,766.0,0.017079152731326645,5.1066666666666665,4.287418285583477,1.0,45.0,3.5,7.882478380027882,0.6993050871345393,0.36845671692359816,4.398238573021182,9.0,0.011403485144366383,0.04534261428459706,0.23453402321858158,0.041885806087381496
61,SADNESS,0,0,60,60,30,5.0,7.0,586.0,0.020432357043235705,4.883333333333334,5.538777442320241,2.0,45.0,3.0,7.4405855013090445,0.718799916068541,0.23417827765653854,4.054986052998605,8.0,0.012836075852935313,0.05882938599187345,0.2560996089146035,0.047073115171363776,1775.0,0.06188981868898187,14.791666666666666,17.790163870958455,1.0,92.0,7.0,7.070051886508252,0.7023415762742073,0.3951071903168479,3.1605648535564854,8.0,0.009078003586371786,0.02384875950078052,0.33436900050561513,0.07323399155064715,871.0,0.019420289855072465,5.806666666666667,5.780076892991035,1.0,52.0,3.0,7.74554303409457,0.7038322864963081,0.3564905414220483,3.8885395763656634,9.0,0.009693085826730414,0.03260723359425546,0.2650875005382843,0.047521099037374656
61,SADNESS,1,30,90,60,30,5.0,7.0,685.0,0.02388423988842399,5.708333333333333,8.025372092446693,2.0,64.0,4.0,7.311530357583151,0.7562682847062476,0.2045828008033595,3.6620990237099025,9.0,0.01118529001558782,0.051811190615085365,0.28413965022727794,0.053182374665373566,1269.0,0.044246861924686194,10.575,13.546317150182677,1.0,94.0,5.0,7.116778249510918,0.7199890328773834,0.3213251002311902,2.954881450488145,6.0,0.008213787607093046,0.026033747070938956,0.34898245738157624,0.06275049738948109,733.0,0.016343366778149387,4.886666666666667,3.4458412938239364,2.0,19.0,3.0,7.932042419678449,0.6970163282709723,0.3958963282937365,4.645730211817169,9.0,0.012233993999386471,0.04252012587357629,0.22001812177471833,0.03418820695485777
61,NEUTRAL,0,0,60,60,30,5.0,1.0,585.0,0.020397489539748955,4.875,5.126828941948425,1.0,45.0,4.0,7.490518635264474,0.7057892212187248,0.2628666297731046,4.305997210599721,14.0,0.013890744582351768,0.06882043795581579,0.24456118719559136,0.04621643464455693,724.0,0.025244072524407253,6.033333333333333,5.708813848388783,2.0,42.0,4.0,7.432058896038299,0.731628140300152,0.37921906022501656,3.6967224546722455,7.0,0.011330766616269939,0.03788460866618073,0.2779178695080191,0.04764874480090321,884.0,0.01971014492753623,5.8933333333333335,6.064263260189888,1.0,49.0,3.0,7.719901501957235,0.6997471116671412,0.3563300142247511,3.8733333333333335,8.0,0.0096420581655481,0.02767746672004986,0.26594480200629594,0.047974147189000796
61,NEUTRAL,1,30,90,60,30,5.0,1.0,584.0,0.020362622036262202,4.866666666666666,5.682477941493091,1.0,61.0,4.0,7.454246414735914,0.7002269924226477,0.2318604271971303,4.503347280334728,17.0,0.014719946556028266,0.06877420259407115,0.2417196771058298,0.0506091867959459,789.0,0.027510460251046025,6.575,8.11958794110473,1.0,87.0,4.0,7.2821893084320095,0.7311145742864903,0.3241267262388302,3.151359832635983,7.0,0.009039327027882287,0.042494660001895224,0.32710606342730186,0.05796943731800465,706.0,0.015741360089186175,4.706666666666667,3.417692528918045,1.0,28.0,3.0,7.9365339675035855,0.6893525020635444,0.3749141680018311,4.507246376811594,10.0,0.011769283143663068,0.04343930139209324,0.22776207627292971,0.03818941094806515
61,NEUTRAL,2,60,120,60,30,5.0,1.0,638.0,0.022245467224546723,5.316666666666666,6.599221334538055,2.0,62.0,4.0,7.427642871932673,0.7475930359976876,0.21766917293233082,3.2935495118549514,7.0,0.009636762654852733,0.05106556445744611,0.31204948450448833,0.05117157973423074,725.0,0.025278940027894003,6.041666666666667,7.207514404348346,1.0,73.0,4.0,7.38149149007631,0.7392305870431289,0.27667104863990294,3.2840306834030684,8.0,0.009596767577323827,0.04806564287238528,0.31395958859927603,0.05517340236958331,909.0,0.020267558528428094,6.06,7.595814637022154,1.0,103.0,3.5,7.680754372691367,0.717389027161,0.2743322770484382,3.318773690078038,6.0,0.007781119765362546,0.04264686855467447,0.31061743185779156,0.055428227424043096
61,AWE,0,0,60,60,30,5.0,2.0,548.0,0.01910739191073919,4.566666666666666,5.473775865179558,1.0,58.0,3.0,7.4760565775576335,0.6555737195242907,0.2227027027027027,7.826813110181311,33.0,0.028684088698240802,0.08781050687742675,0.1471950318138024,0.03910814863298819,686.0,0.02391910739191074,5.716666666666667,5.136768331245714,2.0,35.0,4.0,7.482208453877313,0.7369578489213744,0.38144329896907214,4.077440725244072,11.0,0.012930423215311229,0.04512709341978022,0.25419765487693147,0.04632948010955449,838.0,0.018684503901895206,5.586666666666667,5.193183566518283,1.0,49.0,3.0,7.811489519455007,0.7089829858467726,0.3597414120927874,3.7908807134894094,7.0,0.009365371521776548,0.03664067513226361,0.27083667286877927,0.04559496932005086
61,AWE,1,30,90,60,30,5.0,2.0,538.0,0.018758716875871686,4.483333333333333,5.354878357369309,1.0,50.0,3.0,7.4530546666196,0.655034404759941,0.21900282220131703,7.1817991631799165,29.0,0.025973946063781162,0.08081916557222069,0.16282462626750138,0.044178433469473165,712.0,0.02482566248256625,5.933333333333334,5.59871016891887,1.0,43.0,4.0,7.445493391395348,0.7406597827286625,0.36334891394006047,3.570397489539749,7.0,0.010799989451847684,0.03349070342292714,0.28707067186362506,0.04747895559714998,775.0,0.017279821627647716,5.166666666666667,4.255062344496912,1.0,44.0,3.0,7.88656914076637,0.7009364973153301,0.3668629100084104,3.9713266443701225,7.0,0.009970894779765512,0.03900947312559656,0.2583177816364193,0.04338889351185728
61,DISGUST,0,0,60,60,30,6.0,4.0,644.0,0.022454672245467225,5.366666666666666,6.173779681488121,1.0,57.0,4.0,7.454208163741427,0.7452345034379046,0.23842404549147034,6.728068340306834,17.0,0.02406751403490266,0.09078255548275019,0.15880080629383844,0.03549420898843954,767.0,0.026743375174337516,6.391666666666667,8.063080297807339,2.0,72.0,4.0,7.343703739194017,0.7603502528057227,0.261120884644383,3.1711994421199443,6.0,0.009122686731596422,0.05399262878049163,0.32306617073036475,0.05056606815414336,820.0,0.018283166109253065,5.466666666666667,4.4168867869675905,1.0,28.0,4.0,7.866174219634642,0.7041821651665282,0.400212475337684,4.283901895206243,8.0,0.011019805017470609,0.03581106656208814,0.239518107598232,0.03981468922299961
62,BASELINE,0,0,60,60,30,5.0,2.0,602.0,0.02099023709902371,5.016666666666667,4.684163627467436,2.0,34.0,4.0,7.52335059551846,0.7175343034946041,0.3052860819639675,8.457810320781032,17.0,0.03133533748227325,0.112768469376142,0.11948009918379453,0.012580060651255175,2078.0,0.07245467224546723,17.316666666666666,15.174256342752207,1.0,77.0,12.0,7.393162910624681,0.7009831845878816,0.4549945561207079,4.058612273361227,8.0,0.012851312072946338,0.05769731501623698,0.25362875452953554,0.04297257608916465,1023.0,0.022809364548494984,6.82,7.829916985511405,1.0,82.0,3.5,7.64902780637034,0.7266691703374357,0.320990099009901,3.4353177257525083,7.0,0.008172207133397679,0.03193688722189314,0.29941032766672143,0.051659662099554776
62,BASELINE,1,30,90,60,30,5.0,2.0,676.0,0.023570432357043234,5.633333333333334,6.571952187558546,1.0,55.0,4.0,7.417337038935676,0.7396763656534537,0.2550811785929044,4.1955020920502095,12.0,0.01342647937836224,0.049856506485000424,0.2564686599908488,0.05559754428793802,2513.0,0.08762203626220362,20.941666666666666,20.885719137460622,2.0,109.0,14.0,7.362769096358026,0.6170620452472863,0.32289989166398264,2.8696304044630403,7.0,0.007855589934718661,0.02883793200616878,0.36429150065107996,0.07140684127119391,987.0,0.022006688963210702,6.58,7.484446093956007,1.0,75.0,3.0,7.6496054440734245,0.7147459538455966,0.32631200575125807,3.496209587513935,7.0,0.00837654223997965,0.03700546977897325,0.2940457573256376,0.05069362482866014
62,BASELINE,2,60,120,60,30,5.0,2.0,980.0,0.03417015341701534,8.166666666666666,11.347784903769643,1.0,83.0,4.0,7.17481381224923,0.727914691965333,0.29017618793379607,3.859205020920502,12.0,0.012013466474455892,0.058473450333368246,0.2692821629815759,0.047629069965126815,2150.0,0.07496513249651325,17.916666666666668,13.82002371761914,2.0,79.0,14.0,7.557271515381414,0.6746294676201637,0.4779558104233429,3.4767085076708506,8.0,0.010406338267524576,0.04639267276095534,0.2987636021448911,0.053618471525654035,965.0,0.021516164994425865,6.433333333333334,6.758122684756634,1.0,58.0,3.5,7.694900727792659,0.7331850692901282,0.3745659004465024,3.6164548494983277,7.0,0.0087800498305313,0.0366735722435083,0.28356386852667786,0.04644014475032647
62,BASELINE,3,90,150,60,30,5.0,2.0,991.0,0.0345536959553696,8.258333333333333,11.753010843562125,2.0,96.0,6.0,7.207802868439552,0.7494695961428619,0.2169632714880727,3.492887029288703,9.0,0.010474315249112198,0.0412794052461312,0.30313686787418476,0.06329334042597715,2817.0,0.09822175732217574,23.475,16.0745463906969,2.0,85.0,19.0,7.578283365800338,0.6968042577203325,0.5243694271567765,2.8544281729428174,6.0,0.00779171501236479,0.03928064176654057,0.3572181072871416,0.04972783062531063,909.0,0.020267558528428094,6.06,6.140282295356352,1.0,58.0,3.0,7.761639423816289,0.7334591001809084,0.3431496830814237,3.6698327759197324,7.0,0.00895917038899239,0.039457875743917535,0.2800369718679836,0.04785354924235194
62,BASELINE,4,120,180,60,30,5.0,2.0,797.0,0.02778940027894003,6.641666666666667,7.869557202000348,1.0,62.0,4.0,7.341285459843557,0.726096169133895,0.28043259557344064,4.093165969316597,10.0,0.012996495669397461,0.061857562261589366,0.24955265985223873,0.035977245121154515,3813.0,0.13294979079497907,31.775,22.40831783810051,2.0,96.0,26.0,7.562704263548007,0.6437578996906134,0.5079532209841161,4.097733612273362,11.0,0.013015687446526722,0.05234339390292711,0.25890538809874003,0.05814937490308956,834.0,0.018595317725752507,5.56,5.5002787808134475,2.0,52.0,3.0,7.777128741646058,0.7119223236967918,0.33053590696559165,3.876655518394649,8.0,0.009653206437565938,0.047338839851120196,0.2646634536239112,0.043687140931429974
62,BASELINE,5,150,210,60,30,5.0,2.0,772.0,0.02691771269177127,6.433333333333334,7.619310263330197,2.0,41.0,3.0,7.258378892267719,0.6806546730562409,0.3042738105904489,3.3251743375174336,6.0,0.009769640073602658,0.028581667774412827,0.308745344932243,0.05260186467068859,2535.0,0.08838912133891214,21.125,11.491708967773244,1.0,57.0,19.0,7.702929386253537,0.7042817803052465,0.6212311557788944,3.9552301255230127,8.0,0.012416933300516856,0.0437682324223593,0.26181767820709595,0.04708695080890539,801.0,0.01785953177257525,5.34,4.347152324606688,2.0,27.0,3.0,7.8465835017704455,0.7074736592462508,0.3954999207732531,4.487558528428093,8.0,0.011703216538349305,0.04610022036249292,0.22788957952822447,0.03556297900350444
62,BASELINE,6,180,240,60,30,5.0,2.0,656.0,0.02287308228730823,5.466666666666667,5.667794005509453,2.0,43.0,3.0,7.407707930575029,0.6832806802002178,0.31746499631540165,3.968549511854951,8.0,0.012472897108634248,0.042761287974488235,0.2600519049483017,0.047329641106766705,2982.0,0.10397489539748954,24.85,14.197212167652259,2.0,69.0,20.0,7.688710511820162,0.7111800009610143,0.6061505854702648,3.751011157601116,8.0,0.011558870410088717,0.051161916030609225,0.27244456307745984,0.040510531129394935,836.0,0.018639910813823858,5.573333333333333,5.806142341425061,1.0,65.0,3.0,7.749914730639113,0.7070111659984961,0.32837837837837835,3.683344481605351,6.0,0.009004511683239435,0.035179991940481964,0.2792595211487096,0.04903689822202459
62,BASELINE,7,210,270,60,30,5.0,2.0,604.0,0.02105997210599721,5.033333333333333,4.976500332116492,1.0,40.0,3.0,7.481416488044892,0.681699864915261,0.3261834319526627,6.795641562064156,25.0,0.02435143513472334,0.0761541220918148,0.16335574769796768,0.039464838800852636,3301.0,0.1150976290097629,27.508333333333333,17.292578289222487,1.0,79.0,24.0,7.634691891751698,0.6596018180497164,0.5396391869549713,3.403172942817294,11.0,0.010097365305955012,0.0369208389610283,0.3116797390803389,0.06438943185824177,888.0,0.01979933110367893,5.92,6.271118985741965,1.0,62.0,3.0,7.734797194445502,0.7213431795694591,0.331320607713284,3.666867335562988,7.0,0.008949219246855671,0.04297708652643454,0.2802447713666025,0.04775441656161625
62,BASELINE,8,240,300,60,30,5.0,2.0,605.0,0.02109483960948396,5.041666666666667,5.195985362651524,1.0,41.0,3.0,7.472070018624507,0.6966770434026962,0.2955145118733509,10.861645746164575,23.0,0.04143548632842258,0.1276680297677095,0.09425680678241939,0.013858669369513158,2648.0,0.09232914923291492,22.066666666666666,12.853814825006449,2.0,69.0,19.0,7.691434914703676,0.6908872120304527,0.5240507333589028,4.19034170153417,10.0,0.01340479706526963,0.06291619823882562,0.2437982728343277,0.033800420334850256,831.0,0.018528428093645483,5.54,5.566123726017357,2.0,62.0,3.0,7.7687982620475555,0.705080235557958,0.3299287410926366,3.707134894091416,6.0,0.009084345282185961,0.037257447587191704,0.2772087529442045,0.04778804000996277
62,ANGER,0,0,60,60,30,1.0,8.0,618.0,0.021548117154811714,5.15,6.411123146532126,2.0,48.0,3.0,7.3551699166124,0.6694994683173736,0.24289715886354543,6.078591352859135,28.0,0.021338619129660237,0.057738290274862145,0.19590829363850265,0.049931042162739026,1765.0,0.061541143654114366,14.708333333333334,13.377466023960674,1.0,89.0,10.0,7.361328065470296,0.7255348597113802,0.4613312896868842,2.96942119944212,6.0,0.008274878989252606,0.0309938320998968,0.34630476517729175,0.058043154092321046,782.0,0.017435897435897435,5.213333333333333,4.742835532557385,1.0,32.0,3.0,7.81137509399179,0.6966459330776638,0.3522267206477733,4.032441471571906,8.0,0.010175978092523175,0.028476469742095986,0.2546412983677755,0.043644116806686326
62,ANGER,1,30,90,60,30,1.0,8.0,600.0,0.02092050209205021,5.0,6.407027391856539,2.0,59.0,4.0,7.402085189049782,0.7200662276499653,0.205978705978706,5.238179916317992,20.0,0.01780747863999157,0.06782737541697598,0.2116766896102373,0.04994023111760085,3690.0,0.12866108786610878,30.75,26.202973749811935,2.0,170.0,21.0,7.479337398938947,0.6535803697609365,0.4259219749283183,2.187238493723849,5.0,0.0049883970324531525,0.03226255705126557,0.4647717440533556,0.05717764869234395,733.0,0.016343366778149387,4.886666666666667,3.8953590620406513,1.0,32.0,3.0,7.898071933633081,0.6905775795731653,0.35765853658536584,4.337993311036789,10.0,0.011201319835693915,0.038244626067081205,0.23738718586567842,0.04142273099091155
62,ANGER,2,60,120,60,30,1.0,8.0,657.0,0.02290794979079498,5.475,8.63950471188405,2.0,89.0,4.0,7.2624985459756815,0.7417075152233169,0.16037656552071952,3.3330543933054395,11.0,0.009802749551703531,0.04503565558737788,0.3158568883574116,0.058382884244071544,3894.0,0.13577405857740585,32.45,33.49759941647561,1.0,161.0,19.5,7.272739996874546,0.7056788110060551,0.4409510067401222,2.481136680613668,6.0,0.006223263363922977,0.02876823135844914,0.4204759325586031,0.08009145861921413,769.0,0.01714604236343367,5.126666666666667,4.126817444741435,2.0,32.0,3.0,7.884964293354841,0.7065865213151948,0.3791899441340782,4.229788182831661,8.0,0.010838215378629737,0.04117910814604127,0.24236028173221374,0.0395676197569318
62,ENTHUSIASM,0,0,60,60,30,9.0,7.0,613.0,0.021373779637377965,5.108333333333333,6.019822579519175,2.0,45.0,4.0,7.4123163340065545,0.7309493311430277,0.23154215814766274,3.722907949790795,8.0,0.011440789705003333,0.052184963082021786,0.27861328706344807,0.04934206788504906,1861.0,0.0648884239888424,15.508333333333333,19.545458054380706,1.0,171.0,11.0,7.299517853194938,0.7236468126207233,0.26218030558873195,2.399546722454672,5.0,0.005880448413675095,0.02800096724951047,0.4281240047066177,0.06774387573811531,758.0,0.016900780379041247,5.053333333333334,4.051808923870369,1.0,28.0,3.0,7.887620426909572,0.7046298554089621,0.36314363143631434,4.178416945373467,8.0,0.010665828675749882,0.0338000444514171,0.24509039854885042,0.03971723003634317
62,ENTHUSIASM,1,30,90,60,30,9.0,7.0,588.0,0.020502092050209204,4.9,6.759437846448476,2.0,85.0,4.0,7.391537438329672,0.7237159750437614,0.18248456790123457,4.648256624825662,15.0,0.015328809348006983,0.07132138497077964,0.23763684128522927,0.056212162751897984,2567.0,0.08950488145048814,21.391666666666666,18.449388351800597,2.0,99.0,15.0,7.455625762024919,0.656488807308278,0.4006931999871232,3.152336122733612,7.0,0.00904342908711601,0.047596773630593434,0.32230553781940835,0.040328099689661175,712.0,0.015875139353400222,4.746666666666667,3.325029657344762,1.0,21.0,3.0,7.9461337588974175,0.6966157375476261,0.3814147018030513,4.701025641025641,10.0,0.012419549130958536,0.045476101609009896,0.21787620127910715,0.03489667491242076
62,ENTHUSIASM,2,60,120,60,30,9.0,7.0,589.0,0.020536959553695954,4.908333333333333,6.8483523971503955,1.0,94.0,4.0,7.412560742844478,0.7108433804487729,0.18045397225725093,4.13486750348675,17.0,0.013171712199524158,0.06674257290882053,0.26454802136092836,0.05868441490533589,3292.0,0.11478382147838215,27.433333333333334,24.856834517335916,1.0,137.0,20.0,7.412639216924882,0.6901269305709289,0.46797632196175276,2.51115760111576,7.0,0.00634940168536034,0.03855464352321057,0.4093105934937097,0.06250310938927886,772.0,0.017212931995540692,5.1466666666666665,4.749577759010678,1.0,40.0,3.0,7.824392958775382,0.7065802472344065,0.3366742596810934,3.9323522853957638,8.0,0.00984010834025424,0.032983078054606166,0.2612112231365516,0.04470978293639014
62,LIKING,0,0,60,60,30,8.0,7.0,609.0,0.021234309623430963,5.075,6.228513064929702,2.0,54.0,4.0,7.424982659511683,0.7323679310480643,0.216057166876839,5.632601115760112,16.0,0.019464710570420637,0.07904417510128764,0.1899814326386546,0.039928152027931686,5055.0,0.17625523012552302,42.125,37.195555850128116,2.0,135.0,34.5,7.304819101071111,0.6054096392590284,0.40410475304085497,2.186297071129707,4.0,0.004984441475334903,0.008255612693188103,0.47632074160913346,0.09397639586324405,800.0,0.017837235228539576,5.333333333333333,4.928375887540325,2.0,44.0,3.0,7.808084069218121,0.7099236692434336,0.3569620253164557,3.8855741360089184,8.0,0.009683134684593687,0.03367489694810983,0.2640222443813267,0.04418813953864425
62,LIKING,1,30,90,60,30,8.0,7.0,628.0,0.02189679218967922,5.233333333333333,5.7303771448502605,1.0,43.0,4.0,7.458913853863055,0.7397142399473502,0.25231095620548566,4.3206764295676425,14.0,0.01395242197297329,0.06624362297040329,0.24392242540009706,0.04707774911830361,1270.0,0.04428172942817294,10.583333333333334,11.694431248343042,1.0,76.0,5.5,7.228790072876362,0.7379557564658384,0.3940242110419145,3.0024755927475595,6.0,0.008413762994737643,0.03348428683841419,0.34204388636510463,0.058358072513878985,723.0,0.01612040133779264,4.82,3.489164178806533,2.0,21.0,3.0,7.928855934669814,0.702751100006518,0.3818657367044464,4.849409141583054,11.0,0.012917480340882742,0.04790555359155003,0.2117080036494233,0.03504196757751987
62,AMUSEMENT,0,0,60,60,30,6.0,7.0,815.0,0.028417015341701535,6.791666666666667,8.912908086340595,1.0,55.0,4.0,7.208736461129953,0.7021512870239526,0.2637339507472111,3.2804044630404463,7.0,0.0095815313573128,0.03516366366320262,0.3143163045902753,0.05637776983372023,692.0,0.02412831241283124,5.766666666666667,5.6490903889230015,1.0,49.0,4.0,7.44136113677723,0.7370782782551314,0.33964646464646464,3.5782775453277544,8.0,0.01083309892994855,0.03540406145095048,0.2875055960524456,0.0492372480777953,778.0,0.01734671125975474,5.1866666666666665,4.612138573614438,2.0,36.0,3.0,7.832822667434375,0.7054550855684251,0.3629032258064516,3.9712151616499445,8.0,0.009970520676677669,0.03026722500459269,0.25851977517553437,0.0440446091300291
62,AMUSEMENT,1,30,90,60,30,6.0,7.0,888.0,0.03096234309623431,7.4,11.71672593631287,2.0,95.0,4.0,7.147381630536035,0.7872120120362462,0.1982217809270208,2.9561715481171547,7.0,0.008219208185366199,0.0340212953978104,0.35142112604126824,0.06378093478639835,716.0,0.024965132496513248,5.966666666666667,5.66338140062003,1.0,39.0,4.0,7.444548905896255,0.734501601965586,0.35692099932478055,3.612831241283124,7.0,0.010978282526399685,0.034085937104999464,0.2839977008349137,0.04769670438258265,699.0,0.015585284280936454,4.66,3.292071283148853,1.0,18.0,3.0,7.937362508185625,0.6833040031863561,0.38503824091778205,5.388628762541806,13.0,0.014726942156180579,0.055724784567817764,0.1908759325428187,0.0321993642329345
62,AMUSEMENT,2,60,120,60,30,6.0,7.0,665.0,0.023186889818688983,5.541666666666667,6.484463269144864,1.0,48.0,4.0,7.404008710555889,0.7440440385787597,0.24770642201834864,3.5853556485355647,7.0,0.01086283885939313,0.05674903735705081,0.2852229720664542,0.04332812046866285,706.0,0.024616457461645747,5.883333333333334,4.895037169306163,2.0,42.0,4.0,7.536516297308154,0.7581682939142292,0.39000474458326745,3.6842747559274756,6.0,0.011278465361039812,0.042618915560540066,0.2783082249883705,0.046118245385993656,711.0,0.01585284280936455,4.74,3.695817455809562,1.0,28.0,3.0,7.910739701399725,0.6927045658771148,0.35110450297366186,4.199710144927536,8.0,0.010737282365528648,0.03610475620015373,0.24384927239970722,0.039470100493485226
62,SADNESS,0,0,60,60,30,4.0,9.0,603.0,0.02102510460251046,5.025,5.416737179028227,2.0,40.0,3.0,7.441668342248535,0.7085907869495062,0.27236045729657027,5.238005578800558,13.0,0.017806746129414113,0.07012713804406913,0.20442713182403674,0.044917236737993194,655.0,0.02283821478382148,5.458333333333333,4.844061369920447,1.0,34.0,4.0,7.49139928452664,0.7257988520505683,0.3634937238493724,3.7872384937238492,7.0,0.011711086108083406,0.037578486798303334,0.2707153997806058,0.04482619055468298,716.0,0.01596432552954292,4.773333333333333,3.679033689556116,2.0,33.0,3.0,7.917875163884487,0.695878396142328,0.35756551141166526,4.197569676700112,8.0,0.010730099586241987,0.040090065484015454,0.24416210018639503,0.04018336577727404
62,SADNESS,1,30,90,60,30,4.0,9.0,770.0,0.02684797768479777,6.416666666666667,10.28192859124958,1.0,81.0,4.0,7.13917033785096,0.7379897084763437,0.198255917423029,3.829846582984658,18.0,0.011890111693212847,0.039323501033477176,0.28914365043088613,0.06299686370988537,790.0,0.027545327754532774,6.583333333333333,7.013776126706323,1.0,43.0,4.0,7.3503929686580936,0.7368374896491547,0.36969168121000584,3.4939679218967923,7.0,0.010478856814692409,0.027442611644955393,0.2944841628004287,0.05228783096513023,724.0,0.016142697881828316,4.826666666666667,3.570707990798961,1.0,22.0,3.0,7.921155320864345,0.7003946200857966,0.3850096092248559,4.7902787068004455,11.0,0.012719056063088737,0.044560131264357025,0.21472859722818322,0.03658169504066101
62,NEUTRAL,0,0,60,60,30,6.0,6.0,661.0,0.02304741980474198,5.508333333333334,6.227621045703478,2.0,50.0,4.0,7.444251502389366,0.7640440036998487,0.24128897039559863,4.304428172942817,8.0,0.013884151987154696,0.07202965278215251,0.23775437042099892,0.03742172814524412,887.0,0.03092747559274756,7.391666666666667,8.403169871476411,1.0,62.0,4.0,7.27175254636953,0.7476156033633508,0.38117796789931413,3.2763249651324964,6.0,0.009564390609800405,0.030096775216010112,0.31438555210376806,0.055995296229789264,800.0,0.017837235228539576,5.333333333333333,5.354956167472854,1.0,59.0,3.0,7.77791676597649,0.6927220867773665,0.319773429454171,3.7733333333333334,7.0,0.00930648769574944,0.037004262633124146,0.27252168004671695,0.047522721375049884
62,NEUTRAL,1,30,90,60,30,6.0,6.0,636.0,0.022175732217573223,5.3,7.523407915743149,2.0,82.0,4.0,7.362283188152228,0.7538740465784933,0.17665582030019944,4.043340306834031,8.0,0.012787144146361477,0.06731814798662918,0.257998379999808,0.050909837573387996,753.0,0.026255230125523013,6.275,6.432291582321187,1.0,70.0,4.0,7.42740588368147,0.751658292095234,0.3403826787512588,3.327405857740586,7.0,0.009779016208994056,0.04609051231936147,0.308642317372629,0.05220907457538185,718.0,0.01600891861761427,4.786666666666667,3.5432314190423533,1.0,22.0,3.0,7.915920122039653,0.6944137595577224,0.37614080834419816,4.5142697881828315,8.0,0.011792851638197419,0.039893712993832424,0.22693862638628876,0.03678899477412761
62,NEUTRAL,2,60,120,60,30,6.0,6.0,645.0,0.022489539748953975,5.375,7.6866361303238495,1.0,82.0,4.0,7.361415311361019,0.7376109072649782,0.1776634382566586,4.4877266387726635,13.0,0.0146543136082885,0.07089961123581325,0.2302845208001185,0.040851757120182464,806.0,0.02810320781032078,6.716666666666667,7.386004031650372,1.0,61.0,4.0,7.344767693188663,0.7475846825064262,0.34373318988703605,3.2599721059972104,7.0,0.00949568111763534,0.029922885420184096,0.31485337249919404,0.053376570636290706,775.0,0.017279821627647716,5.166666666666667,4.016493772212553,1.0,30.0,3.0,7.882915083002246,0.7052331117910929,0.3876792352628784,4.309297658862876,8.0,0.011105025700882135,0.0402590279936124,0.23795562812115498,0.039389044154761875
62,AWE,0,0,60,60,30,8.0,7.0,763.0,0.026603905160390517,6.358333333333333,8.058428127674086,2.0,60.0,4.0,7.304207452006778,0.7407693222514501,0.23937379008500967,3.2735704323570434,7.0,0.009552816942676656,0.034942404105078546,0.3148421852338358,0.05357361747055275,2191.0,0.07639470013947001,18.258333333333333,14.687293733776219,2.0,81.0,16.0,7.492620891174261,0.67430296095391,0.41595629444732257,3.5183751743375176,9.0,0.0105814082955358,0.04262511474383708,0.29474074794407484,0.05560937064544998,865.0,0.019286510590858418,5.766666666666667,5.824564838299558,2.0,60.0,3.0,7.7496571965170515,0.712675368883442,0.3513894919669996,3.7325529542920846,8.0,0.009169640786215046,0.03955950757448961,0.27549264852005706,0.04784492701691319
62,AWE,1,30,90,60,30,8.0,7.0,673.0,0.023465829846582985,5.608333333333333,5.970477135223132,2.0,36.0,3.0,7.406967287848748,0.7000348541614966,0.2849979672042282,3.502510460251046,6.0,0.010514749832987584,0.03754288332077715,0.2916646199512357,0.04510663456873502,2358.0,0.08221757322175732,19.65,13.796225329173676,2.0,86.0,16.0,7.608798282760522,0.6757675624198168,0.4922699313049074,3.647350069735007,10.0,0.011123319620735324,0.0449354035482699,0.2904663486489998,0.06169171349691569,872.0,0.019442586399108137,5.8133333333333335,6.275759360870648,1.0,55.0,3.0,7.684664468141533,0.703243579128853,0.354477981197427,3.664169453734671,7.0,0.008940165952129769,0.028695272858923856,0.28037675268781914,0.048609324999231096
62,DISGUST,0,0,60,60,30,2.0,7.0,581.0,0.020258019525801953,4.841666666666667,5.06457604894581,1.0,36.0,4.0,7.472382929219356,0.652821007170035,0.27796610169491526,7.421792189679219,36.0,0.0269823201247026,0.07481782609669102,0.1594404573234294,0.04129508216220666,945.0,0.03294979079497908,7.875,8.43658945704167,1.0,53.0,5.0,7.327191299210341,0.735261150478437,0.37285543290331163,3.2339609483960947,7.0,0.00938639053947939,0.025382921976315934,0.318104012094821,0.05548332174408325,766.0,0.017079152731326645,5.1066666666666665,4.458171025082919,1.0,46.0,3.0,7.851119508908451,0.7086446940622133,0.34862085849518526,3.918885172798216,7.0,0.009794916687242337,0.03792095299099105,0.261764417625057,0.043874980466299084
63,BASELINE,0,0,60,60,30,7.0,1.0,667.0,0.023256624825662483,5.558333333333334,6.639899388461311,2.0,57.0,4.0,7.373858031697949,0.7198555647247695,0.2502700756211739,3.511331938633194,7.0,0.010551814868206697,0.03991294026740537,0.2936643895869543,0.050251788414673065,994.0,0.034658298465829844,8.283333333333333,9.622182127193856,2.0,69.0,4.0,7.250967947511645,0.7657531172767572,0.3936784741144414,3.211576011157601,6.0,0.009292336181334463,0.031077228871823077,0.3215875062947774,0.05821988152811639,889.0,0.019821627647714606,5.926666666666667,5.223149326688726,2.0,46.0,4.0,7.850143169141803,0.7159349781180445,0.37889518413597734,4.1981716833890745,9.0,0.010732119742916367,0.0472028103817835,0.24508578477220794,0.04191156549530784
63,BASELINE,1,30,90,60,30,7.0,1.0,594.0,0.020711297071129706,4.95,5.011403662315248,1.0,36.0,3.0,7.485120203933479,0.6786086603088132,0.29328358208955224,4.8389470013947005,20.0,0.01613002941762479,0.06489195241194134,0.22053106663380972,0.04130522479957836,671.0,0.023396094839609485,5.591666666666667,5.6124798935546805,1.0,65.0,4.0,7.485134145686965,0.7412227942285718,0.30782684739833843,3.5946304044630404,7.0,0.01090180842211361,0.05010999816834057,0.28622384142931584,0.049539778609473936,794.0,0.01770345596432553,5.293333333333333,4.086639477886718,1.0,33.0,4.0,7.908180553064877,0.6853038146207651,0.40429489347311465,4.362185061315496,9.0,0.011282500205756696,0.04258787131091204,0.2353996246622748,0.039694024070030254
63,BASELINE,2,60,120,60,30,7.0,1.0,588.0,0.020502092050209204,4.9,5.195190083144215,2.0,37.0,4.0,7.47785687664676,0.7196931902244994,0.2559652928416486,4.083542538354254,9.0,0.012956061085522092,0.05945325588303444,0.251066518718744,0.03969472300764379,801.0,0.02792887029288703,6.675,8.595214269192674,1.0,76.0,4.0,7.298426937203715,0.740828186828631,0.26575199463127286,3.663528591352859,9.0,0.011191296602322943,0.04311295072211368,0.2849950063679994,0.057146776040489344,793.0,0.017681159420289853,5.286666666666667,3.845060323179454,1.0,24.0,4.0,7.926736973671383,0.6904379307196645,0.4192629517536051,4.62711259754738,10.0,0.01217151878371604,0.0440917532995299,0.22152130080038565,0.03595857559789118
63,BASELINE,3,90,150,60,30,7.0,1.0,582.0,0.020292887029288702,4.85,5.721523689834145,2.0,57.0,4.0,7.432192802476572,0.6944524289043318,0.23877451775004052,5.662900976290097,24.0,0.019592020908781923,0.0722005050120175,0.19728273174608807,0.0453774235576694,796.0,0.027754532775453276,6.633333333333334,7.453112697986586,1.0,74.0,4.0,7.35850991225013,0.737916714931979,0.3217937219730942,3.312238493723849,6.0,0.009715287788755671,0.05005390949718413,0.3094199250891601,0.050054131969523775,768.0,0.017123745819397993,5.12,3.4543113158293455,1.0,24.0,4.0,7.9643551679685824,0.6911274242750216,0.4263221639079532,4.7670903010033445,10.0,0.012641242620816588,0.04385944314863264,0.21543241748856853,0.036190743015937776
63,BASELINE,4,120,180,60,30,7.0,1.0,607.0,0.02116457461645746,5.058333333333334,5.944599556647098,2.0,52.0,4.0,7.43079830116734,0.7220242176087661,0.23806682577565633,4.884344490934449,13.0,0.01632077517199349,0.06483920011954872,0.2202958286422005,0.048418601473654045,912.0,0.031799163179916316,7.6,12.817566071606574,1.0,177.0,5.0,7.222867250670474,0.7720189489206545,0.17370016320820705,2.410634588563459,5.0,0.005927036086401085,0.050369061022319764,0.42450444588112124,0.06155858643387602,851.0,0.018974358974358976,5.673333333333333,5.697363912859662,1.0,74.0,4.0,7.821145146244048,0.6913262412298778,0.3231969251639159,3.756164994425864,7.0,0.009248875820221027,0.040020347112154915,0.27479825512083106,0.05039105428192912
63,BASELINE,5,150,210,60,30,7.0,1.0,587.0,0.020467224546722455,4.891666666666667,4.840447350767857,1.0,38.0,4.0,7.500342282170848,0.670188524228215,0.28669544740973313,5.725871687587169,28.0,0.019856603729357856,0.06250761036635957,0.19729144895563736,0.04520326965957323,1267.0,0.044177126917712695,10.558333333333334,17.002105670246323,1.0,194.0,5.5,7.061492146424157,0.7779910882248887,0.267056988397188,2.271059972105997,4.0,0.005340588118092424,0.04455941744428273,0.4498728361837672,0.06268226991982577,907.0,0.020222965440356743,6.046666666666667,6.7723326032386275,1.0,91.0,4.0,7.76163994526351,0.7105658110842658,0.3068866195339094,3.5273578595317727,8.0,0.008481066642724067,0.04334766192148568,0.2932174955281244,0.05457538209836044
63,BASELINE,6,180,240,60,30,7.0,1.0,659.0,0.02297768479776848,5.491666666666666,6.226282777245362,1.0,44.0,4.0,7.410022659296423,0.7334484353093645,0.25932737782448767,3.8144351464435147,11.0,0.01182535775816603,0.04825022573042714,0.27222865110070743,0.0484776713418789,1390.0,0.048465829846582986,11.583333333333334,14.96918130322727,1.0,114.0,5.0,7.084919061866842,0.7204230546700099,0.3449278846153846,2.8000697350069736,6.0,0.007563318214315014,0.026667495743380117,0.36932347972469537,0.06938219864092789,802.0,0.017881828316610924,5.346666666666667,4.320473225109593,1.0,42.0,4.0,7.907338900897074,0.7062410182074446,0.37941457206490614,4.096164994425864,9.0,0.010389815417536452,0.036475714266321624,0.2510754963935155,0.043628123961784816
63,BASELINE,7,210,270,60,30,7.0,1.0,749.0,0.02611576011157601,6.241666666666666,7.767985403064441,2.0,52.0,4.0,7.302755142964495,0.738327001217087,0.25682815438345125,3.4602510460251046,7.0,0.010337189269013041,0.038911926409057294,0.29963808588619295,0.0534711919479705,1200.0,0.04184100418410042,10.0,9.238506372785592,1.0,76.0,8.0,7.424043084664177,0.724448588182737,0.3979184488166524,3.4585425383542536,7.0,0.01033001066535401,0.04485990004085769,0.2976962212064309,0.0514198437097472,865.0,0.019286510590858418,5.766666666666667,4.824820088758635,1.0,35.0,4.0,7.8684368147874135,0.7077165637974853,0.38883782009192386,4.269944258639911,9.0,0.010972967310872179,0.04374939340503015,0.24095455113199668,0.04133973895601452
63,BASELINE,8,240,300,60,30,7.0,1.0,601.0,0.020955369595536958,5.008333333333334,5.121028271309929,2.0,35.0,3.5,7.474306519407337,0.7169687598735759,0.2818574514038877,4.009553695955369,8.0,0.012645183596451134,0.062425953725266305,0.2552077327268884,0.03874474279307897,1725.0,0.06014644351464435,14.375,18.089850975984664,2.0,167.0,10.0,7.344776035782916,0.7264819127693599,0.251920886735856,2.578207810320781,7.0,0.006631125253448665,0.039799595290732306,0.4035890342609977,0.07046657872495214,988.0,0.022028985507246378,6.586666666666667,6.61129000691662,1.0,55.0,4.0,7.759611472354313,0.7116425497303782,0.3552500828088771,3.75685618729097,7.0,0.009251195259365668,0.034629161496703934,0.27417874062868813,0.04857729773117648
63,ANGER,0,0,60,60,30,4.0,4.0,622.0,0.021687587168758717,5.183333333333334,5.2977720684160134,1.0,46.0,4.0,7.502521836840395,0.7126620155384542,0.2793969849246231,3.877092050209205,14.0,0.012088622059702544,0.05285491688210007,0.2710684066119929,0.04974892163787608,1021.0,0.035599721059972105,8.508333333333333,11.485132297404714,1.0,121.0,5.0,7.158328019647952,0.7494975203699054,0.33415620344754204,2.8898884239888423,7.0,0.007940707663818667,0.043550375562113906,0.35826244465080476,0.0656813801331063,815.0,0.018171683389074694,5.433333333333334,4.509865728476724,2.0,46.0,4.0,7.895141830058167,0.6957406004604076,0.36959783913565425,4.103678929765886,8.0,0.010415029965657336,0.034595583662104294,0.2509996100599922,0.04468771476255853
63,ANGER,1,30,90,60,30,4.0,4.0,609.0,0.021234309623430963,5.075,5.71644192949892,1.0,43.0,3.0,7.434919751133149,0.6908245608818107,0.25488052475402156,3.8611227336122735,15.0,0.01202152409080787,0.04368907404168048,0.2737350243343023,0.052131527916388566,680.0,0.023709902370990237,5.666666666666667,4.920761007089136,2.0,34.0,4.0,7.4926000099335095,0.737486840856406,0.38690574107583486,4.418200836820084,9.0,0.014362188390000358,0.058677017569659796,0.23028027939802964,0.03167802623843749,761.0,0.01696767001114827,5.073333333333333,3.3874211757946813,1.0,22.0,4.0,7.9735914489486674,0.689974711534309,0.42501555693839455,4.826243032329989,10.0,0.01283974171922816,0.04928491264172113,0.21222006324251227,0.03391133250459006
63,ANGER,2,60,120,60,30,4.0,4.0,594.0,0.020711297071129706,4.95,4.957906144062565,2.0,38.0,4.0,7.4924945324484185,0.6981614712297762,0.2860649546827795,6.439888423988842,20.0,0.022856674050373282,0.07445906091736776,0.17272470166791765,0.04283125984591177,711.0,0.0247907949790795,5.925,5.824034254706955,2.0,39.0,4.0,7.43851270448435,0.7314854773257906,0.3506339144215531,3.6202231520223154,7.0,0.011009340974883675,0.03365780746516176,0.2843412209059232,0.04999594731140944,757.0,0.016878483835005575,5.046666666666667,3.232824702262026,1.0,23.0,4.0,7.992934354660883,0.6917296508736474,0.4256100194342475,4.621293199554069,9.0,0.012151990602530428,0.04625567505484285,0.22193218053937613,0.03656821754611455
63,ENTHUSIASM,0,0,60,60,30,5.0,2.0,636.0,0.022175732217573223,5.3,5.885858759206964,1.0,58.0,4.0,7.474266350413454,0.7274974496688363,0.2607370864770749,7.9335076708507675,22.0,0.02913238517164187,0.09973769240870224,0.13709546585474805,0.032995654156809856,674.0,0.023500697350069735,5.616666666666666,5.62017694462451,1.0,60.0,4.0,7.462855500712395,0.7324086724454862,0.3212112431179368,3.64044630404463,8.0,0.011094312201868187,0.04840414467504448,0.284115522406355,0.051687152228972445,1045.0,0.02329988851727982,6.966666666666667,8.812428092693231,1.0,85.0,4.0,7.6066469678212965,0.7044181077495622,0.2918810109595169,3.4645261984392417,8.0,0.008270222142413563,0.027168226321580752,0.29876796348571066,0.05693510393740235
63,ENTHUSIASM,1,30,90,60,30,5.0,2.0,696.0,0.024267782426778243,5.8,6.766461409037962,2.0,47.0,4.0,7.412907193808753,0.7608221162236153,0.24923599320882853,4.478800557880056,8.0,0.01461680906672292,0.06981523690224481,0.22778208196131103,0.03339623448303805,661.0,0.02304741980474198,5.508333333333334,5.5249371539914875,1.0,57.0,4.0,7.463304858548577,0.7370371278082679,0.31386421797380704,3.4606694560669458,6.0,0.010338947294398935,0.0378198627343122,0.29683691343828095,0.050334488668403614,759.0,0.016923076923076923,5.06,3.534081681757417,2.0,27.0,4.0,7.95853400336933,0.6857387937903933,0.4014127144298688,4.4626086956521736,9.0,0.011619492267289186,0.04369779730094278,0.22982677726680614,0.03803073904170039
63,ENTHUSIASM,2,60,120,60,30,5.0,2.0,709.0,0.024721059972105996,5.908333333333333,7.432469120166072,1.0,71.0,4.0,7.37913183744644,0.7469665426362307,0.22969631021861708,4.9129707112970715,18.0,0.016441053408811225,0.06730054946978878,0.21850984393847595,0.04724419063597641,676.0,0.023570432357043234,5.633333333333334,6.183221023238796,1.0,67.0,4.0,7.407206094210272,0.7246206301701942,0.2961139896373057,3.3827405857740587,6.0,0.010011515066277558,0.0393755310705268,0.3041062461853823,0.05296972421271851,810.0,0.018060200668896322,5.4,3.9370039370059056,2.0,29.0,4.0,7.926291140587296,0.7052731847572956,0.423841059602649,4.521672240802675,10.0,0.011817692083230462,0.04191050147378399,0.22758580586640534,0.039196701004839046
63,LIKING,0,0,60,60,30,5.0,2.0,607.0,0.02116457461645746,5.058333333333334,5.675672989953605,1.0,42.0,3.5,7.428562151997783,0.6633208661077631,0.2711328803918471,8.384483960948396,35.0,0.031027243533396632,0.07884695682030202,0.14288698280300488,0.03992777507766574,810.0,0.028242677824267783,6.75,6.486203306506305,1.0,45.0,4.0,7.409094144089147,0.7396126024434342,0.4039769214918607,3.5534518828451884,7.0,0.01072878942371928,0.04168524028276677,0.28854250589040653,0.04715114393752425,952.0,0.021226309921962096,6.346666666666667,7.22955661772483,1.0,91.0,4.0,7.732422298906708,0.7048843342377915,0.3122969837587007,3.5129765886287627,7.0,0.008432807344391821,0.0400888358911861,0.2942987486222078,0.05475092721296874
63,LIKING,1,30,90,60,30,5.0,2.0,760.0,0.026499302649930265,6.333333333333333,8.670672151313044,2.0,71.0,4.0,7.284910966210094,0.7778444008930181,0.21361376673040153,3.4441771269177126,8.0,0.010269651793771902,0.045778414255628876,0.3022945192387578,0.05573898613815617,933.0,0.03253138075313808,7.775,8.766377530086189,1.0,54.0,4.0,7.271371449694637,0.7420893761970025,0.3829376568230071,3.2826011157601114,7.0,0.009590760990588703,0.030477276424000634,0.31373955989009217,0.055358749438559104,863.0,0.01924191750278707,5.753333333333333,4.715134026609306,2.0,42.0,4.0,7.8887944339970755,0.7102783493261016,0.39975796692214605,4.394693422519509,9.0,0.011391588666172856,0.04636288698914243,0.23417488278587356,0.040516278659165295
63,FEAR,0,0,60,60,30,6.0,3.0,743.0,0.02590655509065551,6.191666666666666,8.521830626234143,2.0,70.0,4.0,7.306977271348236,0.772628165625342,0.2018771874005727,3.1655857740585773,8.0,0.00909909989100242,0.03936126547988382,0.3261881989817963,0.0572247975573611,681.0,0.023744769874476986,5.675,4.608257986123028,2.0,27.0,5.0,7.544551070248529,0.7499818544554098,0.3941032798325192,4.264016736401674,9.0,0.013714356035301144,0.05447246490015108,0.23981181883635536,0.037181963282711304,1006.0,0.02243032329988852,6.706666666666667,6.311942824695279,1.0,47.0,4.0,7.776688024320658,0.7102244598217796,0.4762311171801656,3.841850613154961,8.0,0.00953641145354014,0.03142880693337338,0.26754271584233874,0.045530570387777934
63,FEAR,1,30,90,60,30,6.0,3.0,582.0,0.020292887029288702,4.85,5.65265424380441,2.0,65.0,4.0,7.459648766575861,0.7169747699365073,0.2276543209876543,3.9627615062761508,12.0,0.012448577757462815,0.06653306724332304,0.2635493737301811,0.04714718573572548,616.0,0.021478382147838215,5.133333333333334,3.9548142251634975,1.0,28.0,4.0,7.568783461722711,0.7257157541402841,0.37440651141758985,4.156276150627615,9.0,0.013261664498435362,0.048531649717292694,0.2468699558692043,0.04062044235814106,756.0,0.0168561872909699,5.04,3.371211453864422,1.0,25.0,4.0,7.976722042234926,0.691698795847517,0.4223576381592772,4.676164994425864,11.0,0.012336124142368676,0.042704225119130454,0.22065241165798388,0.03908386742249581
63,FEAR,2,60,120,60,30,6.0,3.0,646.0,0.022524407252440724,5.383333333333334,6.615868969547554,1.0,60.0,4.0,7.4046669374344205,0.7287836351932274,0.23453735774369125,3.401813110181311,7.0,0.010091651723450886,0.04555291217150075,0.3024351605932108,0.05216662507321318,665.0,0.023186889818688983,5.541666666666667,4.790434624216147,1.0,43.0,4.0,7.52436875913745,0.7291485900423158,0.35642535503983375,3.7867503486750347,7.0,0.011709035078466528,0.04553424794294485,0.27092875841572805,0.04461994934752313,772.0,0.017212931995540692,5.1466666666666665,3.3294377236337604,2.0,22.0,4.0,7.9858881007522164,0.6980597284266015,0.4206414473684211,4.651661092530658,10.0,0.012253896283659926,0.041337001661255215,0.2202343567629695,0.03556562354704286
63,AMUSEMENT,0,0,60,60,30,7.0,5.0,639.0,0.022280334728033473,5.325,6.1375381872539085,2.0,69.0,4.0,7.444333966610499,0.7277658220069213,0.2471169686985173,4.491596931659693,12.0,0.014670575343107953,0.06611622462177041,0.24064164353675035,0.05487746233300479,880.0,0.030683403068340307,7.333333333333333,7.601900347208511,1.0,57.0,5.0,7.395031207795164,0.7402122632174586,0.3496961944355612,3.25707810320781,7.0,0.00948352144204962,0.03835808898945239,0.3151532545920332,0.0521178197564388,861.0,0.01919732441471572,5.74,5.660306234353992,2.0,65.0,4.0,7.819012862767831,0.7169851438893206,0.3375717339934736,3.767736900780379,8.0,0.009287707720739533,0.04087540678247217,0.27351369644500645,0.0485457598172647
63,AMUSEMENT,1,30,90,60,30,7.0,5.0,602.0,0.02099023709902371,5.016666666666667,5.975621771460737,2.0,50.0,4.0,7.415617867616787,0.6952307684529598,0.2403401462031926,10.731485355648536,24.0,0.04088859393129637,0.12076109645443983,0.0995428304515698,0.022552424959840747,666.0,0.023221757322175733,5.55,5.28969123232475,2.0,62.0,4.0,7.497394722593981,0.7407409083087821,0.3357858484658735,3.66931659693166,8.0,0.011215615953494367,0.04997770502733146,0.2808547393304918,0.04986588841944256,893.0,0.0199108138238573,5.953333333333333,5.3719477121638315,1.0,52.0,4.0,7.827483114544508,0.7114851974219683,0.3859689213893967,3.949342251950948,8.0,0.009897121650842108,0.039517711483819856,0.26073393043847864,0.04610646094593434
63,AMUSEMENT,2,60,120,60,30,7.0,5.0,636.0,0.022175732217573223,5.3,6.589891248470392,1.0,66.0,4.0,7.411156651002323,0.70476864984121,0.22879436194311603,7.333786610878661,37.0,0.02661254878520445,0.07509384602060377,0.1552559917838204,0.04335589015355133,608.0,0.021199442119944213,5.066666666666666,3.494599007357242,1.0,23.0,4.0,7.620678556827006,0.7341450615667369,0.4106145251396648,4.753312412831241,10.0,0.015770220221980005,0.06518236320099578,0.21460319863905172,0.03144423999288174,764.0,0.017034559643255294,5.093333333333334,3.5011363234749306,1.0,27.0,4.0,7.96368928532881,0.7007377880400046,0.4107933950865888,4.5204236343366775,9.0,0.011813502128646555,0.04685790816941412,0.22686539750634108,0.037325586149271436
63,SADNESS,0,0,60,60,30,3.0,7.0,673.0,0.023465829846582985,5.608333333333333,7.28616935631398,1.0,67.0,4.0,7.365828348427881,0.7391963059364193,0.21157094594594594,4.92778940027894,20.0,0.016503316807894693,0.06353931995419385,0.21784059386872573,0.04897172493554933,824.0,0.028730822873082287,6.866666666666666,8.34559098499854,1.0,105.0,5.0,7.365774656264666,0.7431208800402512,0.27471194663432386,3.0658995815899583,6.0,0.008680250342814949,0.04713634433088567,0.335921716869446,0.058195401800869365,1031.0,0.02298773690078038,6.873333333333333,7.13142965252332,1.0,62.0,5.0,7.7320594350250405,0.720537989945704,0.36568254896229174,3.7041248606466,9.0,0.00907424449881408,0.04584180517289723,0.27759597040208966,0.047085921508665744
63,SADNESS,1,30,90,60,30,3.0,7.0,561.0,0.019560669456066944,4.675,6.01479079713778,2.0,65.0,3.0,7.413100476914947,0.6995439235411887,0.20381071372794002,11.147001394700139,24.0,0.042634459641597226,0.13434668482745765,0.09055497570434543,0.00881866414988913,788.0,0.027475592747559275,6.566666666666666,7.130022596192962,1.0,52.0,5.0,7.359710232674134,0.7289813186621095,0.32440164012587014,3.3441771269177125,7.0,0.009849483726545013,0.029356396739683797,0.30743519091824184,0.052953492547742745,873.0,0.019464882943143812,5.82,5.370375530010293,1.0,48.0,4.0,7.809176127150001,0.698700450238963,0.39020389032106867,3.9526867335562987,8.0,0.00990834474347752,0.03583125225359849,0.2606537778306281,0.04633907975916903
63,NEUTRAL,0,0,60,60,30,5.0,3.0,618.0,0.021548117154811714,5.15,6.176096393893692,1.0,47.0,4.0,7.397492310658029,0.7234476891484387,0.2255670680481658,3.883926080892608,9.0,0.012117336474338686,0.06513792659477004,0.2621530458206675,0.03576316668983024,688.0,0.02398884239888424,5.733333333333333,4.559300628629595,1.0,30.0,5.0,7.54051588589653,0.733701484647862,0.40271257172665625,4.233577405857741,8.0,0.013586459688477897,0.04425941982922788,0.24279708836297703,0.04132124835818127,949.0,0.021159420289855072,6.326666666666667,6.593933238633491,1.0,65.0,4.0,7.732876441019895,0.7208677069612814,0.3596786732314071,3.7845484949832775,10.0,0.009344122466386844,0.04044337821080885,0.27330952473619025,0.04948692997865238
63,NEUTRAL,1,30,90,60,30,5.0,3.0,712.0,0.02482566248256625,5.933333333333334,9.648171962720307,1.0,79.0,4.0,7.183028837090699,0.7384112499926586,0.15977661240890825,3.3685146443514644,11.0,0.009951742203157424,0.04216907492066116,0.312120449568025,0.06094638047544105,688.0,0.02398884239888424,5.733333333333333,5.061675172860814,1.0,57.0,5.0,7.534087373579204,0.7407356335238201,0.3520770810298531,3.7755927475592745,7.0,0.011662154401509547,0.05265365689852242,0.2723322026991165,0.046994860277515836,890.0,0.019843924191750278,5.933333333333334,5.718002759316889,2.0,53.0,4.0,7.798581674302031,0.7215086485730021,0.3514792899408284,3.7115942028985507,8.0,0.009099309405699833,0.033896252024631035,0.27665915006500424,0.04640518427284425
63,NEUTRAL,2,60,120,60,30,5.0,3.0,703.0,0.024511854951185495,5.858333333333333,8.824016312818607,1.0,87.0,4.0,7.297122106846569,0.7631667986383195,0.17705149306371973,3.3021617852161786,8.0,0.009672948677378905,0.045615138577864055,0.31626356333380845,0.06106240599000275,683.0,0.02381450488145049,5.691666666666666,5.646969442886059,1.0,66.0,5.0,7.482558557060704,0.7361318767546474,0.30891765040534774,3.476847977684798,7.0,0.01040692427598655,0.04694264455842586,0.2958668004418827,0.051260324169595146,793.0,0.017681159420289853,5.286666666666667,4.23294486406594,1.0,46.0,4.0,7.910699202949248,0.6952535903047412,0.37506160670280925,4.035607580824972,8.0,0.010186602620218019,0.04501594366873405,0.25419253830092425,0.04233872139449817
63,AWE,0,0,60,60,30,3.0,1.0,577.0,0.02011854951185495,4.808333333333334,4.435267435253732,2.0,34.0,4.0,7.551958968426693,0.7189884834928834,0.2955243527863098,4.151847977684798,9.0,0.013243058729768057,0.062436456808915325,0.2476782417790118,0.04067781426059607,784.0,0.027336122733612273,6.533333333333333,6.5184780091333865,1.0,53.0,4.0,7.40554020804443,0.7424643065782016,0.3639927943202289,3.6059274755927477,6.0,0.010949275107532552,0.04053590903675021,0.28567838719115873,0.0511240648168614,789.0,0.017591973244147158,5.26,5.017210380281058,1.0,71.0,4.0,7.879725605026743,0.6938707105083725,0.31483816729718367,3.786510590858417,7.0,0.009350706680732948,0.04566790776513384,0.2722523205846579,0.04868690223238393
63,AWE,1,30,90,60,30,3.0,1.0,592.0,0.020641562064156207,4.933333333333334,5.291082644937192,2.0,44.0,4.0,7.49234756724109,0.7147524982717329,0.2626582278481013,5.325488145048815,19.0,0.01817431993717989,0.06493037917930158,0.2078714813826043,0.048153126240792044,781.0,0.027231520223152023,6.508333333333334,7.719019619672494,1.0,78.0,4.0,7.33033056228865,0.7482215415298092,0.30937827453719874,3.182252440725244,6.0,0.009169127902206914,0.0389934304096861,0.32288220724344524,0.05477840145347264,826.0,0.018416945373467112,5.506666666666667,5.356300547537971,1.0,75.0,4.0,7.861187644359305,0.6956183757047534,0.3289309743334164,3.7973913043478262,8.0,0.009387219142106802,0.0466337925151125,0.2719606493695257,0.05017978458697956
63,DISGUST,0,0,60,60,30,8.0,6.0,665.0,0.023186889818688983,5.541666666666667,6.2140912896058715,1.0,58.0,4.0,7.443859613290383,0.7407588884406547,0.25712045989025345,4.161506276150628,11.0,0.01328363981575893,0.057085176794074696,0.2502827849352497,0.04833544631571289,1438.0,0.050139470013947,11.983333333333333,14.35878554134096,1.0,141.0,7.0,7.239578976446296,0.7411336213086348,0.33622795115332427,2.6105299860529985,5.0,0.006766932714508395,0.0408366327267551,0.39405021745544794,0.06512455220176963,946.0,0.02109253065774805,6.306666666666667,7.2207540388029345,1.0,95.0,4.0,7.733323432449387,0.7180544964613245,0.30581730394829065,3.3941360089186174,7.0,0.008034013452747037,0.042446708778743625,0.30386234971312664,0.05445346071285273
64,BASELINE,0,0,60,60,30,5.0,1.0,1115.0,0.038877266387726636,9.291666666666666,16.92822880739611,2.0,114.0,6.0,6.9680155433479065,0.7227724017392568,0.14067334357023353,3.0257670850767084,8.0,0.00851162640788533,0.030302743614779457,0.3488619668459265,0.07159084519113462,674.0,0.023500697350069735,5.616666666666666,6.5404935253813665,2.0,87.0,4.0,7.4574086444300445,0.7483572670893589,0.2634323832625834,3.263702928870293,6.0,0.009511356843992824,0.05323074916561584,0.3154445025277669,0.05496173508866621,1157.0,0.025797101449275363,7.713333333333333,10.167488491373975,2.0,100.0,4.5,7.578630118384119,0.7215286178913725,0.308584686774942,3.140200668896321,6.0,0.0071818814392494,0.02942311932821901,0.328684337583876,0.05904312258067886
64,BASELINE,1,30,90,60,30,5.0,1.0,579.0,0.020188284518828453,4.825,7.316832761971992,2.0,101.0,3.0,7.35472902825423,0.6763692952751675,0.17814561870586873,10.025906555090655,28.0,0.03792397712222965,0.11284837998527064,0.11440812318303895,0.03312617970559775,696.0,0.024267782426778243,5.8,6.276410863967825,1.0,55.0,4.0,7.440140448647975,0.7422369712897186,0.3145761031234507,5.007112970711297,11.0,0.01683660912063571,0.06771109254396433,0.20820181558714157,0.04082905854945389,985.0,0.021962095875139354,6.566666666666666,7.489919151024855,1.0,100.0,4.0,7.733566809729638,0.7043491281583618,0.31688012663692616,3.4342251950947604,7.0,0.008168540923136776,0.04266299787774484,0.30124927097264376,0.05617590790405755
64,BASELINE,2,60,120,60,30,5.0,1.0,563.0,0.019630404463040447,4.691666666666666,4.60578591435695,2.0,38.0,3.0,7.519399723576862,0.6735991451024401,0.2880622837370242,12.391108786610879,30.0,0.04786180162441546,0.12901337295712145,0.08796406069599103,0.021810535505474897,718.0,0.02503486750348675,5.983333333333333,6.44396789425756,1.0,56.0,4.0,7.438218262470011,0.7305442916569931,0.293306856675622,3.7816596931659694,9.0,0.011687645769604914,0.036605751311513286,0.2745436398912214,0.05320400458682726,1014.0,0.022608695652173914,6.76,7.577317027374091,2.0,79.0,4.0,7.722206381970129,0.7109749251721651,0.3101086279665121,3.560468227424749,7.0,0.0085921752598146,0.031746914016167006,0.28995321311769695,0.05288821704557598
64,BASELINE,3,90,150,60,30,5.0,1.0,604.0,0.02105997210599721,5.033333333333333,5.137173888000635,1.0,36.0,4.0,7.483061308009242,0.7144077701824749,0.2768159914331608,4.10826359832636,9.0,0.013059931085404874,0.05638206175416928,0.2519176240680974,0.04338779437975025,705.0,0.024581589958158997,5.875,6.565772993334448,1.0,80.0,4.0,7.441262071061557,0.7398091270394803,0.2763066202090592,3.3289748953974896,7.0,0.009785608804191132,0.05147767312049017,0.30879120871744303,0.05255269711333651,1047.0,0.023344481605351172,6.98,7.609178667898396,1.0,84.0,4.0,7.727684865808479,0.7107969544290622,0.33942191890806905,3.5168784838350056,7.0,0.008445900952466457,0.04317025596383796,0.2929597792597995,0.0507696140819685
64,BASELINE,4,120,180,60,30,5.0,1.0,785.0,0.027370990237099022,6.541666666666667,8.696163745519565,1.0,63.0,4.0,7.281157599636318,0.7492651477867696,0.24312849162011174,3.2749302649930265,9.0,0.009558530525180787,0.03534407768347724,0.31660392222884565,0.05669959654280369,711.0,0.0247907949790795,5.925,8.238792892974876,2.0,84.0,4.0,7.3351830771594475,0.7560840993519455,0.21172834206233365,3.0205718270571826,6.0,0.008489797592677243,0.04192405578224144,0.34005201226702003,0.056832314833393446,908.0,0.02024526198439242,6.053333333333334,5.740251639857688,2.0,55.0,4.0,7.791084101493952,0.7101605622409544,0.40258105130626376,3.914403567447046,8.0,0.009779877743110886,0.03840326140498715,0.26337158048295556,0.047306155094806214
64,BASELINE,5,150,210,60,30,5.0,1.0,635.0,0.02214086471408647,5.291666666666667,6.152771507395853,1.0,48.0,4.0,7.424613819528014,0.7362088178455218,0.24477160154100164,5.86502789400279,13.0,0.020441293672280612,0.08975722575420374,0.176425960542524,0.030685833151404152,635.0,0.02214086471408647,5.291666666666667,6.555399597956548,2.0,93.0,4.0,7.4722352663540414,0.740165360359084,0.21847246891651864,3.2016387726638773,6.0,0.00925058307841966,0.0550587093945401,0.32196481069494254,0.05716496464570278,836.0,0.018639910813823858,5.573333333333333,4.567780885968833,1.0,41.0,4.0,7.886641953463558,0.7087470526083585,0.3874586509420394,4.098818283166109,9.0,0.010398719071027216,0.037994754434462916,0.25085406403361576,0.042862466623776144
64,BASELINE,6,180,240,60,30,5.0,1.0,579.0,0.020188284518828453,4.825,5.387736847075341,1.0,48.0,4.0,7.470662136746269,0.7096776375303205,0.24113724113724114,6.140062761506276,16.0,0.021596902359270066,0.08889218101355723,0.17187448427258722,0.0356509360546488,864.0,0.0301255230125523,7.2,8.304717534831232,1.0,80.0,4.0,7.333691872846435,0.728613775238834,0.2924521381940879,3.295258019525802,7.0,0.009643941258511772,0.04039032743893737,0.3130490251216012,0.05711518933170651,1177.0,0.02624303232998885,7.846666666666667,12.050857046515635,2.0,171.0,5.0,7.574704089150206,0.7380925850221123,0.22367803766503586,2.8458639910813823,6.0,0.006194174466716051,0.04203830653196848,0.3640772756436965,0.0658247442164746
64,BASELINE,7,210,270,60,30,5.0,1.0,608.0,0.021199442119944213,5.066666666666666,7.133528034726031,1.0,91.0,4.0,7.3698202667779675,0.7041803676337008,0.18079030189998835,4.436401673640168,18.0,0.01443866249428642,0.058881807975977196,0.2476471677516825,0.058127379404762904,908.0,0.03165969316596932,7.566666666666666,9.491428882008346,2.0,77.0,4.0,7.2652723925284555,0.7403045339817728,0.2727597925236988,3.0788354253835424,6.0,0.008734602627661948,0.03829490902073208,0.333877150646815,0.05679671839880495,1244.0,0.02773690078037904,8.293333333333333,12.364490374545255,2.0,155.0,5.0,7.547079326464083,0.7436885231209293,0.2376191220121856,2.8735340022296545,6.0,0.006287026853119647,0.03906568114117224,0.35913374780189944,0.06331960450519855
64,BASELINE,8,240,300,60,30,5.0,1.0,726.0,0.025313807531380753,6.05,8.66059081895302,2.0,78.0,4.0,7.268109919938727,0.7077726367932843,0.21031025499328965,12.837726638772663,27.0,0.04973834722173389,0.13894985569616597,0.08197668289423474,0.01691528025072604,690.0,0.02405857740585774,5.75,7.1405531998578375,1.0,93.0,4.0,7.423305175376999,0.7491524166719903,0.2388250319284802,3.121269177126918,6.0,0.00891289570221394,0.05028355558212342,0.3292698558551354,0.0558864504860241,1131.0,0.025217391304347827,7.54,8.9219803481813,1.0,84.0,5.0,7.6828537456897195,0.7289548777272501,0.30004654289703675,3.4149163879598663,7.0,0.0081037462683217,0.045595570587843776,0.3007466458877422,0.04856419920633886
64,ANGER,0,0,60,60,30,1.0,9.0,681.0,0.023744769874476986,5.675,7.260810905126232,1.0,63.0,4.0,7.3828276135921005,0.7528602636152563,0.22082018927444794,3.7581241283124127,10.0,0.011588756841648784,0.06170794190944369,0.2758551089422601,0.04982368797747367,651.0,0.022698744769874477,5.425,5.121299477020782,1.0,52.0,4.0,7.50086873337859,0.7290414520029309,0.32647644326476444,3.6506624825662484,6.0,0.011137237321706926,0.04757021494232936,0.28136767919965694,0.04813689779119166,954.0,0.021270903010033444,6.36,6.974983870949093,1.0,72.0,4.0,7.723595974544665,0.7073319719635573,0.34590282813633066,3.6167892976588627,7.0,0.008781172139794843,0.03183027708407205,0.2853492469471359,0.05243142597045538
64,ANGER,1,30,90,60,30,1.0,9.0,605.0,0.02109483960948396,5.041666666666667,5.2015956419374065,2.0,41.0,4.0,7.49319892145766,0.7316760182046217,0.2703794799718904,4.882426778242678,14.0,0.016312717555641496,0.07294258806777644,0.21590903982500073,0.04297528018291448,624.0,0.021757322175732216,5.2,5.911993459626513,1.0,81.0,4.0,7.482649261955404,0.7357510172440729,0.24651504035216434,3.319839609483961,6.0,0.009747225249932604,0.05276705298859001,0.3098518170476891,0.05354842022932225,767.0,0.017101449275362317,5.113333333333333,3.332739947183932,1.0,23.0,4.0,7.988157750217805,0.6958581313692365,0.4312383322962041,4.815473801560758,9.0,0.012803603360942155,0.04944574674850789,0.21323690897394335,0.035860393370353606
64,ANGER,2,60,120,60,30,1.0,9.0,568.0,0.0198047419804742,4.733333333333333,4.4407832142039485,2.0,30.0,3.0,7.528114973014211,0.7113553464368305,0.29150880320927125,5.099093444909345,12.0,0.017223081701299763,0.07749837565883243,0.20222506596880888,0.034090635859744124,700.0,0.024407252440725245,5.833333333333333,8.257656379923356,1.0,93.0,4.0,7.323982643152977,0.7501896624754854,0.20672661248486945,3.0129358437935845,6.0,0.008457713629384812,0.047171439403495434,0.3412328401980674,0.057533586109555626,767.0,0.017101449275362317,5.113333333333333,3.24763845825787,1.0,23.0,4.0,7.997791618938749,0.6918908950775622,0.42621912602913237,4.932307692307693,10.0,0.013195663397005657,0.049943852226046956,0.20806556437397294,0.03450775477962127
64,ENTHUSIASM,0,0,60,60,30,7.0,6.0,1059.0,0.03692468619246862,8.825,11.795594163358905,1.0,87.0,4.0,7.112014086893763,0.6732755425034144,0.29407997438258016,3.088145048814505,9.0,0.008773718692497918,0.026994961712254326,0.3366765752061946,0.06475330270949822,650.0,0.022663877266387727,5.416666666666667,5.767846700074089,2.0,63.0,4.0,7.447538184157655,0.7277365906506476,0.2810724173102142,3.4686192468619246,6.0,0.010372349776730778,0.04108470779292511,0.2962317965999683,0.05098860938969787,925.0,0.020624303232998884,6.166666666666667,6.844381312840157,2.0,82.0,4.0,7.758507167913384,0.7020948777087718,0.30670845332881586,3.620133779264214,8.0,0.008792395232430247,0.03424333330965859,0.2859585126598986,0.05387307950057325
64,ENTHUSIASM,1,30,90,60,30,7.0,6.0,619.0,0.021582984658298467,5.158333333333333,4.402642830038441,1.0,33.0,3.0,7.526149347383172,0.6795773532023531,0.3514285714285714,4.412064156206416,11.0,0.014336404017674009,0.060090597976733134,0.23274056099082133,0.03785388016527758,573.0,0.01997907949790795,4.775,4.1662583133230395,1.0,37.0,4.0,7.5545817650217275,0.7146328822136377,0.320065944418276,4.015062761506276,10.0,0.01266833093069865,0.051080084312810754,0.2563526853396979,0.0442168734970202,791.0,0.017636566332218506,5.273333333333333,3.5135863286518076,2.0,30.0,4.0,7.979480505771104,0.7089011213037583,0.4243119266055046,4.559732441471572,9.0,0.011945410877421393,0.0489917979221224,0.22490795996225135,0.03684574428632967
64,ENTHUSIASM,2,60,120,60,30,7.0,6.0,585.0,0.020397489539748955,4.875,4.055988371120739,1.0,28.0,3.0,7.550441262946745,0.6844035541377321,0.3452016033954256,4.984972105997211,13.0,0.016743580277299185,0.06821508496574544,0.2055430192071442,0.03167741076821279,588.0,0.020502092050209204,4.9,4.396779124161989,2.0,43.0,3.5,7.553737308496171,0.738574162803967,0.3167136353782788,4.7390516039051604,12.0,0.01571030085674437,0.058360589247908566,0.2222685538297468,0.046259750876287205,764.0,0.017034559643255294,5.093333333333334,3.1471609781233343,1.0,19.0,4.0,8.00066852252563,0.6956579620929466,0.4337741166269239,5.071036789297659,11.0,0.01366119727952233,0.053746378286515094,0.20204361473919635,0.03232383428161971
64,LIKING,0,0,60,60,30,8.0,7.0,675.0,0.023535564853556484,5.625,7.542725524194377,2.0,64.0,4.0,7.290036613680319,0.7149447818782659,0.22555030656347372,4.076882845188284,16.0,0.012928079181463385,0.052485788884162644,0.26493739968015484,0.05479913764407842,742.0,0.02587168758716876,6.183333333333334,7.089291611688403,1.0,90.0,4.0,7.416638235636409,0.7446668728072836,0.2800445479396578,3.2074267782426777,6.0,0.009274902429591085,0.05174280652359519,0.32072073583685423,0.054816268145384976,1135.0,0.025306577480490523,7.566666666666666,8.838111915008897,2.0,95.0,5.0,7.677079515280889,0.7321224613097619,0.334585289514867,3.287469342251951,7.0,0.007676071618295139,0.033734140012970475,0.3137640240351316,0.054976950405266324
64,LIKING,1,30,90,60,30,8.0,7.0,636.0,0.022175732217573223,5.3,6.843610158388627,1.0,52.0,4.0,7.332123233257542,0.7178664709860347,0.2201077199281867,3.8912831241283126,11.0,0.0121482484207072,0.050910875370294775,0.2733929590261926,0.051582029074230165,641.0,0.022350069735006972,5.341666666666667,6.949215583231118,2.0,98.0,4.0,7.424721603133259,0.7415981212571299,0.2129867101888552,3.210495118549512,7.0,0.009287794615754257,0.05388352975799713,0.32187318056306924,0.058614678025983656,999.0,0.022274247491638796,6.66,7.1557249807409455,2.0,81.0,4.0,7.75204341133876,0.7180114012482806,0.33228346456692914,3.553422519509476,8.0,0.008568531944662675,0.035549498857263245,0.2904424866373999,0.052888434986875656
64,FEAR,0,0,60,60,30,4.0,5.0,609.0,0.021234309623430963,5.075,5.461474922887894,2.0,63.0,4.0,7.4987488968889,0.7293196550719003,0.2534235274707144,5.677161785216178,11.0,0.019651940274017562,0.08713004633504458,0.18162907534352007,0.030168063135622866,757.0,0.026394700139470016,6.308333333333334,6.902651463185884,1.0,49.0,4.0,7.360368285550566,0.7369283775067409,0.3605176663927691,4.784588563458857,12.0,0.015901632619575026,0.05404636815378625,0.22260223019337821,0.049596384662776404,1038.0,0.0231438127090301,6.92,7.284247844950546,2.0,80.0,5.0,7.76596051146318,0.7405930823385415,0.3530913216108905,3.517056856187291,7.0,0.008446499517407008,0.048472815104544056,0.29179666087162415,0.047150209445219186
64,FEAR,1,30,90,60,30,4.0,5.0,661.0,0.02304741980474198,5.508333333333334,5.723483544912914,2.0,54.0,4.0,7.494242018932535,0.7414681244576641,0.2786861525104905,7.189504881450488,23.0,0.02600632303130457,0.08405179219472356,0.15141230695663813,0.03807499733999785,672.0,0.023430962343096235,5.6,6.998094978873419,1.0,74.0,4.0,7.407022353817435,0.7463758014984391,0.23650758251561105,3.2502092050209206,7.0,0.009454660525297986,0.04761111383166292,0.31705941404022614,0.05519871095317282,1043.0,0.023255295429208473,6.953333333333333,8.236776607926725,2.0,74.0,4.0,7.6442426866375435,0.7220176448985234,0.33229586232149394,3.4497435897435897,7.0,0.008220616072965066,0.035177845803143655,0.29878753795061275,0.05324153973379501
64,FEAR,2,60,120,60,30,4.0,5.0,617.0,0.021513249651324964,5.141666666666667,5.0494155327346775,1.0,46.0,4.0,7.514279447798577,0.7302658199041382,0.2826357969723954,3.956276150627615,9.0,0.012421328363981573,0.06517850504193035,0.2600286976759495,0.0438157146239475,685.0,0.02388423988842399,5.708333333333333,6.654441916661549,2.0,84.0,4.0,7.439908089858431,0.7543571522711859,0.2582269586602647,3.2827754532775453,6.0,0.009591493501166153,0.04988182477588652,0.31375022466523517,0.05506647466801308,850.0,0.0189520624303233,5.666666666666667,4.5697070171097645,1.0,31.0,4.0,7.867250621048616,0.6927277990739835,0.39681645302155233,4.15324414715719,9.0,0.010581356198514065,0.03501321883045391,0.2473572798242868,0.04213402500621452
64,AMUSEMENT,0,0,60,60,30,8.0,7.0,704.0,0.024546722454672244,5.866666666666666,7.9534409045533385,2.0,65.0,4.0,7.329956284118128,0.7751546063305587,0.200145230098938,3.388005578800558,6.0,0.01003363688571663,0.054771348693557764,0.3027226375892576,0.04830092252337345,681.0,0.023744769874476986,5.675,6.622766919246567,2.0,69.0,4.0,7.406464339777113,0.7413630222500384,0.26885284716467384,3.4354253835425386,7.0,0.010232879762783777,0.039699426238414055,0.29946063888116464,0.052559221063266735,1161.0,0.02588628762541806,7.74,9.4240331069028,1.0,117.0,5.0,7.671172609830356,0.7282958461268365,0.30571712299616965,3.1567892976588627,6.0,0.007237547978721016,0.03581425116729438,0.3266377841796585,0.0578257728742482
64,AMUSEMENT,1,30,90,60,30,8.0,7.0,602.0,0.02099023709902371,5.016666666666667,6.121660087118707,2.0,58.0,4.0,7.43406528929765,0.7230329951563069,0.217353579175705,8.295292887029289,16.0,0.030652491121971808,0.1149735350298299,0.12201705013819424,0.0135553472776337,653.0,0.022768479776847976,5.441666666666666,6.360419055027393,1.0,78.0,4.0,7.451104797556427,0.7477641386563081,0.24680851063829787,3.2281380753138076,6.0,0.009361924686192461,0.04393939707830393,0.3180841386819125,0.053322971582727925,931.0,0.02075808249721293,6.206666666666667,4.561135336246399,1.0,33.0,5.0,7.931754854921846,0.7090982017988687,0.4310993975903614,4.233846153846154,10.0,0.010851832731027359,0.04689416819098732,0.24252259665366183,0.039735891193216175
64,AMUSEMENT,2,60,120,60,30,8.0,7.0,594.0,0.020711297071129706,4.95,5.647787177293421,1.0,58.0,4.0,7.471869220340077,0.6683740023834128,0.2536443148688047,16.328068340306835,48.0,0.0644036484886842,0.14724507979979898,0.06394616970708485,0.011891100230332876,693.0,0.02416317991631799,5.775,7.216835063470228,2.0,78.0,4.0,7.40748992611273,0.7551986196517231,0.2350664295428392,3.1533821478382147,6.0,0.00904782415058073,0.05095379857828164,0.3254652457344645,0.053734536881891906,891.0,0.019866220735785953,5.94,3.9978827730020634,1.0,30.0,5.0,7.964164779197086,0.695460908320335,0.4390351522282689,4.543411371237458,10.0,0.011890642185360597,0.045287410780391744,0.22643099087604734,0.03858747948861272
64,SADNESS,0,0,60,60,30,3.0,7.0,667.0,0.023256624825662483,5.558333333333334,7.208554909889282,2.0,72.0,4.0,7.380456916379317,0.7533745185519678,0.21410090556274256,4.033856345885635,9.0,0.012747295570948046,0.05865198649311826,0.26093409801794576,0.05440047062142867,841.0,0.029323570432357043,7.008333333333334,10.175129674303363,1.0,89.0,4.0,7.199300986536226,0.7428353280485206,0.22366538879670425,3.1748256624825664,6.0,0.009137922951607421,0.02966764338223641,0.32563992759022414,0.06163342675489417,1058.0,0.02358974358974359,7.053333333333334,7.404311056554973,1.0,86.0,5.0,7.764189109730335,0.7221951702739731,0.33654634946677603,3.4031215161649944,7.0,0.008064166161627506,0.03351742850161663,0.30251496534599576,0.05278605110721338
64,SADNESS,1,30,90,60,30,3.0,7.0,632.0,0.02203626220362622,5.266666666666667,5.582313339666828,2.0,46.0,4.0,7.474942084274872,0.739979666805972,0.2652268489745183,4.599686192468619,9.0,0.015124731901128658,0.07483956378266224,0.22270379766686285,0.035213338751816585,681.0,0.023744769874476986,5.675,7.993916958120926,1.0,112.0,4.0,7.37621038939457,0.7509819425416453,0.1971065241430151,2.9524407252440725,5.0,0.008203532459008709,0.053129679730370846,0.3482769215195002,0.05943976579255335,908.0,0.02024526198439242,6.053333333333334,4.470326858544263,1.0,32.0,5.0,7.924719006343237,0.7180613867422707,0.425916161349855,4.377725752508361,11.0,0.011334650176202547,0.04949658189226403,0.23471615653807457,0.03872838637853086
64,SADNESS,2,60,120,60,30,3.0,7.0,602.0,0.02099023709902371,5.016666666666667,5.543740213570216,2.0,61.0,4.0,7.480907891083993,0.7172696180140161,0.25204716672125776,6.567782426778242,16.0,0.023394043809992614,0.08809979749822752,0.16736815393894314,0.04233468530387299,657.0,0.02290794979079498,5.475,6.345552904725219,2.0,82.0,4.0,7.4441171226661,0.7470488871140935,0.24897066392177045,3.252510460251046,6.0,0.009464329664920373,0.0501558760276631,0.3158901672799811,0.053627352131454864,1100.0,0.024526198439241916,7.333333333333333,7.6713029459726645,2.0,74.0,5.0,7.750978066950891,0.7413210690564677,0.34798024566290997,3.479509476031215,8.0,0.008320501597420187,0.043234463953940025,0.29504702856321935,0.04850180811893769
64,NEUTRAL,0,0,60,60,30,5.0,2.0,897.0,0.03127615062761506,7.475,9.35321914280497,2.0,74.0,5.0,7.3134630490136185,0.7843069707683422,0.24911075677664662,3.8903068340306834,9.0,0.01214414636147346,0.051972045134801644,0.2695357071025703,0.05467140053484113,748.0,0.02608089260808926,6.233333333333333,6.692948196090835,1.0,53.0,4.0,7.393422482522269,0.7296905497988949,0.31614639397201294,3.4830543933054394,6.0,0.01043300165254386,0.03254159288329334,0.2957945147363051,0.05291902081254754,1401.0,0.031237458193979932,9.34,10.629098425235009,2.0,92.0,6.0,7.659818828392619,0.748820704442834,0.3505990010827425,3.1229654403567446,6.0,0.0071240451018682715,0.029777057897952357,0.3286365400546162,0.0536923327898102
64,NEUTRAL,1,30,90,60,30,5.0,2.0,862.0,0.0300557880055788,7.183333333333334,10.453853622256032,2.0,95.0,4.0,7.226532784153296,0.783673574402594,0.2169811320754717,4.02200139470014,8.0,0.01269748485168126,0.06343700971003366,0.25683004919880237,0.04564995464838555,673.0,0.023465829846582985,5.608333333333333,6.593299418517426,1.0,79.0,4.0,7.4368268141737826,0.7418948385529541,0.25174320750180335,3.2859483960948395,6.0,0.009604825193675793,0.05360068547941112,0.31308537686619253,0.054077224103870704,1088.0,0.024258639910813822,7.253333333333333,8.32120717738051,1.0,87.0,5.0,7.703240242443885,0.7159476752409701,0.31972076788830717,3.4464214046822743,8.0,0.008209467800947239,0.044780444607222886,0.2991901502268946,0.05252159532692829
64,NEUTRAL,2,60,120,60,30,5.0,2.0,600.0,0.02092050209205021,5.0,5.229722745997153,2.0,65.0,4.0,7.521147249460061,0.7187273290954115,0.2713833157338965,6.916875871687587,17.0,0.024860822990283984,0.09610309764358098,0.15337053337374076,0.03306894413953582,691.0,0.02409344490934449,5.758333333333334,6.901081839505713,1.0,73.0,4.0,7.413948642066205,0.7566563653503965,0.25158280573142283,3.251429567642957,6.0,0.009459788099340153,0.05241288209875799,0.3154809081787846,0.050957154078281205,867.0,0.019331103678929765,5.78,5.238791209175389,1.0,62.0,4.0,7.860489448679956,0.7080569031208523,0.3464471613606101,3.8539353400222964,8.0,0.009576964228262737,0.04068472232324061,0.26755413598873223,0.048093826383450305
64,AWE,0,0,60,60,30,9.0,8.0,562.0,0.019595536959553697,4.683333333333334,4.443128277338939,2.0,46.0,3.0,7.557138114881482,0.6937428250446154,0.29060599234061724,8.34839609483961,21.0,0.0308756138438639,0.10292242137668008,0.1309338246206243,0.032700101941845396,603.0,0.02102510460251046,5.025,4.947158275212145,1.0,59.0,4.0,7.528019242033803,0.733364815220538,0.28187919463087246,3.5069037656903768,6.0,0.0105332090995394,0.05222066212969758,0.29238264242360923,0.048932418326684726,902.0,0.020111482720178372,6.013333333333334,6.687786546301316,2.0,90.0,4.0,7.780263753956612,0.7148998899380594,0.2863502804736889,3.4329542920847267,7.0,0.008164276147935322,0.03914494133317904,0.3002556625898289,0.053340414330947376
64,AWE,1,30,90,60,30,9.0,8.0,610.0,0.021269177126917713,5.083333333333333,5.134172009411277,1.0,53.0,4.0,7.513063736487449,0.7169467774090914,0.2775026529890343,4.334972105997211,15.0,0.014012487840324413,0.06756452662576898,0.24229919721916113,0.04710789961933854,560.0,0.019525801952580194,4.666666666666667,4.113662871726635,2.0,43.0,3.0,7.58320823570155,0.7242287609408848,0.30411361410381976,3.8017433751743375,7.0,0.011772030988127465,0.05188794735876149,0.2699010659918752,0.04522950887497332,788.0,0.017569676700111482,5.253333333333333,3.5677942142948145,1.0,30.0,4.0,7.969014822872957,0.6918751631569933,0.4162706709750998,4.465373467112598,9.0,0.011628770023867786,0.04899135441007461,0.22931897411813457,0.03655704743701555
64,DISGUST,0,0,60,60,30,1.0,7.0,919.0,0.03204323570432357,7.658333333333333,11.980189086803076,1.0,89.0,4.0,7.095630324840053,0.7461249017439459,0.20628052437666008,2.907984658298466,9.0,0.008016742261758265,0.03178937369414818,0.35491222714853143,0.05916020484372295,728.0,0.025383542538354256,6.066666666666666,7.1725557199338335,2.0,84.0,4.0,7.403304843132739,0.7506493922917816,0.266781585885216,3.13326359832636,6.0,0.008963292429942685,0.04281736491832964,0.32762028538588944,0.0546915812184348,1009.0,0.022497212931995542,6.726666666666667,6.507325786288011,2.0,68.0,5.0,7.8153061285604135,0.7210666723221179,0.348474855729596,3.5017391304347827,7.0,0.008395097753136857,0.03224240168124792,0.2936730780937646,0.05014420271907386
